"Curve Name","Curve Length (um)","Average Curvature (um-1)","Curvature Std (um-1)","X-Coordinate (um)","Y-Coordinate (um)","Point Curvature (um-1)","Point Curvature Sign","Red Intensity","Green Intensity","Blue Intensity"
"CURVE 1","0.08365492444897188","26.739025755887223","19.768611123692164","0.016119402985074627","0.0991044776119403","22.921709090199872","1","0.0","0.0","0.0"
"CURVE 1","0.08365492444897188","26.739025755887223","19.768611123692164","0.016329044999174806","0.09927113340861764","23.257380181536504","1","0.0","0.0","0.0"
"CURVE 1","0.08365492444897188","26.739025755887223","19.768611123692164","0.01653819458994699","0.0994352898668887","23.595824120425636","1","0.0","0.0","0.0"
"CURVE 1","0.08365492444897188","26.739025755887223","19.768611123692164","0.016746851259203097","0.09959696193239582","23.93695359562842","1","0.0","0.0","0.0"
"CURVE 1","0.08365492444897188","26.739025755887223","19.768611123692164","0.01695501450875505","0.09975616455078125","24.28067582914885","1","0.0","0.0","0.0"
"CURVE 1","0.08365492444897188","26.739025755887223","19.768611123692164","0.017162683840414774","0.09991291266768726","24.626892472273656","1","0.0","0.0","0.0"
"CURVE 1","0.08365492444897188","26.739025755887223","19.768611123692164","0.017369858755994196","0.10006722122875612","24.975499527714476","1","0.0","0.0","0.0"
"CURVE 1","0.08365492444897188","26.739025755887223","19.768611123692164","0.017576538757305242","0.10021910517963012","25.32638726461254","1","0.0","0.0","0.0"
"CURVE 1","0.08365492444897188","26.739025755887223","19.768611123692164","0.017782723346159823","0.1003685794659515","25.679440149517596","1","0.0","0.0","0.0"
"CURVE 1","0.08365492444897188","26.739025755887223","19.768611123692164","0.01798841202436988","0.10051565903336256","26.034536785841148","1","0.0","0.0","0.0"
"CURVE 1","0.08365492444897188","26.739025755887223","19.768611123692164","0.018193604293747327","0.10066035882750556","26.39154985983245","1","1.0","1.0","1.0"
"CURVE 1","0.08365492444897188","26.739025755887223","19.768611123692164","0.01839829965610409","0.10080269379402276","26.750346101106228","1","1.0","1.0","1.0"
"CURVE 1","0.08365492444897188","26.739025755887223","19.768611123692164","0.018602497613252097","0.10094267887855646","27.110786248755105","1","1.0","1.0","1.0"
"CURVE 1","0.08365492444897188","26.739025755887223","19.768611123692164","0.018806197667003272","0.10108032902674889","27.4727250382194","1","1.0","1.0","1.0"
"CURVE 1","0.08365492444897188","26.739025755887223","19.768611123692164","0.019009399319169534","0.10121565918424236","27.83601119030852","1","1.0","1.0","1.0"
"CURVE 1","0.08365492444897188","26.739025755887223","19.768611123692164","0.01921210207156281","0.10134868429667913","28.200487419734436","1","1.0","1.0","1.0"
"CURVE 1","0.08365492444897188","26.739025755887223","19.768611123692164","0.019414305425995024","0.1014794193097015","28.56599045461653","1","1.0","1.0","1.0"
"CURVE 1","0.08365492444897188","26.739025755887223","19.768611123692164","0.019616008884278103","0.10160787916895171","28.93235107553211","1","1.0","1.0","1.0"
"CURVE 1","0.08365492444897188","26.739025755887223","19.768611123692164","0.019817211948223962","0.10173407882007202","29.2993941552801","1","1.0","1.0","1.0"
"CURVE 1","0.08365492444897188","26.739025755887223","19.768611123692164","0.020017914119644546","0.1018580332087047","29.666938738157807","1","1.0","1.0","1.0"
"CURVE 1","0.08365492444897188","26.739025755887223","19.768611123692164","0.020218114900351754","0.10197975728049208","30.03479810510344","1","1.0","1.0","1.0"
"CURVE 1","0.08365492444897188","26.739025755887223","19.768611123692164","0.020417813792157527","0.10209926598107638","30.40277988467821","1","0.0","0.0","0.0"
"CURVE 1","0.08365492444897188","26.739025755887223","19.768611123692164","0.020617010296873784","0.1022165742560999","30.770686157513598","1","0.0","0.0","0.0"
"CURVE 1","0.08365492444897188","26.739025755887223","19.768611123692164","0.020815703916312444","0.10233169705120487","31.138313590863362","1","0.0","0.0","0.0"
"CURVE 1","0.08365492444897188","26.739025755887223","19.768611123692164","0.021013894152285446","0.10244464931203359","31.505453589971964","1","1.0","1.0","1.0"
"CURVE 1","0.08365492444897188","26.739025755887223","19.768611123692164","0.021211580506604696","0.10255544598422835","31.871892456669528","1","1.0","1.0","1.0"
"CURVE 1","0.08365492444897188","26.739025755887223","19.768611123692164","0.021408762481082137","0.10266410201343139","32.23741158539714","1","1.0","1.0","1.0"
"CURVE 1","0.08365492444897188","26.739025755887223","19.768611123692164","0.021605439577529677","0.10277063234528498","32.60178765160929","1","1.0","1.0","1.0"
"CURVE 1","0.08365492444897188","26.739025755887223","19.768611123692164","0.02180161129775925","0.10287505192543143","32.96479283976064","1","1.0","1.0","1.0"
"CURVE 1","0.08365492444897188","26.739025755887223","19.768611123692164","0.021997277143582773","0.10297737569951301","33.326195086750786","1","1.0","1.0","1.0"
"CURVE 1","0.08365492444897188","26.739025755887223","19.768611123692164","0.022192436616812177","0.10307761861317193","33.68575832669672","1","1.0","1.0","1.0"
"CURVE 1","0.08365492444897188","26.739025755887223","19.768611123692164","0.022387089219259387","0.10317579561205054","34.043242773160216","1","1.0","1.0","1.0"
"CURVE 1","0.08365492444897188","26.739025755887223","19.768611123692164","0.02258123445273632","0.10327192164179104","34.39840520877377","1","1.0","1.0","1.0"
"CURVE 1","0.08365492444897188","26.739025755887223","19.768611123692164","0.022774871819054902","0.10336601164803574","34.75099929272504","1","1.0","1.0","1.0"
"CURVE 1","0.08365492444897188","26.739025755887223","19.768611123692164","0.022968000820027066","0.10345808057642694","35.10077588648687","1","1.0","1.0","1.0"
"CURVE 1","0.08365492444897188","26.739025755887223","19.768611123692164","0.023160620957464722","0.10354814337260687","35.44748339939299","1","1.0","1.0","1.0"
"CURVE 1","0.08365492444897188","26.739025755887223","19.768611123692164","0.023352731733179807","0.10363621498221781","35.79086813612445","1","1.0","1.0","1.0"
"CURVE 1","0.08365492444897188","26.739025755887223","19.768611123692164","0.023544332648984236","0.10372231035090204","36.13067468461172","1","1.0","1.0","1.0"
"CURVE 1","0.08365492444897188","26.739025755887223","19.768611123692164","0.02373542320668994","0.10380644442430183","36.46664627714929","1","1.0","1.0","1.0"
"CURVE 1","0.08365492444897188","26.739025755887223","19.768611123692164","0.023926002908108843","0.10388863214805946","36.798525220736025","1","1.0","1.0","1.0"
"CURVE 1","0.08365492444897188","26.739025755887223","19.768611123692164","0.02411607125505286","0.10396888846781717","37.12605327504334","1","1.0","1.0","1.0"
"CURVE 1","0.08365492444897188","26.739025755887223","19.768611123692164","0.02430562774933393","0.10404722832921727","37.44897210179276","1","0.0","0.0","0.0"
"CURVE 1","0.08365492444897188","26.739025755887223","19.768611123692164","0.024494671892763963","0.104123666677902","37.767023672868774","1","0.0","0.0","0.0"
"CURVE 1","0.08365492444897188","26.739025755887223","19.768611123692164","0.024683203187154897","0.10419821845951364","38.07995073162399","1","0.0","0.0","0.0"
"CURVE 1","0.08365492444897188","26.739025755887223","19.768611123692164","0.02487122113431864","0.10427089861969449","38.38749721272429","1","0.0","0.0","0.0"
"CURVE 1","0.08365492444897188","26.739025755887223","19.768611123692164","0.02505872523606713","0.10434172210408682","38.68940872390921","1","0.0","0.0","0.0"
"CURVE 1","0.08365492444897188","26.739025755887223","19.768611123692164","0.025245714994212284","0.10441070385833286","38.98543298249718","1","0.0","0.0","0.0"
"CURVE 1","0.08365492444897188","26.739025755887223","19.768611123692164","0.02543218991056603","0.1044778588280749","39.27532027734941","1","0.0","0.0","0.0"
"CURVE 1","0.08365492444897188","26.739025755887223","19.768611123692164","0.025618149486940297","0.10454320195895522","39.558823931824946","1","0.0","0.0","0.0"
"CURVE 1","0.08365492444897188","26.739025755887223","19.768611123692164","0.025803593225146998","0.1046067481966161","39.83570076140714","1","0.0","0.0","0.0"
"CURVE 1","0.08365492444897188","26.739025755887223","19.768611123692164","0.025988520626998066","0.1046685124866998","40.10571153351118","1","0.0","0.0","0.0"
"CURVE 1","0.08365492444897188","26.739025755887223","19.768611123692164","0.02617293119430542","0.10472850977484859","40.368621413192194","1","1.0","1.0","1.0"
"CURVE 1","0.08365492444897188","26.739025755887223","19.768611123692164","0.026356824428880984","0.10478675500670474","40.62420041446104","1","1.0","1.0","1.0"
"CURVE 1","0.08365492444897188","26.739025755887223","19.768611123692164","0.026540199832536686","0.10484326312791055","40.872223840854915","1","1.0","1.0","1.0"
"CURVE 1","0.08365492444897188","26.739025755887223","19.768611123692164","0.026723056907084448","0.10489804908410827","41.11247271447173","1","1.0","1.0","1.0"
"CURVE 1","0.08365492444897188","26.739025755887223","19.768611123692164","0.0269053951543362","0.10495112782094014","41.34473419219671","1","1.0","1.0","1.0"
"CURVE 1","0.08365492444897188","26.739025755887223","19.768611123692164","0.027087214076103854","0.1050025142840485","41.56880197412569","1","1.0","1.0","1.0"
"CURVE 1","0.08365492444897188","26.739025755887223","19.768611123692164","0.02726851317419935","0.10505222341907558","41.784476701597406","1","1.0","1.0","1.0"
"CURVE 1","0.08365492444897188","26.739025755887223","19.768611123692164","0.027449291950434596","0.10510027017166365","41.991566319072135","1","1.0","1.0","1.0"
"CURVE 1","0.08365492444897188","26.739025755887223","19.768611123692164","0.027629549906621524","0.105146669487455","42.18988645221076","1","1.0","1.0","1.0"
"CURVE 1","0.08365492444897188","26.739025755887223","19.768611123692164","0.02780928654457206","0.10519143631209188","42.37926073790827","1","1.0","1.0","1.0"
"CURVE 1","0.08365492444897188","26.739025755887223","19.768611123692164","0.027988501366098126","0.1052345855912166","42.55952113660198","1","1.0","1.0","1.0"
"CURVE 1","0.08365492444897188","26.739025755887223","19.768611123692164","0.02816719387301165","0.10527613227047138","42.730508247926934","1","1.0","1.0","1.0"
"CURVE 1","0.08365492444897188","26.739025755887223","19.768611123692164","0.02834536356712455","0.10531609129549853","42.89207156996742","1","1.0","1.0","1.0"
"CURVE 1","0.08365492444897188","26.739025755887223","19.768611123692164","0.028523009950248753","0.1053544776119403","43.04406976783415","1","1.0","1.0","1.0"
"CURVE 1","0.08365492444897188","26.739025755887223","19.768611123692164","0.028700132524196186","0.10539130616543896","43.186370879291346","1","1.0","1.0","1.0"
"CURVE 1","0.08365492444897188","26.739025755887223","19.768611123692164","0.028876730790778765","0.10542659190163683","43.31885253458886","1","1.0","1.0","1.0"
"CURVE 1","0.08365492444897188","26.739025755887223","19.768611123692164","0.029052804251808426","0.10546034976617615","43.44140211820785","1","1.0","1.0","1.0"
"CURVE 1","0.08365492444897188","26.739025755887223","19.768611123692164","0.029228352409097085","0.10549259470469916","43.55391692582126","1","1.0","1.0","1.0"
"CURVE 1","0.08365492444897188","26.739025755887223","19.768611123692164","0.02940337476445667","0.10552334166284817","43.65630426642016","1","1.0","1.0","1.0"
"CURVE 1","0.08365492444897188","26.739025755887223","19.768611123692164","0.029577870819699106","0.10555260558626546","43.74848157961603","1","1.0","1.0","1.0"
"CURVE 1","0.08365492444897188","26.739025755887223","19.768611123692164","0.02975184007663631","0.10558040142059326","43.83037646558789","1","1.0","1.0","1.0"
"CURVE 1","0.08365492444897188","26.739025755887223","19.768611123692164","0.029925282037080215","0.10560674411147389","43.9019267389616","1","1.0","1.0","1.0"
"CURVE 1","0.08365492444897188","26.739025755887223","19.768611123692164","0.030098196202842743","0.10563164860454959","43.96308043156197","1","1.0","1.0","1.0"
"CURVE 1","0.08365492444897188","26.739025755887223","19.768611123692164","0.030270582075735818","0.10565512984546263","44.01379577072968","1","1.0","1.0","1.0"
"CURVE 1","0.08365492444897188","26.739025755887223","19.768611123692164","0.03044243915757136","0.10567720277985529","44.05404110494251","1","1.0","1.0","1.0"
"CURVE 1","0.08365492444897188","26.739025755887223","19.768611123692164","0.030613766950161297","0.10569788235336987","44.08379484855374","1","1.0","1.0","1.0"
"CURVE 1","0.08365492444897188","26.739025755887223","19.768611123692164","0.03078456495531755","0.1057171835116486","44.10304536550686","1","1.0","1.0","1.0"
"CURVE 1","0.08365492444897188","26.739025755887223","19.768611123692164","0.03095483267485205","0.10573512120033378","44.1117908379292","1","1.0","1.0","1.0"
"CURVE 1","0.08365492444897188","26.739025755887223","19.768611123692164","0.031124569610576722","0.10575171036506766","44.110039087293785","1","1.0","1.0","1.0"
"CURVE 1","0.08365492444897188","26.739025755887223","19.768611123692164","0.03129377526430348","0.10576696595149253","44.097807405553866","1","1.0","1.0","1.0"
"CURVE 1","0.08365492444897188","26.739025755887223","19.768611123692164","0.03146244913784425","0.10578090290525066","44.07512234720434","1","1.0","1.0","1.0"
"CURVE 1","0.08365492444897188","26.739025755887223","19.768611123692164","0.031630590733010965","0.10579353617198431","44.042019477073275","1","1.0","1.0","1.0"
"CURVE 1","0.08365492444897188","26.739025755887223","19.768611123692164","0.031798199551615544","0.10580488069733576","43.99854312871526","1","1.0","1.0","1.0"
"CURVE 1","0.08365492444897188","26.739025755887223","19.768611123692164","0.03196527509546991","0.10581495142694729","43.9447461209156","1","1.0","1.0","1.0"
"CURVE 1","0.08365492444897188","26.739025755887223","19.768611123692164","0.03213181686638599","0.10582376330646116","43.88068945695795","1","1.0","1.0","1.0"
"CURVE 1","0.08365492444897188","26.739025755887223","19.768611123692164","0.032297824366175704","0.10583133128151963","43.80644201072848","1","1.0","1.0","1.0"
"CURVE 1","0.08365492444897188","26.739025755887223","19.768611123692164","0.03246329709665099","0.10583767029776499","43.72208019901514","1","1.0","1.0","1.0"
"CURVE 1","0.08365492444897188","26.739025755887223","19.768611123692164","0.03262823455962375","0.10584279530083954","43.62768761270137","1","1.0","1.0","1.0"
"CURVE 1","0.08365492444897188","26.739025755887223","19.768611123692164","0.03279263625690592","0.10584672123638553","43.52335467832456","1","1.0","1.0","1.0"
"CURVE 1","0.08365492444897188","26.739025755887223","19.768611123692164","0.032956501690309434","0.10584946305004518","43.409178264960694","1","1.0","1.0","1.0"
"CURVE 1","0.08365492444897188","26.739025755887223","19.768611123692164","0.0331198303616462","0.10585103568746082","43.28526128816823","1","1.0","1.0","1.0"
"CURVE 1","0.08365492444897188","26.739025755887223","19.768611123692164","0.03328262177272815","0.10585145409427471","43.151712326358435","1","1.0","1.0","1.0"
"CURVE 1","0.08365492444897188","26.739025755887223","19.768611123692164","0.033444875425367206","0.10585073321612913","43.008645199904436","1","1.0","1.0","1.0"
"CURVE 1","0.08365492444897188","26.739025755887223","19.768611123692164","0.03360659082137529","0.10584888799866633","42.85617856965996","1","1.0","1.0","1.0"
"CURVE 1","0.08365492444897188","26.739025755887223","19.768611123692164","0.03376776746256434","0.1058459333875286","42.694435493754916","1","1.0","1.0","1.0"
"CURVE 1","0.08365492444897188","26.739025755887223","19.768611123692164","0.03392840485074626","0.10584188432835821","42.52354301053403","1","1.0","1.0","1.0"
"CURVE 1","0.08365492444897188","26.739025755887223","19.768611123692164","0.034088502487733","0.10583675576679742","42.343631722337804","1","1.0","1.0","1.0"
"CURVE 1","0.08365492444897188","26.739025755887223","19.768611123692164","0.03424805987533645","0.10583056264848853","42.15483534500932","1","1.0","1.0","1.0"
"CURVE 1","0.08365492444897188","26.739025755887223","19.768611123692164","0.03440707651536856","0.10582331991907377","41.95729027528139","1","1.0","1.0","1.0"
"CURVE 1","0.08365492444897188","26.739025755887223","19.768611123692164","0.034565551909641244","0.10581504252419544","41.75113515450273","1","1.0","1.0","1.0"
"CURVE 1","0.08365492444897188","26.739025755887223","19.768611123692164","0.03472348555996643","0.10580574540949579","41.53651046168273","1","1.0","1.0","1.0"
"CURVE 1","0.08365492444897188","26.739025755887223","19.768611123692164","0.03488087696815605","0.10579544352061715","41.31355805534996","1","1.0","1.0","1.0"
"CURVE 1","0.08365492444897188","26.739025755887223","19.768611123692164","0.035037725636022005","0.1057841518032017","41.08242075486363","1","0.0","0.0","0.0"
"CURVE 1","0.08365492444897188","26.739025755887223","19.768611123692164","0.03519403106537625","0.1057718852028918","40.84324192127196","1","0.0","0.0","0.0"
"CURVE 1","0.08365492444897188","26.739025755887223","19.768611123692164","0.03534979275803068","0.10575865866532967","40.59616503960106","1","0.0","0.0","0.0"
"CURVE 1","0.08365492444897188","26.739025755887223","19.768611123692164","0.03550501021579723","0.10574448713615761","40.34133331048148","1","0.0","0.0","0.0"
"CURVE 1","0.08365492444897188","26.739025755887223","19.768611123692164","0.03565968294048783","0.10572938556101787","40.07888923097679","1","0.0","0.0","0.0"
"CURVE 1","0.08365492444897188","26.739025755887223","19.768611123692164","0.03581381043391441","0.10571336888555272","39.80897421165108","1","0.0","0.0","0.0"
"CURVE 1","0.08365492444897188","26.739025755887223","19.768611123692164","0.03596739219788889","0.10569645205540444","39.531728179741805","1","0.0","0.0","0.0"
"CURVE 1","0.08365492444897188","26.739025755887223","19.768611123692164","0.03612042773422317","0.10567865001621532","39.24728919781767","1","1.0","1.0","1.0"
"CURVE 1","0.08365492444897188","26.739025755887223","19.768611123692164","0.03627291654472921","0.10565997771362762","38.955793083051226","1","1.0","1.0","1.0"
"CURVE 1","0.08365492444897188","26.739025755887223","19.768611123692164","0.03642485813121891","0.10564045009328359","38.657373046486114","1","1.0","1.0","1.0"
"CURVE 1","0.08365492444897188","26.739025755887223","19.768611123692164","0.0365762519955042","0.10562008210082553","38.35215933898859","1","1.0","1.0","1.0"
"CURVE 1","0.08365492444897188","26.739025755887223","19.768611123692164","0.036727097639397","0.10559888868189571","38.04027889699017","1","1.0","1.0","1.0"
"CURVE 1","0.08365492444897188","26.739025755887223","19.768611123692164","0.03687739456470926","0.10557688478213638","37.721855003018504","1","1.0","1.0","1.0"
"CURVE 1","0.08365492444897188","26.739025755887223","19.768611123692164","0.03702714227325288","0.10555408534718984","37.397006965986606","1","1.0","1.0","1.0"
"CURVE 1","0.08365492444897188","26.739025755887223","19.768611123692164","0.03717634026683978","0.10553050532269834","37.06584978077696","1","1.0","1.0","1.0"
"CURVE 1","0.08365492444897188","26.739025755887223","19.768611123692164","0.037324988047281904","0.10550615965430417","36.72849382467334","1","1.0","1.0","1.0"
"CURVE 1","0.08365492444897188","26.739025755887223","19.768611123692164","0.037473085116391164","0.1054810632876496","36.38504456216282","1","1.0","1.0","1.0"
"CURVE 1","0.08365492444897188","26.739025755887223","19.768611123692164","0.03762063097597948","0.10545523116837688","36.03560225580186","1","1.0","1.0","1.0"
"CURVE 1","0.08365492444897188","26.739025755887223","19.768611123692164","0.03776762512785878","0.10542867824212829","35.680261629920494","1","1.0","1.0","1.0"
"CURVE 1","0.08365492444897188","26.739025755887223","19.768611123692164","0.037914067073841","0.10540141945454612","35.31911164827952","1","1.0","1.0","1.0"
"CURVE 1","0.08365492444897188","26.739025755887223","19.768611123692164","0.03805995631573805","0.10537346975127261","34.95223521605045","1","1.0","1.0","1.0"
"CURVE 1","0.08365492444897188","26.739025755887223","19.768611123692164","0.03820529235536187","0.10534484407795008","34.57970890213953","1","1.0","1.0","1.0"
"CURVE 1","0.08365492444897188","26.739025755887223","19.768611123692164","0.03835007469452435","0.10531555738022079","34.20160270983805","1","1.0","1.0","1.0"
"CURVE 1","0.08365492444897188","26.739025755887223","19.768611123692164","0.03849430283503745","0.10528562460372698","33.81797977930764","1","1.0","1.0","1.0"
"CURVE 1","0.08365492444897188","26.739025755887223","19.768611123692164","0.038637976278713085","0.10525506069411095","33.42889618848309","1","1.0","1.0","1.0"
"CURVE 1","0.08365492444897188","26.739025755887223","19.768611123692164","0.03878109452736318","0.10522388059701493","33.03440066864371","1","1.0","1.0","1.0"
"CURVE 1","0.08365492444897188","26.739025755887223","19.768611123692164","0.038923657628434215","0.10519209755000784","33.07001082173443","1","1.0","1.0","1.0"
"CURVE 1","0.08365492444897188","26.739025755887223","19.768611123692164","0.0390656678119109","0.10515971795836493","33.10148675335305","1","1.0","1.0","1.0"
"CURVE 1","0.08365492444897188","26.739025755887223","19.768611123692164","0.03920712785341253","0.10512674651928804","33.128803995535186","1","1.0","1.0","1.0"
"CURVE 1","0.08365492444897188","26.739025755887223","19.768611123692164","0.03934804052855838","0.10509318792997903","33.15193990375651","1","1.0","1.0","1.0"
"CURVE 1","0.08365492444897188","26.739025755887223","19.768611123692164","0.03948840861296773","0.10505904688763977","33.17087369424102","1","1.0","1.0","1.0"
"CURVE 1","0.08365492444897188","26.739025755887223","19.768611123692164","0.03962823488225985","0.10502432808947208","33.185586429558114","1","1.0","1.0","1.0"
"CURVE 1","0.08365492444897188","26.739025755887223","19.768611123692164","0.039767522112054025","0.10498903623267788","33.19606101848777","1","1.0","1.0","1.0"
"CURVE 1","0.08365492444897188","26.739025755887223","19.768611123692164","0.03990627307796953","0.10495317601445896","33.202282225685224","1","1.0","1.0","1.0"
"CURVE 1","0.08365492444897188","26.739025755887223","19.768611123692164","0.04004449055562566","0.10491675213201722","33.2042366781643","1","0.0","0.0","0.0"
"CURVE 1","0.08365492444897188","26.739025755887223","19.768611123692164","0.040182177320641665","0.1048797692825545","33.201912852695784","1","0.0","0.0","0.0"
"CURVE 1","0.08365492444897188","26.739025755887223","19.768611123692164","0.04031933614863685","0.10484223216327268","33.19530105826853","1","0.0","0.0","0.0"
"CURVE 1","0.08365492444897188","26.739025755887223","19.768611123692164","0.04045596981523049","0.10480414547137361","33.184393457102836","1","0.0","0.0","0.0"
"CURVE 1","0.08365492444897188","26.739025755887223","19.768611123692164","0.04059208109604186","0.10476551390405911","33.169184021598454","1","0.0","0.0","0.0"
"CURVE 1","0.08365492444897188","26.739025755887223","19.768611123692164","0.04072767276669023","0.10472634215853109","33.14966855227654","1","0.0","0.0","0.0"
"CURVE 1","0.08365492444897188","26.739025755887223","19.768611123692164","0.040862747602794895","0.10468663493199136","33.12584463000042","1","0.0","0.0","0.0"
"CURVE 1","0.08365492444897188","26.739025755887223","19.768611123692164","0.040997308379975124","0.10464639692164178","33.09771163864972","1","0.0","0.0","0.0"
"CURVE 1","0.08365492444897188","26.739025755887223","19.768611123692164","0.0411313578738502","0.10460563282468426","33.06527069944541","1","0.0","0.0","0.0"
"CURVE 1","0.08365492444897188","26.739025755887223","19.768611123692164","0.041264898860039395","0.10456434733832061","33.02852469328133","1","0.0","0.0","0.0"
"CURVE 1","0.08365492444897188","26.739025755887223","19.768611123692164","0.041397934114162","0.10452254515975269","32.98747820641229","1","0.0","0.0","0.0"
"CURVE 1","0.08365492444897188","26.739025755887223","19.768611123692164","0.041530466411837295","0.10448023098618237","32.9421375119707","1","0.0","0.0","0.0"
"CURVE 1","0.08365492444897188","26.739025755887223","19.768611123692164","0.041662498528684554","0.1044374095148115","32.89251056189161","1","0.0","0.0","0.0"
"CURVE 1","0.08365492444897188","26.739025755887223","19.768611123692164","0.04179403324032305","0.10439408544284193","32.838606914487634","1","0.0","0.0","0.0"
"CURVE 1","0.08365492444897188","26.739025755887223","19.768611123692164","0.04192507332237207","0.10435026346747553","32.78043776044562","1","0.0","0.0","0.0"
"CURVE 1","0.08365492444897188","26.739025755887223","19.768611123692164","0.042055621550450874","0.10430594828591418","32.71801583956803","1","0.0","0.0","0.0"
"CURVE 1","0.08365492444897188","26.739025755887223","19.768611123692164","0.04218568070017876","0.10426114459535968","32.65135543054093","1","0.0","0.0","0.0"
"CURVE 1","0.08365492444897188","26.739025755887223","19.768611123692164","0.04231525354717501","0.10421585709301392","32.58047230911377","1","0.0","0.0","0.0"
"CURVE 1","0.08365492444897188","26.739025755887223","19.768611123692164","0.0424443428670589","0.10417009047607877","32.50538370700918","1","0.0","0.0","0.0"
"CURVE 1","0.08365492444897188","26.739025755887223","19.768611123692164","0.0425729514354497","0.10412384944175605","32.42610829139954","1","0.0","0.0","0.0"
"CURVE 1","0.08365492444897188","26.739025755887223","19.768611123692164","0.04270108202796671","0.10407713868724765","32.34266608952698","1","0.0","0.0","0.0"
"CURVE 1","0.08365492444897188","26.739025755887223","19.768611123692164","0.042828737420229177","0.10402996290975541","32.25507846496905","1","0.0","0.0","0.0"
"CURVE 1","0.08365492444897188","26.739025755887223","19.768611123692164","0.042955920387856394","0.1039823268064812","32.16336809311397","1","0.0","0.0","0.0"
"CURVE 1","0.08365492444897188","26.739025755887223","19.768611123692164","0.043082633706467664","0.10393423507462686","32.06755888867664","1","0.0","0.0","0.0"
"CURVE 1","0.08365492444897188","26.739025755887223","19.768611123692164","0.04320888015168224","0.10388569241139425","31.967675966206734","1","0.0","0.0","0.0"
"CURVE 1","0.08365492444897188","26.739025755887223","19.768611123692164","0.04333466249911939","0.10383670351398525","31.863745606418302","1","0.0","0.0","0.0"
"CURVE 1","0.08365492444897188","26.739025755887223","19.768611123692164","0.04345998352439843","0.10378727307960169","31.75579518918137","1","0.0","0.0","0.0"
"CURVE 1","0.08365492444897188","26.739025755887223","19.768611123692164","0.043584846003138604","0.10373740580544544","31.643853167379785","1","0.0","0.0","0.0"
"CURVE 1","0.08365492444897188","26.739025755887223","19.768611123692164","0.043709252710959205","0.10368710638871832","31.527948997462662","1","0.0","0.0","0.0"
"CURVE 1","0.08365492444897188","26.739025755887223","19.768611123692164","0.04383320642347952","0.10363637952662225","31.408113106966077","1","0.0","0.0","0.0"
"CURVE 1","0.08365492444897188","26.739025755887223","19.768611123692164","0.04395670991631883","0.10358522991635906","31.28437683084312","1","0.0","0.0","0.0"
"CURVE 1","0.08365492444897188","26.739025755887223","19.768611123692164","0.04407976596509639","0.1035336622551306","31.15677236522242","1","0.0","0.0","0.0"
"CURVE 1","0.08365492444897188","26.739025755887223","19.768611123692164","0.044202377345431504","0.10348168124013872","31.025332725140675","1","0.0","0.0","0.0"
"CURVE 1","0.08365492444897188","26.739025755887223","19.768611123692164","0.04432454683294344","0.10342929156858528","30.8900916891301","1","0.0","0.0","0.0"
"CURVE 1","0.08365492444897188","26.739025755887223","19.768611123692164","0.04444627720325147","0.10337649793767216","30.751083732334767","1","0.0","0.0","0.0"
"CURVE 1","0.08365492444897188","26.739025755887223","19.768611123692164","0.0445675712319749","0.1033233050446012","30.60834399114399","1","0.0","0.0","0.0"
"CURVE 1","0.08365492444897188","26.739025755887223","19.768611123692164","0.04468843169473297","0.10326971758657424","30.461908220407516","1","0.0","0.0","0.0"
"CURVE 1","0.08365492444897188","26.739025755887223","19.768611123692164","0.044808861367144986","0.10321574026079319","30.311812708721593","1","0.0","0.0","0.0"
"CURVE 1","0.08365492444897188","26.739025755887223","19.768611123692164","0.04492886302483022","0.10316137776445986","30.158094263392567","1","0.0","0.0","0.0"
"CURVE 1","0.08365492444897188","26.739025755887223","19.768611123692164","0.04504843944340796","0.10310663479477611","30.000790146184503","1","0.0","0.0","0.0"
"CURVE 1","0.08365492444897188","26.739025755887223","19.768611123692164","0.04516759339849747","0.10305151604894382","29.839938003808232","1","0.0","0.0","0.0"
"CURVE 1","0.08365492444897188","26.739025755887223","19.768611123692164","0.04528632766571804","0.10299602622416482","29.67557583939477","1","0.0","0.0","0.0"
"CURVE 1","0.08365492444897188","26.739025755887223","19.768611123692164","0.04540464502068894","0.10294017001764098","29.50774195993127","1","0.0","0.0","0.0"
"CURVE 1","0.08365492444897188","26.739025755887223","19.768611123692164","0.045522548239029466","0.10288395212657414","29.336474911480174","1","0.0","0.0","0.0"
"CURVE 1","0.08365492444897188","26.739025755887223","19.768611123692164","0.04564004009635887","0.10282737724816621","29.161813445105697","1","0.0","0.0","0.0"
"CURVE 1","0.08365492444897188","26.739025755887223","19.768611123692164","0.04575712336829645","0.10277045007961898","28.983796468765025","1","0.0","0.0","0.0"
"CURVE 1","0.08365492444897188","26.739025755887223","19.768611123692164","0.04587380083046149","0.10271317531813436","28.802462977437404","1","0.0","0.0","0.0"
"CURVE 1","0.08365492444897188","26.739025755887223","19.768611123692164","0.045990075258473255","0.10265555766091418","28.61785202123713","1","0.0","0.0","0.0"
"CURVE 1","0.08365492444897188","26.739025755887223","19.768611123692164","0.046105949427951036","0.10259760180516028","28.430002665319076","1","0.0","0.0","0.0"
"CURVE 1","0.08365492444897188","26.739025755887223","19.768611123692164","0.046221426114514096","0.10253931244807456","28.238953928414542","1","0.0","0.0","0.0"
"CURVE 1","0.08365492444897188","26.739025755887223","19.768611123692164","0.04633650809378173","0.10248069428685885","28.04474474159667","1","0.0","0.0","0.0"
"CURVE 1","0.08365492444897188","26.739025755887223","19.768611123692164","0.04645119814137321","0.10242175201871502","27.847413905842075","1","0.0","0.0","0.0"
"CURVE 1","0.08365492444897188","26.739025755887223","19.768611123692164","0.04656549903290782","0.10236249034084491","27.647000046097798","1","0.0","0.0","0.0"
"CURVE 1","0.08365492444897188","26.739025755887223","19.768611123692164","0.04667941354400483","0.10230291395045038","27.443541568306244","1","0.0","0.0","0.0"
"CURVE 1","0.08365492444897188","26.739025755887223","19.768611123692164","0.04679294445028353","0.1022430275447333","27.237076615285954","1","0.0","0.0","0.0"
"CURVE 1","0.08365492444897188","26.739025755887223","19.768611123692164","0.04690609452736318","0.10218283582089552","27.02764302676027","1","0.0","0.0","0.0"
"CURVE 1","0.08365492444897188","26.739025755887223","19.768611123692164","0.047018866550863084","0.1021223434761389","26.815278298112776","1","0.0","0.0","0.0"
"CURVE 1","0.08365492444897188","26.739025755887223","19.768611123692164","0.0471312632964025","0.1020615552076653","26.600019544014547","1","0.0","0.0","0.0"
"CURVE 1","0.08365492444897188","26.739025755887223","19.768611123692164","0.04724328753960073","0.10200047571267655","26.38190344941453","1","0.0","0.0","0.0"
"CURVE 1","0.08365492444897188","26.739025755887223","19.768611123692164","0.047354942056077036","0.10193910968837451","26.16096625021053","1","0.0","0.0","0.0"
"CURVE 1","0.08365492444897188","26.739025755887223","19.768611123692164","0.0474662296214507","0.1018774618319611","25.937243679056227","1","0.0","0.0","0.0"
"CURVE 1","0.08365492444897188","26.739025755887223","19.768611123692164","0.047577153011340995","0.1018155368406381","25.710770923114126","1","0.0","0.0","0.0"
"CURVE 1","0.08365492444897188","26.739025755887223","19.768611123692164","0.047687715001367224","0.10175333941160741","25.48158262931369","1","0.0","0.0","0.0"
"CURVE 1","0.08365492444897188","26.739025755887223","19.768611123692164","0.04779791836714863","0.10169087424207088","25.249712829928583","1","0.0","0.0","0.0"
"CURVE 1","0.08365492444897188","26.739025755887223","19.768611123692164","0.04790776588430452","0.10162814602923036","25.01519491338447","1","0.0","0.0","0.0"
"CURVE 1","0.08365492444897188","26.739025755887223","19.768611123692164","0.04801726032845417","0.1015651594702877","24.778061636389598","1","0.0","0.0","0.0"
"CURVE 1","0.08365492444897188","26.739025755887223","19.768611123692164","0.04812640447521685","0.10150191926244477","24.53834502090717","1","0.0","0.0","0.0"
"CURVE 1","0.08365492444897188","26.739025755887223","19.768611123692164","0.04823520110021184","0.10143843010290343","24.296076389038767","1","0.0","0.0","0.0"
"CURVE 1","0.08365492444897188","26.739025755887223","19.768611123692164","0.04834365297905842","0.10137469668886553","24.051286301323707","1","0.0","0.0","0.0"
"CURVE 1","0.08365492444897188","26.739025755887223","19.768611123692164","0.04845176288737586","0.10131072371753293","23.804004551920375","1","0.0","0.0","0.0"
"CURVE 1","0.08365492444897188","26.739025755887223","19.768611123692164","0.04855953360078347","0.10124651588610747","23.55426011059761","1","0.0","0.0","0.0"
"CURVE 1","0.08365492444897188","26.739025755887223","19.768611123692164","0.0486669678949005","0.10118207789179103","23.302081123071154","1","0.0","0.0","0.0"
"CURVE 1","0.08365492444897188","26.739025755887223","19.768611123692164","0.048774068545346244","0.10111741443178547","23.04749489114139","1","0.0","0.0","0.0"
"CURVE 1","0.08365492444897188","26.739025755887223","19.768611123692164","0.04888083832773997","0.1010525302032926","22.790527819841934","1","0.0","0.0","0.0"
"CURVE 1","0.08365492444897188","26.739025755887223","19.768611123692164","0.04898728001770095","0.10098742990351434","22.531205428424688","1","0.0","0.0","0.0"
"CURVE 1","0.08365492444897188","26.739025755887223","19.768611123692164","0.0490933963908485","0.1009221182296525","22.2695523165128","1","0.0","0.0","0.0"
"CURVE 1","0.08365492444897188","26.739025755887223","19.768611123692164","0.04919919022280186","0.10085659987890896","22.005592126609827","1","0.0","0.0","0.0"
"CURVE 1","0.08365492444897188","26.739025755887223","19.768611123692164","0.04930466428918032","0.10079087954848558","21.739347551644965","1","0.0","0.0","0.0"
"CURVE 1","0.08365492444897188","26.739025755887223","19.768611123692164","0.049409821365603165","0.1007249619355842","21.470840312153893","1","0.0","0.0","0.0"
"CURVE 1","0.08365492444897188","26.739025755887223","19.768611123692164","0.04951466422768968","0.10065885173740668","21.20009111363139","1","0.0","0.0","0.0"
"CURVE 1","0.08365492444897188","26.739025755887223","19.768611123692164","0.04961919565105913","0.10059255365115491","20.927119666075356","1","0.0","0.0","0.0"
"CURVE 1","0.08365492444897188","26.739025755887223","19.768611123692164","0.0497234184113308","0.10052607237403069","20.65194465761451","1","0.0","0.0","0.0"
"CURVE 1","0.08365492444897188","26.739025755887223","19.768611123692164","0.04982733528412397","0.10045941260323593","20.374583706183785","1","0.0","0.0","0.0"
"CURVE 1","0.08365492444897188","26.739025755887223","19.768611123692164","0.04993094904505792","0.10039257903597246","20.0950534112546","1","0.0","0.0","0.0"
"CURVE 1","0.08365492444897188","26.739025755887223","19.768611123692164","0.050034262469751914","0.10032557636944213","19.813369265698967","1","0.0","0.0","0.0"
"CURVE 1","0.08365492444897188","26.739025755887223","19.768611123692164","0.05013727833382526","0.10025840930084681","19.529545719592555","1","0.0","0.0","0.0"
"CURVE 1","0.08365492444897188","26.739025755887223","19.768611123692164","0.050239999412897224","0.10019108252738836","19.243596096070608","1","0.0","0.0","0.0"
"CURVE 1","0.08365492444897188","26.739025755887223","19.768611123692164","0.05034242848258707","0.10012360074626864","18.955532642268608","1","0.0","0.0","0.0"
"CURVE 1","0.08365492444897188","26.739025755887223","19.768611123692164","0.050444568318514085","0.10005596865468948","18.665366485416662","1","0.0","0.0","0.0"
"CURVE 1","0.08365492444897188","26.739025755887223","19.768611123692164","0.05054642169629757","0.09998819094985277","18.37310762174218","1","0.0","0.0","0.0"
"CURVE 1","0.08365492444897188","26.739025755887223","19.768611123692164","0.05064799139155678","0.09992027232896034","18.078764940606867","1","0.0","0.0","0.0"
"CURVE 1","0.08365492444897188","26.739025755887223","19.768611123692164","0.050749280179911","0.09985221748921407","17.78234617662553","1","0.0","0.0","0.0"
"CURVE 1","0.08365492444897188","26.739025755887223","19.768611123692164","0.05085029083697951","0.0997840311278158","17.483857926638162","1","0.0","0.0","0.0"
"CURVE 1","0.08365492444897188","26.739025755887223","19.768611123692164","0.05095102613838158","0.0997157179419674","17.18330565714344","1","0.0","0.0","0.0"
"CURVE 1","0.08365492444897188","26.739025755887223","19.768611123692164","0.051051488859736496","0.0996472826288707","16.88069365211452","1","0.0","0.0","0.0"
"CURVE 1","0.08365492444897188","26.739025755887223","19.768611123692164","0.05115168177666355","0.0995787298857276","16.576025045165718","1","0.0","0.0","0.0"
"CURVE 1","0.08365492444897188","26.739025755887223","19.768611123692164","0.051251607664782005","0.09951006440973993","16.269301823353317","1","0.0","0.0","0.0"
"CURVE 1","0.08365492444897188","26.739025755887223","19.768611123692164","0.05135126929971116","0.09944129089810955","15.960524784299214","1","0.0","0.0","0.0"
"CURVE 1","0.08365492444897188","26.739025755887223","19.768611123692164","0.05145066945707026","0.09937241404803832","15.649693572778657","1","0.0","0.0","0.0"
"CURVE 1","0.08365492444897188","26.739025755887223","19.768611123692164","0.05154981091247862","0.09930343855672809","15.336806663486275","1","0.0","0.0","0.0"
"CURVE 1","0.08365492444897188","26.739025755887223","19.768611123692164","0.05164869644155549","0.0992343691213807","15.021861346173875","1","0.0","0.0","0.0"
"CURVE 1","0.08365492444897188","26.739025755887223","19.768611123692164","0.05174732881992017","0.09916521043919806","14.704853740322658","1","0.0","0.0","0.0"
"CURVE 1","0.08365492444897188","26.739025755887223","19.768611123692164","0.05184571082319193","0.09909596720738197","14.385778796152454","1","0.0","0.0","0.0"
"CURVE 1","0.08365492444897188","26.739025755887223","19.768611123692164","0.05194384522699005","0.09902664412313432","14.06463027562372","1","0.0","0.0","0.0"
"CURVE 1","0.08365492444897188","26.739025755887223","19.768611123692164","0.052041734806933804","0.09895724588365695","13.741400788718257","1","0.0","0.0","0.0"
"CURVE 1","0.08365492444897188","26.739025755887223","19.768611123692164","0.05213938233864248","0.09888777718615176","13.416081744456225","1","0.0","0.0","0.0"
"CURVE 1","0.08365492444897188","26.739025755887223","19.768611123692164","0.05223679059773535","0.09881824272782055","13.088663404017694","1","0.0","0.0","0.0"
"CURVE 1","0.08365492444897188","26.739025755887223","19.768611123692164","0.052333962359831704","0.0987486472058652","12.759134837751674","1","0.0","0.0","0.0"
"CURVE 1","0.08365492444897188","26.739025755887223","19.768611123692164","0.0524309004005508","0.09867899531748757","12.42748396975392","1","0.0","0.0","0.0"
"CURVE 1","0.08365492444897188","26.739025755887223","19.768611123692164","0.05252760749551195","0.0986092917598895","12.093697525818389","1","0.0","0.0","0.0"
"CURVE 1","0.08365492444897188","26.739025755887223","19.768611123692164","0.05262408642033439","0.09853954123027288","11.757761109184486","1","0.0","0.0","0.0"
"CURVE 1","0.08365492444897188","26.739025755887223","19.768611123692164","0.05272033995063744","0.09846974842583954","11.419659139188807","1","0.0","0.0","0.0"
"CURVE 1","0.08365492444897188","26.739025755887223","19.768611123692164","0.05281637086204036","0.09839991804379136","11.079374889921516","1","0.0","0.0","0.0"
"CURVE 1","0.08365492444897188","26.739025755887223","19.768611123692164","0.05291218193016242","0.09833005478133015","10.736890485901029","1","0.0","0.0","0.0"
"CURVE 1","0.08365492444897188","26.739025755887223","19.768611123692164","0.05300777593062292","0.0982601633356578","10.392186909866277","1","0.0","0.0","0.0"
"CURVE 1","0.08365492444897188","26.739025755887223","19.768611123692164","0.05310315563904112","0.09819024840397621","10.045243997393914","1","0.0","0.0","0.0"
"CURVE 1","0.08365492444897188","26.739025755887223","19.768611123692164","0.05319832383103632","0.09812031468348716","9.696040462272682","1","0.0","0.0","0.0"
"CURVE 1","0.08365492444897188","26.739025755887223","19.768611123692164","0.05329328328222778","0.09805036687139253","9.344553904868272","1","0.0","0.0","0.0"
"CURVE 1","0.08365492444897188","26.739025755887223","19.768611123692164","0.05338803676823478","0.0979804096648942","8.99076077247005","1","1.0","1.0","1.0"
"CURVE 1","0.08365492444897188","26.739025755887223","19.768611123692164","0.053482587064676616","0.09791044776119402","8.63463644938826","1","1.0","1.0","1.0"
"CURVE 1","0.08365492444897188","26.739025755887223","19.768611123692164","0.053576936721801756","0.09784048528813605","8.533854446148451","1","1.0","1.0","1.0"
"CURVE 1","0.08365492444897188","26.739025755887223","19.768611123692164","0.0536710873883755","0.0977705240961331","8.432196316815256","1","1.0","1.0","1.0"
"CURVE 1","0.08365492444897188","26.739025755887223","19.768611123692164","0.05376504048779235","0.09770056546624029","8.329660671981237","1","1.0","1.0","1.0"
"CURVE 1","0.08365492444897188","26.739025755887223","19.768611123692164","0.05385879744344682","0.09763061067951259","8.226246104294264","1","1.0","1.0","1.0"
"CURVE 1","0.08365492444897188","26.739025755887223","19.768611123692164","0.053952359678733394","0.09756066101700511","8.121951161199414","1","1.0","1.0","1.0"
"CURVE 1","0.08365492444897188","26.739025755887223","19.768611123692164","0.054045728617046596","0.0974907177597729","8.016774360207629","1","1.0","1.0","1.0"
"CURVE 1","0.08365492444897188","26.739025755887223","19.768611123692164","0.05413890568178091","0.09742078218887101","7.910714198392465","1","1.0","1.0","1.0"
"CURVE 1","0.08365492444897188","26.739025755887223","19.768611123692164","0.05423189229633084","0.09735085558535447","7.803769146408868","1","1.0","1.0","1.0"
"CURVE 1","0.08365492444897188","26.739025755887223","19.768611123692164","0.05432468988409089","0.09728093923027835","7.695937630425814","1","1.0","1.0","1.0"
"CURVE 1","0.08365492444897188","26.739025755887223","19.768611123692164","0.054417299868455574","0.09721103440469771","7.587218036724875","1","1.0","1.0","1.0"
"CURVE 1","0.08365492444897188","26.739025755887223","19.768611123692164","0.05450972367281937","0.09714114238966755","7.477608748123665","1","1.0","1.0","1.0"
"CURVE 1","0.08365492444897188","26.739025755887223","19.768611123692164","0.054601962720576804","0.09707126446624299","7.367108097230789","1","1.0","1.0","1.0"
"CURVE 1","0.08365492444897188","26.739025755887223","19.768611123692164","0.05469401843512236","0.09700140191547907","7.2557143847097025","1","1.0","1.0","1.0"
"CURVE 1","0.08365492444897188","26.739025755887223","19.768611123692164","0.054785892239850545","0.0969315560184308","7.1434258732259","1","1.0","1.0","1.0"
"CURVE 1","0.08365492444897188","26.739025755887223","19.768611123692164","0.05487758555815587","0.09686172805615326","7.030240812492428","1","1.0","1.0","1.0"
"CURVE 1","0.08365492444897188","26.739025755887223","19.768611123692164","0.05496909981343283","0.09679191930970149","6.916157401328648","1","1.0","1.0","1.0"
"CURVE 1","0.08365492444897188","26.739025755887223","19.768611123692164","0.05506043642907593","0.09672213106013056","6.80117381249749","1","1.0","1.0","1.0"
"CURVE 1","0.08365492444897188","26.739025755887223","19.768611123692164","0.055151596828479664","0.09665236458849549","6.685288180695435","1","1.0","1.0","1.0"
"CURVE 1","0.08365492444897188","26.739025755887223","19.768611123692164","0.055242582435038545","0.09658262117585138","6.568498615263936","1","1.0","1.0","1.0"
"CURVE 1","0.08365492444897188","26.739025755887223","19.768611123692164","0.05533339467214707","0.09651290210325325","6.450803187535826","1","1.0","1.0","1.0"
"CURVE 1","0.08365492444897188","26.739025755887223","19.768611123692164","0.05542403496319973","0.09644320865175617","6.332199937971801","1","1.0","1.0","1.0"
"CURVE 1","0.08365492444897188","26.739025755887223","19.768611123692164","0.05551450473159105","0.09637354210241518","6.212686870436529","1","1.0","1.0","1.0"
"CURVE 1","0.08365492444897188","26.739025755887223","19.768611123692164","0.05560480540071552","0.0963039037362853","6.092261958075138","1","1.0","1.0","1.0"
"CURVE 1","0.08365492444897188","26.739025755887223","19.768611123692164","0.055694938393967656","0.09623429483442164","5.97092314718407","1","1.0","1.0","1.0"
"CURVE 1","0.08365492444897188","26.739025755887223","19.768611123692164","0.055784905134741936","0.09616471667787921","5.848668341547348","1","1.0","1.0","1.0"
"CURVE 1","0.08365492444897188","26.739025755887223","19.768611123692164","0.05587470704643287","0.09609517054771308","5.725495411989548","1","1.0","1.0","1.0"
"CURVE 1","0.08365492444897188","26.739025755887223","19.768611123692164","0.05596434555243496","0.0960256577249783","5.601402208476909","1","1.0","1.0","1.0"
"CURVE 1","0.08365492444897188","26.739025755887223","19.768611123692164","0.05605382207614271","0.09595617949072995","5.476386545459972","1","1.0","1.0","1.0"
"CURVE 1","0.08365492444897188","26.739025755887223","19.768611123692164","0.05614313804095064","0.09588673712602301","5.350446191013123","1","1.0","1.0","1.0"
"CURVE 1","0.08365492444897188","26.739025755887223","19.768611123692164","0.05623229487025322","0.09581733191191259","5.22357891123462","1","1.0","1.0","1.0"
"CURVE 1","0.08365492444897188","26.739025755887223","19.768611123692164","0.05632129398744497","0.09574796512945374","5.0957824057949095","1","1.0","1.0","1.0"
"CURVE 1","0.08365492444897188","26.739025755887223","19.768611123692164","0.056410136815920386","0.09567863805970149","4.967054375547097","1","1.0","1.0","1.0"
"CURVE 1","0.08365492444897188","26.739025755887223","19.768611123692164","0.05649882477907399","0.0956093519837109","4.837392467594448","1","1.0","1.0","1.0"
"CURVE 1","0.08365492444897188","26.739025755887223","19.768611123692164","0.056587359300300254","0.09554010818253701","4.706794322326392","1","1.0","1.0","1.0"
"CURVE 1","0.08365492444897188","26.739025755887223","19.768611123692164","0.05667574180299369","0.0954709079372349","4.5752575317685835","1","1.0","1.0","1.0"
"CURVE 1","0.08365492444897188","26.739025755887223","19.768611123692164","0.0567639737105488","0.09540175252885959","4.44277966546902","1","1.0","1.0","1.0"
"CURVE 1","0.08365492444897188","26.739025755887223","19.768611123692164","0.056852056446360114","0.09533264323846617","4.309358262880125","1","1.0","1.0","1.0"
"CURVE 1","0.08365492444897188","26.739025755887223","19.768611123692164","0.056939991433822085","0.09526358134710966","4.174990863842206","1","1.0","1.0","1.0"
"CURVE 1","0.08365492444897188","26.739025755887223","19.768611123692164","0.05702778009632926","0.09519456813584512","4.039674935985008","1","1.0","1.0","1.0"
"CURVE 1","0.08365492444897188","26.739025755887223","19.768611123692164","0.05711542385727611","0.0951256048857276","3.9034079520555","1","1.0","1.0","1.0"
"CURVE 1","0.08365492444897188","26.739025755887223","19.768611123692164","0.05720292414005714","0.09505669287781217","3.7661873519819795","1","1.0","1.0","1.0"
"CURVE 1","0.08365492444897188","26.739025755887223","19.768611123692164","0.05729028236806688","0.09498783339315384","3.6280105583481173","1","1.0","1.0","1.0"
"CURVE 1","0.08365492444897188","26.739025755887223","19.768611123692164","0.05737749996469981","0.0949190277128077","3.488874961708201","1","1.0","1.0","1.0"
"CURVE 1","0.08365492444897188","26.739025755887223","19.768611123692164","0.05746457835335042","0.09485027711782881","3.3487779346246653","1","1.0","1.0","1.0"
"CURVE 1","0.08365492444897188","26.739025755887223","19.768611123692164","0.057551518957413235","0.09478158288927219","3.2077168402777105","1","1.0","1.0","1.0"
"CURVE 1","0.08365492444897188","26.739025755887223","19.768611123692164","0.05763832320028275","0.09471294630819291","3.0656889896278443","1","1.0","1.0","1.0"
"CURVE 1","0.08365492444897188","26.739025755887223","19.768611123692164","0.05772499250535347","0.09464436865564602","2.9226917192402437","1","1.0","1.0","1.0"
"CURVE 1","0.08365492444897188","26.739025755887223","19.768611123692164","0.05781152829601989","0.09457585121268657","2.778722320254161","1","1.0","1.0","1.0"
"CURVE 1","0.08365492444897188","26.739025755887223","19.768611123692164","0.05789793199567651","0.0945073952603696","2.633778072073233","1","1.0","1.0","1.0"
"CURVE 1","0.08365492444897188","26.739025755887223","19.768611123692164","0.05798420502771785","0.09443900207975017","2.4878562489916303","1","1.0","1.0","1.0"
"CURVE 1","0.08365492444897188","26.739025755887223","19.768611123692164","0.05807034881553838","0.09437067295188334","2.3409540963779047","1","1.0","1.0","1.0"
"CURVE 1","0.08365492444897188","26.739025755887223","19.768611123692164","0.05815636478253264","0.09430240915782416","2.1930688771046105","1","1.0","1.0","1.0"
"CURVE 1","0.08365492444897188","26.739025755887223","19.768611123692164","0.0582422543520951","0.09423421197862766","2.0441978065414736","1","1.0","1.0","1.0"
"CURVE 1","0.08365492444897188","26.739025755887223","19.768611123692164","0.05832801894762029","0.09416608269534893","1.8943381068687568","1","1.0","1.0","1.0"
"CURVE 1","0.08365492444897188","26.739025755887223","19.768611123692164","0.05841365999250269","0.09409802258904301","1.7434870036132835","1","1.0","1.0","1.0"
"CURVE 1","0.08365492444897188","26.739025755887223","19.768611123692164","0.058499178910136805","0.09403003294076492","1.5916417113281298","1","1.0","1.0","1.0"
"CURVE 1","0.08365492444897188","26.739025755887223","19.768611123692164","0.05858457712391715","0.09396211503156976","1.4387994374013438","1","0.0","0.0","0.0"
"CURVE 1","0.08365492444897188","26.739025755887223","19.768611123692164","0.05866985605723822","0.09389427014251255","1.2849573816299618","1","0.0","0.0","0.0"
"CURVE 1","0.08365492444897188","26.739025755887223","19.768611123692164","0.058755017133494514","0.09382649955464833","1.1301127616957438","1","0.0","0.0","0.0"
"CURVE 1","0.08365492444897188","26.739025755887223","19.768611123692164","0.05884006177608053","0.0937588045490322","0.9742627830100733","1","0.0","0.0","0.0"
"CURVE 1","0.08365492444897188","26.739025755887223","19.768611123692164","0.05892499140839078","0.09369118640671914","0.8174046642116446","1","0.0","0.0","0.0"
"CURVE 1","0.08365492444897188","26.739025755887223","19.768611123692164","0.059009807453819764","0.09362364640876429","0.6595356150224364","1","0.0","0.0","0.0"
"CURVE 1","0.08365492444897188","26.739025755887223","19.768611123692164","0.05909451133576198","0.09355618583622265","0.5006528661138506","1","0.0","0.0","0.0"
"CURVE 1","0.08365492444897188","26.739025755887223","19.768611123692164","0.05917910447761194","0.09348880597014926","0.3407536773989637","1","0.0","0.0","0.0"
"CURVE 1","0.08365492444897188","26.739025755887223","19.768611123692164","0.05926358830276413","0.09342150809159921","0.17983528680053784","1","0.0","0.0","0.0"
"CURVE 1","0.08365492444897188","26.739025755887223","19.768611123692164","0.05934796423461307","0.09335429348162752","0.017894948170193947","1","0.0","0.0","0.0"
"CURVE 1","0.08365492444897188","26.739025755887223","19.768611123692164","0.05943223369655324","0.09328716342128925","0.14507003335691904","-1","0.0","0.0","0.0"
"CURVE 1","0.08365492444897188","26.739025755887223","19.768611123692164","0.05951639811197916","0.09322011919163947","0.30906235019733513","-1","0.0","0.0","0.0"
"CURVE 1","0.08365492444897188","26.739025755887223","19.768611123692164","0.05960045890428533","0.09315316207373321","0.47408467853936564","-1","0.0","0.0","0.0"
"CURVE 1","0.08365492444897188","26.739025755887223","19.768611123692164","0.059684417496866246","0.09308629334862553","0.6401396679711888","-1","0.0","0.0","0.0"
"CURVE 1","0.08365492444897188","26.739025755887223","19.768611123692164","0.05976827531311642","0.09301951429737147","0.807229925650352","-1","0.0","0.0","0.0"
"CURVE 1","0.08365492444897188","26.739025755887223","19.768611123692164","0.05985203377643035","0.09295282620102611","0.9753580367959592","-1","0.0","0.0","0.0"
"CURVE 1","0.08365492444897188","26.739025755887223","19.768611123692164","0.05993569431020252","0.09288623034064449","1.1445265568876593","-1","0.0","0.0","0.0"
"CURVE 1","0.08365492444897188","26.739025755887223","19.768611123692164","0.06001925833782745","0.09281972799728165","1.3147379911473631","-1","0.0","0.0","0.0"
"CURVE 1","0.08365492444897188","26.739025755887223","19.768611123692164","0.06010272728269965","0.09275332045199267","1.4859948206767073","-1","0.0","0.0","0.0"
"CURVE 1","0.08365492444897188","26.739025755887223","19.768611123692164","0.06018610256821361","0.09268700898583257","1.6582994611024924","-1","0.0","0.0","0.0"
"CURVE 1","0.08365492444897188","26.739025755887223","19.768611123692164","0.06026938561776384","0.0926207948798564","1.8316543021444127","-1","0.0","0.0","0.0"
"CURVE 1","0.08365492444897188","26.739025755887223","19.768611123692164","0.06035257785474482","0.09255467941511925","2.0060616787585457","-1","0.0","0.0","0.0"
"CURVE 1","0.08365492444897188","26.739025755887223","19.768611123692164","0.060435680702551085","0.09248866387267611","2.1815238589992347","-1","0.0","0.0","0.0"
"CURVE 1","0.08365492444897188","26.739025755887223","19.768611123692164","0.060518695584577106","0.0924227495335821","2.3580430676207498","-1","0.0","0.0","0.0"
"CURVE 1","0.08365492444897188","26.739025755887223","19.768611123692164","0.0606016239242174","0.09235693767889222","2.5356214650585898","-1","0.0","0.0","0.0"
"CURVE 1","0.08365492444897188","26.739025755887223","19.768611123692164","0.060684467144866486","0.09229122958966156","2.7142611314974543","-1","0.0","0.0","0.0"
"CURVE 1","0.08365492444897188","26.739025755887223","19.768611123692164","0.06076722666991883","0.09222562654694513","2.8939641049639393","-1","0.0","0.0","0.0"
"CURVE 1","0.08365492444897188","26.739025755887223","19.768611123692164","0.06084990392276896","0.09216012983179804","3.074732338033425","-1","0.0","0.0","0.0"
"CURVE 1","0.08365492444897188","26.739025755887223","19.768611123692164","0.06093250032681136","0.0920947407252753","3.2565677008145872","-1","0.0","0.0","0.0"
"CURVE 1","0.08365492444897188","26.739025755887223","19.768611123692164","0.061015017305440566","0.09202946050843197","3.4394719884943834","-1","0.0","0.0","0.0"
"CURVE 1","0.08365492444897188","26.739025755887223","19.768611123692164","0.061097456282051044","0.0919642904623231","3.6234469128393867","-1","0.0","0.0","0.0"
"CURVE 1","0.08365492444897188","26.739025755887223","19.768611123692164","0.06117981868003731","0.09189923186800374","3.808494093167581","-1","0.0","0.0","0.0"
"CURVE 1","0.08365492444897188","26.739025755887223","19.768611123692164","0.061262105922793866","0.09183428600652895","3.994615059674067","-1","0.0","0.0","0.0"
"CURVE 1","0.08365492444897188","26.739025755887223","19.768611123692164","0.061344319433715204","0.09176945415895378","4.181811234076143","-1","0.0","0.0","0.0"
"CURVE 1","0.08365492444897188","26.739025755887223","19.768611123692164","0.06142646063619584","0.09170473760633327","4.370083939633576","-1","0.0","0.0","0.0"
"CURVE 1","0.08365492444897188","26.739025755887223","19.768611123692164","0.06150853095363028","0.09164013762972249","4.559434414417444","-1","0.0","0.0","0.0"
"CURVE 1","0.08365492444897188","26.739025755887223","19.768611123692164","0.06159053180941301","0.09157565551017649","4.749863744869113","-1","0.0","0.0","0.0"
"CURVE 1","0.08365492444897188","26.739025755887223","19.768611123692164","0.06167246462693854","0.0915112925287503","4.941372922947968","-1","0.0","0.0","0.0"
"CURVE 1","0.08365492444897188","26.739025755887223","19.768611123692164","0.06175433082960137","0.091447049966499","5.133962810692342","-1","0.0","0.0","0.0"
"CURVE 1","0.08365492444897188","26.739025755887223","19.768611123692164","0.06183613184079602","0.09138292910447761","5.327634155768892","-1","0.0","0.0","0.0"
"CURVE 1","0.08365492444897188","26.739025755887223","19.768611123692164","0.06191786908391696","0.0913189312237412","5.522387555682575","-1","0.0","0.0","0.0"
"CURVE 1","0.08365492444897188","26.739025755887223","19.768611123692164","0.061999543982358706","0.09125505760534484","5.718223479008076","-1","0.0","0.0","0.0"
"CURVE 1","0.08365492444897188","26.739025755887223","19.768611123692164","0.06208115795951576","0.09119130953034357","5.9151422391793655","-1","0.0","0.0","0.0"
"CURVE 1","0.08365492444897188","26.739025755887223","19.768611123692164","0.062162712438782644","0.09112768827979244","6.113144038028728","-1","0.0","0.0","0.0"
"CURVE 1","0.08365492444897188","26.739025755887223","19.768611123692164","0.06224420884355383","0.09106419513474649","6.312228864236803","-1","0.0","0.0","0.0"
"CURVE 1","0.08365492444897188","26.739025755887223","19.768611123692164","0.062325648597223844","0.09100083137626079","6.5123965869069105","-1","0.0","0.0","0.0"
"CURVE 1","0.08365492444897188","26.739025755887223","19.768611123692164","0.06240703312318716","0.09093759828539039","6.713646901576676","-1","0.0","0.0","0.0"
"CURVE 1","0.08365492444897188","26.739025755887223","19.768611123692164","0.06248836384483831","0.0908744971431903","6.91597931506048","-1","0.0","0.0","0.0"
"CURVE 1","0.08365492444897188","26.739025755887223","19.768611123692164","0.06256964218557177","0.09081152923071563","7.119393174845738","-1","0.0","0.0","0.0"
"CURVE 1","0.08365492444897188","26.739025755887223","19.768611123692164","0.06265086956878206","0.09074869582902138","7.32388763339546","-1","0.0","0.0","0.0"
"CURVE 1","0.08365492444897188","26.739025755887223","19.768611123692164","0.06273204741786367","0.09068599821916268","7.529461648937024","-1","0.0","0.0","0.0"
"CURVE 1","0.08365492444897188","26.739025755887223","19.768611123692164","0.06281317715621113","0.0906234376821945","7.736113996434438","-1","0.0","0.0","0.0"
"CURVE 1","0.08365492444897188","26.739025755887223","19.768611123692164","0.0628942602072189","0.09056101549917192","7.943843229579344","-1","0.0","0.0","0.0"
"CURVE 1","0.08365492444897188","26.739025755887223","19.768611123692164","0.06297529799428152","0.09049873295115","8.152647691367727","-1","0.0","0.0","0.0"
"CURVE 1","0.08365492444897188","26.739025755887223","19.768611123692164","0.06305629194079346","0.0904365913191838","8.362525521261748","-1","0.0","0.0","0.0"
"CURVE 1","0.08365492444897188","26.739025755887223","19.768611123692164","0.06313724347014925","0.09037459188432835","8.57347462307616","-1","0.0","0.0","0.0"
"CURVE 1","0.08365492444897188","26.739025755887223","19.768611123692164","0.06321815400574338","0.09031273592763873","8.785492673898755","-1","0.0","0.0","0.0"
"CURVE 1","0.08365492444897188","26.739025755887223","19.768611123692164","0.06329902497097034","0.09025102473016997","8.99857709742368","-1","0.0","0.0","0.0"
"CURVE 1","0.08365492444897188","26.739025755887223","19.768611123692164","0.06337985778922464","0.0901894595729771","9.212725097363933","-1","0.0","0.0","0.0"
"CURVE 1","0.08365492444897188","26.739025755887223","19.768611123692164","0.0634606538839008","0.09012804173711521","9.427933595815926","-1","0.0","0.0","0.0"
"CURVE 1","0.08365492444897188","26.739025755887223","19.768611123692164","0.0635414146783933","0.09006677250363933","9.644199272206416","-1","0.0","0.0","0.0"
"CURVE 1","0.08365492444897188","26.739025755887223","19.768611123692164","0.06362214159609667","0.09000565315360454","9.86151854004307","-1","0.0","0.0","0.0"
"CURVE 1","0.08365492444897188","26.739025755887223","19.768611123692164","0.06370283606040537","0.08994468496806586","10.079887528717354","-1","1.0","1.0","1.0"
"CURVE 1","0.08365492444897188","26.739025755887223","19.768611123692164","0.06378349949471393","0.08988386922807835","10.29930206415865","-1","1.0","1.0","1.0"
"CURVE 1","0.08365492444897188","26.739025755887223","19.768611123692164","0.06386413332241683","0.08982320721469708","10.51975771624912","-1","1.0","1.0","1.0"
"CURVE 1","0.08365492444897188","26.739025755887223","19.768611123692164","0.06394473896690862","0.08976270020897709","10.741249750856957","-1","1.0","1.0","1.0"
"CURVE 1","0.08365492444897188","26.739025755887223","19.768611123692164","0.06402531785158375","0.08970234949197342","10.963773095943543","-1","1.0","1.0","1.0"
"CURVE 1","0.08365492444897188","26.739025755887223","19.768611123692164","0.06410587139983676","0.08964215634474114","11.187322391398427","-1","1.0","1.0","1.0"
"CURVE 1","0.08365492444897188","26.739025755887223","19.768611123692164","0.06418640103506212","0.0895821220483353","11.411891954256362","-1","1.0","1.0","1.0"
"CURVE 1","0.08365492444897188","26.739025755887223","19.768611123692164","0.06426690818065435","0.08952224788381093","11.637475733230703","-1","1.0","1.0","1.0"
"CURVE 1","0.08365492444897188","26.739025755887223","19.768611123692164","0.06434739426000795","0.0894625351322231","11.864067397607887","-1","1.0","1.0","1.0"
"CURVE 1","0.08365492444897188","26.739025755887223","19.768611123692164","0.06442786069651742","0.08940298507462686","12.09166020678073","-1","1.0","1.0","1.0"
"CURVE 1","0.08365492444897188","26.739025755887223","19.768611123692164","0.06450830885426916","0.08934359863622865","12.1268086202727","-1","1.0","1.0","1.0"
"CURVE 1","0.08365492444897188","26.739025755887223","19.768611123692164","0.06458873986011715","0.08928437531884038","12.161388925997963","-1","1.0","1.0","1.0"
"CURVE 1","0.08365492444897188","26.739025755887223","19.768611123692164","0.06466915478160726","0.08922531426842534","12.195393627637454","-1","1.0","1.0","1.0"
"CURVE 1","0.08365492444897188","26.739025755887223","19.768611123692164","0.06474955468628538","0.08916641463094684","12.228815320390797","-1","1.0","1.0","1.0"
"CURVE 1","0.08365492444897188","26.739025755887223","19.768611123692164","0.06482994064169738","0.08910767555236818","12.2616466378241","-1","1.0","1.0","1.0"
"CURVE 1","0.08365492444897188","26.739025755887223","19.768611123692164","0.06491031371538912","0.08904909617865263","12.293880318782763","-1","1.0","1.0","1.0"
"CURVE 1","0.08365492444897188","26.739025755887223","19.768611123692164","0.06499067497490651","0.08899067565576355","12.325509178904294","-1","1.0","1.0","1.0"
"CURVE 1","0.08365492444897188","26.739025755887223","19.768611123692164","0.06507102548779539","0.08893241312966418","12.356526100301512","-1","0.0","0.0","0.0"
"CURVE 1","0.08365492444897188","26.739025755887223","19.768611123692164","0.06515136632160169","0.08887430774631787","12.38692407525381","-1","0.0","0.0","0.0"
"CURVE 1","0.08365492444897188","26.739025755887223","19.768611123692164","0.06523169854387123","0.08881635865168787","12.416696161527076","-1","0.0","0.0","0.0"
"CURVE 1","0.08365492444897188","26.739025755887223","19.768611123692164","0.06531202322214992","0.08875856499173748","12.445835533407314","-1","0.0","0.0","0.0"
"CURVE 1","0.08365492444897188","26.739025755887223","19.768611123692164","0.06539234142398359","0.08870092591243005","12.474335423898989","-1","0.0","0.0","0.0"
"CURVE 1","0.08365492444897188","26.739025755887223","19.768611123692164","0.06547265421691818","0.08864344055972885","12.502189199405004","-1","0.0","0.0","0.0"
"CURVE 1","0.08365492444897188","26.739025755887223","19.768611123692164","0.06555296266849955","0.08858610807959716","12.529390319165502","-1","0.0","0.0","0.0"
"CURVE 1","0.08365492444897188","26.739025755887223","19.768611123692164","0.06563326784627355","0.0885289276179983","12.555932326344674","-1","0.0","0.0","0.0"
"CURVE 1","0.08365492444897188","26.739025755887223","19.768611123692164","0.06571357081778606","0.08847189832089555","12.581808873767372","-1","0.0","0.0","0.0"
"CURVE 1","0.08365492444897188","26.739025755887223","19.768611123692164","0.06579387265058298","0.08841501933425222","12.607013738423255","-1","0.0","0.0","0.0"
"CURVE 1","0.08365492444897188","26.739025755887223","19.768611123692164","0.06587417441221018","0.08835828980403163","12.631540796265194","-1","0.0","0.0","0.0"
"CURVE 1","0.08365492444897188","26.739025755887223","19.768611123692164","0.06595447717021354","0.08830170887619705","12.655384028317028","-1","0.0","0.0","0.0"
"CURVE 1","0.08365492444897188","26.739025755887223","19.768611123692164","0.0660347819921389","0.08824527569671178","12.678537568358914","-1","0.0","0.0","0.0"
"CURVE 1","0.08365492444897188","26.739025755887223","19.768611123692164","0.0661150899455322","0.08818898941153913","12.700995608276147","-1","0.0","0.0","0.0"
"CURVE 1","0.08365492444897188","26.739025755887223","19.768611123692164","0.06619540209793925","0.0881328491666424","12.722752515435033","-1","0.0","0.0","0.0"
"CURVE 1","0.08365492444897188","26.739025755887223","19.768611123692164","0.06627571951690599","0.08807685410798487","12.743802747023018","-1","0.0","0.0","0.0"
"CURVE 1","0.08365492444897188","26.739025755887223","19.768611123692164","0.06635604326997824","0.08802100338152988","12.76414090153329","-1","0.0","0.0","0.0"
"CURVE 1","0.08365492444897188","26.739025755887223","19.768611123692164","0.06643637442470189","0.08796529613324068","12.783761705600547","-1","0.0","0.0","0.0"
"CURVE 1","0.08365492444897188","26.739025755887223","19.768611123692164","0.06651671404862285","0.08790973150908059","12.802659998560188","-1","0.0","0.0","0.0"
"CURVE 1","0.08365492444897188","26.739025755887223","19.768611123692164","0.06659706320928696","0.0878543086550129","12.820830781849098","-1","0.0","0.0","0.0"
"CURVE 1","0.08365492444897188","26.739025755887223","19.768611123692164","0.06667742297424012","0.08779902671700095","12.838269158457983","-1","0.0","0.0","0.0"
"CURVE 1","0.08365492444897188","26.739025755887223","19.768611123692164","0.06675779441102819","0.08774388484100797","12.85497040414729","-1","0.0","0.0","0.0"
"CURVE 1","0.08365492444897188","26.739025755887223","19.768611123692164","0.06683817858719707","0.08768888217299732","12.870929902143414","-1","0.0","0.0","0.0"
"CURVE 1","0.08365492444897188","26.739025755887223","19.768611123692164","0.0669185765702926","0.08763401785893228","12.886143198936232","-1","0.0","0.0","0.0"
"CURVE 1","0.08365492444897188","26.739025755887223","19.768611123692164","0.0669989894278607","0.08757929104477613","12.900605976894193","-1","0.0","0.0","0.0"
"CURVE 1","0.08365492444897188","26.739025755887223","19.768611123692164","0.0670794182274472","0.08752470087649218","12.914314059540862","-1","0.0","0.0","0.0"
"CURVE 1","0.08365492444897188","26.739025755887223","19.768611123692164","0.06715986403659803","0.08747024650004374","12.927263419151938","-1","0.0","0.0","0.0"
"CURVE 1","0.08365492444897188","26.739025755887223","19.768611123692164","0.067240327922859","0.08741592706139409","12.93945018081992","-1","0.0","0.0","0.0"
"CURVE 1","0.08365492444897188","26.739025755887223","19.768611123692164","0.06732081095377604","0.08736174170650654","12.950870632442657","-1","0.0","0.0","0.0"
"CURVE 1","0.08365492444897188","26.739025755887223","19.768611123692164","0.067401314196895","0.0873076895813444","12.961521192811317","-1","0.0","0.0","0.0"
"CURVE 1","0.08365492444897188","26.739025755887223","19.768611123692164","0.06748183871976178","0.08725376983187093","12.971398431992592","-1","0.0","0.0","0.0"
"CURVE 1","0.08365492444897188","26.739025755887223","19.768611123692164","0.06756238558992222","0.08719998160404947","12.980499104685153","-1","0.0","0.0","0.0"
"CURVE 1","0.08365492444897188","26.739025755887223","19.768611123692164","0.06764295587492225","0.0871463240438433","12.988820116426904","-1","0.0","0.0","0.0"
"CURVE 1","0.08365492444897188","26.739025755887223","19.768611123692164","0.06772355064230771","0.08709279629721572","12.996358510068768","-1","0.0","0.0","0.0"
"CURVE 1","0.08365492444897188","26.739025755887223","19.768611123692164","0.06780417095962449","0.08703939751013003","13.00311150303904","-1","0.0","0.0","0.0"
"CURVE 1","0.08365492444897188","26.739025755887223","19.768611123692164","0.06788481789441843","0.08698612682854952","13.009076480722092","-1","0.0","0.0","0.0"
"CURVE 1","0.08365492444897188","26.739025755887223","19.768611123692164","0.06796549251423545","0.0869329833984375","13.014250984908566","-1","0.0","0.0","0.0"
"CURVE 1","0.08365492444897188","26.739025755887223","19.768611123692164","0.06804619588662142","0.08687996636575729","13.018632720862223","-1","0.0","0.0","0.0"
"CURVE 1","0.08365492444897188","26.739025755887223","19.768611123692164","0.0681269290791222","0.08682707487647214","13.022219578559962","-1","0.0","0.0","0.0"
"CURVE 1","0.08365492444897188","26.739025755887223","19.768611123692164","0.06820769315928368","0.0867743080765454","13.025009585955427","-1","0.0","0.0","0.0"
"CURVE 1","0.08365492444897188","26.739025755887223","19.768611123692164","0.06828848919465173","0.08672166511194031","13.027000956233266","-1","0.0","0.0","0.0"
"CURVE 1","0.08365492444897188","26.739025755887223","19.768611123692164","0.06836931825277223","0.08666914512862021","13.028192076748574","-1","0.0","0.0","0.0"
"CURVE 1","0.08365492444897188","26.739025755887223","19.768611123692164","0.06845018140119107","0.08661674727254841","13.028581479226736","-1","0.0","0.0","0.0"
"CURVE 1","0.08365492444897188","26.739025755887223","19.768611123692164","0.0685310797074541","0.08656447068968819","13.028167907061844","-1","0.0","0.0","0.0"
"CURVE 1","0.08365492444897188","26.739025755887223","19.768611123692164","0.06861201423910719","0.08651231452600283","13.026950234306563","-1","0.0","0.0","0.0"
"CURVE 1","0.08365492444897188","26.739025755887223","19.768611123692164","0.06869298606369625","0.08646027792745566","13.024927537050074","-1","0.0","0.0","0.0"
"CURVE 1","0.08365492444897188","26.739025755887223","19.768611123692164","0.06877399624876715","0.08640836004000994","13.022099058115426","-1","0.0","0.0","0.0"
"CURVE 1","0.08365492444897188","26.739025755887223","19.768611123692164","0.06885504586186576","0.086356560009629","13.018464198172355","-1","0.0","0.0","0.0"
"CURVE 1","0.08365492444897188","26.739025755887223","19.768611123692164","0.06893613597053795","0.08630487698227612","13.014022548153983","-1","0.0","0.0","0.0"
"CURVE 1","0.08365492444897188","26.739025755887223","19.768611123692164","0.06901726764232959","0.08625331010391463","13.008773864282684","-1","0.0","0.0","0.0"
"CURVE 1","0.08365492444897188","26.739025755887223","19.768611123692164","0.06909844194478658","0.08620185852050781","13.002718097607572","-1","0.0","0.0","0.0"
"CURVE 1","0.08365492444897188","26.739025755887223","19.768611123692164","0.06917965994545477","0.08615052137801897","12.99585534238093","-1","0.0","0.0","0.0"
"CURVE 1","0.08365492444897188","26.739025755887223","19.768611123692164","0.06926092271188006","0.0860992978224114","12.988185887437616","-1","0.0","0.0","0.0"
"CURVE 1","0.08365492444897188","26.739025755887223","19.768611123692164","0.0693422313116083","0.08604818699964836","12.979710200071267","-1","0.0","0.0","0.0"
"CURVE 1","0.08365492444897188","26.739025755887223","19.768611123692164","0.06942358681218541","0.08599718805569322","12.970428901490383","-1","0.0","0.0","0.0"
"CURVE 1","0.08365492444897188","26.739025755887223","19.768611123692164","0.06950499028115724","0.08594630013650922","12.960342820867073","-1","0.0","0.0","0.0"
"CURVE 1","0.08365492444897188","26.739025755887223","19.768611123692164","0.06958644278606965","0.08589552238805971","12.949452929487752","-1","0.0","0.0","0.0"
"CURVE 1","0.08365492444897188","26.739025755887223","19.768611123692164","0.06966794539446855","0.08584485395630795","12.93776039112697","-1","0.0","0.0","0.0"
"CURVE 1","0.08365492444897188","26.739025755887223","19.768611123692164","0.06974949917389978","0.08579429398721725","12.925266550559616","-1","0.0","0.0","0.0"
"CURVE 1","0.08365492444897188","26.739025755887223","19.768611123692164","0.06983110519190926","0.08574384162675089","12.911972909001571","-1","0.0","0.0","0.0"
"CURVE 1","0.08365492444897188","26.739025755887223","19.768611123692164","0.06991276451604285","0.0856934960208722","12.897881144258106","-1","0.0","0.0","0.0"
"CURVE 1","0.08365492444897188","26.739025755887223","19.768611123692164","0.0699944782138464","0.08564325631554448","12.882993121748596","-1","0.0","0.0","0.0"
"CURVE 1","0.08365492444897188","26.739025755887223","19.768611123692164","0.07007624735286581","0.085593121656731","12.867310856829922","-1","0.0","0.0","0.0"
"CURVE 1","0.08365492444897188","26.739025755887223","19.768611123692164","0.07015807300064696","0.08554309119039508","12.85083656270889","-1","0.0","0.0","0.0"
"CURVE 1","0.08365492444897188","26.739025755887223","19.768611123692164","0.0702399562247357","0.0854931640625","12.83357258573377","-1","0.0","0.0","0.0"
"CURVE 1","0.08365492444897188","26.739025755887223","19.768611123692164","0.07032189809267794","0.08544333941900908","12.815521482327432","-1","0.0","0.0","0.0"
"CURVE 1","0.08365492444897188","26.739025755887223","19.768611123692164","0.07040389967201953","0.08539361640588561","12.796685974941","-1","0.0","0.0","0.0"
"CURVE 1","0.08365492444897188","26.739025755887223","19.768611123692164","0.07048596203030638","0.0853439941690929","12.777068918202032","-1","0.0","0.0","0.0"
"CURVE 1","0.08365492444897188","26.739025755887223","19.768611123692164","0.07056808623508434","0.08529447185459423","12.756673365453965","-1","0.0","0.0","0.0"
"CURVE 1","0.08365492444897188","26.739025755887223","19.768611123692164","0.0706502733538993","0.08524504860835289","12.735502517759803","-1","0.0","0.0","0.0"
"CURVE 1","0.08365492444897188","26.739025755887223","19.768611123692164","0.07073252445429712","0.0851957235763322","12.713559762835157","-1","0.0","0.0","0.0"
"CURVE 1","0.08365492444897188","26.739025755887223","19.768611123692164","0.07081484060382369","0.08514649590449545","12.690848619400732","-1","0.0","0.0","0.0"
"CURVE 1","0.08365492444897188","26.739025755887223","19.768611123692164","0.07089722287002488","0.08509736473880597","12.66737280846111","-1","0.0","0.0","0.0"
"CURVE 1","0.08365492444897188","26.739025755887223","19.768611123692164","0.07097967232044658","0.08504832922522701","12.643136164597186","-1","0.0","0.0","0.0"
"CURVE 1","0.08365492444897188","26.739025755887223","19.768611123692164","0.07106219002263464","0.08499938850972188","12.618142736063149","-1","1.0","1.0","1.0"
"CURVE 1","0.08365492444897188","26.739025755887223","19.768611123692164","0.07114477704413495","0.08495054173825392","12.592396681601407","-1","1.0","1.0","1.0"
"CURVE 1","0.08365492444897188","26.739025755887223","19.768611123692164","0.0712274344524934","0.08490178805678637","12.565902311930364","-1","1.0","1.0","1.0"
"CURVE 1","0.08365492444897188","26.739025755887223","19.768611123692164","0.07131016331525583","0.08485312661128257","12.538664136232333","-1","1.0","1.0","1.0"
"CURVE 1","0.08365492444897188","26.739025755887223","19.768611123692164","0.07139296469996817","0.0848045565477058","12.510686803401054","-1","1.0","1.0","1.0"
"CURVE 1","0.08365492444897188","26.739025755887223","19.768611123692164","0.07147583967417627","0.08475607701201937","12.481975081164974","-1","1.0","1.0","1.0"
"CURVE 1","0.08365492444897188","26.739025755887223","19.768611123692164","0.071558789305426","0.08470768715018656","12.452533910947048","-1","1.0","1.0","1.0"
"CURVE 1","0.08365492444897188","26.739025755887223","19.768611123692164","0.07164181466126325","0.0846593861081707","12.42236837284003","-1","1.0","1.0","1.0"
"CURVE 1","0.08365492444897188","26.739025755887223","19.768611123692164","0.07172491680923387","0.08461117303193504","12.39148370203927","-1","1.0","1.0","1.0"
"CURVE 1","0.08365492444897188","26.739025755887223","19.768611123692164","0.07180809681688376","0.08456304706744294","12.359885270913928","-1","1.0","1.0","1.0"
"CURVE 1","0.08365492444897188","26.739025755887223","19.768611123692164","0.0718913557517588","0.08451500736065765","12.327578573062478","-1","1.0","1.0","1.0"
"CURVE 1","0.08365492444897188","26.739025755887223","19.768611123692164","0.07197469468140485","0.08446705305754247","12.294569264002954","-1","1.0","1.0","1.0"
"CURVE 1","0.08365492444897188","26.739025755887223","19.768611123692164","0.0720581146733678","0.08441918330406074","12.26086314472918","-1","1.0","1.0","1.0"
"CURVE 1","0.08365492444897188","26.739025755887223","19.768611123692164","0.07214161679519351","0.08437139724617573","12.226466116190647","-1","1.0","1.0","1.0"
"CURVE 1","0.08365492444897188","26.739025755887223","19.768611123692164","0.07222520211442787","0.08432369402985074","12.191384232332627","-1","1.0","1.0","1.0"
"CURVE 1","0.08365492444897188","26.739025755887223","19.768611123692164","0.07230887169861676","0.08427607280104907","12.15562366571762","-1","1.0","1.0","1.0"
"CURVE 1","0.08365492444897188","26.739025755887223","19.768611123692164","0.07239262661530604","0.08422853270573401","12.119190737307399","-1","1.0","1.0","1.0"
"CURVE 1","0.08365492444897188","26.739025755887223","19.768611123692164","0.0724764679320416","0.08418107288986888","12.08209186918013","-1","1.0","1.0","1.0"
"CURVE 1","0.08365492444897188","26.739025755887223","19.768611123692164","0.07256039671636932","0.08413369249941696","12.044333599686551","-1","1.0","1.0","1.0"
"CURVE 1","0.08365492444897188","26.739025755887223","19.768611123692164","0.07264441403583508","0.08408639068034157","12.005922607680986","-1","1.0","1.0","1.0"
"CURVE 1","0.08365492444897188","26.739025755887223","19.768611123692164","0.07272852095798472","0.08403916657860597","11.966865692483688","-1","1.0","1.0","1.0"
"CURVE 1","0.08365492444897188","26.739025755887223","19.768611123692164","0.07281271855036418","0.0839920193401735","11.927169736264428","-1","0.0","0.0","0.0"
"CURVE 1","0.08365492444897188","26.739025755887223","19.768611123692164","0.07289700788051928","0.08394494811100744","11.886841756225094","-1","0.0","0.0","0.0"
"CURVE 1","0.08365492444897188","26.739025755887223","19.768611123692164","0.07298139001599592","0.08389795203707111","11.845888875799295","-1","0.0","0.0","0.0"
"CURVE 1","0.08365492444897188","26.739025755887223","19.768611123692164","0.07306586602433998","0.08385103026432776","11.804318312755514","-1","0.0","0.0","0.0"
"CURVE 1","0.08365492444897188","26.739025755887223","19.768611123692164","0.07315043697309731","0.08380418193874073","11.76213739633615","-1","0.0","0.0","0.0"
"CURVE 1","0.08365492444897188","26.739025755887223","19.768611123692164","0.07323510392981383","0.08375740620627332","11.719353567378336","-1","0.0","0.0","0.0"
"CURVE 1","0.08365492444897188","26.739025755887223","19.768611123692164","0.07331986796203539","0.0837107022128888","11.675974338117292","-1","0.0","0.0","0.0"
"CURVE 1","0.08365492444897188","26.739025755887223","19.768611123692164","0.07340473013730785","0.0836640691045505","11.632007337937317","-1","0.0","0.0","0.0"
"CURVE 1","0.08365492444897188","26.739025755887223","19.768611123692164","0.07348969152317712","0.08361750602722166","11.587460279434348","-1","0.0","0.0","0.0"
"CURVE 1","0.08365492444897188","26.739025755887223","19.768611123692164","0.07357475318718906","0.08357101212686567","11.542340943024525","-1","0.0","0.0","0.0"
"CURVE 1","0.08365492444897188","26.739025755887223","19.768611123692164","0.07365991619688955","0.08352458654944576","11.496657239760905","-1","0.0","0.0","0.0"
"CURVE 1","0.08365492444897188","26.739025755887223","19.768611123692164","0.07374518161982448","0.08347822844092526","11.45041713068274","-1","0.0","0.0","0.0"
"CURVE 1","0.08365492444897188","26.739025755887223","19.768611123692164","0.0738305505235397","0.08343193694726744","11.403628669719204","-1","0.0","0.0","0.0"
"CURVE 1","0.08365492444897188","26.739025755887223","19.768611123692164","0.0739160239755811","0.08338571121443562","11.356299975623147","-1","0.0","0.0","0.0"
"CURVE 1","0.08365492444897188","26.739025755887223","19.768611123692164","0.07400160304349455","0.0833395503883931","11.308439261135943","-1","0.0","0.0","0.0"
"CURVE 1","0.08365492444897188","26.739025755887223","19.768611123692164","0.07408728879482596","0.08329345361510318","11.260054774061182","-1","0.0","0.0","0.0"
"CURVE 1","0.08365492444897188","26.739025755887223","19.768611123692164","0.07417308229712115","0.08324742004052914","11.211154877694806","-1","0.0","0.0","0.0"
"CURVE 1","0.08365492444897188","26.739025755887223","19.768611123692164","0.07425898461792602","0.08320144881063431","11.161747972780871","-1","0.0","0.0","0.0"
"CURVE 1","0.08365492444897188","26.739025755887223","19.768611123692164","0.07434499682478646","0.08315553907138196","11.111842524249651","-1","0.0","0.0","0.0"
"CURVE 1","0.08365492444897188","26.739025755887223","19.768611123692164","0.07443111998524833","0.08310968996873541","11.061447048271223","-1","0.0","0.0","0.0"
"CURVE 1","0.08365492444897188","26.739025755887223","19.768611123692164","0.07451735516685754","0.08306390064865793","11.010570143508785","-1","0.0","0.0","0.0"
"CURVE 1","0.08365492444897188","26.739025755887223","19.768611123692164","0.07460370343715993","0.08301817025711285","10.95922043186681","-1","0.0","0.0","0.0"
"CURVE 1","0.08365492444897188","26.739025755887223","19.768611123692164","0.07469016586370138","0.08297249794006345","10.907406594968336","-1","0.0","0.0","0.0"
"CURVE 1","0.08365492444897188","26.739025755887223","19.768611123692164","0.07477674351402777","0.08292688284347303","10.855137396846233","-1","0.0","0.0","0.0"
"CURVE 1","0.08365492444897188","26.739025755887223","19.768611123692164","0.074863437455685","0.08288132411330493","10.80242158336712","-1","0.0","0.0","0.0"
"CURVE 1","0.08365492444897188","26.739025755887223","19.768611123692164","0.07495024875621892","0.08283582089552238","10.74926797430231","-1","0.0","0.0","0.0"
"CURVE 1","0.08365492444897188","26.739025755887223","19.768611123692164","0.0750371800726326","0.08279037482702908","12.528776830756907","-1","0.0","0.0","0.0"
"CURVE 1","0.08365492444897188","26.739025755887223","19.768611123692164","0.07512424041975792","0.08274499750849025","14.299263535826963","-1","0.0","0.0","0.0"
"CURVE 1","0.08365492444897188","26.739025755887223","19.768611123692164","0.07521144040188386","0.08269970303151142","16.060244617221414","-1","0.0","0.0","0.0"
"CURVE 1","0.08365492444897188","26.739025755887223","19.768611123692164","0.07529879062329953","0.08265450548769822","17.811223750775845","-1","0.0","0.0","0.0"
"CURVE 1","0.08365492444897188","26.739025755887223","19.768611123692164","0.07538630168829391","0.08260941896865616","19.551690018686788","-1","0.0","0.0","0.0"
"CURVE 1","0.08365492444897188","26.739025755887223","19.768611123692164","0.0754739842011561","0.08256445756599083","21.28111618244422","-1","0.0","0.0","0.0"
"CURVE 1","0.08365492444897188","26.739025755887223","19.768611123692164","0.07556184876617508","0.08251963537130781","22.9989571273682","-1","0.0","0.0","0.0"
"CURVE 1","0.08365492444897188","26.739025755887223","19.768611123692164","0.07564990598763993","0.08247496647621268","24.70464842864821","-1","0.0","0.0","0.0"
"CURVE 1","0.08365492444897188","26.739025755887223","19.768611123692164","0.07573816646983968","0.08243046497231098","26.397604976762924","-1","0.0","0.0","0.0"
"CURVE 1","0.08365492444897188","26.739025755887223","19.768611123692164","0.07582664081706336","0.08238614495120831","28.07721980556227","-1","0.0","0.0","0.0"
"CURVE 1","0.08365492444897188","26.739025755887223","19.768611123692164","0.07591533963360003","0.08234202050451023","29.742863043133042","-1","0.0","0.0","0.0"
"CURVE 1","0.08365492444897188","26.739025755887223","19.768611123692164","0.07600427352373873","0.08229810572382229","31.393880955692165","-1","0.0","0.0","0.0"
"CURVE 1","0.08365492444897188","26.739025755887223","19.768611123692164","0.07609345309176849","0.0822544147007501","33.029595239699134","-1","0.0","0.0","0.0"
"CURVE 1","0.08365492444897188","26.739025755887223","19.768611123692164","0.07618288894197835","0.0822109615268992","34.649302387005854","-1","0.0","0.0","0.0"
"CURVE 1","0.08365492444897188","26.739025755887223","19.768611123692164","0.07627259167865734","0.08216776029387518","36.25227329450431","-1","0.0","0.0","0.0"
"CURVE 1","0.08365492444897188","26.739025755887223","19.768611123692164","0.07636257190609454","0.08212482509328357","37.83775298800332","-1","0.0","0.0","0.0"
"CURVE 1","0.08365492444897188","26.739025755887223","19.768611123692164","0.07645284022857894","0.08208217001673","39.4049606060968","-1","0.0","0.0","0.0"
"CURVE 1","0.08365492444897188","26.739025755887223","19.768611123692164","0.07654340725039961","0.08203980915582001","40.953089472277824","-1","0.0","0.0","0.0"
"CURVE 1","0.08365492444897188","26.739025755887223","19.768611123692164","0.07663428357584559","0.08199775660215919","42.48130751979928","-1","0.0","0.0","0.0"
"CURVE 1","0.08365492444897188","26.739025755887223","19.768611123692164","0.07672547980920592","0.08195602644735307","43.988757761151994","-1","0.0","0.0","0.0"
"CURVE 1","0.08365492444897188","26.739025755887223","19.768611123692164","0.07681700655476963","0.08191463278300726","45.474559071932724","-1","0.0","0.0","0.0"
"CURVE 1","0.08365492444897188","26.739025755887223","19.768611123692164","0.07690887441682577","0.0818735897007273","46.93780721908546","-1","0.0","0.0","0.0"
"CURVE 1","0.08365492444897188","26.739025755887223","19.768611123692164","0.07700109399966339","0.0818329112921188","48.377575956972684","-1","0.0","0.0","0.0"
"CURVE 1","0.08365492444897188","26.739025755887223","19.768611123692164","0.0770936759075715","0.0817926116487873","49.79291852855053","-1","0.0","0.0","0.0"
"CURVE 1","0.08365492444897188","26.739025755887223","19.768611123692164","0.0771866307448392","0.08175270486233836","51.182869343520764","-1","0.0","0.0","0.0"
"CURVE 1","0.08365492444897188","26.739025755887223","19.768611123692164","0.07727996911575545","0.08171320502437761","52.5464458233933","-1","0.0","0.0","0.0"
"CURVE 1","0.08365492444897188","26.739025755887223","19.768611123692164","0.07737370162460934","0.08167412622651056","53.88265050804909","-1","0.0","0.0","0.0"
"CURVE 1","0.08365492444897188","26.739025755887223","19.768611123692164","0.0774678388756899","0.08163548256034281","55.1904734414209","-1","0.0","0.0","0.0"
"CURVE 1","0.08365492444897188","26.739025755887223","19.768611123692164","0.07756239147328618","0.0815972881174799","56.46889473913137","-1","0.0","0.0","0.0"
"CURVE 1","0.08365492444897188","26.739025755887223","19.768611123692164","0.07765737002168722","0.08155955698952745","57.71688737490056","-1","0.0","0.0","0.0"
"CURVE 1","0.08365492444897188","26.739025755887223","19.768611123692164","0.07775278512518205","0.08152230326809098","58.93342018200813","-1","0.0","0.0","0.0"
"CURVE 1","0.08365492444897188","26.739025755887223","19.768611123692164","0.0778486473880597","0.08148554104477611","60.11746110122418","-1","0.0","0.0","0.0"
"CURVE 1","0.08365492444897188","26.739025755887223","19.768611123692164","0.07794496741460924","0.08144928441118839","61.26798054944262","-1","0.0","0.0","0.0"
"CURVE 1","0.08365492444897188","26.739025755887223","19.768611123692164","0.07804175580911968","0.08141354745893335","62.38395503860232","-1","0.0","0.0","0.0"
"CURVE 1","0.08365492444897188","26.739025755887223","19.768611123692164","0.0781390231758801","0.08137834427961661","63.4643709450183","-1","0.0","0.0","0.0"
"CURVE 1","0.08365492444897188","26.739025755887223","19.768611123692164","0.0782367801191795","0.08134368896484374","64.50822839703959","-1","0.0","0.0","0.0"
"CURVE 1","0.08365492444897188","26.739025755887223","19.768611123692164","0.07833503724330694","0.08130959560622028","65.51454534138328","-1","0.0","0.0","0.0"
"CURVE 1","0.08365492444897188","26.739025755887223","19.768611123692164","0.07843380515255145","0.08127607829535184","66.48236166624096","-1","0.0","0.0","0.0"
"CURVE 1","0.08365492444897188","26.739025755887223","19.768611123692164","0.07853309445120209","0.08124315112384398","67.4107434959307","-1","0.0","0.0","0.0"
"CURVE 1","0.08365492444897188","26.739025755887223","19.768611123692164","0.0786329157435479","0.08121082818330223","68.29878745628366","-1","0.0","0.0","0.0"
"CURVE 1","0.08365492444897188","26.739025755887223","19.768611123692164","0.0787332796338779","0.08117912356533222","69.14562501552841","-1","0.0","0.0","0.0"
"CURVE 1","0.08365492444897188","26.739025755887223","19.768611123692164","0.07883419672648113","0.08114805136153948","69.95042684179853","-1","0.0","0.0","0.0"
"CURVE 1","0.08365492444897188","26.739025755887223","19.768611123692164","0.07893567762564667","0.08111762566352958","70.71240716898158","-1","0.0","0.0","0.0"
"CURVE 1","0.08365492444897188","26.739025755887223","19.768611123692164","0.07903773293566349","0.08108786056290812","71.43082801499769","-1","0.0","0.0","0.0"
"CURVE 1","0.08365492444897188","26.739025755887223","19.768611123692164","0.0791403732608207","0.08105877015128066","72.10500340796187","-1","0.0","0.0","0.0"
"CURVE 1","0.08365492444897188","26.739025755887223","19.768611123692164","0.0792436092054073","0.08103036852025275","72.73430346053678","-1","0.0","0.0","0.0"
"CURVE 1","0.08365492444897188","26.739025755887223","19.768611123692164","0.07934745137371235","0.08100266976142997","73.31815829317505","-1","0.0","0.0","0.0"
"CURVE 1","0.08365492444897188","26.739025755887223","19.768611123692164","0.07945191037002487","0.08097568796641791","73.85606178389689","-1","0.0","0.0","0.0"
"CURVE 1","0.08365492444897188","26.739025755887223","19.768611123692164","0.07955699679863394","0.08094943722682212","74.34757512313283","-1","0.0","0.0","0.0"
"CURVE 1","0.08365492444897188","26.739025755887223","19.768611123692164","0.07966272126382856","0.08092393163424819","74.79233006207646","-1","0.0","0.0","0.0"
"CURVE 1","0.08365492444897188","26.739025755887223","19.768611123692164","0.0797690943698978","0.08089918528030166","75.19003199183422","-1","0.0","0.0","0.0"
"CURVE 1","0.08365492444897188","26.739025755887223","19.768611123692164","0.07987612672113067","0.08087521225658814","75.54046262485373","-1","0.0","0.0","0.0"
"CURVE 1","0.08365492444897188","26.739025755887223","19.768611123692164","0.07998382892181626","0.0808520266547132","75.84348237822962","-1","0.0","0.0","0.0"
"CURVE 1","0.08365492444897188","26.739025755887223","19.768611123692164","0.08009221157624355","0.08082964256628236","76.09903244716989","-1","0.0","0.0","0.0"
"CURVE 1","0.08365492444897188","26.739025755887223","19.768611123692164","0.08020128528870162","0.08080807408290124","76.30713643840487","-1","0.0","0.0","0.0"
"CURVE 1","0.08365492444897188","26.739025755887223","19.768611123692164","0.08031106066347948","0.08078733529617538","76.46790166350489","-1","0.0","0.0","0.0"
"CURVE 1","0.08365492444897188","26.739025755887223","19.768611123692164","0.08042154830486621","0.08076744029771037","76.58151998899947","-1","0.0","0.0","0.0"
"CURVE 1","0.08365492444897188","26.739025755887223","19.768611123692164","0.08053275881715082","0.08074840317911176","76.64826831829185","-1","0.0","0.0","0.0"
"CURVE 1","0.08365492444897188","26.739025755887223","19.768611123692164","0.08064470280462237","0.08073023803198516","76.66850854221707","-1","0.0","0.0","0.0"
"CURVE 1","0.08365492444897188","26.739025755887223","19.768611123692164","0.08075739087156988","0.0807129589479361","76.64268721974497","-1","0.0","0.0","0.0"
"CURVE 1","0.08365492444897188","26.739025755887223","19.768611123692164","0.08087083362228242","0.08069658001857019","76.57133464884451","-1","0.0","0.0","0.0"
"CURVE 1","0.08365492444897188","26.739025755887223","19.768611123692164","0.080985041661049","0.08068111533549295","76.45506363425332","-1","0.0","0.0","0.0"
"CURVE 1","0.08365492444897188","26.739025755887223","19.768611123692164","0.08110002559215868","0.08066657899030999","76.29456780012507","-1","0.0","0.0","0.0"
"CURVE 1","0.08365492444897188","26.739025755887223","19.768611123692164","0.08121579601990049","0.08065298507462686","76.09061946046822","-1","0.0","0.0","0.0"
"CURVE 1","0.08365492444897188","26.739025755887223","19.768611123692164","0.08133236354856349","0.08064034768004914","75.84406711633129","-1","0.0","0.0","0.0"
"CURVE 1","0.08365492444897188","26.739025755887223","19.768611123692164","0.08144973878243669","0.08062868089818241","75.5558325928353","-1","0.0","0.0","0.0"
"CURVE 1","0.08365492444897188","26.739025755887223","19.768611123692164","0.08156793232580915","0.08061799882063224","75.22690778207931","-1","0.0","0.0","0.0"
"CURVE 1","0.08365492444897188","26.739025755887223","19.768611123692164","0.0816869547829699","0.0806083155390042","74.85835110693438","-1","0.0","0.0","0.0"
"CURVE 1","0.08365492444897188","26.739025755887223","19.768611123692164","0.081806816758208","0.08059964514490384","74.45128359124506","-1","0.0","0.0","0.0"
"CURVE 1","0.08365492444897188","26.739025755887223","19.768611123692164","0.08192752885581249","0.08059200172993673","74.00688478532726","-1","0.0","0.0","0.0"
"CURVE 1","0.08365492444897188","26.739025755887223","19.768611123692164","0.08204910168007237","0.08058539938570845","73.52638831681708","-1","0.0","0.0","0.0"
"CURVE 1","0.08365492444897188","26.739025755887223","19.768611123692164","0.08217154583527674","0.0805798522038246","73.01107731687713","-1","0.0","0.0","0.0"
"CURVE 1","0.08365492444897188","26.739025755887223","19.768611123692164","0.08229487192571461","0.0805753742758907","72.46227966402449","-1","0.0","0.0","0.0"
"CURVE 1","0.08365492444897188","26.739025755887223","19.768611123692164","0.082419090555675","0.08057197969351239","71.88136305566617","-1","0.0","0.0","0.0"
"CURVE 1","0.08365492444897188","26.739025755887223","19.768611123692164","0.08254421232944696","0.08056968254829519","71.26972999043221","-1","0.0","0.0","0.0"
"CURVE 1","0.08365492444897188","26.739025755887223","19.768611123692164","0.08267024785131957","0.08056849693184466","70.62881271174359","-1","0.0","0.0","0.0"
"CURVE 1","0.08365492444897188","26.739025755887223","19.768611123692164","0.08279720772558184","0.08056843693576642","69.96006807822596","-1","0.0","0.0","0.0"
"CURVE 1","0.08365492444897188","26.739025755887223","19.768611123692164","0.0829251025565228","0.08056951665166599","69.26497247293545","-1","0.0","0.0","0.0"
"CURVE 1","0.08365492444897188","26.739025755887223","19.768611123692164","0.08305394294843152","0.08057175017114895","68.54501672223353","-1","0.0","0.0","0.0"
"CURVE 1","0.08365492444897188","26.739025755887223","19.768611123692164","0.083183739505597","0.08057515158582089","67.80170112474806","-1","0.0","0.0","0.0"
"CURVE 1","0.08365492444897188","26.739025755887223","19.768611123692164","0.08331450283230832","0.08057973498728736","67.03653050869785","-1","0.0","0.0","0.0"
"CURVE 1","0.08365492444897188","26.739025755887223","19.768611123692164","0.08344624353285451","0.08058551446715395","66.25100949799034","-1","0.0","0.0","0.0"
"CURVE 1","0.08365492444897188","26.739025755887223","19.768611123692164","0.08357897221152462","0.08059250411702626","65.44663789035619","-1","0.0","0.0","0.0"
"CURVE 1","0.08365492444897188","26.739025755887223","19.768611123692164","0.08371269947260765","0.08060071802850978","64.6249062171627","-1","0.0","0.0","0.0"
"CURVE 1","0.08365492444897188","26.739025755887223","19.768611123692164","0.08384743592039269","0.08061017029321013","63.78729149042052","-1","0.0","0.0","0.0"
"CURVE 1","0.08365492444897188","26.739025755887223","19.768611123692164","0.08398319215916876","0.0806208750027329","62.93525321359773","-1","0.0","0.0","0.0"
"CURVE 1","0.08365492444897188","26.739025755887223","19.768611123692164","0.08411997879322489","0.08063284624868364","62.07022956262322","-1","0.0","0.0","0.0"
"CURVE 1","0.08365492444897188","26.739025755887223","19.768611123692164","0.08425780642685013","0.08064609812266789","61.19363387086618","-1","0.0","0.0","0.0"
"CURVE 1","0.08365492444897188","26.739025755887223","19.768611123692164","0.08439668566433352","0.08066064471629128","60.3068513350509","-1","0.0","0.0","0.0"
"CURVE 1","0.08365492444897188","26.739025755887223","19.768611123692164","0.0845366271099641","0.08067650012115932","59.411235981913656","-1","0.0","0.0","0.0"
"CURVE 1","0.08365492444897188","26.739025755887223","19.768611123692164","0.08467764136803092","0.08069367842887762","58.508107963959674","-1","0.0","0.0","0.0"
"CURVE 1","0.08365492444897188","26.739025755887223","19.768611123692164","0.08481973904282299","0.08071219373105176","57.59875103270279","-1","0.0","0.0","0.0"
"CURVE 1","0.08365492444897188","26.739025755887223","19.768611123692164","0.0849629307386294","0.08073206011928727","56.68441037242656","-1","0.0","0.0","0.0"
"CURVE 1","0.08365492444897188","26.739025755887223","19.768611123692164","0.08510722705973915","0.08075329168518977","55.76629064290616","-1","0.0","0.0","0.0"
"CURVE 1","0.08365492444897188","26.739025755887223","19.768611123692164","0.0852526386104413","0.08077590252036478","54.84555434597694","-1","0.0","0.0","0.0"
"CURVE 1","0.08365492444897188","26.739025755887223","19.768611123692164","0.08539917599502488","0.0807999067164179","53.923320398514086","-1","0.0","0.0","0.0"
"CURVE 1","0.08365492444897188","26.739025755887223","19.768611123692164","0.08554684981777894","0.08082531836495468","53.00066299236267","-1","0.0","0.0","0.0"
"CURVE 1","0.08365492444897188","26.739025755887223","19.768611123692164","0.0856956706829925","0.08085215155758074","52.07861070476028","-1","0.0","0.0","0.0"
"CURVE 1","0.08365492444897188","26.739025755887223","19.768611123692164","0.08584564919495463","0.0808804203859016","51.15814582101759","-1","0.0","0.0","0.0"
"CURVE 1","0.08365492444897188","26.739025755887223","19.768611123692164","0.08599679595795437","0.08091013894152285","50.24020390476466","-1","0.0","0.0","0.0"
"CURVE 1","0.08365492444897188","26.739025755887223","19.768611123692164","0.08614912157628074","0.08094132131605006","49.325673566932124","-1","0.0","0.0","0.0"
"CURVE 1","0.08365492444897188","26.739025755887223","19.768611123692164","0.08630263665422276","0.08097398160108878","48.415396456217486","-1","0.0","0.0","0.0"
"CURVE 1","0.08365492444897188","26.739025755887223","19.768611123692164","0.08645735179606953","0.08100813388824461","47.51016738762526","-1","0.0","0.0","0.0"
"CURVE 1","0.08365492444897188","26.739025755887223","19.768611123692164","0.08661327760611008","0.08104379226912313","46.61073472843751","-1","0.0","0.0","0.0"
"CURVE 1","0.08365492444897188","26.739025755887223","19.768611123692164","0.0867704246886334","0.08108097083532989","45.71780084990905","-1","0.0","0.0","0.0"
"CURVE 1","0.08365492444897188","26.739025755887223","19.768611123692164","0.08692880364792856","0.08111968367847044","44.83202281033419","-1","0.0","0.0","0.0"
"CURVE 1","0.08365492444897188","26.739025755887223","19.768611123692164","0.08708842508828463","0.08115994489015038","43.95401310330062","-1","0.0","0.0","0.0"
"CURVE 1","0.08365492444897188","26.739025755887223","19.768611123692164","0.08724929961399058","0.0812017685619753","43.08434057737496","-1","0.0","0.0","0.0"
"CURVE 1","0.08365492444897188","26.739025755887223","19.768611123692164","0.08741143782933553","0.0812451687855507","42.22353142712427","-1","0.0","0.0","0.0"
"CURVE 1","0.08365492444897188","26.739025755887223","19.768611123692164","0.08757485033860846","0.08129015965248224","41.372070286229686","-1","0.0","0.0","0.0"
"CURVE 1","0.08365492444897188","26.739025755887223","19.768611123692164","0.08773954774609845","0.0813367552543754","40.530401432328624","-1","0.0","0.0","0.0"
"CURVE 1","0.08365492444897188","26.739025755887223","19.768611123692164","0.08790554065609452","0.08138496968283582","39.69893000188621","-1","0.0","0.0","0.0"
"CURVE 1","0.08365492444897188","26.739025755887223","19.768611123692164","0.08807283967288569","0.08143481702946903","38.87802331541277","-1","0.0","0.0","0.0"
"CURVE 1","0.08365492444897188","26.739025755887223","19.768611123692164","0.08824145540076106","0.08148631138588064","38.0680122159361","-1","0.0","0.0","0.0"
"CURVE 1","0.08365492444897188","26.739025755887223","19.768611123692164","0.08841139844400964","0.0815394668436762","37.26919247526536","-1","0.0","0.0","0.0"
"CURVE 1","0.08365492444897188","26.739025755887223","19.768611123692164","0.08858267940692045","0.08159429749446127","36.48182619382989","-1","0.0","0.0","0.0"
"CURVE 1","0.08365492444897188","26.739025755887223","19.768611123692164","0.08875530889378255","0.08165081742984144","35.70614323648561","-1","0.0","0.0","0.0"
"CURVE 1","0.08365492444897188","26.739025755887223","19.768611123692164","0.08892929750888501","0.08170904074142228","34.94234268335324","-1","0.0","0.0","0.0"
"CURVE 1","0.08365492444897188","26.739025755887223","19.768611123692164","0.0891046558565168","0.08176898152080934","34.19059427271932","-1","0.0","0.0","0.0"
"CURVE 1","0.08365492444897188","26.739025755887223","19.768611123692164","0.08928139454096704","0.08183065385960822","33.45103983744469","-1","0.0","0.0","0.0"
"CURVE 1","0.08365492444897188","26.739025755887223","19.768611123692164","0.08945952416652471","0.08189407184942445","32.723794750364505","-1","0.0","0.0","0.0"
"CURVE 1","0.08365492444897188","26.739025755887223","19.768611123692164","0.08963905533747887","0.08195924958186365","32.008949325363886","-1","0.0","0.0","0.0"
"CURVE 1","0.08365492444897188","26.739025755887223","19.768611123692164","0.08981999865811856","0.08202620114853135","31.3065702162146","-1","0.0","0.0","0.0"
"CURVE 1","0.08365492444897188","26.739025755887223","19.768611123692164","0.09000236473273282","0.08209494064103312","30.616701796685497","-1","0.0","0.0","0.0"
"CURVE 1","0.08365492444897188","26.739025755887223","19.768611123692164","0.09018616416561068","0.08216548215097455","29.93936747654544","-1","0.0","0.0","0.0"
"CURVE 1","0.08365492444897188","26.739025755887223","19.768611123692164","0.09037140756104123","0.08223783976996123","29.27457102633181","-1","0.0","0.0","0.0"
"CURVE 1","0.08365492444897188","26.739025755887223","19.768611123692164","0.09055810552331346","0.08231202758959871","28.622297848611623","-1","0.0","0.0","0.0"
