"Curve Name","Curve Length (um)","Average Curvature (um-1)","Curvature Std (um-1)","X-Coordinate (um)","Y-Coordinate (um)","Point Curvature (um-1)","Point Curvature Sign","Red Intensity","Green Intensity","Blue Intensity"
"CURVE 1","0.08488905228254004","30.03984127346161","29.552344203878867","0.0208955223880597","0.11552238805970148","80.86471023327238","1","0.0","0.0","0.0"
"CURVE 1","0.08488905228254004","30.03984127346161","29.552344203878867","0.020966846314235704","0.1157301224642132","83.61347861336857","1","0.0","0.0","0.0"
"CURVE 1","0.08488905228254004","30.03984127346161","29.552344203878867","0.02104087184317669","0.11593357095670938","86.39558064267658","1","0.0","0.0","0.0"
"CURVE 1","0.08488905228254004","30.03984127346161","29.552344203878867","0.02111756766020362","0.11613276563473603","89.20367552215215","1","0.0","0.0","0.0"
"CURVE 1","0.08488905228254004","30.03984127346161","29.552344203878867","0.021196902450637437","0.11632773859583917","92.02961459109964","1","0.0","0.0","0.0"
"CURVE 1","0.08488905228254004","30.03984127346161","29.552344203878867","0.021278844899799098","0.11651852193756483","94.8644446517209","1","0.0","0.0","0.0"
"CURVE 1","0.08488905228254004","30.03984127346161","29.552344203878867","0.02136336369300956","0.11670514775745904","97.69842454701963","1","0.0","0.0","0.0"
"CURVE 1","0.08488905228254004","30.03984127346161","29.552344203878867","0.021450427515589773","0.1168876481530678","100.52105650473872","1","0.0","0.0","0.0"
"CURVE 1","0.08488905228254004","30.03984127346161","29.552344203878867","0.021540005052860692","0.11706605522193719","103.32113350883346","1","0.0","0.0","0.0"
"CURVE 1","0.08488905228254004","30.03984127346161","29.552344203878867","0.02163206499014328","0.11724040106161317","106.08680369616852","1","0.0","0.0","0.0"
"CURVE 1","0.08488905228254004","30.03984127346161","29.552344203878867","0.021726576012758472","0.11741071776964179","108.80565238880297","1","0.0","0.0","0.0"
"CURVE 1","0.08488905228254004","30.03984127346161","29.552344203878867","0.021823506806027234","0.11757703744356905","111.46480192643568","1","0.0","0.0","0.0"
"CURVE 1","0.08488905228254004","30.03984127346161","29.552344203878867","0.02192282605527052","0.117739392180941","114.05102891137511","1","0.0","0.0","0.0"
"CURVE 1","0.08488905228254004","30.03984127346161","29.552344203878867","0.022024502445809283","0.11789781407930365","116.5508978803402","1","0.0","0.0","0.0"
"CURVE 1","0.08488905228254004","30.03984127346161","29.552344203878867","0.022128504662964472","0.11805233523620302","118.95090982789881","1","0.0","0.0","0.0"
"CURVE 1","0.08488905228254004","30.03984127346161","29.552344203878867","0.02223480139205705","0.11820298774918514","121.23766327441143","1","0.0","0.0","0.0"
"CURVE 1","0.08488905228254004","30.03984127346161","29.552344203878867","0.02234336131840796","0.11834980371579602","123.39802499879438","1","0.0","0.0","0.0"
"CURVE 1","0.08488905228254004","30.03984127346161","29.552344203878867","0.02245415312733816","0.11849281523358168","125.41930696767461","1","0.0","0.0","0.0"
"CURVE 1","0.08488905228254004","30.03984127346161","29.552344203878867","0.022567145504168606","0.11863205440008817","127.28944544816534","1","0.0","0.0","0.0"
"CURVE 1","0.08488905228254004","30.03984127346161","29.552344203878867","0.022682307134220252","0.11876755331286148","128.99717796333755","1","0.0","0.0","0.0"
"CURVE 1","0.08488905228254004","30.03984127346161","29.552344203878867","0.022799606702814054","0.11889934406944767","130.53221353947785","1","0.0","0.0","0.0"
"CURVE 1","0.08488905228254004","30.03984127346161","29.552344203878867","0.02291901289527096","0.11902745876739272","131.88539155773148","1","0.0","0.0","0.0"
"CURVE 1","0.08488905228254004","30.03984127346161","29.552344203878867","0.023040494396911925","0.11915192950424269","133.04882481202998","1","0.0","0.0","0.0"
"CURVE 1","0.08488905228254004","30.03984127346161","29.552344203878867","0.023164019893057906","0.11927278837754358","134.0160225678334","1","0.0","0.0","0.0"
"CURVE 1","0.08488905228254004","30.03984127346161","29.552344203878867","0.023289558069029853","0.1193900674848414","134.78199008230888","1","0.0","0.0","0.0"
"CURVE 1","0.08488905228254004","30.03984127346161","29.552344203878867","0.02341707761014872","0.11950379892368221","135.34330163185655","1","0.0","0.0","0.0"
"CURVE 1","0.08488905228254004","30.03984127346161","29.552344203878867","0.023546547201735466","0.119614014791612","135.69814502498625","1","0.0","0.0","0.0"
"CURVE 1","0.08488905228254004","30.03984127346161","29.552344203878867","0.02367793552911104","0.11972074718617683","135.84633645860868","1","0.0","0.0","0.0"
"CURVE 1","0.08488905228254004","30.03984127346161","29.552344203878867","0.023811211277596393","0.11982402820492266","135.78930553143323","1","0.0","0.0","0.0"
"CURVE 1","0.08488905228254004","30.03984127346161","29.552344203878867","0.023946343132512486","0.11992388994539556","135.53005126983513","1","0.0","0.0","0.0"
"CURVE 1","0.08488905228254004","30.03984127346161","29.552344203878867","0.024083299779180268","0.12002036450514153","135.07307091502162","1","0.0","0.0","0.0"
"CURVE 1","0.08488905228254004","30.03984127346161","29.552344203878867","0.0242220499029207","0.12011348398170661","134.42426401064242","1","0.0","0.0","0.0"
"CURVE 1","0.08488905228254004","30.03984127346161","29.552344203878867","0.024362562189054724","0.12020328047263681","133.59081507599177","1","0.0","0.0","0.0"
"CURVE 1","0.08488905228254004","30.03984127346161","29.552344203878867","0.024504805322903302","0.12028978607547815","132.5810586324313","1","0.0","0.0","0.0"
"CURVE 1","0.08488905228254004","30.03984127346161","29.552344203878867","0.02464874798978739","0.12037303288777668","131.40433073196883","1","0.0","0.0","0.0"
"CURVE 1","0.08488905228254004","30.03984127346161","29.552344203878867","0.02479435887502793","0.1204530530070784","130.0708112672012","1","0.0","0.0","0.0"
"CURVE 1","0.08488905228254004","30.03984127346161","29.552344203878867","0.02494160666394589","0.12052987853092932","128.59136132057557","1","0.0","0.0","0.0"
"CURVE 1","0.08488905228254004","30.03984127346161","29.552344203878867","0.02509046004186222","0.12060354155687548","126.97735970058119","1","0.0","0.0","0.0"
"CURVE 1","0.08488905228254004","30.03984127346161","29.552344203878867","0.025240887694097866","0.12067407418246291","125.24054235282392","1","0.0","0.0","0.0"
"CURVE 1","0.08488905228254004","30.03984127346161","29.552344203878867","0.02539285830597379","0.12074150850523763","123.39284807746637","1","0.0","0.0","0.0"
"CURVE 1","0.08488905228254004","30.03984127346161","29.552344203878867","0.02554634056281094","0.12080587662274563","121.44627333302893","1","0.0","0.0","0.0"
"CURVE 1","0.08488905228254004","30.03984127346161","29.552344203878867","0.025701303149930275","0.12086721063253299","119.4127384329491","1","0.0","0.0","0.0"
"CURVE 1","0.08488905228254004","30.03984127346161","29.552344203878867","0.025857714752652746","0.12092554263214567","117.30396686106967","1","0.0","0.0","0.0"
"CURVE 1","0.08488905228254004","30.03984127346161","29.552344203878867","0.02601554405629931","0.12098090471912971","115.13137883669596","1","0.0","0.0","0.0"
"CURVE 1","0.08488905228254004","30.03984127346161","29.552344203878867","0.026174759746190917","0.12103332899103116","112.90599977980067","1","0.0","0.0","0.0"
"CURVE 1","0.08488905228254004","30.03984127346161","29.552344203878867","0.02633533050764852","0.12108284754539603","110.63838387385414","1","0.0","0.0","0.0"
"CURVE 1","0.08488905228254004","30.03984127346161","29.552344203878867","0.026497225025993075","0.12112949247977033","108.33855235639759","1","0.0","0.0","0.0"
"CURVE 1","0.08488905228254004","30.03984127346161","29.552344203878867","0.02666041198654554","0.12117329589170009","106.01594609774115","1","0.0","0.0","0.0"
"CURVE 1","0.08488905228254004","30.03984127346161","29.552344203878867","0.026824860074626863","0.12121428987873134","103.67939145404699","1","0.0","0.0","0.0"
"CURVE 1","0.08488905228254004","30.03984127346161","29.552344203878867","0.026990537975557997","0.12125250653841008","101.33707839373149","1","0.0","0.0","0.0"
"CURVE 1","0.08488905228254004","30.03984127346161","29.552344203878867","0.0271574143746599","0.12128797796828236","98.99654969315031","1","0.0","0.0","0.0"
"CURVE 1","0.08488905228254004","30.03984127346161","29.552344203878867","0.027325457957253527","0.1213207362658942","96.66469985296507","1","0.0","0.0","0.0"
"CURVE 1","0.08488905228254004","30.03984127346161","29.552344203878867","0.027494637408659827","0.12135081352879158","94.34778247348254","1","0.0","0.0","0.0"
"CURVE 1","0.08488905228254004","30.03984127346161","29.552344203878867","0.027664921414199753","0.12137824185452056","92.05142473295209","1","0.0","0.0","0.0"
"CURVE 1","0.08488905228254004","30.03984127346161","29.552344203878867","0.027836278659194264","0.12140305334062718","89.78064776638158","1","0.0","0.0","0.0"
"CURVE 1","0.08488905228254004","30.03984127346161","29.552344203878867","0.02800867782896431","0.12142528008465742","87.53989171221885","1","0.0","0.0","0.0"
"CURVE 1","0.08488905228254004","30.03984127346161","29.552344203878867","0.028182087608830845","0.12144495418415732","85.33304437817148","1","0.0","0.0","0.0"
"CURVE 1","0.08488905228254004","30.03984127346161","29.552344203878867","0.028356476684114826","0.12146210773667292","83.16347250555377","1","0.0","0.0","0.0"
"CURVE 1","0.08488905228254004","30.03984127346161","29.552344203878867","0.028531813740137208","0.12147677283975021","81.03405479897775","1","0.0","0.0","0.0"
"CURVE 1","0.08488905228254004","30.03984127346161","29.552344203878867","0.028708067462218937","0.12148898159093524","78.94721593592399","1","0.0","0.0","0.0"
"CURVE 1","0.08488905228254004","30.03984127346161","29.552344203878867","0.028885206535680972","0.12149876608777402","76.90496091529874","1","0.0","0.0","0.0"
"CURVE 1","0.08488905228254004","30.03984127346161","29.552344203878867","0.029063199645844265","0.12150615842781255","74.9089091682514","1","0.0","0.0","0.0"
"CURVE 1","0.08488905228254004","30.03984127346161","29.552344203878867","0.02924201547802977","0.12151119070859691","72.96032807279207","1","0.0","0.0","0.0"
"CURVE 1","0.08488905228254004","30.03984127346161","29.552344203878867","0.029421622717558445","0.12151389502767306","71.06016538407752","1","0.0","0.0","0.0"
"CURVE 1","0.08488905228254004","30.03984127346161","29.552344203878867","0.02960199004975124","0.12151430348258706","69.20908042942922","1","0.0","0.0","0.0"
"CURVE 1","0.08488905228254004","30.03984127346161","29.552344203878867","0.02978308615992911","0.12151244817088491","67.40747376922923","1","0.0","0.0","0.0"
"CURVE 1","0.08488905228254004","30.03984127346161","29.552344203878867","0.029964879733413007","0.12150836119011267","65.65551521950597","1","0.0","0.0","0.0"
"CURVE 1","0.08488905228254004","30.03984127346161","29.552344203878867","0.03014733945552389","0.12150207463781633","63.953170160240184","1","0.0","0.0","0.0"
"CURVE 1","0.08488905228254004","30.03984127346161","29.552344203878867","0.030330434011582707","0.1214936206115419","62.3002240191026","1","0.0","0.0","0.0"
"CURVE 1","0.08488905228254004","30.03984127346161","29.552344203878867","0.030514132086910416","0.12148303120883543","60.69630499477161","1","0.0","0.0","0.0"
"CURVE 1","0.08488905228254004","30.03984127346161","29.552344203878867","0.030698402366827963","0.12147033852724293","59.14090498062744","1","0.0","0.0","0.0"
"CURVE 1","0.08488905228254004","30.03984127346161","29.552344203878867","0.030883213536656313","0.12145557466431044","57.63339875494991","1","0.0","0.0","0.0"
"CURVE 1","0.08488905228254004","30.03984127346161","29.552344203878867","0.031068534281716412","0.12143877171758395","56.17306150496494","1","0.0","0.0","0.0"
"CURVE 1","0.08488905228254004","30.03984127346161","29.552344203878867","0.03125433328732922","0.12141996178460951","54.759084722113435","1","0.0","0.0","0.0"
"CURVE 1","0.08488905228254004","30.03984127346161","29.552344203878867","0.031440579238815686","0.12139917696293313","53.390590618583126","1","0.0","0.0","0.0"
"CURVE 1","0.08488905228254004","30.03984127346161","29.552344203878867","0.03162724082149676","0.12137644935010083","52.066645060268925","1","0.0","0.0","0.0"
"CURVE 1","0.08488905228254004","30.03984127346161","29.552344203878867","0.031814286720693405","0.12135181104365865","50.78626920229166","1","0.0","0.0","0.0"
"CURVE 1","0.08488905228254004","30.03984127346161","29.552344203878867","0.03200168562172657","0.1213252941411526","49.548449874388176","1","0.0","0.0","0.0"
"CURVE 1","0.08488905228254004","30.03984127346161","29.552344203878867","0.03218940620991721","0.12129693074012869","48.352148794786984","1","0.0","0.0","0.0"
"CURVE 1","0.08488905228254004","30.03984127346161","29.552344203878867","0.03237741717058627","0.12126675293813295","47.196310746802375","1","0.0","0.0","0.0"
"CURVE 1","0.08488905228254004","30.03984127346161","29.552344203878867","0.03256568718905472","0.12123479283271144","46.079870790627595","1","0.0","0.0","0.0"
"CURVE 1","0.08488905228254004","30.03984127346161","29.552344203878867","0.03275418495064351","0.12120108252141013","45.00176055536481","1","0.0","0.0","0.0"
"CURVE 1","0.08488905228254004","30.03984127346161","29.552344203878867","0.032942879140673585","0.12116565410177506","43.96091377631951","1","0.0","0.0","0.0"
"CURVE 1","0.08488905228254004","30.03984127346161","29.552344203878867","0.033131738444465895","0.12112853967135226","42.95627108606995","1","0.0","0.0","0.0"
"CURVE 1","0.08488905228254004","30.03984127346161","29.552344203878867","0.03332073154734141","0.12108977132768775","41.986784123902865","1","0.0","0.0","0.0"
"CURVE 1","0.08488905228254004","30.03984127346161","29.552344203878867","0.03350982713462108","0.12104938116832753","41.05141911762884","1","0.0","0.0","0.0"
"CURVE 1","0.08488905228254004","30.03984127346161","29.552344203878867","0.033698993891625846","0.12100740129081766","40.14915987242401","1","0.0","0.0","0.0"
"CURVE 1","0.08488905228254004","30.03984127346161","29.552344203878867","0.03388820050367668","0.12096386379270412","39.27901034750421","1","0.0","0.0","0.0"
"CURVE 1","0.08488905228254004","30.03984127346161","29.552344203878867","0.03407741565609452","0.12091880077153296","38.43999678323097","1","0.0","0.0","0.0"
"CURVE 1","0.08488905228254004","30.03984127346161","29.552344203878867","0.034266608034200334","0.1208722443248502","37.63116945816512","1","0.0","0.0","0.0"
"CURVE 1","0.08488905228254004","30.03984127346161","29.552344203878867","0.03445574632331506","0.12082422655020188","36.851604162648044","1","0.0","0.0","0.0"
"CURVE 1","0.08488905228254004","30.03984127346161","29.552344203878867","0.03464479920875965","0.12077477954513398","36.10040332344811","1","0.0","0.0","0.0"
"CURVE 1","0.08488905228254004","30.03984127346161","29.552344203878867","0.03483373537585509","0.12072393540719256","35.37669694070415","1","0.0","0.0","0.0"
"CURVE 1","0.08488905228254004","30.03984127346161","29.552344203878867","0.03502252350992231","0.12067172623392361","34.67964328093397","1","0.0","0.0","0.0"
"CURVE 1","0.08488905228254004","30.03984127346161","29.552344203878867","0.03521113229628226","0.12061818412287317","34.008429385014786","1","0.0","0.0","0.0"
"CURVE 1","0.08488905228254004","30.03984127346161","29.552344203878867","0.035399530420255884","0.12056334117158729","33.36227142294797","1","0.0","0.0","0.0"
"CURVE 1","0.08488905228254004","30.03984127346161","29.552344203878867","0.03558768656716417","0.12050722947761193","32.74041491690111","1","0.0","0.0","0.0"
"CURVE 1","0.08488905228254004","30.03984127346161","29.552344203878867","0.03577556942232804","0.12044988113849317","32.14213485341312","1","0.0","0.0","0.0"
"CURVE 1","0.08488905228254004","30.03984127346161","29.552344203878867","0.03596314767106847","0.120391328251777","31.566735692555298","1","0.0","0.0","0.0"
"CURVE 1","0.08488905228254004","30.03984127346161","29.552344203878867","0.03615038999870641","0.12033160291500945","31.01355131755626","1","0.0","0.0","0.0"
"CURVE 1","0.08488905228254004","30.03984127346161","29.552344203878867","0.0363372650905628","0.12027073722573656","30.48194491908231","1","0.0","0.0","0.0"
"CURVE 1","0.08488905228254004","30.03984127346161","29.552344203878867","0.0365237416319586","0.1202087632815043","29.97130883090113","1","0.0","0.0","0.0"
"CURVE 1","0.08488905228254004","30.03984127346161","29.552344203878867","0.03670978830821478","0.12014571317985875","29.48106434549023","1","0.0","0.0","0.0"
"CURVE 1","0.08488905228254004","30.03984127346161","29.552344203878867","0.03689537380465227","0.12008161901834592","29.01066151013608","1","0.0","0.0","0.0"
"CURVE 1","0.08488905228254004","30.03984127346161","29.552344203878867","0.037080466806592036","0.1200165128945118","28.559578906611357","1","0.0","0.0","0.0"
"CURVE 1","0.08488905228254004","30.03984127346161","29.552344203878867","0.03726503599935503","0.11995042690590246","28.127323443392896","1","0.0","0.0","0.0"
"CURVE 1","0.08488905228254004","30.03984127346161","29.552344203878867","0.037449050068262206","0.11988339315006388","27.713430151761017","1","0.0","0.0","0.0"
"CURVE 1","0.08488905228254004","30.03984127346161","29.552344203878867","0.037632477698634516","0.11981544372454211","27.317462015733657","1","0.0","0.0","0.0"
"CURVE 1","0.08488905228254004","30.03984127346161","29.552344203878867","0.03781528757579291","0.11974661072688315","26.9390098187458","1","0.0","0.0","0.0"
"CURVE 1","0.08488905228254004","30.03984127346161","29.552344203878867","0.03799744838505835","0.11967692625463304","26.577692030551063","1","0.0","0.0","0.0"
"CURVE 1","0.08488905228254004","30.03984127346161","29.552344203878867","0.03817892881175179","0.11960642240533781","26.233154746981434","1","0.0","0.0","0.0"
"CURVE 1","0.08488905228254004","30.03984127346161","29.552344203878867","0.03835969754119417","0.11953513127654346","25.905071668462167","1","0.0","0.0","0.0"
"CURVE 1","0.08488905228254004","30.03984127346161","29.552344203878867","0.038539723258706464","0.11946308496579601","25.593144161114218","1","0.0","0.0","0.0"
"CURVE 1","0.08488905228254004","30.03984127346161","29.552344203878867","0.03871897464960961","0.1193903155706415","25.29710135100774","1","0.0","0.0","0.0"
"CURVE 1","0.08488905228254004","30.03984127346161","29.552344203878867","0.03889742039922457","0.11931685518862595","25.016700346193833","1","0.0","0.0","0.0"
"CURVE 1","0.08488905228254004","30.03984127346161","29.552344203878867","0.0390750291928723","0.11924273591729537","24.75172648087143","1","0.0","0.0","0.0"
"CURVE 1","0.08488905228254004","30.03984127346161","29.552344203878867","0.039251769715873755","0.11916798985419581","24.501993708689167","1","0.0","0.0","0.0"
"CURVE 1","0.08488905228254004","30.03984127346161","29.552344203878867","0.03942761065354988","0.11909264909687327","24.267345073111112","1","0.0","0.0","0.0"
"CURVE 1","0.08488905228254004","30.03984127346161","29.552344203878867","0.03960252069122163","0.11901674574287376","24.047653290242632","1","0.0","0.0","0.0"
"CURVE 1","0.08488905228254004","30.03984127346161","29.552344203878867","0.039776468514209955","0.11894031188974333","23.842821465805024","1","0.0","0.0","0.0"
"CURVE 1","0.08488905228254004","30.03984127346161","29.552344203878867","0.03994942280783582","0.11886337963502797","23.652783951217188","1","0.0","0.0","0.0"
"CURVE 1","0.08488905228254004","30.03984127346161","29.552344203878867","0.040121352257420174","0.11878598107627375","23.4775073382667","1","0.0","0.0","0.0"
"CURVE 1","0.08488905228254004","30.03984127346161","29.552344203878867","0.04029222554828397","0.11870814831102663","23.31699163882034","1","0.0","0.0","0.0"
"CURVE 1","0.08488905228254004","30.03984127346161","29.552344203878867","0.04046201136574815","0.11862991343683271","23.171271640138812","1","0.0","0.0","0.0"
"CURVE 1","0.08488905228254004","30.03984127346161","29.552344203878867","0.0406306783951337","0.11855130855123795","23.04041846625958","1","0.0","0.0","0.0"
"CURVE 1","0.08488905228254004","30.03984127346161","29.552344203878867","0.04079819532176155","0.11847236575178838","22.924541367265135","1","0.0","0.0","0.0"
"CURVE 1","0.08488905228254004","30.03984127346161","29.552344203878867","0.04096453083095265","0.11839311713603004","22.823789760404434","1","0.0","0.0","0.0"
"CURVE 1","0.08488905228254004","30.03984127346161","29.552344203878867","0.04112965360802797","0.11831359480150898","22.738355555698035","1","0.0","0.0","0.0"
"CURVE 1","0.08488905228254004","30.03984127346161","29.552344203878867","0.04129353233830845","0.11823383084577115","22.668475791233007","1","0.0","0.0","0.0"
"CURVE 1","0.08488905228254004","30.03984127346161","29.552344203878867","0.041456142563131904","0.11815385271660724","22.816489047959006","1","0.0","0.0","0.0"
"CURVE 1","0.08488905228254004","30.03984127346161","29.552344203878867","0.04161748724790355","0.1180736692627864","22.96178420860173","1","0.0","0.0","0.0"
"CURVE 1","0.08488905228254004","30.03984127346161","29.552344203878867","0.04177757621404543","0.11799328468332243","23.104233715869743","1","0.0","0.0","0.0"
"CURVE 1","0.08488905228254004","30.03984127346161","29.552344203878867","0.041936419282979635","0.11791270317722907","23.243708512126098","1","0.0","0.0","0.0"
"CURVE 1","0.08488905228254004","30.03984127346161","29.552344203878867","0.04209402627612822","0.11783192894352014","23.380078081467197","1","0.0","0.0","0.0"
"CURVE 1","0.08488905228254004","30.03984127346161","29.552344203878867","0.042250407014913234","0.11775096618120942","23.513210547452356","1","0.0","0.0","0.0"
"CURVE 1","0.08488905228254004","30.03984127346161","29.552344203878867","0.04240557132075676","0.11766981908931066","23.6429727261307","1","0.0","0.0","0.0"
"CURVE 1","0.08488905228254004","30.03984127346161","29.552344203878867","0.04255952901508085","0.11758849186683769","23.769230211492744","1","0.0","0.0","0.0"
"CURVE 1","0.08488905228254004","30.03984127346161","29.552344203878867","0.04271228991930758","0.11750698871280425","23.891847442841705","1","0.0","0.0","0.0"
"CURVE 1","0.08488905228254004","30.03984127346161","29.552344203878867","0.04286386385485902","0.11742531382622412","24.010687796818676","1","0.0","0.0","0.0"
"CURVE 1","0.08488905228254004","30.03984127346161","29.552344203878867","0.043014260643157214","0.1173434714061111","24.125613649073955","1","0.0","0.0","0.0"
"CURVE 1","0.08488905228254004","30.03984127346161","29.552344203878867","0.04316349010562424","0.11726146565147895","24.236486485032877","1","0.0","0.0","0.0"
"CURVE 1","0.08488905228254004","30.03984127346161","29.552344203878867","0.04331156206368215","0.11717930076134146","24.34316695951287","1","0.0","0.0","0.0"
"CURVE 1","0.08488905228254004","30.03984127346161","29.552344203878867","0.04345848633875302","0.11709698093471244","24.445514997613856","1","0.0","0.0","0.0"
"CURVE 1","0.08488905228254004","30.03984127346161","29.552344203878867","0.043604272752258914","0.11701451037060562","24.543389888499814","1","0.0","0.0","0.0"
"CURVE 1","0.08488905228254004","30.03984127346161","29.552344203878867","0.04374893112562189","0.11693189326803483","24.63665035693648","1","0.0","0.0","0.0"
"CURVE 1","0.08488905228254004","30.03984127346161","29.552344203878867","0.04389247128026404","0.11684913382601383","24.72515467618311","1","0.0","0.0","0.0"
"CURVE 1","0.08488905228254004","30.03984127346161","29.552344203878867","0.04403490303760738","0.11676623624355639","24.80876075763648","1","0.0","0.0","0.0"
"CURVE 1","0.08488905228254004","30.03984127346161","29.552344203878867","0.04417623621907401","0.1166832047196763","24.887326227225174","1","0.0","0.0","0.0"
"CURVE 1","0.08488905228254004","30.03984127346161","29.552344203878867","0.04431648064608598","0.11660004345338736","24.96070853326738","1","0.0","0.0","0.0"
"CURVE 1","0.08488905228254004","30.03984127346161","29.552344203878867","0.04445564614006536","0.11651675664370334","25.028765053509332","1","0.0","0.0","0.0"
"CURVE 1","0.08488905228254004","30.03984127346161","29.552344203878867","0.04459374252243421","0.11643334848963798","25.091353174022668","1","0.0","0.0","0.0"
"CURVE 1","0.08488905228254004","30.03984127346161","29.552344203878867","0.044730779614614614","0.11634982319020513","25.148330385494067","1","0.0","0.0","0.0"
"CURVE 1","0.08488905228254004","30.03984127346161","29.552344203878867","0.044866767238028606","0.11626618494441854","25.199554394077374","1","0.0","0.0","0.0"
"CURVE 1","0.08488905228254004","30.03984127346161","29.552344203878867","0.04500171521409828","0.11618243795129198","25.24488319990913","1","0.0","0.0","0.0"
"CURVE 1","0.08488905228254004","30.03984127346161","29.552344203878867","0.04513563336424566","0.11609858640983925","25.284175210006538","1","0.0","0.0","0.0"
"CURVE 1","0.08488905228254004","30.03984127346161","29.552344203878867","0.04526853150989285","0.1160146345190741","25.317289320055654","1","0.0","0.0","0.0"
"CURVE 1","0.08488905228254004","30.03984127346161","29.552344203878867","0.04540041947246191","0.11593058647801036","25.344085013175896","1","0.0","0.0","0.0"
"CURVE 1","0.08488905228254004","30.03984127346161","29.552344203878867","0.04553130707337488","0.11584644648566178","25.36442245716747","1","0.0","0.0","0.0"
"CURVE 1","0.08488905228254004","30.03984127346161","29.552344203878867","0.04566120413405385","0.11576221874104212","25.378162602813163","1","0.0","0.0","0.0"
"CURVE 1","0.08488905228254004","30.03984127346161","29.552344203878867","0.04579012047592087","0.1156779074431652","25.38516725078238","1","0.0","0.0","0.0"
"CURVE 1","0.08488905228254004","30.03984127346161","29.552344203878867","0.04591806592039801","0.11559351679104478","25.385299167903096","1","0.0","0.0","0.0"
"CURVE 1","0.08488905228254004","30.03984127346161","29.552344203878867","0.04604505028890733","0.11550905098369466","25.378422163197204","1","0.0","0.0","0.0"
"CURVE 1","0.08488905228254004","30.03984127346161","29.552344203878867","0.04617108340287089","0.1154245142201286","25.364401174574297","1","0.0","0.0","0.0"
"CURVE 1","0.08488905228254004","30.03984127346161","29.552344203878867","0.046296175083710776","0.1153399106993604","25.343102351276457","1","0.0","0.0","0.0"
"CURVE 1","0.08488905228254004","30.03984127346161","29.552344203878867","0.04642033515284903","0.11525524462040385","25.31439315610462","1","0.0","0.0","0.0"
"CURVE 1","0.08488905228254004","30.03984127346161","29.552344203878867","0.04654357343170773","0.1151705201822727","25.278142401389207","1","0.0","0.0","0.0"
"CURVE 1","0.08488905228254004","30.03984127346161","29.552344203878867","0.04666589974170893","0.11508574158398073","25.234220363727932","1","0.0","0.0","0.0"
"CURVE 1","0.08488905228254004","30.03984127346161","29.552344203878867","0.0467873239042747","0.11500091302454177","25.182498854279896","1","0.0","0.0","0.0"
"CURVE 1","0.08488905228254004","30.03984127346161","29.552344203878867","0.04690785574082711","0.11491603870296953","25.122851270374397","1","0.0","0.0","0.0"
"CURVE 1","0.08488905228254004","30.03984127346161","29.552344203878867","0.04702750507278822","0.11483112281827784","25.055152689288086","1","0.0","0.0","0.0"
"CURVE 1","0.08488905228254004","30.03984127346161","29.552344203878867","0.047146281721580086","0.11474616956948049","24.979279915289286","1","0.0","0.0","0.0"
"CURVE 1","0.08488905228254004","30.03984127346161","29.552344203878867","0.04726419550862478","0.11466118315559122","24.89511155205615","1","0.0","0.0","0.0"
"CURVE 1","0.08488905228254004","30.03984127346161","29.552344203878867","0.04738125625534437","0.11457616777562384","24.802528051748297","1","0.0","0.0","0.0"
"CURVE 1","0.08488905228254004","30.03984127346161","29.552344203878867","0.047497473783160916","0.11449112762859211","24.701411787055086","1","0.0","0.0","0.0"
"CURVE 1","0.08488905228254004","30.03984127346161","29.552344203878867","0.04761285791349648","0.11440606691350985","24.591647102268077","1","0.0","0.0","0.0"
"CURVE 1","0.08488905228254004","30.03984127346161","29.552344203878867","0.04772741846777313","0.1143209898293908","24.47312034079283","1","0.0","0.0","0.0"
"CURVE 1","0.08488905228254004","30.03984127346161","29.552344203878867","0.04784116526741294","0.11423590057524875","24.34571992241567","1","0.0","0.0","0.0"
"CURVE 1","0.08488905228254004","30.03984127346161","29.552344203878867","0.04795410813383795","0.1141508033500975","24.20933636694079","1","0.0","0.0","0.0"
"CURVE 1","0.08488905228254004","30.03984127346161","29.552344203878867","0.04806625688847025","0.11406570235295081","24.063862340815415","1","0.0","0.0","0.0"
"CURVE 1","0.08488905228254004","30.03984127346161","29.552344203878867","0.04817762135273189","0.11398060178282247","23.909192699867678","1","0.0","0.0","0.0"
"CURVE 1","0.08488905228254004","30.03984127346161","29.552344203878867","0.048288211348044924","0.11389550583872628","23.745224496765367","1","0.0","0.0","0.0"
"CURVE 1","0.08488905228254004","30.03984127346161","29.552344203878867","0.04839803669583145","0.113810418719676","23.571857060710236","1","0.0","0.0","0.0"
"CURVE 1","0.08488905228254004","30.03984127346161","29.552344203878867","0.04850710721751351","0.11372534462468542","23.388991974818367","1","0.0","0.0","0.0"
"CURVE 1","0.08488905228254004","30.03984127346161","29.552344203878867","0.048615432734513166","0.1136402877527683","23.19653313193848","1","0.0","0.0","0.0"
"CURVE 1","0.08488905228254004","30.03984127346161","29.552344203878867","0.04872302306825249","0.11355525230293845","22.994386735609446","1","0.0","0.0","0.0"
"CURVE 1","0.08488905228254004","30.03984127346161","29.552344203878867","0.04882988804015355","0.11347024247420963","22.78246134284129","1","0.0","0.0","0.0"
"CURVE 1","0.08488905228254004","30.03984127346161","29.552344203878867","0.0489360374716384","0.11338526246559562","22.56066786277823","1","0.0","0.0","0.0"
"CURVE 1","0.08488905228254004","30.03984127346161","29.552344203878867","0.0490414811841291","0.1133003164761102","22.32891956856322","1","0.0","0.0","0.0"
"CURVE 1","0.08488905228254004","30.03984127346161","29.552344203878867","0.04914622899904773","0.11321540870476719","22.08713214325239","1","0.0","0.0","0.0"
"CURVE 1","0.08488905228254004","30.03984127346161","29.552344203878867","0.049250290737816345","0.11313054335058031","21.835223631067148","1","0.0","0.0","0.0"
"CURVE 1","0.08488905228254004","30.03984127346161","29.552344203878867","0.049353676221857025","0.1130457246125634","21.573114502190588","1","0.0","0.0","0.0"
"CURVE 1","0.08488905228254004","30.03984127346161","29.552344203878867","0.04945639527259181","0.11296095668973023","21.30072762721711","1","0.0","0.0","0.0"
"CURVE 1","0.08488905228254004","30.03984127346161","29.552344203878867","0.04955845771144279","0.11287624378109454","21.017988305660683","1","0.0","0.0","0.0"
"CURVE 1","0.08488905228254004","30.03984127346161","29.552344203878867","0.049659873359832005","0.11279159008567012","20.72482424695853","1","0.0","0.0","0.0"
"CURVE 1","0.08488905228254004","30.03984127346161","29.552344203878867","0.049760652039181535","0.11270699980247079","20.42116559300003","1","0.0","0.0","0.0"
"CURVE 1","0.08488905228254004","30.03984127346161","29.552344203878867","0.049860803570913444","0.11262247713051032","20.106944919565557","1","0.0","0.0","0.0"
"CURVE 1","0.08488905228254004","30.03984127346161","29.552344203878867","0.04996033777644979","0.11253802626880247","19.782097229614916","1","0.0","0.0","0.0"
"CURVE 1","0.08488905228254004","30.03984127346161","29.552344203878867","0.05005926447721264","0.11245365141636103","19.44655998257843","1","0.0","0.0","0.0"
"CURVE 1","0.08488905228254004","30.03984127346161","29.552344203878867","0.05015759349462404","0.1123693567721998","19.100273063300676","1","0.0","0.0","0.0"
"CURVE 1","0.08488905228254004","30.03984127346161","29.552344203878867","0.05025533465010609","0.11228514653533253","18.743178830528915","1","0.0","0.0","0.0"
"CURVE 1","0.08488905228254004","30.03984127346161","29.552344203878867","0.05035249776508084","0.11220102490477302","18.375222096930425","1","0.0","0.0","0.0"
"CURVE 1","0.08488905228254004","30.03984127346161","29.552344203878867","0.05044909266097035","0.11211699607953503","17.996350140329078","1","0.0","0.0","0.0"
"CURVE 1","0.08488905228254004","30.03984127346161","29.552344203878867","0.050545129159196685","0.11203306425863238","17.60651272468576","1","0.0","0.0","0.0"
"CURVE 1","0.08488905228254004","30.03984127346161","29.552344203878867","0.050640617081181914","0.11194923364107882","17.20566212419295","1","0.0","0.0","0.0"
"CURVE 1","0.08488905228254004","30.03984127346161","29.552344203878867","0.0507355662483481","0.11186550842588815","16.793753111734567","1","0.0","0.0","0.0"
"CURVE 1","0.08488905228254004","30.03984127346161","29.552344203878867","0.050829986482117305","0.11178189281207412","16.370743020404912","1","0.0","0.0","0.0"
"CURVE 1","0.08488905228254004","30.03984127346161","29.552344203878867","0.05092388760391159","0.11169839099865055","15.936591725773878","1","0.0","0.0","0.0"
"CURVE 1","0.08488905228254004","30.03984127346161","29.552344203878867","0.05101727943515302","0.1116150071846312","15.491261721807428","1","0.0","0.0","0.0"
"CURVE 1","0.08488905228254004","30.03984127346161","29.552344203878867","0.051110171797263675","0.11153174556902985","15.034718113481949","1","0.0","0.0","0.0"
"CURVE 1","0.08488905228254004","30.03984127346161","29.552344203878867","0.051202574511665606","0.11144861035086029","14.566928684517162","1","0.0","0.0","0.0"
"CURVE 1","0.08488905228254004","30.03984127346161","29.552344203878867","0.051294497399780876","0.11136560572913631","14.08786395102854","1","0.0","0.0","0.0"
"CURVE 1","0.08488905228254004","30.03984127346161","29.552344203878867","0.051385950283031556","0.11128273590287165","13.597497166766226","1","0.0","0.0","0.0"
"CURVE 1","0.08488905228254004","30.03984127346161","29.552344203878867","0.0514769429828397","0.11120000507108015","13.095804448367867","1","0.0","0.0","0.0"
"CURVE 1","0.08488905228254004","30.03984127346161","29.552344203878867","0.05156748532062738","0.11111741743277555","12.582764792032068","1","0.0","0.0","0.0"
"CURVE 1","0.08488905228254004","30.03984127346161","29.552344203878867","0.05165758711781668","0.11103497718697164","12.058360158033828","1","0.0","0.0","0.0"
"CURVE 1","0.08488905228254004","30.03984127346161","29.552344203878867","0.051747258195829614","0.11095268853268218","11.522575582044169","1","0.0","0.0","0.0"
"CURVE 1","0.08488905228254004","30.03984127346161","29.552344203878867","0.0518365083760883","0.11087055566892101","10.97539924697603","1","0.0","0.0","0.0"
"CURVE 1","0.08488905228254004","30.03984127346161","29.552344203878867","0.05192534748001478","0.11078858279470188","10.416822556792612","1","0.0","0.0","0.0"
"CURVE 1","0.08488905228254004","30.03984127346161","29.552344203878867","0.05201378532903111","0.11070677410903855","9.846840290844565","1","0.0","0.0","0.0"
"CURVE 1","0.08488905228254004","30.03984127346161","29.552344203878867","0.052101831744559374","0.11062513381094483","9.265450707047496","1","0.0","0.0","0.0"
"CURVE 1","0.08488905228254004","30.03984127346161","29.552344203878867","0.05218949654802161","0.11054366609943447","8.672655669198567","1","0.0","0.0","0.0"
"CURVE 1","0.08488905228254004","30.03984127346161","29.552344203878867","0.0522767895608399","0.1104623751735213","8.068460787498028","1","0.0","0.0","0.0"
"CURVE 1","0.08488905228254004","30.03984127346161","29.552344203878867","0.052363720604436316","0.11038126523221906","7.452875589605341","1","0.0","0.0","0.0"
"CURVE 1","0.08488905228254004","30.03984127346161","29.552344203878867","0.05245029950023291","0.11030034047454153","6.82591365557235","1","0.0","0.0","0.0"
"CURVE 1","0.08488905228254004","30.03984127346161","29.552344203878867","0.052536536069651744","0.1102196050995025","6.187592823943373","1","0.0","0.0","0.0"
"CURVE 1","0.08488905228254004","30.03984127346161","29.552344203878867","0.05262244013411489","0.11013906330611577","5.537935367796088","1","0.0","0.0","0.0"
"CURVE 1","0.08488905228254004","30.03984127346161","29.552344203878867","0.05270802151504442","0.1100587192933951","4.876968197464219","1","0.0","0.0","0.0"
"CURVE 1","0.08488905228254004","30.03984127346161","29.552344203878867","0.05279329003386238","0.10997857726035429","4.204723087469558","1","0.0","0.0","0.0"
"CURVE 1","0.08488905228254004","30.03984127346161","29.552344203878867","0.05287825551199083","0.1098986414060071","3.521236874123001","1","0.0","0.0","0.0"
"CURVE 1","0.08488905228254004","30.03984127346161","29.552344203878867","0.05296292777085186","0.1098189159293673","2.826551753017763","1","0.0","0.0","0.0"
"CURVE 1","0.08488905228254004","30.03984127346161","29.552344203878867","0.05304731663186752","0.1097394050294487","2.120715495434955","1","0.0","0.0","0.0"
"CURVE 1","0.08488905228254004","30.03984127346161","29.552344203878867","0.05313143191645987","0.1096601129052651","1.4037817169752016","1","0.0","0.0","0.0"
"CURVE 1","0.08488905228254004","30.03984127346161","29.552344203878867","0.05321528344605099","0.10958104375583022","0.6758101906219777","1","0.0","0.0","0.0"
"CURVE 1","0.08488905228254004","30.03984127346161","29.552344203878867","0.053298881042062936","0.1095022017801579","0.06313286817211819","-1","0.0","0.0","0.0"
"CURVE 1","0.08488905228254004","30.03984127346161","29.552344203878867","0.053382234525917775","0.1094235911772619","0.8129745026848333","-1","0.0","0.0","0.0"
"CURVE 1","0.08488905228254004","30.03984127346161","29.552344203878867","0.053465353719037566","0.10934521614615599","1.5736346443251874","-1","0.0","0.0","0.0"
"CURVE 1","0.08488905228254004","30.03984127346161","29.552344203878867","0.05354824844284437","0.10926708088585395","2.3450257972468895","-1","0.0","0.0","0.0"
"CURVE 1","0.08488905228254004","30.03984127346161","29.552344203878867","0.053630928518760265","0.10918918959536957","3.12705269423784","-1","0.0","0.0","0.0"
"CURVE 1","0.08488905228254004","30.03984127346161","29.552344203878867","0.0537134037682073","0.10911154647371663","3.9196119022411855","-1","0.0","0.0","0.0"
"CURVE 1","0.08488905228254004","30.03984127346161","29.552344203878867","0.05379568401260755","0.10903415571990892","4.722591431667578","-1","0.0","0.0","0.0"
"CURVE 1","0.08488905228254004","30.03984127346161","29.552344203878867","0.053877779073383085","0.1089570215329602","5.535870347484019","-1","0.0","0.0","0.0"
"CURVE 1","0.08488905228254004","30.03984127346161","29.552344203878867","0.05395969877195595","0.10888014811188428","6.359318371454212","-1","0.0","0.0","0.0"
"CURVE 1","0.08488905228254004","30.03984127346161","29.552344203878867","0.054041452929748234","0.10880353965569492","7.192795447399706","-1","0.0","0.0","0.0"
"CURVE 1","0.08488905228254004","30.03984127346161","29.552344203878867","0.05412305136818198","0.10872720036340591","8.03615128865083","-1","0.0","0.0","0.0"
"CURVE 1","0.08488905228254004","30.03984127346161","29.552344203878867","0.054204503908679265","0.10865113443403103","8.889224937632557","-1","0.0","0.0","0.0"
"CURVE 1","0.08488905228254004","30.03984127346161","29.552344203878867","0.05428582037266214","0.10857534606658405","9.751844348493577","-1","0.0","0.0","0.0"
"CURVE 1","0.08488905228254004","30.03984127346161","29.552344203878867","0.05436701058155269","0.10849983946007877","10.623825861549696","-1","0.0","0.0","0.0"
"CURVE 1","0.08488905228254004","30.03984127346161","29.552344203878867","0.05444808435677296","0.10842461881352895","11.504973771351882","-1","0.0","0.0","0.0"
"CURVE 1","0.08488905228254004","30.03984127346161","29.552344203878867","0.05452905151974503","0.10834968832594839","12.395079824594296","-1","0.0","0.0","0.0"
"CURVE 1","0.08488905228254004","30.03984127346161","29.552344203878867","0.05460992189189095","0.10827505219635086","13.293922745643966","-1","0.0","0.0","0.0"
"CURVE 1","0.08488905228254004","30.03984127346161","29.552344203878867","0.054690705294632797","0.10820071462375017","14.201267749127243","-1","0.0","0.0","0.0"
"CURVE 1","0.08488905228254004","30.03984127346161","29.552344203878867","0.05477141154939263","0.10812667980716006","15.11686603271694","-1","0.0","0.0","0.0"
"CURVE 1","0.08488905228254004","30.03984127346161","29.552344203878867","0.05485205047759251","0.1080529519455943","16.040454281785415","-1","0.0","0.0","0.0"
"CURVE 1","0.08488905228254004","30.03984127346161","29.552344203878867","0.054932631900654505","0.10797953523806672","16.97175421150027","-1","0.0","0.0","0.0"
"CURVE 1","0.08488905228254004","30.03984127346161","29.552344203878867","0.05501316564000068","0.10790643388359107","17.910472059887613","-1","0.0","0.0","0.0"
"CURVE 1","0.08488905228254004","30.03984127346161","29.552344203878867","0.05509366151705311","0.10783365208118115","18.856298080987223","-1","0.0","0.0","0.0"
"CURVE 1","0.08488905228254004","30.03984127346161","29.552344203878867","0.05517412935323383","0.10776119402985074","19.8089061164514","-1","0.0","0.0","0.0"
"CURVE 1","0.08488905228254004","30.03984127346161","29.552344203878867","0.05525457721444505","0.10768906308643854","19.84171132108777","-1","0.0","0.0","0.0"
"CURVE 1","0.08488905228254004","30.03984127346161","29.552344203878867","0.0553350061445094","0.1076172592390829","19.874290975242385","-1","0.0","0.0","0.0"
"CURVE 1","0.08488905228254004","30.03984127346161","29.552344203878867","0.0554154154317296","0.10754578163374715","19.90664368216347","-1","0.0","0.0","0.0"
"CURVE 1","0.08488905228254004","30.03984127346161","29.552344203878867","0.05549580436440843","0.10747462941639457","19.93876809606214","-1","0.0","0.0","0.0"
"CURVE 1","0.08488905228254004","30.03984127346161","29.552344203878867","0.055576172230848625","0.10740380173298848","19.970662841670467","-1","0.0","0.0","0.0"
"CURVE 1","0.08488905228254004","30.03984127346161","29.552344203878867","0.05565651831935294","0.10733329772949218","20.00232657248076","-1","0.0","0.0","0.0"
"CURVE 1","0.08488905228254004","30.03984127346161","29.552344203878867","0.05573684191822413","0.10726311655186895","20.0337579647161","-1","0.0","0.0","0.0"
"CURVE 1","0.08488905228254004","30.03984127346161","29.552344203878867","0.05581714231576493","0.10719325734608208","20.064955668336324","-1","0.0","0.0","0.0"
"CURVE 1","0.08488905228254004","30.03984127346161","29.552344203878867","0.05589741880027809","0.1071237192580949","20.095918389423055","-1","0.0","0.0","0.0"
"CURVE 1","0.08488905228254004","30.03984127346161","29.552344203878867","0.05597767066006637","0.10705450143387069","20.12664481736198","-1","0.0","0.0","0.0"
"CURVE 1","0.08488905228254004","30.03984127346161","29.552344203878867","0.0560578971834325","0.10698560301937275","20.15713365174921","-1","0.0","0.0","0.0"
"CURVE 1","0.08488905228254004","30.03984127346161","29.552344203878867","0.056138097658679255","0.10691702316056435","20.18738362199529","-1","0.0","0.0","0.0"
"CURVE 1","0.08488905228254004","30.03984127346161","29.552344203878867","0.056218271374109376","0.10684876100340886","20.21739344429613","-1","0.0","0.0","0.0"
"CURVE 1","0.08488905228254004","30.03984127346161","29.552344203878867","0.0562984176180256","0.1067808156938695","20.24716185346434","-1","0.0","0.0","0.0"
"CURVE 1","0.08488905228254004","30.03984127346161","29.552344203878867","0.05637853567873067","0.10671318637790964","20.27668760176238","-1","0.0","0.0","0.0"
"CURVE 1","0.08488905228254004","30.03984127346161","29.552344203878867","0.05645862484452736","0.10664587220149252","20.305969452676464","-1","0.0","0.0","0.0"
"CURVE 1","0.08488905228254004","30.03984127346161","29.552344203878867","0.0565386844037184","0.1065788723105815","20.335006168102993","-1","0.0","0.0","0.0"
"CURVE 1","0.08488905228254004","30.03984127346161","29.552344203878867","0.05661871364460655","0.1065121858511398","20.363796516047604","-1","0.0","0.0","0.0"
"CURVE 1","0.08488905228254004","30.03984127346161","29.552344203878867","0.05669871185549455","0.10644581196913078","20.392339309579267","-1","0.0","0.0","0.0"
"CURVE 1","0.08488905228254004","30.03984127346161","29.552344203878867","0.05677867832468516","0.10637974981051769","20.420633309487712","-1","0.0","0.0","0.0"
"CURVE 1","0.08488905228254004","30.03984127346161","29.552344203878867","0.05685861234048112","0.10631399852126389","20.44867734692456","-1","0.0","0.0","0.0"
"CURVE 1","0.08488905228254004","30.03984127346161","29.552344203878867","0.05693851319118518","0.10624855724733265","20.476470251310275","-1","0.0","0.0","0.0"
"CURVE 1","0.08488905228254004","30.03984127346161","29.552344203878867","0.0570183801651001","0.10618342513468727","20.50401083127171","-1","0.0","0.0","0.0"
"CURVE 1","0.08488905228254004","30.03984127346161","29.552344203878867","0.057098212550528604","0.10611860132929103","20.53129791711581","-1","0.0","0.0","0.0"
"CURVE 1","0.08488905228254004","30.03984127346161","29.552344203878867","0.05717800963577346","0.10605408497710724","20.55833036497535","-1","0.0","0.0","0.0"
"CURVE 1","0.08488905228254004","30.03984127346161","29.552344203878867","0.057257770709137415","0.10598987522409922","20.585107032286018","-1","0.0","0.0","0.0"
"CURVE 1","0.08488905228254004","30.03984127346161","29.552344203878867","0.05733749505892321","0.10592597121623024","20.611626775721632","-1","0.0","0.0","0.0"
"CURVE 1","0.08488905228254004","30.03984127346161","29.552344203878867","0.05741718197343361","0.10586237209946361","20.63788846752638","-1","0.0","0.0","0.0"
"CURVE 1","0.08488905228254004","30.03984127346161","29.552344203878867","0.057496830740971346","0.10579907701976264","20.66389099250459","-1","0.0","0.0","0.0"
"CURVE 1","0.08488905228254004","30.03984127346161","29.552344203878867","0.057576440649839175","0.10573608512309059","20.689633237928483","-1","0.0","0.0","0.0"
"CURVE 1","0.08488905228254004","30.03984127346161","29.552344203878867","0.05765601098833985","0.10567339555541079","20.715114095373682","-1","0.0","0.0","0.0"
"CURVE 1","0.08488905228254004","30.03984127346161","29.552344203878867","0.057735541044776115","0.10561100746268656","20.74033248852978","-1","0.0","0.0","0.0"
"CURVE 1","0.08488905228254004","30.03984127346161","29.552344203878867","0.057815030107450725","0.10554891999088116","20.76528731168594","-1","0.0","0.0","0.0"
"CURVE 1","0.08488905228254004","30.03984127346161","29.552344203878867","0.05789447746466641","0.1054871322859579","20.78997750236785","-1","0.0","0.0","0.0"
"CURVE 1","0.08488905228254004","30.03984127346161","29.552344203878867","0.057973882404725945","0.10542564349388006","20.81440198352548","-1","0.0","0.0","0.0"
"CURVE 1","0.08488905228254004","30.03984127346161","29.552344203878867","0.058053244215932054","0.10536445276061099","20.838559677354116","-1","0.0","0.0","0.0"
"CURVE 1","0.08488905228254004","30.03984127346161","29.552344203878867","0.0581325621865875","0.10530355923211394","20.86244954466539","-1","0.0","0.0","0.0"
"CURVE 1","0.08488905228254004","30.03984127346161","29.552344203878867","0.05821183560499503","0.10524296205435224","20.886070535046365","-1","0.0","0.0","0.0"
"CURVE 1","0.08488905228254004","30.03984127346161","29.552344203878867","0.058291063759457404","0.10518266037328917","20.9094216041643","-1","0.0","0.0","0.0"
"CURVE 1","0.08488905228254004","30.03984127346161","29.552344203878867","0.05837024593827735","0.10512265333488804","20.93250170949742","-1","0.0","0.0","0.0"
"CURVE 1","0.08488905228254004","30.03984127346161","29.552344203878867","0.05844938142975764","0.10506294008511215","20.955309818722764","-1","0.0","0.0","0.0"
"CURVE 1","0.08488905228254004","30.03984127346161","29.552344203878867","0.058528469522201","0.10500351976992478","20.977844925468048","-1","0.0","0.0","0.0"
"CURVE 1","0.08488905228254004","30.03984127346161","29.552344203878867","0.05860750950391019","0.10494439153528924","21.000105992506484","-1","0.0","0.0","0.0"
"CURVE 1","0.08488905228254004","30.03984127346161","29.552344203878867","0.05868650066318796","0.10488555452716884","21.022092011324414","-1","0.0","0.0","0.0"
"CURVE 1","0.08488905228254004","30.03984127346161","29.552344203878867","0.05876544228833706","0.10482700789152685","21.04380197749304","-1","0.0","0.0","0.0"
"CURVE 1","0.08488905228254004","30.03984127346161","29.552344203878867","0.058844333667660224","0.10476875077432661","21.06523487532437","-1","0.0","0.0","0.0"
"CURVE 1","0.08488905228254004","30.03984127346161","29.552344203878867","0.05892317408946022","0.10471078232153136","21.08638971744444","-1","0.0","0.0","0.0"
"CURVE 1","0.08488905228254004","30.03984127346161","29.552344203878867","0.05900196284203979","0.10465310167910445","21.10726550285906","-1","0.0","0.0","0.0"
"CURVE 1","0.08488905228254004","30.03984127346161","29.552344203878867","0.05908069921370169","0.10459570799300917","21.127861236031794","-1","0.0","0.0","0.0"
"CURVE 1","0.08488905228254004","30.03984127346161","29.552344203878867","0.05915938249274866","0.10453860040920882","21.14817594181154","-1","0.0","0.0","0.0"
"CURVE 1","0.08488905228254004","30.03984127346161","29.552344203878867","0.05923801196748345","0.10448177807366668","21.168208630356602","-1","0.0","0.0","0.0"
"CURVE 1","0.08488905228254004","30.03984127346161","29.552344203878867","0.059316586926208795","0.10442524013234605","21.187958301050685","-1","0.0","0.0","0.0"
"CURVE 1","0.08488905228254004","30.03984127346161","29.552344203878867","0.05939510665722747","0.10436898573121024","21.20742398946105","-1","0.0","0.0","0.0"
"CURVE 1","0.08488905228254004","30.03984127346161","29.552344203878867","0.05947357044884221","0.10431301401622257","21.226604724459744","-1","0.0","0.0","0.0"
"CURVE 1","0.08488905228254004","30.03984127346161","29.552344203878867","0.059551977589355765","0.1042573241333463","21.245499510458693","-1","0.0","0.0","0.0"
"CURVE 1","0.08488905228254004","30.03984127346161","29.552344203878867","0.05963032736707089","0.10420191522854474","21.264107392347913","-1","0.0","0.0","0.0"
"CURVE 1","0.08488905228254004","30.03984127346161","29.552344203878867","0.05970861907029033","0.1041467864477812","21.28242738644819","-1","0.0","0.0","0.0"
"CURVE 1","0.08488905228254004","30.03984127346161","29.552344203878867","0.05978685198731683","0.10409193693701899","21.300458502955678","-1","0.0","0.0","0.0"
"CURVE 1","0.08488905228254004","30.03984127346161","29.552344203878867","0.059865025406453144","0.10403736584222137","21.318199788011487","-1","0.0","0.0","0.0"
"CURVE 1","0.08488905228254004","30.03984127346161","29.552344203878867","0.05994313861600202","0.10398307230935165","21.33565026273939","-1","0.0","0.0","0.0"
"CURVE 1","0.08488905228254004","30.03984127346161","29.552344203878867","0.0600211909042662","0.10392905548437316","21.352808947668972","-1","0.0","0.0","0.0"
"CURVE 1","0.08488905228254004","30.03984127346161","29.552344203878867","0.060099181559548444","0.10387531451324916","21.369674865849316","-1","0.0","0.0","0.0"
"CURVE 1","0.08488905228254004","30.03984127346161","29.552344203878867","0.0601771098701515","0.10382184854194297","21.386247048555244","-1","0.0","0.0","0.0"
"CURVE 1","0.08488905228254004","30.03984127346161","29.552344203878867","0.0602549751243781","0.1037686567164179","21.402524490456102","-1","0.0","0.0","0.0"
"CURVE 1","0.08488905228254004","30.03984127346161","29.552344203878867","0.06033277661053101","0.10371573818263721","21.41850622729226","-1","0.0","0.0","0.0"
"CURVE 1","0.08488905228254004","30.03984127346161","29.552344203878867","0.06041051361691298","0.10366309208656424","21.434191270828894","-1","0.0","0.0","0.0"
"CURVE 1","0.08488905228254004","30.03984127346161","29.552344203878867","0.06048818543182676","0.10361071757416226","21.449578625723603","-1","0.0","0.0","0.0"
"CURVE 1","0.08488905228254004","30.03984127346161","29.552344203878867","0.060565791343575086","0.10355861379139458","21.46466729200028","-1","0.0","0.0","0.0"
"CURVE 1","0.08488905228254004","30.03984127346161","29.552344203878867","0.060643330640460714","0.10350677988422449","21.479456276871314","-1","0.0","0.0","0.0"
"CURVE 1","0.08488905228254004","30.03984127346161","29.552344203878867","0.060720802610786384","0.1034552149986153","21.493944568666947","-1","0.0","0.0","0.0"
"CURVE 1","0.08488905228254004","30.03984127346161","29.552344203878867","0.06079820654285487","0.10340391828053032","21.50813115919054","-1","0.0","0.0","0.0"
"CURVE 1","0.08488905228254004","30.03984127346161","29.552344203878867","0.060875541724968896","0.10335288887593282","21.522015027415843","-1","0.0","0.0","0.0"
"CURVE 1","0.08488905228254004","30.03984127346161","29.552344203878867","0.06095280744543122","0.10330212593078612","21.535595147089108","-1","0.0","0.0","0.0"
"CURVE 1","0.08488905228254004","30.03984127346161","29.552344203878867","0.061030002992544595","0.10325162859105351","21.548870491662765","-1","0.0","0.0","0.0"
"CURVE 1","0.08488905228254004","30.03984127346161","29.552344203878867","0.06110712765461176","0.10320139600269827","21.561840014315575","-1","0.0","0.0","0.0"
"CURVE 1","0.08488905228254004","30.03984127346161","29.552344203878867","0.06118418071993547","0.10315142731168375","21.57450266036125","-1","0.0","0.0","0.0"
"CURVE 1","0.08488905228254004","30.03984127346161","29.552344203878867","0.061261161476818475","0.10310172166397322","21.58685736410416","-1","0.0","0.0","0.0"
"CURVE 1","0.08488905228254004","30.03984127346161","29.552344203878867","0.061338069213563516","0.10305227820552995","21.598903084222453","-1","0.0","0.0","0.0"
"CURVE 1","0.08488905228254004","30.03984127346161","29.552344203878867","0.06141490321847336","0.10300309608231727","21.610638719014386","-1","0.0","0.0","0.0"
"CURVE 1","0.08488905228254004","30.03984127346161","29.552344203878867","0.06149166277985073","0.10295417444029849","21.622063156985423","-1","0.0","0.0","0.0"
"CURVE 1","0.08488905228254004","30.03984127346161","29.552344203878867","0.06156834718599839","0.10290551242543688","21.633175332965124","-1","0.0","0.0","0.0"
"CURVE 1","0.08488905228254004","30.03984127346161","29.552344203878867","0.06164495572521911","0.10285710918369576","21.643974079607517","-1","0.0","0.0","0.0"
"CURVE 1","0.08488905228254004","30.03984127346161","29.552344203878867","0.0617214876858156","0.10280896386103842","21.654458304090106","-1","0.0","0.0","0.0"
"CURVE 1","0.08488905228254004","30.03984127346161","29.552344203878867","0.06179794235609062","0.10276107560342816","21.66462684470275","-1","0.0","0.0","0.0"
"CURVE 1","0.08488905228254004","30.03984127346161","29.552344203878867","0.06187431902434693","0.10271344355682827","21.674478546167094","-1","0.0","0.0","0.0"
"CURVE 1","0.08488905228254004","30.03984127346161","29.552344203878867","0.061950616978887284","0.10266606686720206","21.68401221763844","-1","0.0","0.0","0.0"
"CURVE 1","0.08488905228254004","30.03984127346161","29.552344203878867","0.06202683550801442","0.10261894468051282","21.69322667187945","-1","0.0","0.0","0.0"
"CURVE 1","0.08488905228254004","30.03984127346161","29.552344203878867","0.062102973900031076","0.10257207614272386","21.702120703286727","-1","0.0","0.0","0.0"
"CURVE 1","0.08488905228254004","30.03984127346161","29.552344203878867","0.062179031443240024","0.10252546039979848","21.71069307382853","-1","0.0","0.0","0.0"
"CURVE 1","0.08488905228254004","30.03984127346161","29.552344203878867","0.062255007425944","0.10247909659769995","21.71894252437468","-1","0.0","0.0","0.0"
"CURVE 1","0.08488905228254004","30.03984127346161","29.552344203878867","0.06233090113644575","0.1024329838823916","21.72686779738136","-1","0.0","0.0","0.0"
"CURVE 1","0.08488905228254004","30.03984127346161","29.552344203878867","0.06240671186304803","0.10238712139983673","21.734467596835962","-1","0.0","0.0","0.0"
"CURVE 1","0.08488905228254004","30.03984127346161","29.552344203878867","0.06248243889405359","0.10234150829599861","21.741740607095174","-1","0.0","0.0","0.0"
"CURVE 1","0.08488905228254004","30.03984127346161","29.552344203878867","0.06255808151776517","0.10229614371684059","21.748685497504933","-1","0.0","0.0","0.0"
"CURVE 1","0.08488905228254004","30.03984127346161","29.552344203878867","0.06263363902248553","0.10225102680832591","21.755300905892867","-1","0.0","0.0","0.0"
"CURVE 1","0.08488905228254004","30.03984127346161","29.552344203878867","0.0627091106965174","0.10220615671641789","21.76158543807093","-1","0.0","0.0","0.0"
"CURVE 1","0.08488905228254004","30.03984127346161","29.552344203878867","0.06278449582816356","0.10216153258707983","21.76753769657662","-1","0.0","0.0","0.0"
"CURVE 1","0.08488905228254004","30.03984127346161","29.552344203878867","0.06285979370572672","0.10211715356627506","21.773156238813513","-1","0.0","0.0","0.0"
"CURVE 1","0.08488905228254004","30.03984127346161","29.552344203878867","0.06293500361750967","0.10207301879996683","21.77843959894641","-1","0.0","0.0","0.0"
"CURVE 1","0.08488905228254004","30.03984127346161","29.552344203878867","0.06301012485181513","0.10202912743411846","21.783386287102115","-1","0.0","0.0","0.0"
"CURVE 1","0.08488905228254004","30.03984127346161","29.552344203878867","0.06308515669694587","0.10198547861469325","21.787994771758342","-1","0.0","0.0","0.0"
"CURVE 1","0.08488905228254004","30.03984127346161","29.552344203878867","0.0631600984412046","0.1019420714876545","21.792263514706427","-1","0.0","0.0","0.0"
"CURVE 1","0.08488905228254004","30.03984127346161","29.552344203878867","0.06323494937289412","0.1018989051989655","21.7961909212457","-1","0.0","0.0","0.0"
"CURVE 1","0.08488905228254004","30.03984127346161","29.552344203878867","0.06330970878031715","0.10185597889458954","21.799775357594086","-1","0.0","0.0","0.0"
"CURVE 1","0.08488905228254004","30.03984127346161","29.552344203878867","0.06338437595177644","0.10181329172048993","21.80301518964479","-1","0.0","0.0","0.0"
"CURVE 1","0.08488905228254004","30.03984127346161","29.552344203878867","0.06345895017557475","0.10177084282262999","21.805908720173534","-1","0.0","0.0","0.0"
"CURVE 1","0.08488905228254004","30.03984127346161","29.552344203878867","0.06353343074001483","0.101728631346973","21.80845423665285","-1","0.0","0.0","0.0"
"CURVE 1","0.08488905228254004","30.03984127346161","29.552344203878867","0.0636078169333994","0.10168665643948226","21.81064995053116","-1","0.0","0.0","0.0"
"CURVE 1","0.08488905228254004","30.03984127346161","29.552344203878867","0.06368210804403124","0.10164491724612106","21.812494077231463","-1","0.0","0.0","0.0"
"CURVE 1","0.08488905228254004","30.03984127346161","29.552344203878867","0.06375630336021308","0.1016034129128527","21.813984777415467","-1","0.0","0.0","0.0"
"CURVE 1","0.08488905228254004","30.03984127346161","29.552344203878867","0.06383040217024769","0.1015621425856405","21.815120147330774","-1","0.0","0.0","0.0"
"CURVE 1","0.08488905228254004","30.03984127346161","29.552344203878867","0.06390440376243779","0.10152110541044775","21.81589828822388","-1","0.0","0.0","0.0"
"CURVE 1","0.08488905228254004","30.03984127346161","29.552344203878867","0.06397830742508616","0.10148030053323774","21.816317206233762","-1","0.0","0.0","0.0"
"CURVE 1","0.08488905228254004","30.03984127346161","29.552344203878867","0.06405211244649553","0.10143972709997376","21.816374887631667","-1","0.0","0.0","0.0"
"CURVE 1","0.08488905228254004","30.03984127346161","29.552344203878867","0.06412581811496865","0.10139938425661911","21.816069275491156","-1","0.0","0.0","0.0"
"CURVE 1","0.08488905228254004","30.03984127346161","29.552344203878867","0.06419942371880828","0.10135927114913712","21.81539824234469","-1","0.0","0.0","0.0"
"CURVE 1","0.08488905228254004","30.03984127346161","29.552344203878867","0.06427292854631717","0.10131938692349106","21.81435964151817","-1","0.0","0.0","0.0"
"CURVE 1","0.08488905228254004","30.03984127346161","29.552344203878867","0.06434633188579804","0.10127973072564422","21.812951243700223","-1","0.0","0.0","0.0"
"CURVE 1","0.08488905228254004","30.03984127346161","29.552344203878867","0.06441963302555366","0.10124030170155993","21.81117078189156","-1","0.0","0.0","0.0"
"CURVE 1","0.08488905228254004","30.03984127346161","29.552344203878867","0.0644928312538868","0.10120109899720149","21.809015956617873","-1","0.0","0.0","0.0"
"CURVE 1","0.08488905228254004","30.03984127346161","29.552344203878867","0.06456592585910019","0.10116212175853216","21.806484350928642","-1","0.0","0.0","0.0"
"CURVE 1","0.08488905228254004","30.03984127346161","29.552344203878867","0.06463891612949656","0.10112336913151528","21.803573568003806","-1","0.0","0.0","0.0"
"CURVE 1","0.08488905228254004","30.03984127346161","29.552344203878867","0.06471180135337866","0.10108484026211412","21.800281073564694","-1","0.0","0.0","0.0"
"CURVE 1","0.08488905228254004","30.03984127346161","29.552344203878867","0.06478458081904928","0.10104653429629198","21.79660433945317","-1","0.0","0.0","0.0"
"CURVE 1","0.08488905228254004","30.03984127346161","29.552344203878867","0.06485725381481114","0.10100845038001216","21.792540713979083","-1","0.0","0.0","0.0"
"CURVE 1","0.08488905228254004","30.03984127346161","29.552344203878867","0.06492981962896699","0.100970587659238","21.7880875474225","-1","0.0","0.0","0.0"
"CURVE 1","0.08488905228254004","30.03984127346161","29.552344203878867","0.06500227754981955","0.10093294527993274","21.783242051081043","-1","0.0","0.0","0.0"
"CURVE 1","0.08488905228254004","30.03984127346161","29.552344203878867","0.06507462686567163","0.1008955223880597","21.778001418425124","-1","0.0","0.0","0.0"
"CURVE 1","0.08488905228254004","30.03984127346161","29.552344203878867","0.06514686767141616","0.10085831772628708","21.779998819965744","-1","0.0","0.0","0.0"
"CURVE 1","0.08488905228254004","30.03984127346161","29.552344203878867","0.06521900328830699","0.10082132842410262","21.775867153780048","-1","0.0","0.0","0.0"
"CURVE 1","0.08488905228254004","30.03984127346161","29.552344203878867","0.06529103784418816","0.100784551207699","21.76554566845382","-1","0.0","0.0","0.0"
"CURVE 1","0.08488905228254004","30.03984127346161","29.552344203878867","0.06536297546690376","0.1007479828032688","21.748978550382994","-1","0.0","0.0","0.0"
"CURVE 1","0.08488905228254004","30.03984127346161","29.552344203878867","0.0654348202842978","0.10071161993700471","21.726115080829327","-1","0.0","0.0","0.0"
"CURVE 1","0.08488905228254004","30.03984127346161","29.552344203878867","0.06550657642421437","0.10067545933509939","21.696909776016017","-1","0.0","0.0","0.0"
"CURVE 1","0.08488905228254004","30.03984127346161","29.552344203878867","0.06557824801449752","0.10063949772374546","21.661322398679037","-1","0.0","0.0","0.0"
"CURVE 1","0.08488905228254004","30.03984127346161","29.552344203878867","0.06564983918299129","0.10060373182913557","21.619318194580877","-1","0.0","0.0","0.0"
"CURVE 1","0.08488905228254004","30.03984127346161","29.552344203878867","0.06572135405753975","0.10056815837746236","21.57086802172444","-1","0.0","0.0","0.0"
"CURVE 1","0.08488905228254004","30.03984127346161","29.552344203878867","0.06579279676598696","0.10053277409491847","21.515948343983396","-1","0.0","0.0","0.0"
"CURVE 1","0.08488905228254004","30.03984127346161","29.552344203878867","0.06586417143617694","0.10049757570769657","21.45454141650826","-1","0.0","0.0","0.0"
"CURVE 1","0.08488905228254004","30.03984127346161","29.552344203878867","0.06593548219595381","0.10046255994198927","21.38663535588759","-1","0.0","0.0","0.0"
"CURVE 1","0.08488905228254004","30.03984127346161","29.552344203878867","0.0660067331731616","0.10042772352398925","21.312224139395905","-1","0.0","0.0","0.0"
"CURVE 1","0.08488905228254004","30.03984127346161","29.552344203878867","0.06607792849564433","0.10039306317988912","21.23130779496938","-1","0.0","0.0","0.0"
"CURVE 1","0.08488905228254004","30.03984127346161","29.552344203878867","0.06614907229124609","0.10035857563588156","21.143892342436487","-1","0.0","0.0","0.0"
"CURVE 1","0.08488905228254004","30.03984127346161","29.552344203878867","0.06622016868781094","0.10032425761815919","21.049989911513816","-1","0.0","0.0","0.0"
"CURVE 1","0.08488905228254004","30.03984127346161","29.552344203878867","0.06629122181318292","0.10029010585291467","20.949618730017946","-1","0.0","0.0","0.0"
"CURVE 1","0.08488905228254004","30.03984127346161","29.552344203878867","0.06636223579520609","0.10025611706634063","20.84280318867963","-1","0.0","0.0","0.0"
"CURVE 1","0.08488905228254004","30.03984127346161","29.552344203878867","0.06643321476172452","0.10022228798462973","20.729573786061486","-1","0.0","0.0","0.0"
"CURVE 1","0.08488905228254004","30.03984127346161","29.552344203878867","0.06650416284058223","0.10018861533397463","20.609967224104597","-1","0.0","0.0","0.0"
"CURVE 1","0.08488905228254004","30.03984127346161","29.552344203878867","0.06657508415962332","0.10015509584056795","20.484026293733884","-1","0.0","0.0","0.0"
"CURVE 1","0.08488905228254004","30.03984127346161","29.552344203878867","0.06664598284669182","0.10012172623060235","20.351799926036204","-1","0.0","0.0","0.0"
"CURVE 1","0.08488905228254004","30.03984127346161","29.552344203878867","0.0667168630296318","0.10008850323027045","20.21334313423876","-1","0.0","0.0","0.0"
"CURVE 1","0.08488905228254004","30.03984127346161","29.552344203878867","0.06678772883628731","0.10005542356576491","20.068716944541094","-1","0.0","0.0","0.0"
"CURVE 1","0.08488905228254004","30.03984127346161","29.552344203878867","0.06685858439450239","0.10002248396327838","19.917988382739573","-1","0.0","0.0","0.0"
"CURVE 1","0.08488905228254004","30.03984127346161","29.552344203878867","0.06692943383212112","0.0999896811490035","19.76123038953416","-1","0.0","0.0","0.0"
"CURVE 1","0.08488905228254004","30.03984127346161","29.552344203878867","0.06700028127698754","0.09995701184913293","19.598521741576977","-1","0.0","0.0","0.0"
"CURVE 1","0.08488905228254004","30.03984127346161","29.552344203878867","0.06707113085694573","0.09992447278985928","19.42994688076089","-1","0.0","0.0","0.0"
"CURVE 1","0.08488905228254004","30.03984127346161","29.552344203878867","0.06714198669983971","0.09989206069737523","19.255596025353686","-1","0.0","0.0","0.0"
"CURVE 1","0.08488905228254004","30.03984127346161","29.552344203878867","0.06721285293351358","0.0998597722978734","19.0755647902129","-1","0.0","0.0","0.0"
"CURVE 1","0.08488905228254004","30.03984127346161","29.552344203878867","0.06728373368581135","0.09982760431754648","18.889954294883648","-1","0.0","0.0","0.0"
"CURVE 1","0.08488905228254004","30.03984127346161","29.552344203878867","0.0673546330845771","0.09979555348258705","18.698870891081405","-1","0.0","0.0","0.0"
"CURVE 1","0.08488905228254004","30.03984127346161","29.552344203878867","0.0674255552576549","0.0997636165191878","18.50242606947129","-1","0.0","0.0","0.0"
"CURVE 1","0.08488905228254004","30.03984127346161","29.552344203878867","0.06749650433288877","0.09973179015354137","18.300736328853915","-1","0.0","0.0","0.0"
"CURVE 1","0.08488905228254004","30.03984127346161","29.552344203878867","0.0675674844381228","0.09970007111184039","18.09392297877322","-1","0.0","0.0","0.0"
"CURVE 1","0.08488905228254004","30.03984127346161","29.552344203878867","0.06763849970120103","0.09966845612027751","17.88211193867971","-1","0.0","0.0","0.0"
"CURVE 1","0.08488905228254004","30.03984127346161","29.552344203878867","0.0677095542499675","0.09963694190504538","17.66543370517037","-1","0.0","0.0","0.0"
"CURVE 1","0.08488905228254004","30.03984127346161","29.552344203878867","0.06778065221226628","0.09960552519233665","17.444023025176218","-1","0.0","0.0","0.0"
"CURVE 1","0.08488905228254004","30.03984127346161","29.552344203878867","0.06785179771594148","0.09957420270834397","17.218018737938838","-1","0.0","0.0","0.0"
"CURVE 1","0.08488905228254004","30.03984127346161","29.552344203878867","0.06792299488883706","0.09954297117925993","16.987563619607158","-1","0.0","0.0","0.0"
"CURVE 1","0.08488905228254004","30.03984127346161","29.552344203878867","0.06799424785879714","0.09951182733127727","16.75280413385812","-1","0.0","0.0","0.0"
"CURVE 1","0.08488905228254004","30.03984127346161","29.552344203878867","0.06806556075366575","0.09948076789058856","16.513890281395962","-1","0.0","0.0","0.0"
"CURVE 1","0.08488905228254004","30.03984127346161","29.552344203878867","0.06813693770128695","0.09944978958338646","16.270975288879136","-1","0.0","0.0","0.0"
"CURVE 1","0.08488905228254004","30.03984127346161","29.552344203878867","0.06820838282950481","0.09941888913586364","16.02421546572559","-1","0.0","0.0","0.0"
"CURVE 1","0.08488905228254004","30.03984127346161","29.552344203878867","0.06827990026616339","0.09938806327421272","15.773769977003203","-1","0.0","0.0","0.0"
"CURVE 1","0.08488905228254004","30.03984127346161","29.552344203878867","0.06835149413910671","0.09935730872462636","15.519800621121398","-1","0.0","0.0","0.0"
"CURVE 1","0.08488905228254004","30.03984127346161","29.552344203878867","0.06842316857617885","0.0993266222132972","15.262471517536232","-1","0.0","0.0","0.0"
"CURVE 1","0.08488905228254004","30.03984127346161","29.552344203878867","0.06849492770522388","0.0992960004664179","15.001948962467477","-1","0.0","0.0","0.0"
"CURVE 1","0.08488905228254004","30.03984127346161","29.552344203878867","0.06856677565408581","0.09926544021018109","14.738401198587002","-1","0.0","0.0","0.0"
"CURVE 1","0.08488905228254004","30.03984127346161","29.552344203878867","0.06863871655060877","0.0992349381707794","14.471998088455377","-1","0.0","0.0","0.0"
"CURVE 1","0.08488905228254004","30.03984127346161","29.552344203878867","0.06871075452263675","0.0992044910744055","14.202910983775622","-1","0.0","0.0","0.0"
"CURVE 1","0.08488905228254004","30.03984127346161","29.552344203878867","0.06878289369801383","0.09917409564725202","13.931312459757422","-1","0.0","0.0","0.0"
"CURVE 1","0.08488905228254004","30.03984127346161","29.552344203878867","0.06885513820458407","0.09914374861551162","13.657375992200699","-1","0.0","0.0","0.0"
"CURVE 1","0.08488905228254004","30.03984127346161","29.552344203878867","0.0689274921701915","0.09911344670537692","13.381275859884543","-1","0.0","0.0","0.0"
"CURVE 1","0.08488905228254004","30.03984127346161","29.552344203878867","0.06899995972268022","0.09908318664304058","13.103186798645655","-1","0.0","0.0","0.0"
"CURVE 1","0.08488905228254004","30.03984127346161","29.552344203878867","0.06907254498989426","0.09905296515469526","12.823283837030509","-1","0.0","0.0","0.0"
"CURVE 1","0.08488905228254004","30.03984127346161","29.552344203878867","0.06914525209967769","0.0990227789665336","12.541742046495001","-1","0.0","0.0","0.0"
"CURVE 1","0.08488905228254004","30.03984127346161","29.552344203878867","0.06921808517987454","0.09899262480474823","12.258736259077917","-1","0.0","0.0","0.0"
"CURVE 1","0.08488905228254004","30.03984127346161","29.552344203878867","0.06929104835832892","0.09896249939553181","11.974440970665775","-1","0.0","0.0","0.0"
"CURVE 1","0.08488905228254004","30.03984127346161","29.552344203878867","0.06936414576288479","0.09893239946507695","11.689030008654937","-1","0.0","0.0","0.0"
"CURVE 1","0.08488905228254004","30.03984127346161","29.552344203878867","0.0694373815213863","0.09890232173957633","11.402676351423336","-1","0.0","0.0","0.0"
"CURVE 1","0.08488905228254004","30.03984127346161","29.552344203878867","0.06951075976167746","0.09887226294522262","11.115551937514443","-1","0.0","0.0","0.0"
"CURVE 1","0.08488905228254004","30.03984127346161","29.552344203878867","0.06958428461160235","0.0988422198082084","10.827827428204102","-1","0.0","0.0","0.0"
"CURVE 1","0.08488905228254004","30.03984127346161","29.552344203878867","0.06965796019900497","0.09881218905472636","10.539672008576078","-1","0.0","0.0","0.0"
"CURVE 1","0.08488905228254004","30.03984127346161","29.552344203878867","0.06973179065172945","0.09878216741096912","10.25125324418988","-1","0.0","0.0","0.0"
"CURVE 1","0.08488905228254004","30.03984127346161","29.552344203878867","0.06980578009761981","0.09875215160312936","9.962736848412627","-1","0.0","0.0","0.0"
"CURVE 1","0.08488905228254004","30.03984127346161","29.552344203878867","0.06987993266452011","0.09872213835739971","9.674286465432697","-1","0.0","0.0","0.0"
"CURVE 1","0.08488905228254004","30.03984127346161","29.552344203878867","0.06995425248027441","0.09869212439997278","9.386063597982254","-1","0.0","0.0","0.0"
"CURVE 1","0.08488905228254004","30.03984127346161","29.552344203878867","0.07002874367272677","0.09866210645704128","9.098227328271657","-1","0.0","0.0","0.0"
"CURVE 1","0.08488905228254004","30.03984127346161","29.552344203878867","0.07010341036972122","0.0986320812547978","8.810934219222458","-1","0.0","0.0","0.0"
"CURVE 1","0.08488905228254004","30.03984127346161","29.552344203878867","0.07017825669910184","0.098602045519435","8.524338179077489","-1","0.0","0.0","0.0"
"CURVE 1","0.08488905228254004","30.03984127346161","29.552344203878867","0.07025328678871269","0.09857199597714553","8.238590222521841","-1","0.0","0.0","0.0"
"CURVE 1","0.08488905228254004","30.03984127346161","29.552344203878867","0.0703285047663978","0.09854192935412204","7.953838432247139","-1","0.0","0.0","0.0"
"CURVE 1","0.08488905228254004","30.03984127346161","29.552344203878867","0.07040391476000127","0.09851184237655716","7.670227831057944","-1","0.0","0.0","0.0"
"CURVE 1","0.08488905228254004","30.03984127346161","29.552344203878867","0.07047952089736712","0.09848173177064355","7.387900107824818","-1","0.0","0.0","0.0"
"CURVE 1","0.08488905228254004","30.03984127346161","29.552344203878867","0.0705553273063394","0.09845159426257385","7.106993693680466","-1","0.0","0.0","0.0"
"CURVE 1","0.08488905228254004","30.03984127346161","29.552344203878867","0.0706313381147622","0.09842142657854071","6.827643549012756","-1","0.0","0.0","0.0"
"CURVE 1","0.08488905228254004","30.03984127346161","29.552344203878867","0.07070755745047955","0.09839122544473676","6.549981057281499","-1","0.0","0.0","0.0"
"CURVE 1","0.08488905228254004","30.03984127346161","29.552344203878867","0.0707839894413355","0.09836098758735469","6.274134016525122","-1","0.0","0.0","0.0"
"CURVE 1","0.08488905228254004","30.03984127346161","29.552344203878867","0.07086063821517413","0.09833070973258706","6.000226457927447","-1","0.0","0.0","0.0"
"CURVE 1","0.08488905228254004","30.03984127346161","29.552344203878867","0.07093750789983949","0.0983003886066266","5.72837863484465","-1","0.0","0.0","0.0"
"CURVE 1","0.08488905228254004","30.03984127346161","29.552344203878867","0.07101460262317565","0.09827002093566592","5.458706912047962","-1","0.0","0.0","0.0"
"CURVE 1","0.08488905228254004","30.03984127346161","29.552344203878867","0.07109192651302663","0.09823960344589766","5.191323774549769","-1","0.0","0.0","0.0"
"CURVE 1","0.08488905228254004","30.03984127346161","29.552344203878867","0.0711694836972365","0.09820913286351447","4.92633766178273","-1","0.0","0.0","0.0"
"CURVE 1","0.08488905228254004","30.03984127346161","29.552344203878867","0.07124727830364933","0.09817860591470899","4.663853047095806","-1","0.0","0.0","0.0"
"CURVE 1","0.08488905228254004","30.03984127346161","29.552344203878867","0.07132531446010915","0.0981480193256739","4.403970354242113","-1","0.0","0.0","0.0"
"CURVE 1","0.08488905228254004","30.03984127346161","29.552344203878867","0.07140359629446003","0.09811736982260177","4.146785849552782","-1","0.0","0.0","0.0"
"CURVE 1","0.08488905228254004","30.03984127346161","29.552344203878867","0.07148212793454604","0.09808665413168532","3.8923917591766872","-1","0.0","0.0","0.0"
"CURVE 1","0.08488905228254004","30.03984127346161","29.552344203878867","0.07156091350821123","0.09805586897911717","3.6408761519234525","-1","0.0","0.0","0.0"
"CURVE 1","0.08488905228254004","30.03984127346161","29.552344203878867","0.07163995714329963","0.09802501109108996","3.3923229673704927","-1","0.0","0.0","0.0"
"CURVE 1","0.08488905228254004","30.03984127346161","29.552344203878867","0.07171926296765531","0.09799407719379634","3.1468120035256897","-1","0.0","0.0","0.0"
"CURVE 1","0.08488905228254004","30.03984127346161","29.552344203878867","0.07179883510912237","0.09796306401342895","2.904418970903443","-1","0.0","0.0","0.0"
"CURVE 1","0.08488905228254004","30.03984127346161","29.552344203878867","0.0718786776955448","0.09793196827618045","2.6652154051831025","-1","0.0","0.0","0.0"
"CURVE 1","0.08488905228254004","30.03984127346161","29.552344203878867","0.0719587948547667","0.09790078670824344","2.429268762036772","-1","0.0","0.0","0.0"
"CURVE 1","0.08488905228254004","30.03984127346161","29.552344203878867","0.0720391907146321","0.09786951603581062","2.196642431545246","-1","0.0","0.0","0.0"
"CURVE 1","0.08488905228254004","30.03984127346161","29.552344203878867","0.07211986940298508","0.09783815298507463","1.9673957620622529","-1","0.0","0.0","0.0"
"CURVE 1","0.08488905228254004","30.03984127346161","29.552344203878867","0.07220083504766966","0.0978066942822281","1.7415840523327102","-1","0.0","0.0","0.0"
"CURVE 1","0.08488905228254004","30.03984127346161","29.552344203878867","0.07228209177652994","0.09777513665346364","1.5192586553043095","-1","0.0","0.0","0.0"
"CURVE 1","0.08488905228254004","30.03984127346161","29.552344203878867","0.07236364371740996","0.09774347682497396","1.3004669808121625","-1","0.0","0.0","0.0"
"CURVE 1","0.08488905228254004","30.03984127346161","29.552344203878867","0.07244549499815377","0.09771171152295165","1.0852525547118257","-1","0.0","0.0","0.0"
"CURVE 1","0.08488905228254004","30.03984127346161","29.552344203878867","0.07252764974660542","0.0976798374735894","0.8736550838410267","-1","0.0","0.0","0.0"
"CURVE 1","0.08488905228254004","30.03984127346161","29.552344203878867","0.07261011209060898","0.09764785140307981","0.6657105095327099","-1","0.0","0.0","0.0"
"CURVE 1","0.08488905228254004","30.03984127346161","29.552344203878867","0.0726928861580085","0.09761575003761558","0.4614510423366696","-1","0.0","0.0","0.0"
"CURVE 1","0.08488905228254004","30.03984127346161","29.552344203878867","0.07277597607664803","0.0975835301033893","0.2609052417760051","-1","0.0","0.0","0.0"
"CURVE 1","0.08488905228254004","30.03984127346161","29.552344203878867","0.07285938597437162","0.09755118832659364","0.06409811572280788","-1","0.0","0.0","0.0"
"CURVE 1","0.08488905228254004","30.03984127346161","29.552344203878867","0.07294311997902335","0.09751872143342126","0.1289488399704726","1","0.0","0.0","0.0"
"CURVE 1","0.08488905228254004","30.03984127346161","29.552344203878867","0.07302718221844727","0.0974861261500648","0.31821758489776203","1","0.0","0.0","0.0"
"CURVE 1","0.08488905228254004","30.03984127346161","29.552344203878867","0.07311157682048741","0.09745339920271687","0.5036933890126445","1","0.0","0.0","0.0"
"CURVE 1","0.08488905228254004","30.03984127346161","29.552344203878867","0.07319630791298787","0.09742053731757015","0.6853648502921896","1","0.0","0.0","0.0"
"CURVE 1","0.08488905228254004","30.03984127346161","29.552344203878867","0.07328137962379266","0.09738753722081728","0.8632237458090068","1","0.0","0.0","0.0"
"CURVE 1","0.08488905228254004","30.03984127346161","29.552344203878867","0.07336679608074587","0.09735439563865092","1.0372649333170523","1","0.0","0.0","0.0"
"CURVE 1","0.08488905228254004","30.03984127346161","29.552344203878867","0.07345256141169156","0.09732110929726367","1.207486342958944","1","0.0","0.0","0.0"
"CURVE 1","0.08488905228254004","30.03984127346161","29.552344203878867","0.07353867974447374","0.09728767492284823","1.373888810146773","1","0.0","0.0","0.0"
"CURVE 1","0.08488905228254004","30.03984127346161","29.552344203878867","0.07362515520693651","0.09725408924159719","1.5364760266899977","1","0.0","0.0","0.0"
"CURVE 1","0.08488905228254004","30.03984127346161","29.552344203878867","0.07371199192692392","0.09722034897970323","1.6952544759043033","1","0.0","0.0","0.0"
"CURVE 1","0.08488905228254004","30.03984127346161","29.552344203878867","0.07379919403228001","0.09718645086335899","1.8502332775019452","1","0.0","0.0","0.0"
"CURVE 1","0.08488905228254004","30.03984127346161","29.552344203878867","0.07388676565084884","0.0971523916187571","2.001424166867053","1","0.0","0.0","0.0"
"CURVE 1","0.08488905228254004","30.03984127346161","29.552344203878867","0.07397471091047449","0.09711816797209023","2.148841344675021","1","0.0","0.0","0.0"
"CURVE 1","0.08488905228254004","30.03984127346161","29.552344203878867","0.07406303393900099","0.09708377664955102","2.292501437197297","1","0.0","0.0","0.0"
"CURVE 1","0.08488905228254004","30.03984127346161","29.552344203878867","0.0741517388642724","0.09704921437733209","2.432423353671888","1","0.0","0.0","0.0"
"CURVE 1","0.08488905228254004","30.03984127346161","29.552344203878867","0.07424082981413278","0.09701447788162612","2.5686282653239614","1","0.0","0.0","0.0"
"CURVE 1","0.08488905228254004","30.03984127346161","29.552344203878867","0.07433031091642618","0.09697956388862573","2.701139396867301","1","0.0","0.0","0.0"
"CURVE 1","0.08488905228254004","30.03984127346161","29.552344203878867","0.07442018629899667","0.09694446912452358","2.8299820922967243","1","0.0","0.0","0.0"
"CURVE 1","0.08488905228254004","30.03984127346161","29.552344203878867","0.07451046008968829","0.09690919031551229","2.955183606810842","1","0.0","0.0","0.0"
"CURVE 1","0.08488905228254004","30.03984127346161","29.552344203878867","0.0746011364163451","0.09687372418778452","3.0767730388432164","1","0.0","0.0","0.0"
"CURVE 1","0.08488905228254004","30.03984127346161","29.552344203878867","0.07469221940681116","0.09683806746753294","3.1947812719071402","1","0.0","0.0","0.0"
"CURVE 1","0.08488905228254004","30.03984127346161","29.552344203878867","0.07478371318893054","0.09680221688095017","3.309240861024458","1","0.0","0.0","0.0"
"CURVE 1","0.08488905228254004","30.03984127346161","29.552344203878867","0.07487562189054726","0.09676616915422885","3.4201859702945634","1","0.0","0.0","0.0"
"CURVE 1","0.08488905228254004","30.03984127346161","29.552344203878867","0.07496795153736474","0.09672992381290417","1.5296022161695118","1","0.0","0.0","0.0"
"CURVE 1","0.08488905228254004","30.03984127346161","29.552344203878867","0.07506071574652373","0.09669349157988134","0.3172415401934866","-1","0.0","0.0","0.0"
"CURVE 1","0.08488905228254004","30.03984127346161","29.552344203878867","0.07515393003302427","0.09665688597740817","2.11989915426695","-1","0.0","0.0","0.0"
"CURVE 1","0.08488905228254004","30.03984127346161","29.552344203878867","0.07524760991186645","0.09662012052773243","3.877995216327883","-1","0.0","0.0","0.0"
"CURVE 1","0.08488905228254004","30.03984127346161","29.552344203878867","0.07534177089805033","0.09658320875310185","5.591220720917276","-1","0.0","0.0","0.0"
"CURVE 1","0.08488905228254004","30.03984127346161","29.552344203878867","0.07543642850657599","0.09654616417576424","7.259329133221636","-1","0.0","0.0","0.0"
"CURVE 1","0.08488905228254004","30.03984127346161","29.552344203878867","0.07553159825244352","0.09650900031796734","8.882132578520352","-1","0.0","0.0","0.0"
"CURVE 1","0.08488905228254004","30.03984127346161","29.552344203878867","0.07562729565065297","0.09647173070195895","10.45949833361274","-1","0.0","0.0","0.0"
"CURVE 1","0.08488905228254004","30.03984127346161","29.552344203878867","0.07572353621620442","0.09643436884998681","11.991345527620068","-1","0.0","0.0","0.0"
"CURVE 1","0.08488905228254004","30.03984127346161","29.552344203878867","0.07582033546409796","0.09639692828429873","13.477642152009269","-1","0.0","0.0","0.0"
"CURVE 1","0.08488905228254004","30.03984127346161","29.552344203878867","0.07591770890933362","0.09635942252714241","14.91840208907173","-1","0.0","0.0","0.0"
"CURVE 1","0.08488905228254004","30.03984127346161","29.552344203878867","0.07601567206691152","0.09632186510076571","16.313682646552063","-1","0.0","0.0","0.0"
"CURVE 1","0.08488905228254004","30.03984127346161","29.552344203878867","0.07611424045183171","0.09628426952741631","17.663582039181538","-1","0.0","0.0","0.0"
"CURVE 1","0.08488905228254004","30.03984127346161","29.552344203878867","0.07621342957909427","0.09624664932934207","18.968237224791263","-1","0.0","0.0","0.0"
"CURVE 1","0.08488905228254004","30.03984127346161","29.552344203878867","0.07631325496369926","0.09620901802879069","20.227821829430592","-1","0.0","0.0","0.0"
"CURVE 1","0.08488905228254004","30.03984127346161","29.552344203878867","0.07641373212064675","0.09617138914800995","21.442544333899022","-1","0.0","0.0","0.0"
"CURVE 1","0.08488905228254004","30.03984127346161","29.552344203878867","0.07651487656493686","0.09613377620924766","22.612646297889896","-1","0.0","0.0","0.0"
"CURVE 1","0.08488905228254004","30.03984127346161","29.552344203878867","0.07661670381156958","0.09609619273475156","23.738400875453014","-1","0.0","0.0","0.0"
"CURVE 1","0.08488905228254004","30.03984127346161","29.552344203878867","0.07671922937554505","0.09605865224676939","24.82011133353694","-1","0.0","0.0","0.0"
"CURVE 1","0.08488905228254004","30.03984127346161","29.552344203878867","0.07682246877186334","0.09602116826754897","25.85810979091648","-1","0.0","0.0","0.0"
"CURVE 1","0.08488905228254004","30.03984127346161","29.552344203878867","0.0769264375155245","0.09598375431933806","26.85275599285382","-1","0.0","0.0","0.0"
"CURVE 1","0.08488905228254004","30.03984127346161","29.552344203878867","0.0770311511215286","0.09594642392438442","27.80443627440016","-1","0.0","0.0","0.0"
"CURVE 1","0.08488905228254004","30.03984127346161","29.552344203878867","0.0771366251048757","0.09590919060493583","28.713562469476877","-1","0.0","0.0","0.0"
"CURVE 1","0.08488905228254004","30.03984127346161","29.552344203878867","0.07724287498056592","0.09587206788324006","29.580571066078214","-1","0.0","0.0","0.0"
"CURVE 1","0.08488905228254004","30.03984127346161","29.552344203878867","0.07734991626359929","0.09583506928154484","30.40592228332462","-1","0.0","0.0","0.0"
"CURVE 1","0.08488905228254004","30.03984127346161","29.552344203878867","0.07745776446897591","0.095798208322098","31.19009929379625","-1","0.0","0.0","0.0"
"CURVE 1","0.08488905228254004","30.03984127346161","29.552344203878867","0.07756643511169585","0.09576149852714727","31.933607418534432","-1","0.0","0.0","0.0"
"CURVE 1","0.08488905228254004","30.03984127346161","29.552344203878867","0.07767594370675918","0.09572495341894043","32.63697344648241","-1","0.0","0.0","0.0"
"CURVE 1","0.08488905228254004","30.03984127346161","29.552344203878867","0.07778630576916595","0.09568858651972528","33.30074485753281","-1","0.0","0.0","0.0"
"CURVE 1","0.08488905228254004","30.03984127346161","29.552344203878867","0.07789753681391624","0.09565241135174955","33.92548920381006","-1","0.0","0.0","0.0"
"CURVE 1","0.08488905228254004","30.03984127346161","29.552344203878867","0.07800965235601016","0.09561644143726102","34.51179336154273","-1","0.0","0.0","0.0"
"CURVE 1","0.08488905228254004","30.03984127346161","29.552344203878867","0.07812266791044777","0.09558069029850745","35.0602629357033","-1","0.0","0.0","0.0"
"CURVE 1","0.08488905228254004","30.03984127346161","29.552344203878867","0.07823659899222911","0.09554517145773662","35.571521481465005","-1","0.0","0.0","0.0"
"CURVE 1","0.08488905228254004","30.03984127346161","29.552344203878867","0.07835146111635427","0.09550989843719632","36.04620990726073","-1","0.0","0.0","0.0"
"CURVE 1","0.08488905228254004","30.03984127346161","29.552344203878867","0.07846726979782333","0.0954748847591343","36.48498572203497","-1","0.0","0.0","0.0"
"CURVE 1","0.08488905228254004","30.03984127346161","29.552344203878867","0.07858404055163636","0.09544014394579833","36.888522342837014","-1","0.0","0.0","0.0"
"CURVE 1","0.08488905228254004","30.03984127346161","29.552344203878867","0.07870178889279342","0.09540568951943618","37.2575083475219","-1","0.0","0.0","0.0"
"CURVE 1","0.08488905228254004","30.03984127346161","29.552344203878867","0.07882053033629462","0.09537153500229563","37.592646728366496","-1","0.0","0.0","0.0"
"CURVE 1","0.08488905228254004","30.03984127346161","29.552344203878867","0.07894028039713999","0.09533769391662443","37.89465407783957","-1","0.0","0.0","0.0"
"CURVE 1","0.08488905228254004","30.03984127346161","29.552344203878867","0.07906105459032961","0.09530417978467039","38.16425983547278","-1","0.0","0.0","0.0"
"CURVE 1","0.08488905228254004","30.03984127346161","29.552344203878867","0.07918286843086357","0.09527100612868122","38.40220538144658","-1","0.0","0.0","0.0"
"CURVE 1","0.08488905228254004","30.03984127346161","29.552344203878867","0.07930573743374193","0.09523818647090475","38.60924323246321","-1","0.0","0.0","0.0"
"CURVE 1","0.08488905228254004","30.03984127346161","29.552344203878867","0.07942967711396477","0.09520573433358871","38.786136115549695","-1","0.0","0.0","0.0"
"CURVE 1","0.08488905228254004","30.03984127346161","29.552344203878867","0.07955470298653218","0.09517366323898087","38.933656067848986","-1","0.0","0.0","0.0"
"CURVE 1","0.08488905228254004","30.03984127346161","29.552344203878867","0.07968083056644422","0.09514198670932902","39.052583483206185","-1","0.0","0.0","0.0"
"CURVE 1","0.08488905228254004","30.03984127346161","29.552344203878867","0.07980807536870094","0.09511071826688092","39.14370617223122","-1","0.0","0.0","0.0"
"CURVE 1","0.08488905228254004","30.03984127346161","29.552344203878867","0.07993645290830241","0.09507987143388434","39.20781833911279","-1","0.0","0.0","0.0"
"CURVE 1","0.08488905228254004","30.03984127346161","29.552344203878867","0.08006597870024877","0.09504945973258705","39.24571962555745","-1","0.0","0.0","0.0"
"CURVE 1","0.08488905228254004","30.03984127346161","29.552344203878867","0.08019666825954003","0.09501949668523682","39.258214044705866","-1","0.0","0.0","0.0"
"CURVE 1","0.08488905228254004","30.03984127346161","29.552344203878867","0.08032853710117625","0.09498999581408143","39.24610899655989","-1","0.0","0.0","0.0"
"CURVE 1","0.08488905228254004","30.03984127346161","29.552344203878867","0.08046160074015757","0.09496097064136864","39.21021418739608","-1","0.0","0.0","0.0"
"CURVE 1","0.08488905228254004","30.03984127346161","29.552344203878867","0.080595874691484","0.09493243468934623","39.151340624758284","-1","0.0","0.0","0.0"
"CURVE 1","0.08488905228254004","30.03984127346161","29.552344203878867","0.08073137447015565","0.09490440148026195","39.07029953132846","-1","0.0","0.0","0.0"
"CURVE 1","0.08488905228254004","30.03984127346161","29.552344203878867","0.08086811559117257","0.09487688453636357","38.96790133838884","-1","0.0","0.0","0.0"
"CURVE 1","0.08488905228254004","30.03984127346161","29.552344203878867","0.08100611356953485","0.0948498973798989","38.844954612216355","-1","0.0","0.0","0.0"
"CURVE 1","0.08488905228254004","30.03984127346161","29.552344203878867","0.08114538392024255","0.09482345353311566","38.70226505608112","-1","0.0","0.0","0.0"
"CURVE 1","0.08488905228254004","30.03984127346161","29.552344203878867","0.08128594215829575","0.09479756651826167","38.540634465033236","-1","0.0","0.0","0.0"
"CURVE 1","0.08488905228254004","30.03984127346161","29.552344203878867","0.08142780379869453","0.09477224985758463","38.360859756595715","-1","0.0","0.0","0.0"
"CURVE 1","0.08488905228254004","30.03984127346161","29.552344203878867","0.08157098435643895","0.09474751707333236","38.16373195859781","-1","0.0","0.0","0.0"
"CURVE 1","0.08488905228254004","30.03984127346161","29.552344203878867","0.08171549934652907","0.09472338168775264","37.95003527593324","-1","0.0","0.0","0.0"
"CURVE 1","0.08488905228254004","30.03984127346161","29.552344203878867","0.08186136428396501","0.09469985722309321","37.72054616250045","-1","0.0","0.0","0.0"
"CURVE 1","0.08488905228254004","30.03984127346161","29.552344203878867","0.0820085946837468","0.09467695720160184","37.47603241825892","-1","0.0","0.0","0.0"
"CURVE 1","0.08488905228254004","30.03984127346161","29.552344203878867","0.08215720606087452","0.09465469514552632","37.217252308717754","-1","0.0","0.0","0.0"
"CURVE 1","0.08488905228254004","30.03984127346161","29.552344203878867","0.08230721393034826","0.09463308457711442","36.94495377190519","-1","0.0","0.0","0.0"
"CURVE 1","0.08488905228254004","30.03984127346161","29.552344203878867","0.08245863380716807","0.0946121390186139","36.65987358506385","-1","0.0","0.0","0.0"
"CURVE 1","0.08488905228254004","30.03984127346161","29.552344203878867","0.08261148120633405","0.09459187199227252","36.362736655733045","-1","0.0","0.0","0.0"
"CURVE 1","0.08488905228254004","30.03984127346161","29.552344203878867","0.08276577164284624","0.09457229702033806","36.05425527145172","-1","0.0","0.0","0.0"
"CURVE 1","0.08488905228254004","30.03984127346161","29.552344203878867","0.08292152063170474","0.09455342762505829","35.7351284772831","-1","0.0","0.0","0.0"
"CURVE 1","0.08488905228254004","30.03984127346161","29.552344203878867","0.08307874368790963","0.09453527732868097","35.40604142188149","-1","0.0","0.0","0.0"
"CURVE 1","0.08488905228254004","30.03984127346161","29.552344203878867","0.08323745632646094","0.0945178596534539","35.06766480241114","-1","0.0","0.0","0.0"
"CURVE 1","0.08488905228254004","30.03984127346161","29.552344203878867","0.08339767406235879","0.09450118812162484","34.72065433873375","-1","0.0","0.0","0.0"
"CURVE 1","0.08488905228254004","30.03984127346161","29.552344203878867","0.08355941241060322","0.09448527625544152","34.365650298967005","-1","0.0","0.0","0.0"
"CURVE 1","0.08488905228254004","30.03984127346161","29.552344203878867","0.08372268688619433","0.09447013757715175","34.0032770485127","-1","0.0","0.0","0.0"
"CURVE 1","0.08488905228254004","30.03984127346161","29.552344203878867","0.08388751300413216","0.09445578560900329","33.63414270301149","-1","0.0","0.0","0.0"
"CURVE 1","0.08488905228254004","30.03984127346161","29.552344203878867","0.0840539062794168","0.09444223387324392","33.25883875898927","-1","0.0","0.0","0.0"
"CURVE 1","0.08488905228254004","30.03984127346161","29.552344203878867","0.08422188222704834","0.09442949589212139","32.87793984397097","-1","0.0","0.0","0.0"
"CURVE 1","0.08488905228254004","30.03984127346161","29.552344203878867","0.08439145636202683","0.09441758518788348","32.49200344687287","-1","0.0","0.0","0.0"
"CURVE 1","0.08488905228254004","30.03984127346161","29.552344203878867","0.08456264419935235","0.09440651528277798","32.10156974134769","-1","0.0","0.0","0.0"
"CURVE 1","0.08488905228254004","30.03984127346161","29.552344203878867","0.08473546125402498","0.09439629969905264","31.707161440777178","-1","0.0","0.0","0.0"
"CURVE 1","0.08488905228254004","30.03984127346161","29.552344203878867","0.08490992304104478","0.0943869519589552","31.309283689349527","-1","0.0","0.0","0.0"
"CURVE 1","0.08488905228254004","30.03984127346161","29.552344203878867","0.08508604507541181","0.09437848558473348","30.908423992350333","-1","0.0","0.0","0.0"
"CURVE 1","0.08488905228254004","30.03984127346161","29.552344203878867","0.08526384287212618","0.09437091409863523","30.505052219156894","-1","0.0","0.0","0.0"
"CURVE 1","0.08488905228254004","30.03984127346161","29.552344203878867","0.08544333194618793","0.09436425102290821","30.09962059385974","-1","0.0","0.0","0.0"
"CURVE 1","0.08488905228254004","30.03984127346161","29.552344203878867","0.08562452781259716","0.09435850987980021","29.692563783274952","-1","0.0","0.0","0.0"
"CURVE 1","0.08488905228254004","30.03984127346161","29.552344203878867","0.08580744598635394","0.09435370419155899","29.28429895945143","-1","0.0","0.0","0.0"
"CURVE 1","0.08488905228254004","30.03984127346161","29.552344203878867","0.08599210198245831","0.0943498474804323","28.875225955752065","-1","0.0","0.0","0.0"
"CURVE 1","0.08488905228254004","30.03984127346161","29.552344203878867","0.08617851131591038","0.09434695326866795","28.46572740061067","-1","0.0","0.0","0.0"
"CURVE 1","0.08488905228254004","30.03984127346161","29.552344203878867","0.0863666895017102","0.09434503507851368","28.05616892333668","-1","0.0","0.0","0.0"
"CURVE 1","0.08488905228254004","30.03984127346161","29.552344203878867","0.08655665205485785","0.09434410643221726","27.646899369389345","-1","0.0","0.0","0.0"
"CURVE 1","0.08488905228254004","30.03984127346161","29.552344203878867","0.0867484144903534","0.09434418085202649","27.238251036491302","-1","0.0","0.0","0.0"
"CURVE 1","0.08488905228254004","30.03984127346161","29.552344203878867","0.08694199232319694","0.09434527186018911","26.830539947484958","-1","0.0","0.0","0.0"
"CURVE 1","0.08488905228254004","30.03984127346161","29.552344203878867","0.08713740106838853","0.09434739297895288","26.42406614722373","-1","0.0","0.0","0.0"
"CURVE 1","0.08488905228254004","30.03984127346161","29.552344203878867","0.08733465624092823","0.0943505577305656","26.019113995105073","-1","0.0","0.0","0.0"
"CURVE 1","0.08488905228254004","30.03984127346161","29.552344203878867","0.08753377335581612","0.09435477963727504","25.615952498322066","-1","0.0","0.0","0.0"
"CURVE 1","0.08488905228254004","30.03984127346161","29.552344203878867","0.08773476792805229","0.09436007222132893","25.214835674515953","-1","0.0","0.0","0.0"
"CURVE 1","0.08488905228254004","30.03984127346161","29.552344203878867","0.08793765547263681","0.09436644900497511","24.816002881239875","-1","0.0","0.0","0.0"
"CURVE 1","0.08488905228254004","30.03984127346161","29.552344203878867","0.08814245150456973","0.09437392351046128","24.41967920587484","-1","0.0","0.0","0.0"
"CURVE 1","0.08488905228254004","30.03984127346161","29.552344203878867","0.08834917153885115","0.09438250926003526","24.026075836001805","-1","0.0","0.0","0.0"
"CURVE 1","0.08488905228254004","30.03984127346161","29.552344203878867","0.08855783109048111","0.09439221977594478","23.635390455563744","-1","0.0","0.0","0.0"
"CURVE 1","0.08488905228254004","30.03984127346161","29.552344203878867","0.08876844567445973","0.09440306858043764","23.247807643744764","-1","0.0","0.0","0.0"
"CURVE 1","0.08488905228254004","30.03984127346161","29.552344203878867","0.08898103080578705","0.09441506919576159","22.863499264176504","-1","0.0","0.0","0.0"
"CURVE 1","0.08488905228254004","30.03984127346161","29.552344203878867","0.08919560199946312","0.09442823514416442","22.482624892886584","-1","0.0","0.0","0.0"
"CURVE 1","0.08488905228254004","30.03984127346161","29.552344203878867","0.08941217477048807","0.09444257994789387","22.105332207529088","-1","0.0","0.0","0.0"
"CURVE 1","0.08488905228254004","30.03984127346161","29.552344203878867","0.08963076463386194","0.09445811712919774","21.7317574175849","-1","0.0","0.0","0.0"
"CURVE 1","0.08488905228254004","30.03984127346161","29.552344203878867","0.0898513871045848","0.0944748602103238","21.36202565820367","-1","0.0","0.0","0.0"
"CURVE 1","0.08488905228254004","30.03984127346161","29.552344203878867","0.09007405769765674","0.09449282271351979","20.996251413698587","-1","0.0","0.0","0.0"
"CURVE 1","0.08488905228254004","30.03984127346161","29.552344203878867","0.09029879192807781","0.09451201816103351","20.63453892508654","-1","0.0","0.0","0.0"
"CURVE 1","0.08488905228254004","30.03984127346161","29.552344203878867","0.0905256053108481","0.0945324600751127","20.27698258727467","-1","0.0","0.0","0.0"
"CURVE 1","0.08488905228254004","30.03984127346161","29.552344203878867","0.09075451336096768","0.09455416197800517","19.923667360348496","-1","0.0","0.0","0.0"
"CURVE 1","0.08488905228254004","30.03984127346161","29.552344203878867","0.09098553159343663","0.09457713739195867","19.574669165577593","-1","0.0","0.0","0.0"
"CURVE 1","0.08488905228254004","30.03984127346161","29.552344203878867","0.091218675523255","0.09460139983922093","19.23005526698371","-1","0.0","0.0","0.0"
"CURVE 1","0.08488905228254004","30.03984127346161","29.552344203878867","0.09145396066542287","0.0946269628420398","18.8898846738809","-1","0.0","0.0","0.0"
"CURVE 1","0.08488905228254004","30.03984127346161","29.552344203878867","0.09169140253494032","0.09465383992266298","18.554208501496575","-1","0.0","0.0","0.0"
"CURVE 1","0.08488905228254004","30.03984127346161","29.552344203878867","0.09193101664680745","0.09468204460333829","18.223070354865317","-1","0.0","0.0","0.0"
"CURVE 1","0.08488905228254004","30.03984127346161","29.552344203878867","0.0921728185160243","0.09471159040631347","17.89650668739183","-1","0.0","0.0","0.0"
"CURVE 1","0.08488905228254004","30.03984127346161","29.552344203878867","0.09241682365759095","0.09474249085383628","17.57454715589783","-1","0.0","0.0","0.0"
"CURVE 1","0.08488905228254004","30.03984127346161","29.552344203878867","0.09266304758650748","0.09477475946815452","17.257214967484327","-1","0.0","0.0","0.0"
"CURVE 1","0.08488905228254004","30.03984127346161","29.552344203878867","0.09291150581777394","0.09480840977151596","16.94452721604698","-1","0.0","0.0","0.0"
"CURVE 1","0.08488905228254004","30.03984127346161","29.552344203878867","0.0931622138663904","0.09484345528616833","16.636495209755353","-1","0.0","0.0","0.0"
"CURVE 1","0.08488905228254004","30.03984127346161","29.552344203878867","0.09341518724735695","0.09487990953435946","16.33312479587535","-1","0.0","0.0","0.0"
"CURVE 1","0.08488905228254004","30.03984127346161","29.552344203878867","0.09367044147567367","0.09491778603833707","16.03441665735076","-1","0.0","0.0","0.0"
"CURVE 1","0.08488905228254004","30.03984127346161","29.552344203878867","0.09392799206634066","0.09495709832034895","15.740366622720499","-1","0.0","0.0","0.0"
"CURVE 1","0.08488905228254004","30.03984127346161","29.552344203878867","0.09418785453435792","0.09499785990264287","15.450965953110819","-1","0.0","0.0","0.0"
"CURVE 1","0.08488905228254004","30.03984127346161","29.552344203878867","0.09445004439472558","0.09504008430746658","15.166201618204065","-1","0.0","0.0","0.0"
"CURVE 1","0.08488905228254004","30.03984127346161","29.552344203878867","0.09471457716244369","0.09508378505706787","14.886056569650583","-1","0.0","0.0","0.0"
"CURVE 1","0.08488905228254004","30.03984127346161","29.552344203878867","0.09498146835251234","0.09512897567369454","14.610509999530379","-1","0.0","0.0","0.0"
"CURVE 1","0.08488905228254004","30.03984127346161","29.552344203878867","0.09525073347993157","0.09517566967959427","14.339537588442123","-1","0.0","0.0","0.0"
