"Curve Name","Curve Length (um)","Average Curvature (um-1)","Curvature Std (um-1)","X-Coordinate (um)","Y-Coordinate (um)","Point Curvature (um-1)","Point Curvature Sign","Red Intensity","Green Intensity","Blue Intensity"
"CURVE 1","0.08517831998419016","30.944584111045124","24.803596894417325","0.02208955223880597","0.11641791044776119","36.26055426025479","1","0.0","0.0","0.0"
"CURVE 1","0.08517831998419016","30.944584111045124","24.803596894417325","0.022264349045445074","0.11663242319923134","37.44724149473472","1","0.0","0.0","0.0"
"CURVE 1","0.08517831998419016","30.944584111045124","24.803596894417325","0.022438923660202406","0.11684221704207842","38.66957962617614","1","0.0","0.0","0.0"
"CURVE 1","0.08517831998419016","30.944584111045124","24.803596894417325","0.0226132725245917","0.11704732834403195","39.92794913192774","1","0.0","0.0","0.0"
"CURVE 1","0.08517831998419016","30.944584111045124","24.803596894417325","0.022787392080126707","0.11724779347282142","41.222649886388936","1","0.0","0.0","0.0"
"CURVE 1","0.08517831998419016","30.944584111045124","24.803596894417325","0.022961278768321172","0.11744364879617641","42.55389115420208","1","0.0","0.0","0.0"
"CURVE 1","0.08517831998419016","30.944584111045124","24.803596894417325","0.02313492903068884","0.11763493068182646","43.92178100752335","1","0.0","0.0","0.0"
"CURVE 1","0.08517831998419016","30.944584111045124","24.803596894417325","0.023308339308743452","0.11782167549750104","45.326315209604104","1","0.0","0.0","0.0"
"CURVE 1","0.08517831998419016","30.944584111045124","24.803596894417325","0.023481506043998752","0.11800391961092972","46.76736562277601","1","0.0","0.0","0.0"
"CURVE 1","0.08517831998419016","30.944584111045124","24.803596894417325","0.02365442567796849","0.11818169938984201","48.24466815896098","1","0.0","0.0","0.0"
"CURVE 1","0.08517831998419016","30.944584111045124","24.803596894417325","0.023827094652166408","0.11835505120196746","49.75781038860239","1","0.0","0.0","0.0"
"CURVE 1","0.08517831998419016","30.944584111045124","24.803596894417325","0.023999509408106256","0.11852401141503556","51.306218872429405","1","0.0","0.0","0.0"
"CURVE 1","0.08517831998419016","30.944584111045124","24.803596894417325","0.02417166638730177","0.11868861639677587","52.889146321695804","1","0.0","0.0","0.0"
"CURVE 1","0.08517831998419016","30.944584111045124","24.803596894417325","0.024343562031266697","0.1188489025149179","54.50565871862725","1","0.0","0.0","0.0"
"CURVE 1","0.08517831998419016","30.944584111045124","24.803596894417325","0.024515192781514785","0.11900490613719122","56.154622559117755","1","0.0","0.0","0.0"
"CURVE 1","0.08517831998419016","30.944584111045124","24.803596894417325","0.02468655507955978","0.11915666363132534","57.834692360679476","1","0.0","0.0","0.0"
"CURVE 1","0.08517831998419016","30.944584111045124","24.803596894417325","0.02485764536691542","0.11930421136504975","59.54429864102204","1","0.0","0.0","0.0"
"CURVE 1","0.08517831998419016","30.944584111045124","24.803596894417325","0.025028460085095454","0.11944758570609401","61.28163657478067","1","0.0","0.0","0.0"
"CURVE 1","0.08517831998419016","30.944584111045124","24.803596894417325","0.025198995675613633","0.11958682302218765","63.044655561036805","1","0.0","0.0","0.0"
"CURVE 1","0.08517831998419016","30.944584111045124","24.803596894417325","0.025369248579983687","0.11972195968106018","64.8310499380779","1","0.0","0.0","0.0"
"CURVE 1","0.08517831998419016","30.944584111045124","24.803596894417325","0.02553921523971937","0.11985303205044116","66.63825114451849","1","0.0","0.0","0.0"
"CURVE 1","0.08517831998419016","30.944584111045124","24.803596894417325","0.025708892096334424","0.11998007649806008","68.46342154402555","1","0.0","0.0","0.0"
"CURVE 1","0.08517831998419016","30.944584111045124","24.803596894417325","0.0258782755913426","0.12010312939164651","70.30345028926928","1","0.0","0.0","0.0"
"CURVE 1","0.08517831998419016","30.944584111045124","24.803596894417325","0.026047362166257637","0.12022222709892993","72.1549514112885","1","0.0","0.0","0.0"
"CURVE 1","0.08517831998419016","30.944584111045124","24.803596894417325","0.02621614826259328","0.12033740598763992","74.01426452111644","1","0.0","0.0","0.0"
"CURVE 1","0.08517831998419016","30.944584111045124","24.803596894417325","0.026384630321863275","0.12044870242550598","75.87745833136297","1","0.0","0.0","0.0"
"CURVE 1","0.08517831998419016","30.944584111045124","24.803596894417325","0.026552804785581367","0.12055615278025765","77.74033729330962","1","0.0","0.0","0.0"
"CURVE 1","0.08517831998419016","30.944584111045124","24.803596894417325","0.026720668095261302","0.12065979341962445","79.59845157946133","1","0.0","0.0","0.0"
"CURVE 1","0.08517831998419016","30.944584111045124","24.803596894417325","0.026888216692416818","0.1207596607113359","81.44711060275377","1","0.0","0.0","0.0"
"CURVE 1","0.08517831998419016","30.944584111045124","24.803596894417325","0.02705544701856167","0.12085579102312154","83.28140023812752","1","0.0","0.0","0.0"
"CURVE 1","0.08517831998419016","30.944584111045124","24.803596894417325","0.027222355515209594","0.12094822072271091","85.09620384148647","1","0.0","0.0","0.0"
"CURVE 1","0.08517831998419016","30.944584111045124","24.803596894417325","0.02738893862387434","0.12103698617783352","86.88622710105983","1","0.0","0.0","0.0"
"CURVE 1","0.08517831998419016","30.944584111045124","24.803596894417325","0.027555192786069646","0.12112212375621892","88.6460266901746","1","0.0","0.0","0.0"
"CURVE 1","0.08517831998419016","30.944584111045124","24.803596894417325","0.02772111444330927","0.12120366982559659","90.37004262926523","1","0.0","0.0","0.0"
"CURVE 1","0.08517831998419016","30.944584111045124","24.803596894417325","0.027886700037106943","0.12128166075369612","92.05263409528891","1","0.0","0.0","0.0"
"CURVE 1","0.08517831998419016","30.944584111045124","24.803596894417325","0.02805194600897641","0.12135613290824701","93.68811848883341","1","0.0","0.0","0.0"
"CURVE 1","0.08517831998419016","30.944584111045124","24.803596894417325","0.028216848800431432","0.12142712265697879","95.27081329499305","1","0.0","0.0","0.0"
"CURVE 1","0.08517831998419016","30.944584111045124","24.803596894417325","0.02838140485298574","0.12149466636762096","96.79508031094149","1","0.0","0.0","0.0"
"CURVE 1","0.08517831998419016","30.944584111045124","24.803596894417325","0.028545610608153076","0.12155880040790311","98.25537172355642","1","0.0","0.0","0.0"
"CURVE 1","0.08517831998419016","30.944584111045124","24.803596894417325","0.0287094625074472","0.12161956114555474","99.64627736320482","1","0.0","0.0","0.0"
"CURVE 1","0.08517831998419016","30.944584111045124","24.803596894417325","0.028872956992381838","0.12167698494830535","100.96257248547903","1","0.0","0.0","0.0"
"CURVE 1","0.08517831998419016","30.944584111045124","24.803596894417325","0.029036090504470747","0.12173110818388451","102.19926530974774","1","0.0","0.0","0.0"
"CURVE 1","0.08517831998419016","30.944584111045124","24.803596894417325","0.029198859485227664","0.12178196722002173","103.35164360577994","1","0.0","0.0","0.0"
"CURVE 1","0.08517831998419016","30.944584111045124","24.803596894417325","0.02936126037616634","0.12182959842444654","104.41531945901747","1","0.0","0.0","0.0"
"CURVE 1","0.08517831998419016","30.944584111045124","24.803596894417325","0.029523289618800522","0.12187403816488847","105.38627150570132","1","0.0","0.0","0.0"
"CURVE 1","0.08517831998419016","30.944584111045124","24.803596894417325","0.029684943654643945","0.12191532280907703","106.2608838579177","1","0.0","0.0","0.0"
"CURVE 1","0.08517831998419016","30.944584111045124","24.803596894417325","0.029846218925210367","0.1219534887247418","107.03598098046487","1","0.0","0.0","0.0"
"CURVE 1","0.08517831998419016","30.944584111045124","24.803596894417325","0.030007111872013523","0.12198857227961223","107.70885793373134","1","0.0","0.0","0.0"
"CURVE 1","0.08517831998419016","30.944584111045124","24.803596894417325","0.03016761893656716","0.12202060984141792","108.27730538404592","1","1.0","1.0","1.0"
"CURVE 1","0.08517831998419016","30.944584111045124","24.803596894417325","0.03032773656038502","0.12204963777788837","108.7396289662795","1","1.0","1.0","1.0"
"CURVE 1","0.08517831998419016","30.944584111045124","24.803596894417325","0.030487461184980854","0.12207569245675311","109.09466262695312","1","1.0","1.0","1.0"
"CURVE 1","0.08517831998419016","30.944584111045124","24.803596894417325","0.030646789251868402","0.12209881024574167","109.34177577276479","1","1.0","1.0","1.0"
"CURVE 1","0.08517831998419016","30.944584111045124","24.803596894417325","0.03080571720256141","0.12211902751258358","109.48087412325664","1","1.0","1.0","1.0"
"CURVE 1","0.08517831998419016","30.944584111045124","24.803596894417325","0.030964241478573618","0.12213638062500835","109.51239434235706","1","1.0","1.0","1.0"
"CURVE 1","0.08517831998419016","30.944584111045124","24.803596894417325","0.031122358521418782","0.12215090595074554","109.43729258879749","1","1.0","1.0","1.0"
"CURVE 1","0.08517831998419016","30.944584111045124","24.803596894417325","0.03128006477261064","0.12216263985752465","109.25702736390244","1","1.0","1.0","1.0"
"CURVE 1","0.08517831998419016","30.944584111045124","24.803596894417325","0.03143735667366293","0.12217161871307525","108.97353698923608","1","1.0","1.0","1.0"
"CURVE 1","0.08517831998419016","30.944584111045124","24.803596894417325","0.03159423066608941","0.12217787888512684","108.58921227268218","1","1.0","1.0","1.0"
"CURVE 1","0.08517831998419016","30.944584111045124","24.803596894417325","0.03175068319140382","0.12218145674140894","108.10686493170351","1","1.0","1.0","1.0"
"CURVE 1","0.08517831998419016","30.944584111045124","24.803596894417325","0.031906710691119895","0.12218238864965107","107.52969247229055","1","1.0","1.0","1.0"
"CURVE 1","0.08517831998419016","30.944584111045124","24.803596894417325","0.032062309606751396","0.1221807109775828","106.86124009860276","1","1.0","1.0","1.0"
"CURVE 1","0.08517831998419016","30.944584111045124","24.803596894417325","0.03221747637981206","0.12217646009293365","106.10536050750449","1","1.0","1.0","1.0"
"CURVE 1","0.08517831998419016","30.944584111045124","24.803596894417325","0.03237220745181563","0.1221696723634331","105.26617218813512","1","1.0","1.0","1.0"
"CURVE 1","0.08517831998419016","30.944584111045124","24.803596894417325","0.032526499264275845","0.12216038415681073","104.34801692964848","1","1.0","1.0","1.0"
"CURVE 1","0.08517831998419016","30.944584111045124","24.803596894417325","0.032680348258706464","0.12214863184079604","103.35541726716163","1","1.0","1.0","1.0"
"CURVE 1","0.08517831998419016","30.944584111045124","24.803596894417325","0.03283375087662122","0.12213445178311857","102.2930344294659","1","1.0","1.0","1.0"
"CURVE 1","0.08517831998419016","30.944584111045124","24.803596894417325","0.03298670355953387","0.12211788035150785","101.1656273449197","1","1.0","1.0","1.0"
"CURVE 1","0.08517831998419016","30.944584111045124","24.803596894417325","0.03313920274895816","0.12209895391369342","99.9780132917372","1","1.0","1.0","1.0"
"CURVE 1","0.08517831998419016","30.944584111045124","24.803596894417325","0.033291244886407806","0.12207770883740478","98.73503048993456","1","1.0","1.0","1.0"
"CURVE 1","0.08517831998419016","30.944584111045124","24.803596894417325","0.033442826413396576","0.12205418149037149","97.44150314072071","1","1.0","1.0","1.0"
"CURVE 1","0.08517831998419016","30.944584111045124","24.803596894417325","0.03359394377143822","0.12202840824032304","96.10220907081052","1","1.0","1.0","1.0"
"CURVE 1","0.08517831998419016","30.944584111045124","24.803596894417325","0.03374459340204647","0.12200042545498901","94.72185022760284","1","1.0","1.0","1.0"
"CURVE 1","0.08517831998419016","30.944584111045124","24.803596894417325","0.03389477174673508","0.1219702695020989","93.30502622459453","1","1.0","1.0","1.0"
"CURVE 1","0.08517831998419016","30.944584111045124","24.803596894417325","0.03404447524701779","0.12193797674938221","91.85621091815328","1","1.0","1.0","1.0"
"CURVE 1","0.08517831998419016","30.944584111045124","24.803596894417325","0.03419370034440834","0.12190358356456853","90.379732064945","1","1.0","1.0","1.0"
"CURVE 1","0.08517831998419016","30.944584111045124","24.803596894417325","0.03434244348042048","0.12186712631538735","88.87975405052484","1","1.0","1.0","1.0"
"CURVE 1","0.08517831998419016","30.944584111045124","24.803596894417325","0.03449070109656795","0.12182864136956821","87.36026354979948","1","1.0","1.0","1.0"
"CURVE 1","0.08517831998419016","30.944584111045124","24.803596894417325","0.0346384696343645","0.12178816509484061","85.8250580160973","1","1.0","1.0","1.0"
"CURVE 1","0.08517831998419016","30.944584111045124","24.803596894417325","0.034785745535323875","0.1217457338589341","84.27773688120351","1","1.0","1.0","1.0"
"CURVE 1","0.08517831998419016","30.944584111045124","24.803596894417325","0.03493252524095982","0.12170138402957824","82.72169520362745","1","1.0","1.0","1.0"
"CURVE 1","0.08517831998419016","30.944584111045124","24.803596894417325","0.035078805192786076","0.12165515197450251","81.16011966922461","1","1.0","1.0","1.0"
"CURVE 1","0.08517831998419016","30.944584111045124","24.803596894417325","0.03522458183231639","0.12160707406143645","79.59598663540103","1","1.0","1.0","1.0"
"CURVE 1","0.08517831998419016","30.944584111045124","24.803596894417325","0.03536985160106451","0.12155718665810962","78.03206210637242","1","1.0","1.0","1.0"
"CURVE 1","0.08517831998419016","30.944584111045124","24.803596894417325","0.03551461094054417","0.1215055261322515","76.4709033168044","1","1.0","1.0","1.0"
"CURVE 1","0.08517831998419016","30.944584111045124","24.803596894417325","0.035658856292269135","0.12145212885159166","74.91486182261204","1","1.0","1.0","1.0"
"CURVE 1","0.08517831998419016","30.944584111045124","24.803596894417325","0.03580258409775312","0.12139703118385961","73.3660878141073","1","1.0","1.0","1.0"
"CURVE 1","0.08517831998419016","30.944584111045124","24.803596894417325","0.035945790798509895","0.12134026949678489","71.82653549260039","1","1.0","1.0","1.0"
"CURVE 1","0.08517831998419016","30.944584111045124","24.803596894417325","0.0360884728360532","0.12128188015809702","70.29796929522286","1","1.0","1.0","1.0"
"CURVE 1","0.08517831998419016","30.944584111045124","24.803596894417325","0.036230626651896775","0.1212218995355255","68.78197084971437","1","1.0","1.0","1.0"
"CURVE 1","0.08517831998419016","30.944584111045124","24.803596894417325","0.03637224868755436","0.12116036399679991","67.27994644960705","1","1.0","1.0","1.0"
"CURVE 1","0.08517831998419016","30.944584111045124","24.803596894417325","0.0365133353845397","0.12109730990964977","65.79313493691028","1","1.0","1.0","1.0"
"CURVE 1","0.08517831998419016","30.944584111045124","24.803596894417325","0.03665388318436656","0.12103277364180458","64.32261581222716","1","1.0","1.0","1.0"
"CURVE 1","0.08517831998419016","30.944584111045124","24.803596894417325","0.03679388852854867","0.12096679156099387","62.86931754315035","1","0.0","0.0","0.0"
"CURVE 1","0.08517831998419016","30.944584111045124","24.803596894417325","0.036933347858599766","0.12089940003494717","61.43402591138586","1","0.0","0.0","0.0"
"CURVE 1","0.08517831998419016","30.944584111045124","24.803596894417325","0.0370722576160336","0.12083063543139407","60.017392281819376","1","0.0","0.0","0.0"
"CURVE 1","0.08517831998419016","30.944584111045124","24.803596894417325","0.037210614242363924","0.12076053411806402","58.61994179749837","1","0.0","0.0","0.0"
"CURVE 1","0.08517831998419016","30.944584111045124","24.803596894417325","0.037348414179104485","0.12068913246268657","57.242081353025455","1","0.0","0.0","0.0"
"CURVE 1","0.08517831998419016","30.944584111045124","24.803596894417325","0.03748565386776901","0.12061646683299126","55.884107391006815","1","0.0","0.0","0.0"
"CURVE 1","0.08517831998419016","30.944584111045124","24.803596894417325","0.03762232974987126","0.12054257359670763","54.5462133453776","1","0.0","0.0","0.0"
"CURVE 1","0.08517831998419016","30.944584111045124","24.803596894417325","0.03775843826692496","0.12046748912156519","53.2284968110963","1","0.0","0.0","0.0"
"CURVE 1","0.08517831998419016","30.944584111045124","24.803596894417325","0.03789397586044388","0.12039124977529346","51.93096637427639","1","0.0","0.0","0.0"
"CURVE 1","0.08517831998419016","30.944584111045124","24.803596894417325","0.038028938971941754","0.12031389192562199","50.65354805044795","1","0.0","0.0","0.0"
"CURVE 1","0.08517831998419016","30.944584111045124","24.803596894417325","0.038163324042932316","0.12023545194028029","49.39609135337045","1","0.0","0.0","0.0"
"CURVE 1","0.08517831998419016","30.944584111045124","24.803596894417325","0.03829712751492933","0.1201559661869979","48.158374998539486","1","0.0","0.0","0.0"
"CURVE 1","0.08517831998419016","30.944584111045124","24.803596894417325","0.03843034582944652","0.12007547103350436","46.94011217073685","1","0.0","0.0","0.0"
"CURVE 1","0.08517831998419016","30.944584111045124","24.803596894417325","0.03856297542799766","0.11999400284752917","45.74095540657914","1","0.0","0.0","0.0"
"CURVE 1","0.08517831998419016","30.944584111045124","24.803596894417325","0.03869501275209646","0.11991159799680189","44.560501092660665","1","0.0","0.0","0.0"
"CURVE 1","0.08517831998419016","30.944584111045124","24.803596894417325","0.03882645424325668","0.11982829284905203","43.39829357862907","1","0.0","0.0","0.0"
"CURVE 1","0.08517831998419016","30.944584111045124","24.803596894417325","0.03895729634299208","0.1197441237720091","42.25382885856807","1","0.0","0.0","0.0"
"CURVE 1","0.08517831998419016","30.944584111045124","24.803596894417325","0.039087535492816385","0.11965912713340267","41.12655792057661","1","0.0","0.0","0.0"
"CURVE 1","0.08517831998419016","30.944584111045124","24.803596894417325","0.03921716813424334","0.11957333930096223","40.01588968665616","1","0.0","0.0","0.0"
"CURVE 1","0.08517831998419016","30.944584111045124","24.803596894417325","0.039346190708786706","0.11948679664241735","38.921193616851184","1","0.0","0.0","0.0"
"CURVE 1","0.08517831998419016","30.944584111045124","24.803596894417325","0.03947459965796021","0.11939953552549754","37.84180192394186","1","0.0","0.0","0.0"
"CURVE 1","0.08517831998419016","30.944584111045124","24.803596894417325","0.03960239142327761","0.1193115923179323","36.77701146758297","1","0.0","0.0","0.0"
"CURVE 1","0.08517831998419016","30.944584111045124","24.803596894417325","0.03972956244625264","0.11922300338745119","35.72608530162459","1","0.0","0.0","0.0"
"CURVE 1","0.08517831998419016","30.944584111045124","24.803596894417325","0.039856109168399045","0.11913380510178373","34.68825385042943","1","0.0","0.0","0.0"
"CURVE 1","0.08517831998419016","30.944584111045124","24.803596894417325","0.039982028031230576","0.11904403382865945","33.66271581937232","1","0.0","0.0","0.0"
"CURVE 1","0.08517831998419016","30.944584111045124","24.803596894417325","0.04010731547626098","0.11895372593580789","32.64863873601412","1","0.0","0.0","0.0"
"CURVE 1","0.08517831998419016","30.944584111045124","24.803596894417325","0.04023196794500399","0.11886291779095855","31.64515918877464","1","0.0","0.0","0.0"
"CURVE 1","0.08517831998419016","30.944584111045124","24.803596894417325","0.040355981878973365","0.11877164576184099","30.651382742252597","1","0.0","0.0","0.0"
"CURVE 1","0.08517831998419016","30.944584111045124","24.803596894417325","0.04047935371968285","0.1186799462161847","29.66638354982106","1","0.0","0.0","0.0"
"CURVE 1","0.08517831998419016","30.944584111045124","24.803596894417325","0.04060207990864618","0.11858785552171927","28.689203640224065","1","0.0","0.0","0.0"
"CURVE 1","0.08517831998419016","30.944584111045124","24.803596894417325","0.04072415688737709","0.11849541004617416","27.718851871671465","1","0.0","0.0","0.0"
"CURVE 1","0.08517831998419016","30.944584111045124","24.803596894417325","0.040845581097389345","0.11840264615727895","26.754302603102033","1","0.0","0.0","0.0"
"CURVE 1","0.08517831998419016","30.944584111045124","24.803596894417325","0.04096634898019669","0.11830960022276316","25.79449399816368","1","0.0","0.0","0.0"
"CURVE 1","0.08517831998419016","30.944584111045124","24.803596894417325","0.04108645697731285","0.11821630861035629","24.83832597783231","1","0.0","0.0","0.0"
"CURVE 1","0.08517831998419016","30.944584111045124","24.803596894417325","0.04120590153025158","0.11812280768778789","23.8846578813947","1","0.0","0.0","0.0"
"CURVE 1","0.08517831998419016","30.944584111045124","24.803596894417325","0.04132467908052663","0.11802913382278747","22.932305685740232","1","0.0","0.0","0.0"
"CURVE 1","0.08517831998419016","30.944584111045124","24.803596894417325","0.041442786069651745","0.11793532338308459","21.980038907138052","1","0.0","0.0","0.0"
"CURVE 1","0.08517831998419016","30.944584111045124","24.803596894417325","0.04156022036253517","0.11784140725633992","21.924771361275923","1","0.0","0.0","0.0"
"CURVE 1","0.08517831998419016","30.944584111045124","24.803596894417325","0.041676985517663155","0.11774739440993882","21.866301607192582","1","0.0","0.0","0.0"
"CURVE 1","0.08517831998419016","30.944584111045124","24.803596894417325","0.04179308651691646","0.11765328833119786","21.804611685454148","1","0.0","0.0","0.0"
"CURVE 1","0.08517831998419016","30.944584111045124","24.803596894417325","0.041908528342175844","0.11755909250743353","21.73968398345201","1","0.0","0.0","0.0"
"CURVE 1","0.08517831998419016","30.944584111045124","24.803596894417325","0.042023315975322065","0.11746481042596238","21.67150124692459","1","0.0","0.0","0.0"
"CURVE 1","0.08517831998419016","30.944584111045124","24.803596894417325","0.04213745439823587","0.11737044557410094","21.600046538716672","1","0.0","0.0","0.0"
"CURVE 1","0.08517831998419016","30.944584111045124","24.803596894417325","0.04225094859279804","0.11727600143916572","21.525303253002086","1","0.0","0.0","0.0"
"CURVE 1","0.08517831998419016","30.944584111045124","24.803596894417325","0.04236380354088931","0.11718148150847325","21.447255078802357","1","0.0","0.0","0.0"
"CURVE 1","0.08517831998419016","30.944584111045124","24.803596894417325","0.042476024224390445","0.11708688926934008","21.365885995914617","1","0.0","0.0","0.0"
"CURVE 1","0.08517831998419016","30.944584111045124","24.803596894417325","0.0425876156251822","0.11699222820908274","21.28118026037635","1","0.0","0.0","0.0"
"CURVE 1","0.08517831998419016","30.944584111045124","24.803596894417325","0.042698582725145345","0.11689750181501776","21.193122378579098","1","0.0","0.0","0.0"
"CURVE 1","0.08517831998419016","30.944584111045124","24.803596894417325","0.042808930506160615","0.11680271357446166","21.101697100880042","1","0.0","0.0","0.0"
"CURVE 1","0.08517831998419016","30.944584111045124","24.803596894417325","0.04291866395010878","0.116707866974731","21.006889396225944","1","0.0","0.0","0.0"
"CURVE 1","0.08517831998419016","30.944584111045124","24.803596894417325","0.0430277880388706","0.11661296550314225","20.908684447506673","1","0.0","0.0","0.0"
"CURVE 1","0.08517831998419016","30.944584111045124","24.803596894417325","0.04313630775432682","0.11651801264701198","20.80706761259971","1","0.0","0.0","0.0"
"CURVE 1","0.08517831998419016","30.944584111045124","24.803596894417325","0.04324422807835822","0.11642301189365671","20.70202441681937","1","0.0","0.0","0.0"
"CURVE 1","0.08517831998419016","30.944584111045124","24.803596894417325","0.043351553992845536","0.11632796673039297","20.59354054150153","1","0.0","0.0","0.0"
"CURVE 1","0.08517831998419016","30.944584111045124","24.803596894417325","0.04345829047966953","0.11623288064453732","20.481601800929027","1","0.0","0.0","0.0"
"CURVE 1","0.08517831998419016","30.944584111045124","24.803596894417325","0.04356444252071097","0.11613775712340624","20.366194098606744","1","0.0","0.0","0.0"
"CURVE 1","0.08517831998419016","30.944584111045124","24.803596894417325","0.043670015097850595","0.1160425996543163","20.247303441475555","1","0.0","0.0","0.0"
"CURVE 1","0.08517831998419016","30.944584111045124","24.803596894417325","0.04377501319296918","0.11594741172458402","20.124915892985637","1","0.0","0.0","0.0"
"CURVE 1","0.08517831998419016","30.944584111045124","24.803596894417325","0.04387944178794747","0.11585219682152591","19.999017574484025","1","0.0","0.0","0.0"
"CURVE 1","0.08517831998419016","30.944584111045124","24.803596894417325","0.043983305864666235","0.11575695843245852","19.86959461609436","1","0.0","0.0","0.0"
"CURVE 1","0.08517831998419016","30.944584111045124","24.803596894417325","0.04408661040500623","0.11566170004469838","19.736633160037396","1","0.0","0.0","0.0"
"CURVE 1","0.08517831998419016","30.944584111045124","24.803596894417325","0.04418936039084819","0.11556642514556202","19.600119321006904","1","0.0","0.0","0.0"
"CURVE 1","0.08517831998419016","30.944584111045124","24.803596894417325","0.0442915608040729","0.11547113722236596","19.460039173320403","1","0.0","0.0","0.0"
"CURVE 1","0.08517831998419016","30.944584111045124","24.803596894417325","0.04439321662656111","0.11537583976242673","19.316378726286512","1","0.0","0.0","0.0"
"CURVE 1","0.08517831998419016","30.944584111045124","24.803596894417325","0.044494332840193565","0.11528053625306087","19.16912389301205","1","0.0","0.0","0.0"
"CURVE 1","0.08517831998419016","30.944584111045124","24.803596894417325","0.04459491442685103","0.1151852301815849","19.018260479230754","1","0.0","0.0","0.0"
"CURVE 1","0.08517831998419016","30.944584111045124","24.803596894417325","0.04469496636841428","0.11508992503531536","18.863774162121768","1","0.0","0.0","0.0"
"CURVE 1","0.08517831998419016","30.944584111045124","24.803596894417325","0.04479449364676406","0.11499462430156877","18.705650438614143","1","0.0","0.0","0.0"
"CURVE 1","0.08517831998419016","30.944584111045124","24.803596894417325","0.0448935012437811","0.11489933146766168","18.543874637482208","1","0.0","0.0","0.0"
"CURVE 1","0.08517831998419016","30.944584111045124","24.803596894417325","0.0449919941413462","0.1148040500209106","18.378431869186038","1","0.0","0.0","0.0"
"CURVE 1","0.08517831998419016","30.944584111045124","24.803596894417325","0.04508997732134009","0.11470878344863208","18.20930703002611","1","0.0","0.0","0.0"
"CURVE 1","0.08517831998419016","30.944584111045124","24.803596894417325","0.045187455765643536","0.11461353523814262","18.036484734790115","1","0.0","0.0","0.0"
"CURVE 1","0.08517831998419016","30.944584111045124","24.803596894417325","0.04528443445613729","0.11451830887675878","17.859949332871487","1","0.0","0.0","0.0"
"CURVE 1","0.08517831998419016","30.944584111045124","24.803596894417325","0.04538091837470212","0.11442310785179706","17.679684868164443","1","0.0","0.0","0.0"
"CURVE 1","0.08517831998419016","30.944584111045124","24.803596894417325","0.04547691250321878","0.11432793565057403","17.495675050231313","1","0.0","0.0","0.0"
"CURVE 1","0.08517831998419016","30.944584111045124","24.803596894417325","0.04557242182356802","0.1142327957604062","17.307903234283057","1","0.0","0.0","0.0"
"CURVE 1","0.08517831998419016","30.944584111045124","24.803596894417325","0.04566745131763061","0.11413769166861008","17.11635241855137","1","0.0","0.0","0.0"
"CURVE 1","0.08517831998419016","30.944584111045124","24.803596894417325","0.045762005967287286","0.11404262686250222","16.921005163422855","1","0.0","0.0","0.0"
"CURVE 1","0.08517831998419016","30.944584111045124","24.803596894417325","0.04585609075441883","0.11394760482939915","16.72184362787746","1","0.0","0.0","0.0"
"CURVE 1","0.08517831998419016","30.944584111045124","24.803596894417325","0.04594971066090598","0.1138526290566174","16.51884951822469","1","0.0","0.0","0.0"
"CURVE 1","0.08517831998419016","30.944584111045124","24.803596894417325","0.04604287066862951","0.11375770303147348","16.31200405343062","1","0.0","0.0","0.0"
"CURVE 1","0.08517831998419016","30.944584111045124","24.803596894417325","0.04613557575947017","0.11366283024128396","16.101287975448553","1","0.0","0.0","0.0"
"CURVE 1","0.08517831998419016","30.944584111045124","24.803596894417325","0.046227830915308715","0.11356801417336534","15.886681488326282","1","0.0","0.0","0.0"
"CURVE 1","0.08517831998419016","30.944584111045124","24.803596894417325","0.0463196411180259","0.11347325831503417","15.668164256949503","1","0.0","0.0","0.0"
"CURVE 1","0.08517831998419016","30.944584111045124","24.803596894417325","0.04641101134950249","0.11337856615360696","15.445715383094944","1","0.0","0.0","0.0"
"CURVE 1","0.08517831998419016","30.944584111045124","24.803596894417325","0.04650194659161923","0.11328394117640025","15.219313370246429","1","0.0","0.0","0.0"
"CURVE 1","0.08517831998419016","30.944584111045124","24.803596894417325","0.04659245182625689","0.11318938687073057","14.988936115225798","1","0.0","0.0","0.0"
"CURVE 1","0.08517831998419016","30.944584111045124","24.803596894417325","0.04668253203529624","0.11309490672391445","14.754560873599752","1","0.0","0.0","0.0"
"CURVE 1","0.08517831998419016","30.944584111045124","24.803596894417325","0.046772192200618","0.11300050422326842","14.51616425108876","1","0.0","0.0","0.0"
"CURVE 1","0.08517831998419016","30.944584111045124","24.803596894417325","0.046861437304102964","0.11290618285610901","14.273722171268023","1","0.0","0.0","0.0"
"CURVE 1","0.08517831998419016","30.944584111045124","24.803596894417325","0.04695027232763187","0.11281194610975274","14.02720984642682","1","0.0","0.0","0.0"
"CURVE 1","0.08517831998419016","30.944584111045124","24.803596894417325","0.047038702253085464","0.11271779747151615","13.776601793649323","1","0.0","0.0","0.0"
"CURVE 1","0.08517831998419016","30.944584111045124","24.803596894417325","0.04712673206234453","0.1126237404287158","13.521871764363734","1","0.0","0.0","0.0"
"CURVE 1","0.08517831998419016","30.944584111045124","24.803596894417325","0.047214366737289806","0.11252977846866816","13.262992766825393","1","0.0","0.0","0.0"
"CURVE 1","0.08517831998419016","30.944584111045124","24.803596894417325","0.04730161125980207","0.11243591507868982","12.999937020318216","1","0.0","0.0","0.0"
"CURVE 1","0.08517831998419016","30.944584111045124","24.803596894417325","0.04738847061176206","0.11234215374609727","12.732675947011113","1","0.0","0.0","0.0"
"CURVE 1","0.08517831998419016","30.944584111045124","24.803596894417325","0.04747494977505053","0.11224849795820703","12.461180159728396","1","0.0","0.0","0.0"
"CURVE 1","0.08517831998419016","30.944584111045124","24.803596894417325","0.04756105373154826","0.11215495120233564","12.185419422594624","1","0.0","0.0","0.0"
"CURVE 1","0.08517831998419016","30.944584111045124","24.803596894417325","0.04764678746313598","0.11206151696579968","11.905362673666925","1","0.0","0.0","0.0"
"CURVE 1","0.08517831998419016","30.944584111045124","24.803596894417325","0.047732155951694465","0.11196819873591562","11.620977956462466","1","0.0","0.0","0.0"
"CURVE 1","0.08517831998419016","30.944584111045124","24.803596894417325","0.047817164179104484","0.111875","11.332232444652405","1","0.0","0.0","0.0"
"CURVE 1","0.08517831998419016","30.944584111045124","24.803596894417325","0.04790181712724677","0.11178192424536937","11.039092423437918","1","0.0","0.0","0.0"
"CURVE 1","0.08517831998419016","30.944584111045124","24.803596894417325","0.04798611977800209","0.11168897495934024","10.741523260640447","1","0.0","0.0","0.0"
"CURVE 1","0.08517831998419016","30.944584111045124","24.803596894417325","0.04807007711325119","0.11159615562922917","10.439489401166911","1","0.0","0.0","0.0"
"CURVE 1","0.08517831998419016","30.944584111045124","24.803596894417325","0.048153694114874857","0.11150346974235269","10.132954352888516","1","0.0","0.0","0.0"
"CURVE 1","0.08517831998419016","30.944584111045124","24.803596894417325","0.04823697576475382","0.11141092078602728","9.821880681172763","1","0.0","0.0","0.0"
"CURVE 1","0.08517831998419016","30.944584111045124","24.803596894417325","0.04831992704476884","0.11131851224756951","9.506230004073243","1","0.0","0.0","0.0"
"CURVE 1","0.08517831998419016","30.944584111045124","24.803596894417325","0.04840255293680068","0.11122624761429592","9.185962962630615","1","0.0","0.0","0.0"
"CURVE 1","0.08517831998419016","30.944584111045124","24.803596894417325","0.04848485842273011","0.11113413037352302","8.861039225537713","1","0.0","0.0","0.0"
"CURVE 1","0.08517831998419016","30.944584111045124","24.803596894417325","0.04856684848443787","0.11104216401256733","8.53141749771442","1","0.0","0.0","0.0"
"CURVE 1","0.08517831998419016","30.944584111045124","24.803596894417325","0.04864852810380472","0.1109503520187454","8.19705548267963","1","0.0","0.0","0.0"
"CURVE 1","0.08517831998419016","30.944584111045124","24.803596894417325","0.04872990226271142","0.11085869787937375","7.857909912097026","1","0.0","0.0","0.0"
"CURVE 1","0.08517831998419016","30.944584111045124","24.803596894417325","0.04881097594303872","0.1107672050817689","7.513936527520646","1","0.0","0.0","0.0"
"CURVE 1","0.08517831998419016","30.944584111045124","24.803596894417325","0.04889175412666739","0.1106758771132474","7.165090063917126","1","0.0","0.0","0.0"
"CURVE 1","0.08517831998419016","30.944584111045124","24.803596894417325","0.04897224179547818","0.11058471746112578","6.811324280485734","1","0.0","0.0","0.0"
"CURVE 1","0.08517831998419016","30.944584111045124","24.803596894417325","0.04905244393135185","0.11049372961272055","6.452591938882768","1","0.0","0.0","0.0"
"CURVE 1","0.08517831998419016","30.944584111045124","24.803596894417325","0.04913236551616916","0.11040291705534827","6.088844840563434","1","0.0","0.0","0.0"
"CURVE 1","0.08517831998419016","30.944584111045124","24.803596894417325","0.04921201153181086","0.11031228327632545","5.720033772940432","1","0.0","0.0","0.0"
"CURVE 1","0.08517831998419016","30.944584111045124","24.803596894417325","0.04929138696015771","0.11022183176296861","5.346108573908432","1","0.0","0.0","0.0"
"CURVE 1","0.08517831998419016","30.944584111045124","24.803596894417325","0.049370496783090474","0.1101315660025943","4.967018115525497","1","0.0","0.0","0.0"
"CURVE 1","0.08517831998419016","30.944584111045124","24.803596894417325","0.0494493459824899","0.11004148948251906","4.582710325669258","1","0.0","0.0","0.0"
"CURVE 1","0.08517831998419016","30.944584111045124","24.803596894417325","0.04952793954023676","0.10995160569005938","4.1931321870482146","1","0.0","0.0","0.0"
"CURVE 1","0.08517831998419016","30.944584111045124","24.803596894417325","0.04960628243821178","0.10986191811253185","3.798229766376384","1","0.0","0.0","0.0"
"CURVE 1","0.08517831998419016","30.944584111045124","24.803596894417325","0.049684379658295745","0.10977243023725292","3.397948226637558","1","0.0","0.0","0.0"
"CURVE 1","0.08517831998419016","30.944584111045124","24.803596894417325","0.049762236182369406","0.10968314555153919","2.992231851894038","1","0.0","0.0","0.0"
"CURVE 1","0.08517831998419016","30.944584111045124","24.803596894417325","0.049839856992313525","0.10959406754270716","2.5810240698130236","1","0.0","0.0","0.0"
"CURVE 1","0.08517831998419016","30.944584111045124","24.803596894417325","0.049917247070008844","0.10950519969807336","2.164267465486138","1","0.0","0.0","0.0"
"CURVE 1","0.08517831998419016","30.944584111045124","24.803596894417325","0.04999441139733614","0.10941654550495433","1.7419038410500511","1","0.0","0.0","0.0"
"CURVE 1","0.08517831998419016","30.944584111045124","24.803596894417325","0.05007135495617615","0.1093281084506666","1.3138742043187943","1","1.0","1.0","1.0"
"CURVE 1","0.08517831998419016","30.944584111045124","24.803596894417325","0.05014808272840965","0.10923989202252668","0.8801188502339969","1","1.0","1.0","1.0"
"CURVE 1","0.08517831998419016","30.944584111045124","24.803596894417325","0.050224599695917395","0.10915189970785114","0.440577350624656","1","1.0","1.0","1.0"
"CURVE 1","0.08517831998419016","30.944584111045124","24.803596894417325","0.05030091084058013","0.10906413499395647","0.004811347653444012","-1","1.0","1.0","1.0"
"CURVE 1","0.08517831998419016","30.944584111045124","24.803596894417325","0.05037702114427862","0.1089766013681592","0.45610894008720976","-1","1.0","1.0","1.0"
"CURVE 1","0.08517831998419016","30.944584111045124","24.803596894417325","0.05045293558889361","0.1088893023177759","0.9133776546000877","-1","1.0","1.0","1.0"
"CURVE 1","0.08517831998419016","30.944584111045124","24.803596894417325","0.05052865915630589","0.10880224133012308","1.3766802542669867","-1","1.0","1.0","1.0"
"CURVE 1","0.08517831998419016","30.944584111045124","24.803596894417325","0.05060419682839618","0.10871542189251725","1.8460799345768133","-1","1.0","1.0","1.0"
"CURVE 1","0.08517831998419016","30.944584111045124","24.803596894417325","0.05067955358704525","0.10862884749227496","2.321640279742033","-1","1.0","1.0","1.0"
"CURVE 1","0.08517831998419016","30.944584111045124","24.803596894417325","0.05075473441413386","0.10854252161671274","2.8034252184242137","-1","1.0","1.0","1.0"
"CURVE 1","0.08517831998419016","30.944584111045124","24.803596894417325","0.05082974429154278","0.10845644775314713","3.291498912541332","-1","1.0","1.0","1.0"
"CURVE 1","0.08517831998419016","30.944584111045124","24.803596894417325","0.05090458820115275","0.10837062938889461","3.785925713856892","-1","1.0","1.0","1.0"
"CURVE 1","0.08517831998419016","30.944584111045124","24.803596894417325","0.05097927112484453","0.10828507001127177","4.286770081661857","-1","1.0","1.0","1.0"
"CURVE 1","0.08517831998419016","30.944584111045124","24.803596894417325","0.05105379804449888","0.10819977310759513","4.794096464205205","-1","1.0","1.0","1.0"
"CURVE 1","0.08517831998419016","30.944584111045124","24.803596894417325","0.05112817394199656","0.10811474216518119","5.307969253250264","-1","1.0","1.0","1.0"
"CURVE 1","0.08517831998419016","30.944584111045124","24.803596894417325","0.05120240379921833","0.10802998067134649","5.828452657192418","-1","1.0","1.0","1.0"
"CURVE 1","0.08517831998419016","30.944584111045124","24.803596894417325","0.05127649259804493","0.10794549211340757","6.355610615744038","-1","1.0","1.0","1.0"
"CURVE 1","0.08517831998419016","30.944584111045124","24.803596894417325","0.05135044532035714","0.10786127997868096","6.889506681250383","-1","1.0","1.0","1.0"
"CURVE 1","0.08517831998419016","30.944584111045124","24.803596894417325","0.0514242669480357","0.1077773477544832","7.4302039007772205","-1","1.0","1.0","1.0"
"CURVE 1","0.08517831998419016","30.944584111045124","24.803596894417325","0.051497962462961386","0.1076936989281308","7.977764709533793","-1","1.0","1.0","1.0"
"CURVE 1","0.08517831998419016","30.944584111045124","24.803596894417325","0.051571536847014925","0.1076103369869403","8.532250803283254","-1","1.0","1.0","1.0"
"CURVE 1","0.08517831998419016","30.944584111045124","24.803596894417325","0.0516449950820771","0.10752726541822821","9.093722971354222","-1","1.0","1.0","1.0"
"CURVE 1","0.08517831998419016","30.944584111045124","24.803596894417325","0.051718342150028664","0.1074444877093111","9.662240998195779","-1","1.0","1.0","1.0"
"CURVE 1","0.08517831998419016","30.944584111045124","24.803596894417325","0.05179158303275037","0.10736200734750548","10.237863482072001","-1","1.0","1.0","1.0"
"CURVE 1","0.08517831998419016","30.944584111045124","24.803596894417325","0.05186472271212299","0.10727982782012788","10.820647697383105","-1","1.0","1.0","1.0"
"CURVE 1","0.08517831998419016","30.944584111045124","24.803596894417325","0.051937766170027246","0.10719795261449483","11.410649412213345","-1","1.0","1.0","1.0"
"CURVE 1","0.08517831998419016","30.944584111045124","24.803596894417325","0.052010718388343924","0.10711638521792284","12.007922732273471","-1","1.0","1.0","1.0"
"CURVE 1","0.08517831998419016","30.944584111045124","24.803596894417325","0.05208358434895378","0.10703512911772847","12.612519904255757","-1","1.0","1.0","1.0"
"CURVE 1","0.08517831998419016","30.944584111045124","24.803596894417325","0.05215636903373756","0.10695418780122823","13.224491127810492","-1","0.0","0.0","0.0"
"CURVE 1","0.08517831998419016","30.944584111045124","24.803596894417325","0.05222907742457603","0.10687356475573866","13.843884368566949","-1","0.0","0.0","0.0"
"CURVE 1","0.08517831998419016","30.944584111045124","24.803596894417325","0.052301714503349944","0.1067932634685763","14.470745132236788","-1","0.0","0.0","0.0"
"CURVE 1","0.08517831998419016","30.944584111045124","24.803596894417325","0.052374285251940066","0.10671328742705768","15.105116257433181","-1","0.0","0.0","0.0"
"CURVE 1","0.08517831998419016","30.944584111045124","24.803596894417325","0.05244679465222714","0.10663364011849931","15.747037687605852","-1","0.0","0.0","0.0"
"CURVE 1","0.08517831998419016","30.944584111045124","24.803596894417325","0.052519247686091945","0.10655432503021771","16.396546222061872","-1","0.0","0.0","0.0"
"CURVE 1","0.08517831998419016","30.944584111045124","24.803596894417325","0.052591649335415214","0.10647534564952946","17.053675284883607","-1","0.0","0.0","0.0"
"CURVE 1","0.08517831998419016","30.944584111045124","24.803596894417325","0.05266400458207771","0.10639670546375103","17.718454659385444","-1","0.0","0.0","0.0"
"CURVE 1","0.08517831998419016","30.944584111045124","24.803596894417325","0.0527363184079602","0.106318407960199","18.39091022071678","-1","0.0","0.0","0.0"
"CURVE 1","0.08517831998419016","30.944584111045124","24.803596894417325","0.05280859501207645","0.10624045592635424","18.511457083355943","-1","0.0","0.0","0.0"
"CURVE 1","0.08517831998419016","30.944584111045124","24.803596894417325","0.05288083546197237","0.10616284935035515","18.632490477246503","-1","0.0","0.0","0.0"
"CURVE 1","0.08517831998419016","30.944584111045124","24.803596894417325","0.05295304004232682","0.10608558752050448","18.75400574942225","-1","0.0","0.0","0.0"
"CURVE 1","0.08517831998419016","30.944584111045124","24.803596894417325","0.053025209037818724","0.10600866972510493","18.875998129722113","-1","0.0","0.0","0.0"
"CURVE 1","0.08517831998419016","30.944584111045124","24.803596894417325","0.053097342733126975","0.10593209525245931","18.998462683286476","-1","0.0","0.0","0.0"
"CURVE 1","0.08517831998419016","30.944584111045124","24.803596894417325","0.053169441412930465","0.10585586339087036","19.121394313392326","-1","0.0","0.0","0.0"
"CURVE 1","0.08517831998419016","30.944584111045124","24.803596894417325","0.053241505361908116","0.10577997342864079","19.244787763386714","-1","0.0","0.0","0.0"
"CURVE 1","0.08517831998419016","30.944584111045124","24.803596894417325","0.05331353486473881","0.10570442465407337","19.368637646218517","-1","0.0","0.0","0.0"
"CURVE 1","0.08517831998419016","30.944584111045124","24.803596894417325","0.05338553020610146","0.10562921635547087","19.49293836669398","-1","0.0","0.0","0.0"
"CURVE 1","0.08517831998419016","30.944584111045124","24.803596894417325","0.053457491670674956","0.10555434782113601","19.617684196296512","-1","0.0","0.0","0.0"
"CURVE 1","0.08517831998419016","30.944584111045124","24.803596894417325","0.0535294195431382","0.10547981833937155","19.742869227297565","-1","0.0","0.0","0.0"
"CURVE 1","0.08517831998419016","30.944584111045124","24.803596894417325","0.0536013141081701","0.10540562719848025","19.86848740489678","-1","0.0","0.0","0.0"
"CURVE 1","0.08517831998419016","30.944584111045124","24.803596894417325","0.05367317565044955","0.10533177368676483","19.99453247956587","-1","0.0","0.0","0.0"
"CURVE 1","0.08517831998419016","30.944584111045124","24.803596894417325","0.053745004454655444","0.10525825709252808","20.1209980518494","-1","0.0","0.0","0.0"
"CURVE 1","0.08517831998419016","30.944584111045124","24.803596894417325","0.053816800805466684","0.10518507670407272","20.24787754083813","-1","0.0","0.0","0.0"
"CURVE 1","0.08517831998419016","30.944584111045124","24.803596894417325","0.05388856498756219","0.10511223180970149","20.37516419325066","-1","0.0","0.0","0.0"
"CURVE 1","0.08517831998419016","30.944584111045124","24.803596894417325","0.053960297285620844","0.10503972169771716","20.50285108787317","-1","0.0","0.0","0.0"
"CURVE 1","0.08517831998419016","30.944584111045124","24.803596894417325","0.05403199798432155","0.10496754565642248","20.630931113472364","-1","0.0","0.0","0.0"
"CURVE 1","0.08517831998419016","30.944584111045124","24.803596894417325","0.05410366736834322","0.10489570297412018","20.759396999707505","-1","0.0","0.0","0.0"
"CURVE 1","0.08517831998419016","30.944584111045124","24.803596894417325","0.054175305722364744","0.10482419293911302","20.888241279422253","-1","0.0","0.0","0.0"
"CURVE 1","0.08517831998419016","30.944584111045124","24.803596894417325","0.05424691333106501","0.10475301483970376","21.017456316757187","-1","0.0","0.0","0.0"
"CURVE 1","0.08517831998419016","30.944584111045124","24.803596894417325","0.05431849047912295","0.10468216796419512","21.14703429273606","-1","0.0","0.0","0.0"
"CURVE 1","0.08517831998419016","30.944584111045124","24.803596894417325","0.05439003745121743","0.1046116516008899","21.276967193384156","-1","0.0","0.0","0.0"
"CURVE 1","0.08517831998419016","30.944584111045124","24.803596894417325","0.05446155453202736","0.1045414650380908","21.407246853551506","-1","0.0","0.0","0.0"
"CURVE 1","0.08517831998419016","30.944584111045124","24.803596894417325","0.054533042006231665","0.1044716075641006","21.537864877210495","-1","0.0","0.0","0.0"
"CURVE 1","0.08517831998419016","30.944584111045124","24.803596894417325","0.05460450015850921","0.104402078467222","21.668812702415483","-1","0.0","0.0","0.0"
"CURVE 1","0.08517831998419016","30.944584111045124","24.803596894417325","0.05467592927353892","0.1043328770357578","21.800081591264572","-1","0.0","0.0","0.0"
"CURVE 1","0.08517831998419016","30.944584111045124","24.803596894417325","0.054747329635999695","0.10426400255801073","21.931662610249813","-1","0.0","0.0","0.0"
"CURVE 1","0.08517831998419016","30.944584111045124","24.803596894417325","0.05481870153057041","0.10419545432228353","22.063546611987686","-1","0.0","0.0","0.0"
"CURVE 1","0.08517831998419016","30.944584111045124","24.803596894417325","0.054890045241929995","0.10412723161687897","22.195724309989792","-1","0.0","0.0","0.0"
"CURVE 1","0.08517831998419016","30.944584111045124","24.803596894417325","0.05496136105475733","0.10405933373009978","22.328186164550136","-1","0.0","0.0","0.0"
"CURVE 1","0.08517831998419016","30.944584111045124","24.803596894417325","0.05503264925373134","0.10399175995024876","22.46092249245652","-1","0.0","0.0","0.0"
"CURVE 1","0.08517831998419016","30.944584111045124","24.803596894417325","0.0551039101235309","0.10392450956562858","22.593923390608076","-1","0.0","0.0","0.0"
"CURVE 1","0.08517831998419016","30.944584111045124","24.803596894417325","0.05517514394883493","0.10385758186454203","22.727178766131033","-1","0.0","0.0","0.0"
"CURVE 1","0.08517831998419016","30.944584111045124","24.803596894417325","0.05524635101432231","0.10379097613529185","22.860678332283364","-1","0.0","0.0","0.0"
"CURVE 1","0.08517831998419016","30.944584111045124","24.803596894417325","0.05531753160467195","0.1037246916661808","22.994411632963896","-1","0.0","0.0","0.0"
"CURVE 1","0.08517831998419016","30.944584111045124","24.803596894417325","0.055388686004562745","0.10365872774551163","23.12836796076699","-1","0.0","0.0","0.0"
"CURVE 1","0.08517831998419016","30.944584111045124","24.803596894417325","0.05545981449867362","0.10359308366158708","23.262536469817366","-1","0.0","0.0","0.0"
"CURVE 1","0.08517831998419016","30.944584111045124","24.803596894417325","0.05553091737168345","0.10352775870270989","23.39690608417135","-1","0.0","0.0","0.0"
"CURVE 1","0.08517831998419016","30.944584111045124","24.803596894417325","0.05560199490827114","0.10346275215718283","23.531465513280576","-1","0.0","0.0","0.0"
"CURVE 1","0.08517831998419016","30.944584111045124","24.803596894417325","0.0556730473931156","0.10339806331330863","23.666203320744","-1","0.0","0.0","0.0"
"CURVE 1","0.08517831998419016","30.944584111045124","24.803596894417325","0.055744075110895706","0.10333369145939006","23.80110784098651","-1","0.0","0.0","0.0"
"CURVE 1","0.08517831998419016","30.944584111045124","24.803596894417325","0.055815078346290396","0.10326963588372985","23.936167214858134","-1","0.0","0.0","0.0"
"CURVE 1","0.08517831998419016","30.944584111045124","24.803596894417325","0.05588605738397854","0.10320589587463076","24.071369373211652","-1","0.0","0.0","0.0"
"CURVE 1","0.08517831998419016","30.944584111045124","24.803596894417325","0.055957012508639055","0.10314247072039552","24.20670207797957","-1","0.0","0.0","0.0"
"CURVE 1","0.08517831998419016","30.944584111045124","24.803596894417325","0.05602794400495083","0.1030793597093269","24.34215286444402","-1","0.0","0.0","0.0"
"CURVE 1","0.08517831998419016","30.944584111045124","24.803596894417325","0.05609885215759277","0.10301656212972765","24.477709087758058","-1","0.0","0.0","0.0"
"CURVE 1","0.08517831998419016","30.944584111045124","24.803596894417325","0.05616973725124377","0.1029540772699005","24.613357903775107","-1","0.0","0.0","0.0"
"CURVE 1","0.08517831998419016","30.944584111045124","24.803596894417325","0.05624059957058275","0.1028919044181482","24.74908626670719","-1","0.0","0.0","0.0"
"CURVE 1","0.08517831998419016","30.944584111045124","24.803596894417325","0.05631143940028859","0.10283004286277354","24.884880931398556","-1","0.0","0.0","0.0"
"CURVE 1","0.08517831998419016","30.944584111045124","24.803596894417325","0.05638225702504019","0.10276849189207923","25.0207284738969","-1","0.0","0.0","0.0"
"CURVE 1","0.08517831998419016","30.944584111045124","24.803596894417325","0.05645305272951647","0.10270725079436802","25.156615246368847","-1","0.0","0.0","0.0"
"CURVE 1","0.08517831998419016","30.944584111045124","24.803596894417325","0.056523826798396314","0.10264631885794265","25.292527435059167","-1","0.0","0.0","0.0"
"CURVE 1","0.08517831998419016","30.944584111045124","24.803596894417325","0.05659457951635863","0.10258569537110589","25.428451019417516","-1","0.0","0.0","0.0"
"CURVE 1","0.08517831998419016","30.944584111045124","24.803596894417325","0.056665311168082315","0.1025253796221605","25.564371787685335","-1","0.0","0.0","0.0"
"CURVE 1","0.08517831998419016","30.944584111045124","24.803596894417325","0.056736022038246264","0.10246537089940921","25.70027533070147","-1","0.0","0.0","0.0"
"CURVE 1","0.08517831998419016","30.944584111045124","24.803596894417325","0.05680671241152939","0.10240566849115476","25.836147057146825","-1","0.0","0.0","0.0"
"CURVE 1","0.08517831998419016","30.944584111045124","24.803596894417325","0.056877382572610574","0.10234627168569992","25.971972191323246","-1","0.0","0.0","0.0"
"CURVE 1","0.08517831998419016","30.944584111045124","24.803596894417325","0.05694803280616873","0.10228717977134742","26.10773575520693","-1","0.0","0.0","0.0"
"CURVE 1","0.08517831998419016","30.944584111045124","24.803596894417325","0.05701866339688277","0.10222839203640004","26.24342258272745","-1","0.0","0.0","0.0"
"CURVE 1","0.08517831998419016","30.944584111045124","24.803596894417325","0.05708927462943157","0.10216990776916049","26.379017337546813","-1","0.0","0.0","0.0"
"CURVE 1","0.08517831998419016","30.944584111045124","24.803596894417325","0.057159866788494045","0.10211172625793154","26.514504505359433","-1","0.0","0.0","0.0"
"CURVE 1","0.08517831998419016","30.944584111045124","24.803596894417325","0.05723044015874909","0.10205384679101594","26.649868369927574","-1","0.0","0.0","0.0"
"CURVE 1","0.08517831998419016","30.944584111045124","24.803596894417325","0.05730099502487562","0.10199626865671642","26.785093020759543","-1","0.0","0.0","0.0"
"CURVE 1","0.08517831998419016","30.944584111045124","24.803596894417325","0.05737153167155252","0.10193899114333574","26.92016242813129","-1","0.0","0.0","0.0"
"CURVE 1","0.08517831998419016","30.944584111045124","24.803596894417325","0.057442050383458676","0.10188201353917667","27.055060319875636","-1","0.0","0.0","0.0"
"CURVE 1","0.08517831998419016","30.944584111045124","24.803596894417325","0.057512551445273015","0.10182533513254194","27.18977030299214","-1","0.0","0.0","0.0"
"CURVE 1","0.08517831998419016","30.944584111045124","24.803596894417325","0.057583035141674434","0.10176895521173429","27.32427576926344","-1","0.0","0.0","0.0"
"CURVE 1","0.08517831998419016","30.944584111045124","24.803596894417325","0.05765350175734183","0.10171287306505647","27.458559979702578","-1","0.0","0.0","0.0"
"CURVE 1","0.08517831998419016","30.944584111045124","24.803596894417325","0.05772395157695409","0.10165708798081127","27.592606010630746","-1","0.0","0.0","0.0"
"CURVE 1","0.08517831998419016","30.944584111045124","24.803596894417325","0.05779438488519013","0.10160159924730139","27.7263967621097","-1","0.0","0.0","0.0"
"CURVE 1","0.08517831998419016","30.944584111045124","24.803596894417325","0.05786480196672885","0.10154640615282959","27.859915011375865","-1","0.0","0.0","0.0"
"CURVE 1","0.08517831998419016","30.944584111045124","24.803596894417325","0.057935203106249146","0.10149150798569863","27.993143336571524","-1","0.0","0.0","0.0"
"CURVE 1","0.08517831998419016","30.944584111045124","24.803596894417325","0.05800558858842992","0.10143690403421125","28.126064169877385","-1","0.0","0.0","0.0"
"CURVE 1","0.08517831998419016","30.944584111045124","24.803596894417325","0.05807595869795007","0.10138259358667022","28.25865982092281","-1","0.0","0.0","0.0"
"CURVE 1","0.08517831998419016","30.944584111045124","24.803596894417325","0.05814631371948849","0.10132857593137826","28.390912400056077","-1","0.0","0.0","0.0"
"CURVE 1","0.08517831998419016","30.944584111045124","24.803596894417325","0.05821665393772411","0.10127485035663812","28.522803916405994","-1","0.0","0.0","0.0"
"CURVE 1","0.08517831998419016","30.944584111045124","24.803596894417325","0.058286979637335784","0.10122141615075257","28.654316234019298","-1","0.0","0.0","0.0"
"CURVE 1","0.08517831998419016","30.944584111045124","24.803596894417325","0.05835729110300244","0.10116827260202436","28.785431048725403","-1","0.0","0.0","0.0"
"CURVE 1","0.08517831998419016","30.944584111045124","24.803596894417325","0.05842758861940298","0.10111541899875622","28.916129931610268","-1","0.0","0.0","0.0"
"CURVE 1","0.08517831998419016","30.944584111045124","24.803596894417325","0.0584978724712163","0.1010628546292509","29.046394341654945","-1","0.0","0.0","0.0"
"CURVE 1","0.08517831998419016","30.944584111045124","24.803596894417325","0.0585681429431213","0.10101057878181116","29.176205595951092","-1","0.0","0.0","0.0"
"CURVE 1","0.08517831998419016","30.944584111045124","24.803596894417325","0.058638400319796884","0.10095859074473974","29.305544893158984","-1","0.0","0.0","0.0"
"CURVE 1","0.08517831998419016","30.944584111045124","24.803596894417325","0.058708644885921944","0.1009068898063394","29.43439330229642","-1","0.0","0.0","0.0"
"CURVE 1","0.08517831998419016","30.944584111045124","24.803596894417325","0.05877887692617539","0.10085547525491288","29.562731794950782","-1","0.0","0.0","0.0"
"CURVE 1","0.08517831998419016","30.944584111045124","24.803596894417325","0.05884909672523611","0.10080434637876293","29.690541216837634","-1","0.0","0.0","0.0"
"CURVE 1","0.08517831998419016","30.944584111045124","24.803596894417325","0.05891930456778302","0.10075350246619229","29.81780232437412","-1","0.0","0.0","0.0"
"CURVE 1","0.08517831998419016","30.944584111045124","24.803596894417325","0.05898950073849501","0.10070294280550374","29.944495747947588","-1","0.0","0.0","0.0"
"CURVE 1","0.08517831998419016","30.944584111045124","24.803596894417325","0.05905968552205099","0.10065266668499999","30.070602039474508","-1","0.0","0.0","0.0"
"CURVE 1","0.08517831998419016","30.944584111045124","24.803596894417325","0.059129859203129846","0.10060267339298382","30.19610168371198","-1","0.0","0.0","0.0"
"CURVE 1","0.08517831998419016","30.944584111045124","24.803596894417325","0.059200022066410486","0.10055296221775797","30.320975022423262","-1","0.0","0.0","0.0"
"CURVE 1","0.08517831998419016","30.944584111045124","24.803596894417325","0.05927017439657182","0.10050353244762517","30.44520235651129","-1","0.0","0.0","0.0"
"CURVE 1","0.08517831998419016","30.944584111045124","24.803596894417325","0.059340316478292736","0.10045438337088819","30.568763897611177","-1","0.0","0.0","0.0"
"CURVE 1","0.08517831998419016","30.944584111045124","24.803596894417325","0.059410448596252136","0.10040551427584977","30.69163978440001","-1","0.0","0.0","0.0"
"CURVE 1","0.08517831998419016","30.944584111045124","24.803596894417325","0.05948057103512892","0.10035692445081265","30.81381009925863","-1","0.0","0.0","0.0"
"CURVE 1","0.08517831998419016","30.944584111045124","24.803596894417325","0.05955068407960198","0.1003086131840796","30.93525485987688","-1","0.0","0.0","0.0"
"CURVE 1","0.08517831998419016","30.944584111045124","24.803596894417325","0.05962078801435023","0.10026057976395336","31.055954021719778","-1","0.0","0.0","0.0"
"CURVE 1","0.08517831998419016","30.944584111045124","24.803596894417325","0.059690883124052574","0.1002128234787367","31.175887505746374","-1","0.0","0.0","0.0"
"CURVE 1","0.08517831998419016","30.944584111045124","24.803596894417325","0.05976096969338791","0.10016534361673234","31.295035178505405","-1","0.0","0.0","0.0"
"CURVE 1","0.08517831998419016","30.944584111045124","24.803596894417325","0.05983104800703512","0.10011813946624301","31.41337687053006","-1","0.0","0.0","0.0"
"CURVE 1","0.08517831998419016","30.944584111045124","24.803596894417325","0.05990111834967313","0.1000712103155715","31.530892391155724","-1","0.0","0.0","0.0"
"CURVE 1","0.08517831998419016","30.944584111045124","24.803596894417325","0.059971181005980825","0.10002455545302052","31.647561502149696","-1","0.0","0.0","0.0"
"CURVE 1","0.08517831998419016","30.944584111045124","24.803596894417325","0.060041236260637114","0.09997817416689288","31.763363983008517","-1","0.0","0.0","0.0"
"CURVE 1","0.08517831998419016","30.944584111045124","24.803596894417325","0.06011128439832089","0.0999320657454913","31.878279557064133","-1","0.0","0.0","0.0"
"CURVE 1","0.08517831998419016","30.944584111045124","24.803596894417325","0.06018132570371106","0.09988622947711848","31.992287974719353","-1","0.0","0.0","0.0"
"CURVE 1","0.08517831998419016","30.944584111045124","24.803596894417325","0.06025136046148651","0.09984066465007724","32.1053689775125","-1","0.0","0.0","0.0"
"CURVE 1","0.08517831998419016","30.944584111045124","24.803596894417325","0.060321388956326154","0.09979537055267029","32.217502316835336","-1","0.0","0.0","0.0"
"CURVE 1","0.08517831998419016","30.944584111045124","24.803596894417325","0.060391411472908885","0.0997503464732004","32.32866771811878","-1","0.0","0.0","0.0"
"CURVE 1","0.08517831998419016","30.944584111045124","24.803596894417325","0.06046142829591362","0.09970559169997029","32.43884498328125","-1","0.0","0.0","0.0"
"CURVE 1","0.08517831998419016","30.944584111045124","24.803596894417325","0.06053143971001923","0.09966110552128274","32.54801393724315","-1","0.0","0.0","0.0"
"CURVE 1","0.08517831998419016","30.944584111045124","24.803596894417325","0.06060144599990464","0.09961688722544049","32.65615438844557","-1","0.0","0.0","0.0"
"CURVE 1","0.08517831998419016","30.944584111045124","24.803596894417325","0.06067144745024875","0.09957293610074626","32.76324621635862","-1","0.0","0.0","0.0"
"CURVE 1","0.08517831998419016","30.944584111045124","24.803596894417325","0.06074144434573044","0.09952925143550284","32.869269365486176","-1","0.0","0.0","0.0"
"CURVE 1","0.08517831998419016","30.944584111045124","24.803596894417325","0.06081143697102864","0.09948583251801296","32.97420378729819","-1","0.0","0.0","0.0"
"CURVE 1","0.08517831998419016","30.944584111045124","24.803596894417325","0.06088142561082222","0.09944267863657938","33.07802954420616","-1","0.0","0.0","0.0"
"CURVE 1","0.08517831998419016","30.944584111045124","24.803596894417325","0.06095141054979011","0.09939978907950484","33.18072673566415","-1","0.0","0.0","0.0"
"CURVE 1","0.08517831998419016","30.944584111045124","24.803596894417325","0.06102139207261118","0.09935716313509206","33.28227555123571","-1","0.0","0.0","0.0"
"CURVE 1","0.08517831998419016","30.944584111045124","24.803596894417325","0.06109137046396435","0.09931480009164384","33.382656242341916","-1","0.0","0.0","0.0"
"CURVE 1","0.08517831998419016","30.944584111045124","24.803596894417325","0.061161346008528523","0.09927269923746289","33.48184917158511","-1","0.0","0.0","0.0"
"CURVE 1","0.08517831998419016","30.944584111045124","24.803596894417325","0.06123131899098258","0.09923085986085199","33.57983479689689","-1","0.0","0.0","0.0"
"CURVE 1","0.08517831998419016","30.944584111045124","24.803596894417325","0.06130128969600544","0.09918928125011386","33.6765936632072","-1","0.0","0.0","0.0"
"CURVE 1","0.08517831998419016","30.944584111045124","24.803596894417325","0.061371258408275994","0.09914796269355128","33.77210643816944","-1","0.0","0.0","0.0"
"CURVE 1","0.08517831998419016","30.944584111045124","24.803596894417325","0.061441225412473155","0.09910690347946698","33.8663539195767","-1","0.0","0.0","0.0"
"CURVE 1","0.08517831998419016","30.944584111045124","24.803596894417325","0.0615111909932758","0.0990661028961637","33.95931698024807","-1","0.0","0.0","0.0"
"CURVE 1","0.08517831998419016","30.944584111045124","24.803596894417325","0.06158115543536286","0.09902556023194421","34.05097669396735","-1","0.0","0.0","0.0"
"CURVE 1","0.08517831998419016","30.944584111045124","24.803596894417325","0.06165111902341321","0.09898527477511126","34.14131424421838","-1","0.0","0.0","0.0"
"CURVE 1","0.08517831998419016","30.944584111045124","24.803596894417325","0.06172108204210576","0.09894524581396758","34.23031093062804","-1","0.0","0.0","0.0"
"CURVE 1","0.08517831998419016","30.944584111045124","24.803596894417325","0.0617910447761194","0.09890547263681591","34.317948289571326","-1","0.0","0.0","0.0"
"CURVE 1","0.08517831998419016","30.944584111045124","24.803596894417325","0.061861008067629224","0.09886595419983366","34.38773542151637","-1","0.0","0.0","0.0"
"CURVE 1","0.08517831998419016","30.944584111045124","24.803596894417325","0.06193097498879503","0.0988266881306966","34.44930589082762","-1","0.0","0.0","0.0"
"CURVE 1","0.08517831998419016","30.944584111045124","24.803596894417325","0.062000949169272804","0.09878767172495523","34.50257401337977","-1","0.0","0.0","0.0"
"CURVE 1","0.08517831998419016","30.944584111045124","24.803596894417325","0.06207093423871852","0.09874890227815998","34.54746079940686","-1","0.0","0.0","0.0"
"CURVE 1","0.08517831998419016","30.944584111045124","24.803596894417325","0.06214093382678814","0.09871037708586126","34.58389407116471","-1","0.0","0.0","0.0"
"CURVE 1","0.08517831998419016","30.944584111045124","24.803596894417325","0.062210951563137676","0.09867209344360958","34.611808633134764","-1","0.0","0.0","0.0"
"CURVE 1","0.08517831998419016","30.944584111045124","24.803596894417325","0.06228099107742309","0.09863404864695535","34.631146453171915","-1","0.0","0.0","0.0"
"CURVE 1","0.08517831998419016","30.944584111045124","24.803596894417325","0.062351055999300374","0.09859623999144901","34.64185670530226","-1","0.0","0.0","0.0"
"CURVE 1","0.08517831998419016","30.944584111045124","24.803596894417325","0.062421149958425494","0.09855866477264101","34.64389593657064","-1","0.0","0.0","0.0"
"CURVE 1","0.08517831998419016","30.944584111045124","24.803596894417325","0.06249127658445444","0.09852132028608179","34.63722816896299","-1","0.0","0.0","0.0"
"CURVE 1","0.08517831998419016","30.944584111045124","24.803596894417325","0.06256143950704318","0.09848420382732184","34.621824939617184","-1","0.0","0.0","0.0"
"CURVE 1","0.08517831998419016","30.944584111045124","24.803596894417325","0.06263164235584771","0.09844731269191154","34.59766540547703","-1","0.0","0.0","0.0"
"CURVE 1","0.08517831998419016","30.944584111045124","24.803596894417325","0.062701888760524","0.09841064417540137","34.564736413154485","-1","0.0","0.0","0.0"
"CURVE 1","0.08517831998419016","30.944584111045124","24.803596894417325","0.06277218235072804","0.09837419557334179","34.52303253633036","-1","0.0","0.0","0.0"
"CURVE 1","0.08517831998419016","30.944584111045124","24.803596894417325","0.0628425267561158","0.09833796418128321","34.47255605992335","-1","0.0","0.0","0.0"
"CURVE 1","0.08517831998419016","30.944584111045124","24.803596894417325","0.06291292560634328","0.09830194729477612","34.41331710300076","-1","0.0","0.0","0.0"
"CURVE 1","0.08517831998419016","30.944584111045124","24.803596894417325","0.06298338253106645","0.09826614220937092","34.34533348882025","-1","0.0","0.0","0.0"
"CURVE 1","0.08517831998419016","30.944584111045124","24.803596894417325","0.06305390115994125","0.0982305462206181","34.268630843439546","-1","0.0","0.0","0.0"
"CURVE 1","0.08517831998419016","30.944584111045124","24.803596894417325","0.06312448512262372","0.09819515662406808","34.18324250328637","-1","0.0","0.0","0.0"
"CURVE 1","0.08517831998419016","30.944584111045124","24.803596894417325","0.06319513804876982","0.0981599707152713","34.08920953768946","-1","0.0","0.0","0.0"
"CURVE 1","0.08517831998419016","30.944584111045124","24.803596894417325","0.06326586356803553","0.09812498578977823","33.98658061701789","-1","0.0","0.0","0.0"
"CURVE 1","0.08517831998419016","30.944584111045124","24.803596894417325","0.06333666531007683","0.09809019914313928","33.875412004019736","-1","0.0","0.0","0.0"
"CURVE 1","0.08517831998419016","30.944584111045124","24.803596894417325","0.06340754690454968","0.09805560807090492","33.75576745664495","-1","0.0","0.0","0.0"
"CURVE 1","0.08517831998419016","30.944584111045124","24.803596894417325","0.06347851198111008","0.09802120986862561","33.62771813791987","-1","0.0","0.0","0.0"
"CURVE 1","0.08517831998419016","30.944584111045124","24.803596894417325","0.06354956416941401","0.09798700183185179","33.491342488930655","-1","0.0","0.0","0.0"
"CURVE 1","0.08517831998419016","30.944584111045124","24.803596894417325","0.06362070709911745","0.09795298125613389","33.34672611882067","-1","0.0","0.0","0.0"
"CURVE 1","0.08517831998419016","30.944584111045124","24.803596894417325","0.0636919443998764","0.09791914543702233","33.19396167325769","-1","0.0","0.0","0.0"
"CURVE 1","0.08517831998419016","30.944584111045124","24.803596894417325","0.06376327970134679","0.09788549167006763","33.03314874842245","-1","0.0","0.0","0.0"
"CURVE 1","0.08517831998419016","30.944584111045124","24.803596894417325","0.06383471663318464","0.09785201725082018","32.864393579746725","-1","0.0","0.0","0.0"
"CURVE 1","0.08517831998419016","30.944584111045124","24.803596894417325","0.06390625882504593","0.09781871947483044","32.68780901247524","-1","0.0","0.0","0.0"
"CURVE 1","0.08517831998419016","30.944584111045124","24.803596894417325","0.06397790990658662","0.09778559563764884","32.50351430387185","-1","0.0","0.0","0.0"
"CURVE 1","0.08517831998419016","30.944584111045124","24.803596894417325","0.0640496735074627","0.09775264303482586","32.31163487344911","-1","0.0","0.0","0.0"
"CURVE 1","0.08517831998419016","30.944584111045124","24.803596894417325","0.06412155325733017","0.09771985896191195","32.11230215232024","-1","0.0","0.0","0.0"
"CURVE 1","0.08517831998419016","30.944584111045124","24.803596894417325","0.06419355278584496","0.09768724071445749","31.905653371922","-1","0.0","0.0","0.0"
"CURVE 1","0.08517831998419016","30.944584111045124","24.803596894417325","0.0642656757226631","0.09765478558801297","31.691831323978096","-1","0.0","0.0","0.0"
"CURVE 1","0.08517831998419016","30.944584111045124","24.803596894417325","0.06433792569744054","0.09762249087812887","31.47098412586067","-1","0.0","0.0","0.0"
"CURVE 1","0.08517831998419016","30.944584111045124","24.803596894417325","0.06441030633983329","0.0975903538803556","31.24326506213207","-1","0.0","0.0","0.0"
"CURVE 1","0.08517831998419016","30.944584111045124","24.803596894417325","0.0644828212794973","0.09755837189024359","31.00883225965874","-1","0.0","0.0","0.0"
"CURVE 1","0.08517831998419016","30.944584111045124","24.803596894417325","0.06455547414608856","0.09752654220334332","30.76784847671686","-1","0.0","0.0","0.0"
"CURVE 1","0.08517831998419016","30.944584111045124","24.803596894417325","0.06462826856926307","0.09749486211520522","30.52048087722673","-1","0.0","0.0","0.0"
"CURVE 1","0.08517831998419016","30.944584111045124","24.803596894417325","0.06470120817867678","0.09746332892137974","30.266900711874044","-1","0.0","0.0","0.0"
"CURVE 1","0.08517831998419016","30.944584111045124","24.803596894417325","0.0647742966039857","0.09743193991741732","30.0072831263168","-1","0.0","0.0","0.0"
"CURVE 1","0.08517831998419016","30.944584111045124","24.803596894417325","0.06484753747484578","0.0974006923988684","29.741806867791215","-1","0.0","0.0","0.0"
"CURVE 1","0.08517831998419016","30.944584111045124","24.803596894417325","0.06492093442091303","0.09736958366128343","29.47065397957243","-1","0.0","0.0","0.0"
"CURVE 1","0.08517831998419016","30.944584111045124","24.803596894417325","0.0649944910718434","0.09733861100021286","29.194009636783704","-1","0.0","0.0","0.0"
"CURVE 1","0.08517831998419016","30.944584111045124","24.803596894417325","0.06506821105729291","0.09730777171120715","28.91206179131151","-1","0.0","0.0","0.0"
"CURVE 1","0.08517831998419016","30.944584111045124","24.803596894417325","0.06514209800691748","0.09727706308981672","28.625000893847766","-1","0.0","0.0","0.0"
"CURVE 1","0.08517831998419016","30.944584111045124","24.803596894417325","0.06521615555037315","0.09724648243159204","28.333019686701334","-1","0.0","0.0","0.0"
"CURVE 1","0.08517831998419016","30.944584111045124","24.803596894417325","0.06529038731731586","0.09721602703208353","28.036312892917802","-1","0.0","0.0","0.0"
"CURVE 1","0.08517831998419016","30.944584111045124","24.803596894417325","0.06536479693740162","0.09718569418684166","27.73507696013499","-1","0.0","0.0","0.0"
"CURVE 1","0.08517831998419016","30.944584111045124","24.803596894417325","0.0654393880402864","0.09715548119141687","27.429509780654534","-1","0.0","0.0","0.0"
"CURVE 1","0.08517831998419016","30.944584111045124","24.803596894417325","0.06551416425562617","0.09712538534135959","27.119810438499787","-1","0.0","0.0","0.0"
"CURVE 1","0.08517831998419016","30.944584111045124","24.803596894417325","0.06558912921307691","0.09709540393222028","26.80617893729318","-1","0.0","0.0","0.0"
"CURVE 1","0.08517831998419016","30.944584111045124","24.803596894417325","0.06566428654229463","0.0970655342595494","26.488815969491032","-1","0.0","0.0","0.0"
"CURVE 1","0.08517831998419016","30.944584111045124","24.803596894417325","0.0657396398729353","0.09703577361889738","26.167922616025635","-1","0.0","0.0","0.0"
"CURVE 1","0.08517831998419016","30.944584111045124","24.803596894417325","0.06581519283465485","0.09700611930581467","25.843700119167956","-1","0.0","0.0","0.0"
"CURVE 1","0.08517831998419016","30.944584111045124","24.803596894417325","0.06589094905710932","0.0969765686158517","25.516349650935595","-1","0.0","0.0","0.0"
"CURVE 1","0.08517831998419016","30.944584111045124","24.803596894417325","0.06596691216995468","0.09694711884455894","25.186072045755722","-1","0.0","0.0","0.0"
"CURVE 1","0.08517831998419016","30.944584111045124","24.803596894417325","0.06604308580284689","0.09691776728748681","24.85306757150381","-1","0.0","0.0","0.0"
"CURVE 1","0.08517831998419016","30.944584111045124","24.803596894417325","0.06611947358544194","0.09688851124018578","24.51753572888829","-1","0.0","0.0","0.0"
"CURVE 1","0.08517831998419016","30.944584111045124","24.803596894417325","0.06619607914739581","0.0968593479982063","24.179674976721735","-1","0.0","0.0","0.0"
"CURVE 1","0.08517831998419016","30.944584111045124","24.803596894417325","0.06627290611836449","0.09683027485709877","23.83968254624662","-1","0.0","0.0","0.0"
"CURVE 1","0.08517831998419016","30.944584111045124","24.803596894417325","0.06634995812800396","0.09680128911241369","23.4977542551218","-1","0.0","0.0","0.0"
"CURVE 1","0.08517831998419016","30.944584111045124","24.803596894417325","0.06642723880597015","0.09677238805970148","23.15408422246346","-1","0.0","0.0","0.0"
"CURVE 1","0.08517831998419016","30.944584111045124","24.803596894417325","0.0665047517819191","0.0967435689945126","22.808864787036885","-1","0.0","0.0","0.0"
"CURVE 1","0.08517831998419016","30.944584111045124","24.803596894417325","0.06658250068550679","0.09671482921239748","22.462286247925864","-1","0.0","0.0","0.0"
"CURVE 1","0.08517831998419016","30.944584111045124","24.803596894417325","0.06666048914638918","0.09668616600890657","22.114536670399914","-1","0.0","0.0","0.0"
"CURVE 1","0.08517831998419016","30.944584111045124","24.803596894417325","0.06673872079422224","0.09665757667959032","21.76580176607491","-1","0.0","0.0","0.0"
"CURVE 1","0.08517831998419016","30.944584111045124","24.803596894417325","0.06681719925866197","0.09662905851999919","21.416264700430197","-1","0.0","0.0","0.0"
"CURVE 1","0.08517831998419016","30.944584111045124","24.803596894417325","0.06689592816936435","0.0966006088256836","21.06610595585676","-1","0.0","0.0","0.0"
"CURVE 1","0.08517831998419016","30.944584111045124","24.803596894417325","0.06697491115598535","0.09657222489219398","20.71550314675605","-1","0.0","0.0","0.0"
"CURVE 1","0.08517831998419016","30.944584111045124","24.803596894417325","0.06705415184818096","0.09654390401508084","20.364630930646854","-1","0.0","0.0","0.0"
"CURVE 1","0.08517831998419016","30.944584111045124","24.803596894417325","0.06713365387560717","0.09651564348989458","20.01366083978084","-1","0.0","0.0","0.0"
"CURVE 1","0.08517831998419016","30.944584111045124","24.803596894417325","0.06721342086791991","0.09648744061218567","19.66276117350132","-1","0.0","0.0","0.0"
"CURVE 1","0.08517831998419016","30.944584111045124","24.803596894417325","0.0672934564547752","0.09645929267750453","19.312096895873044","-1","0.0","0.0","0.0"
"CURVE 1","0.08517831998419016","30.944584111045124","24.803596894417325","0.06737376426582906","0.0964311969814016","18.961829506286477","-1","0.0","0.0","0.0"
"CURVE 1","0.08517831998419016","30.944584111045124","24.803596894417325","0.0674543479307374","0.09640315081942734","18.612116950402694","-1","0.0","0.0","0.0"
"CURVE 1","0.08517831998419016","30.944584111045124","24.803596894417325","0.06753521107915623","0.09637515148713222","18.263113582597487","-1","0.0","0.0","0.0"
"CURVE 1","0.08517831998419016","30.944584111045124","24.803596894417325","0.06761635734074153","0.09634719628006666","17.914969957640672","-1","0.0","0.0","0.0"
"CURVE 1","0.08517831998419016","30.944584111045124","24.803596894417325","0.06769779034514926","0.0963192824937811","17.56783291697823","-1","0.0","0.0","0.0"
"CURVE 1","0.08517831998419016","30.944584111045124","24.803596894417325","0.06777951372203543","0.09629140742382601","17.2218454131643","-1","0.0","0.0","0.0"
"CURVE 1","0.08517831998419016","30.944584111045124","24.803596894417325","0.067861531101056","0.09626356836575183","16.877146442200175","-1","0.0","0.0","0.0"
"CURVE 1","0.08517831998419016","30.944584111045124","24.803596894417325","0.06794384611186696","0.09623576261510898","16.533871146067803","-1","0.0","0.0","0.0"
"CURVE 1","0.08517831998419016","30.944584111045124","24.803596894417325","0.0680264623841243","0.09620798746744792","16.19215055363276","-1","0.0","0.0","0.0"
"CURVE 1","0.08517831998419016","30.944584111045124","24.803596894417325","0.06810938354748398","0.0961802402183191","15.85211173031583","-1","0.0","0.0","0.0"
"CURVE 1","0.08517831998419016","30.944584111045124","24.803596894417325","0.06819261323160201","0.09615251816327298","15.513877620934807","-1","0.0","0.0","0.0"
"CURVE 1","0.08517831998419016","30.944584111045124","24.803596894417325","0.06827615506613433","0.09612481859786","15.177567118253732","-1","0.0","0.0","0.0"
"CURVE 1","0.08517831998419016","30.944584111045124","24.803596894417325","0.06836001268073695","0.0960971388176306","14.843295001999143","-1","0.0","0.0","0.0"
"CURVE 1","0.08517831998419016","30.944584111045124","24.803596894417325","0.06844418970506584","0.09606947611813521","14.511171942119791","-1","0.0","0.0","0.0"
"CURVE 1","0.08517831998419016","30.944584111045124","24.803596894417325","0.06852868976877696","0.0960418277949243","14.181304467653481","-1","0.0","0.0","0.0"
"CURVE 1","0.08517831998419016","30.944584111045124","24.803596894417325","0.06861351650152633","0.09601419114354832","13.853795061467036","-1","0.0","0.0","0.0"
"CURVE 1","0.08517831998419016","30.944584111045124","24.803596894417325","0.06869867353296992","0.0959865634595577","13.528742027029418","-1","0.0","0.0","0.0"
"CURVE 1","0.08517831998419016","30.944584111045124","24.803596894417325","0.0687841644927637","0.09595894203850287","13.206239667851595","-1","0.0","0.0","0.0"
"CURVE 1","0.08517831998419016","30.944584111045124","24.803596894417325","0.06886999301056364","0.0959313241759343","12.886378141768866","-1","0.0","0.0","0.0"
"CURVE 1","0.08517831998419016","30.944584111045124","24.803596894417325","0.06895616271602574","0.09590370716740244","12.569243640729217","-1","0.0","0.0","0.0"
"CURVE 1","0.08517831998419016","30.944584111045124","24.803596894417325","0.06904267723880599","0.09587608830845773","12.254918305880825","-1","0.0","0.0","0.0"
"CURVE 1","0.08517831998419016","30.944584111045124","24.803596894417325","0.06912954020856032","0.09584846489465061","11.943480304988732","-1","0.0","0.0","0.0"
"CURVE 1","0.08517831998419016","30.944584111045124","24.803596894417325","0.06921675525494478","0.0958208342215315","11.63500390618711","-1","0.0","0.0","0.0"
"CURVE 1","0.08517831998419016","30.944584111045124","24.803596894417325","0.06930432600761528","0.09579319358465091","11.3295594376085","-1","0.0","0.0","0.0"
"CURVE 1","0.08517831998419016","30.944584111045124","24.803596894417325","0.06939225609622787","0.09576554027955925","11.027213417752044","-1","0.0","0.0","0.0"
"CURVE 1","0.08517831998419016","30.944584111045124","24.803596894417325","0.06948054915043848","0.09573787160180694","10.728028551497015","-1","0.0","0.0","0.0"
"CURVE 1","0.08517831998419016","30.944584111045124","24.803596894417325","0.0695692087999031","0.09571018484694449","10.432063812696738","-1","0.0","0.0","0.0"
"CURVE 1","0.08517831998419016","30.944584111045124","24.803596894417325","0.0696582386742777","0.09568247731052228","10.139374482667083","-1","0.0","0.0","0.0"
"CURVE 1","0.08517831998419016","30.944584111045124","24.803596894417325","0.06974764240321829","0.0956547462880908","9.850012227184969","-1","0.0","0.0","0.0"
"CURVE 1","0.08517831998419016","30.944584111045124","24.803596894417325","0.06983742361638084","0.09562698907520045","9.56402514408448","-1","0.0","0.0","0.0"
"CURVE 1","0.08517831998419016","30.944584111045124","24.803596894417325","0.06992758594342134","0.09559920296740175","9.281457818393722","-1","0.0","0.0","0.0"
"CURVE 1","0.08517831998419016","30.944584111045124","24.803596894417325","0.07001813301399573","0.0955713852602451","9.002351434790992","-1","0.0","0.0","0.0"
"CURVE 1","0.08517831998419016","30.944584111045124","24.803596894417325","0.07010906845776003","0.09554353324928093","8.726743780399577","-1","0.0","0.0","0.0"
"CURVE 1","0.08517831998419016","30.944584111045124","24.803596894417325","0.07020039590437022","0.0955156442300597","8.454669380178231","-1","0.0","0.0","0.0"
"CURVE 1","0.08517831998419016","30.944584111045124","24.803596894417325","0.07029211898348225","0.09548771549813188","8.186159510972194","-1","0.0","0.0","0.0"
"CURVE 1","0.08517831998419016","30.944584111045124","24.803596894417325","0.07038424132475214","0.09545974434904791","7.921242323351434","-1","0.0","0.0","0.0"
"CURVE 1","0.08517831998419016","30.944584111045124","24.803596894417325","0.07047676655783583","0.0954317280783582","7.659942896324773","-1","0.0","0.0","0.0"
"CURVE 1","0.08517831998419016","30.944584111045124","24.803596894417325","0.07056969831238932","0.09540366398161322","7.4022832906012725","-1","0.0","0.0","0.0"
"CURVE 1","0.08517831998419016","30.944584111045124","24.803596894417325","0.0706630402180686","0.09537554935436345","7.148282679377752","-1","0.0","0.0","0.0"
"CURVE 1","0.08517831998419016","30.944584111045124","24.803596894417325","0.07075679590452964","0.09534738149215927","6.897957368226869","-1","0.0","0.0","0.0"
"CURVE 1","0.08517831998419016","30.944584111045124","24.803596894417325","0.07085096900142843","0.09531915769055116","6.6513208969948","-1","0.0","0.0","0.0"
"CURVE 1","0.08517831998419016","30.944584111045124","24.803596894417325","0.07094556313842093","0.09529087524508956","6.408384146828931","-1","0.0","0.0","0.0"
"CURVE 1","0.08517831998419016","30.944584111045124","24.803596894417325","0.07104058194516312","0.09526253145132492","6.169155376887601","-1","0.0","0.0","0.0"
"CURVE 1","0.08517831998419016","30.944584111045124","24.803596894417325","0.071136029051311","0.09523412360480768","5.933640305961996","-1","0.0","0.0","0.0"
"CURVE 1","0.08517831998419016","30.944584111045124","24.803596894417325","0.07123190808652054","0.0952056490010883","5.701842243801594","-1","0.0","0.0","0.0"
"CURVE 1","0.08517831998419016","30.944584111045124","24.803596894417325","0.07132822268044771","0.09517710493571722","5.473762090371319","-1","0.0","0.0","0.0"
"CURVE 1","0.08517831998419016","30.944584111045124","24.803596894417325","0.07142497646274852","0.09514848870424489","5.249398438959746","-1","0.0","0.0","0.0"
"CURVE 1","0.08517831998419016","30.944584111045124","24.803596894417325","0.07152217306307893","0.09511979760222174","5.02874774819074","-1","0.0","0.0","0.0"
"CURVE 1","0.08517831998419016","30.944584111045124","24.803596894417325","0.07161981611109493","0.09509102892519823","4.811804250126278","-1","0.0","0.0","0.0"
"CURVE 1","0.08517831998419016","30.944584111045124","24.803596894417325","0.07171790923645248","0.09506217996872479","4.598560182426643","-1","0.0","0.0","0.0"
"CURVE 1","0.08517831998419016","30.944584111045124","24.803596894417325","0.07181645606880759","0.09503324802835189","4.389005786910866","-1","0.0","0.0","0.0"
"CURVE 1","0.08517831998419016","30.944584111045124","24.803596894417325","0.07191546023781621","0.09500423039962996","4.1831293704072","-1","0.0","0.0","0.0"
"CURVE 1","0.08517831998419016","30.944584111045124","24.803596894417325","0.07201492537313434","0.09497512437810945","3.9809174546728303","-1","0.0","0.0","0.0"
"CURVE 1","0.08517831998419016","30.944584111045124","24.803596894417325","0.07211485780886752","0.09494592996379035","5.625753101061207","-1","0.0","0.0","0.0"
"CURVE 1","0.08517831998419016","30.944584111045124","24.803596894417325","0.07221527469691946","0.0949166579744709","7.229046463117981","-1","0.0","0.0","0.0"
"CURVE 1","0.08517831998419016","30.944584111045124","24.803596894417325","0.0723161958936435","0.09488732193239886","8.78973783066365","-1","0.0","0.0","0.0"
"CURVE 1","0.08517831998419016","30.944584111045124","24.803596894417325","0.07241764125539296","0.094857935359822","10.306875377957137","-1","0.0","0.0","0.0"
"CURVE 1","0.08517831998419016","30.944584111045124","24.803596894417325","0.07251963063852111","0.09482851177898807","11.779612723522987","-1","0.0","0.0","0.0"
"CURVE 1","0.08517831998419016","30.944584111045124","24.803596894417325","0.07262218389938127","0.09479906471214486","13.207206568695582","-1","0.0","0.0","0.0"
"CURVE 1","0.08517831998419016","30.944584111045124","24.803596894417325","0.07272532089432675","0.09476960768154012","14.589014125837698","-1","0.0","0.0","0.0"
"CURVE 1","0.08517831998419016","30.944584111045124","24.803596894417325","0.07282906147971083","0.09474015420942165","15.924490572157914","-1","0.0","0.0","0.0"
"CURVE 1","0.08517831998419016","30.944584111045124","24.803596894417325","0.07293342551188683","0.09471071781803718","17.21318640181752","-1","0.0","0.0","0.0"
"CURVE 1","0.08517831998419016","30.944584111045124","24.803596894417325","0.07303843284720807","0.09468131202963455","18.45474481526388","-1","0.0","0.0","0.0"
"CURVE 1","0.08517831998419016","30.944584111045124","24.803596894417325","0.07314410334202782","0.09465195036646146","19.648898933693072","-1","0.0","0.0","0.0"
"CURVE 1","0.08517831998419016","30.944584111045124","24.803596894417325","0.0732504568526994","0.09462264635076571","20.795469164409973","-1","0.0","0.0","0.0"
"CURVE 1","0.08517831998419016","30.944584111045124","24.803596894417325","0.07335751323557613","0.09459341350479505","21.89436038351821","-1","0.0","0.0","0.0"
"CURVE 1","0.08517831998419016","30.944584111045124","24.803596894417325","0.07346529234701128","0.09456426535079729","22.94555919675928","-1","0.0","0.0","0.0"
"CURVE 1","0.08517831998419016","30.944584111045124","24.803596894417325","0.0735738140433582","0.09453521541102015","23.949131111437346","-1","0.0","0.0","0.0"
"CURVE 1","0.08517831998419016","30.944584111045124","24.803596894417325","0.07368309818097014","0.09450627720771143","24.905217764731585","-1","0.0","0.0","0.0"
"CURVE 1","0.08517831998419016","30.944584111045124","24.803596894417325","0.07379316461620046","0.09447746426311893","25.814034010965084","-1","0.0","0.0","0.0"
"CURVE 1","0.08517831998419016","30.944584111045124","24.803596894417325","0.07390403320540243","0.09444879009949034","26.67586513817806","-1","0.0","0.0","0.0"
"CURVE 1","0.08517831998419016","30.944584111045124","24.803596894417325","0.07401572380492936","0.09442026823907348","27.49106395386672","-1","0.0","0.0","0.0"
"CURVE 1","0.08517831998419016","30.944584111045124","24.803596894417325","0.07412825627113456","0.09439191220411612","28.26004788854765","-1","0.0","0.0","0.0"
"CURVE 1","0.08517831998419016","30.944584111045124","24.803596894417325","0.07424165046037133","0.09436373551686603","28.983296108589954","-1","0.0","0.0","0.0"
"CURVE 1","0.08517831998419016","30.944584111045124","24.803596894417325","0.07435592622899298","0.09433575169957098","29.661346564758816","-1","0.0","0.0","0.0"
"CURVE 1","0.08517831998419016","30.944584111045124","24.803596894417325","0.0744711034333528","0.09430797427447872","30.29479305276922","-1","0.0","0.0","0.0"
"CURVE 1","0.08517831998419016","30.944584111045124","24.803596894417325","0.07458720192980411","0.09428041676383705","30.88428224626263","-1","0.0","0.0","0.0"
"CURVE 1","0.08517831998419016","30.944584111045124","24.803596894417325","0.07470424157470021","0.09425309268989372","31.43051075516727","-1","0.0","0.0","0.0"
"CURVE 1","0.08517831998419016","30.944584111045124","24.803596894417325","0.07482224222439439","0.09422601557489652","31.934222109702198","-1","0.0","0.0","0.0"
"CURVE 1","0.08517831998419016","30.944584111045124","24.803596894417325","0.07494122373524","0.09419919894109317","32.39620379512468","-1","0.0","0.0","0.0"
"CURVE 1","0.08517831998419016","30.944584111045124","24.803596894417325","0.07506120596359026","0.0941726563107315","32.81728423418059","-1","0.0","0.0","0.0"
"CURVE 1","0.08517831998419016","30.944584111045124","24.803596894417325","0.07518220876579855","0.09414640120605924","33.19832984180056","-1","0.0","0.0","0.0"
"CURVE 1","0.08517831998419016","30.944584111045124","24.803596894417325","0.07530425199821815","0.09412044714932417","33.540242001142914","-1","0.0","0.0","0.0"
"CURVE 1","0.08517831998419016","30.944584111045124","24.803596894417325","0.07542735551720235","0.09409480766277409","33.84395409958932","-1","0.0","0.0","0.0"
"CURVE 1","0.08517831998419016","30.944584111045124","24.803596894417325","0.07555153917910448","0.09406949626865672","34.11042857664644","-1","0.0","0.0","0.0"
"CURVE 1","0.08517831998419016","30.944584111045124","24.803596894417325","0.07567682284027785","0.09404452648921986","34.34065397457271","-1","0.0","0.0","0.0"
"CURVE 1","0.08517831998419016","30.944584111045124","24.803596894417325","0.07580322635707572","0.09401991184671127","34.53564204287213","-1","0.0","0.0","0.0"
"CURVE 1","0.08517831998419016","30.944584111045124","24.803596894417325","0.0759307695858514","0.09399566586337872","34.69642484254016","-1","0.0","0.0","0.0"
"CURVE 1","0.08517831998419016","30.944584111045124","24.803596894417325","0.07605947238295827","0.09397180206147","34.82405192803834","-1","0.0","0.0","0.0"
"CURVE 1","0.08517831998419016","30.944584111045124","24.803596894417325","0.07618935460474954","0.09394833396323285","34.91958753206241","-1","0.0","0.0","0.0"
"CURVE 1","0.08517831998419016","30.944584111045124","24.803596894417325","0.07632043610757856","0.09392527509091507","34.984107851389155","-1","0.0","0.0","0.0"
"CURVE 1","0.08517831998419016","30.944584111045124","24.803596894417325","0.07645273674779864","0.09390263896676439","35.01869834980498","-1","0.0","0.0","0.0"
"CURVE 1","0.08517831998419016","30.944584111045124","24.803596894417325","0.07658627638176306","0.09388043911302861","35.024451149129675","-1","0.0","0.0","0.0"
"CURVE 1","0.08517831998419016","30.944584111045124","24.803596894417325","0.07672107486582513","0.0938586890519555","35.00246247804549","-1","0.0","0.0","0.0"
"CURVE 1","0.08517831998419016","30.944584111045124","24.803596894417325","0.07685715205633818","0.09383740230579284","34.9538302432677","-1","0.0","0.0","0.0"
"CURVE 1","0.08517831998419016","30.944584111045124","24.803596894417325","0.07699452780965549","0.09381659239678834","34.87965157508553","-1","0.0","0.0","0.0"
"CURVE 1","0.08517831998419016","30.944584111045124","24.803596894417325","0.07713322198213035","0.09379627284718985","34.78102061220374","-1","0.0","0.0","0.0"
"CURVE 1","0.08517831998419016","30.944584111045124","24.803596894417325","0.07727325443011611","0.09377645717924508","34.65902624395411","-1","0.0","0.0","0.0"
"CURVE 1","0.08517831998419016","30.944584111045124","24.803596894417325","0.07741464500996602","0.09375715891520182","34.514750042082305","-1","0.0","0.0","0.0"
"CURVE 1","0.08517831998419016","30.944584111045124","24.803596894417325","0.07755741357803342","0.09373839157730786","34.349264229056736","-1","0.0","0.0","0.0"
"CURVE 1","0.08517831998419016","30.944584111045124","24.803596894417325","0.07770157999067163","0.09372016868781095","34.163629812105015","-1","0.0","0.0","0.0"
"CURVE 1","0.08517831998419016","30.944584111045124","24.803596894417325","0.07784716410423392","0.09370250376895885","33.958894761641396","-1","0.0","0.0","0.0"
"CURVE 1","0.08517831998419016","30.944584111045124","24.803596894417325","0.07799418577507361","0.09368541034299936","33.73609235931916","-1","0.0","0.0","0.0"
"CURVE 1","0.08517831998419016","30.944584111045124","24.803596894417325","0.07814266485954399","0.09366890193218023","33.4962396082479","-1","0.0","0.0","0.0"
"CURVE 1","0.08517831998419016","30.944584111045124","24.803596894417325","0.07829262121399837","0.09365299205874922","33.2403357959283","-1","0.0","0.0","0.0"
"CURVE 1","0.08517831998419016","30.944584111045124","24.803596894417325","0.07844407469479006","0.09363769424495413","32.969361133646885","-1","0.0","0.0","0.0"
"CURVE 1","0.08517831998419016","30.944584111045124","24.803596894417325","0.07859704515827236","0.0936230220130427","32.68427554988654","-1","0.0","0.0","0.0"
"CURVE 1","0.08517831998419016","30.944584111045124","24.803596894417325","0.07875155246079857","0.0936089888852627","32.38601755462681","-1","0.0","0.0","0.0"
"CURVE 1","0.08517831998419016","30.944584111045124","24.803596894417325","0.078907616458722","0.09359560838386194","32.075503255351315","-1","0.0","0.0","0.0"
"CURVE 1","0.08517831998419016","30.944584111045124","24.803596894417325","0.07906525700839598","0.09358289403108816","31.753625442169955","-1","0.0","0.0","0.0"
"CURVE 1","0.08517831998419016","30.944584111045124","24.803596894417325","0.07922449396617376","0.09357085934918914","31.42125284361566","-1","0.0","0.0","0.0"
"CURVE 1","0.08517831998419016","30.944584111045124","24.803596894417325","0.07938534718840869","0.0935595178604126","31.07922939280809","-1","0.0","0.0","0.0"
"CURVE 1","0.08517831998419016","30.944584111045124","24.803596894417325","0.07954783653145406","0.09354888308700637","30.72837371147047","-1","0.0","0.0","0.0"
"CURVE 1","0.08517831998419016","30.944584111045124","24.803596894417325","0.07971198185166316","0.09353896855121821","30.36947859850159","-1","0.0","0.0","0.0"
"CURVE 1","0.08517831998419016","30.944584111045124","24.803596894417325","0.07987780300538931","0.09352978777529589","30.003310679016938","-1","0.0","0.0","0.0"
"CURVE 1","0.08517831998419016","30.944584111045124","24.803596894417325","0.08004531984898582","0.09352135428148717","29.630610100319064","-1","0.0","0.0","0.0"
"CURVE 1","0.08517831998419016","30.944584111045124","24.803596894417325","0.08021455223880597","0.09351368159203981","29.252090363710394","-1","0.0","0.0","0.0"
"CURVE 1","0.08517831998419016","30.944584111045124","24.803596894417325","0.08038552003120307","0.0935067832292016","28.86843819298728","-1","0.0","0.0","0.0"
"CURVE 1","0.08517831998419016","30.944584111045124","24.803596894417325","0.08055824308253046","0.09350067271522029","28.480313531166733","-1","0.0","0.0","0.0"
"CURVE 1","0.08517831998419016","30.944584111045124","24.803596894417325","0.0807327412491414","0.09349536357234366","28.08834956838759","-1","0.0","0.0","0.0"
"CURVE 1","0.08517831998419016","30.944584111045124","24.803596894417325","0.08090903438738921","0.0934908693228195","27.693152886209262","-1","0.0","0.0","0.0"
"CURVE 1","0.08517831998419016","30.944584111045124","24.803596894417325","0.0810871423536272","0.09348720348889555","27.295303624428296","-1","0.0","0.0","0.0"
"CURVE 1","0.08517831998419016","30.944584111045124","24.803596894417325","0.08126708500420866","0.09348437959281959","26.895355753835045","-1","0.0","0.0","0.0"
"CURVE 1","0.08517831998419016","30.944584111045124","24.803596894417325","0.08144888219548693","0.09348241115683939","26.493837367531167","-1","0.0","0.0","0.0"
"CURVE 1","0.08517831998419016","30.944584111045124","24.803596894417325","0.08163255378381529","0.09348131170320274","26.091251057714803","-1","0.0","0.0","0.0"
"CURVE 1","0.08517831998419016","30.944584111045124","24.803596894417325","0.08181811962554703","0.09348109475415738","25.688074310383335","-1","0.0","0.0","0.0"
"CURVE 1","0.08517831998419016","30.944584111045124","24.803596894417325","0.08200559957703547","0.09348177383195108","25.28475998882119","-1","0.0","0.0","0.0"
"CURVE 1","0.08517831998419016","30.944584111045124","24.803596894417325","0.08219501349463391","0.09348336245883164","24.881736782588426","-1","0.0","0.0","0.0"
"CURVE 1","0.08517831998419016","30.944584111045124","24.803596894417325","0.08238638123469565","0.0934858741570468","24.479409792574625","-1","0.0","0.0","0.0"
"CURVE 1","0.08517831998419016","30.944584111045124","24.803596894417325","0.08257972265357401","0.09348932244884434","24.078161038964506","-1","0.0","0.0","0.0"
"CURVE 1","0.08517831998419016","30.944584111045124","24.803596894417325","0.08277505760762227","0.09349372085647203","23.67835008278716","-1","0.0","0.0","0.0"
"CURVE 1","0.08517831998419016","30.944584111045124","24.803596894417325","0.08297240595319376","0.09349908290217765","23.28031462854688","-1","0.0","0.0","0.0"
"CURVE 1","0.08517831998419016","30.944584111045124","24.803596894417325","0.08317178754664178","0.09350542210820896","22.884371146698104","-1","0.0","0.0","0.0"
"CURVE 1","0.08517831998419016","30.944584111045124","24.803596894417325","0.08337322224431963","0.09351275199681373","22.49081552916543","-1","0.0","0.0","0.0"
"CURVE 1","0.08517831998419016","30.944584111045124","24.803596894417325","0.0835767299025806","0.09352108609023974","22.09992374460039","-1","0.0","0.0","0.0"
"CURVE 1","0.08517831998419016","30.944584111045124","24.803596894417325","0.08378233037777799","0.09353043791073472","21.71195249874356","-1","0.0","0.0","0.0"
"CURVE 1","0.08517831998419016","30.944584111045124","24.803596894417325","0.08399004352626514","0.0935408209805465","21.327139924207447","-1","0.0","0.0","0.0"
"CURVE 1","0.08517831998419016","30.944584111045124","24.803596894417325","0.08419988920439533","0.0935522488219228","20.94570624124852","-1","0.0","0.0","0.0"
"CURVE 1","0.08517831998419016","30.944584111045124","24.803596894417325","0.08441188726852186","0.09356473495711143","20.567854453820846","-1","0.0","0.0","0.0"
"CURVE 1","0.08517831998419016","30.944584111045124","24.803596894417325","0.08462605757499807","0.09357829290836014","20.19377101142618","-1","0.0","0.0","0.0"
"CURVE 1","0.08517831998419016","30.944584111045124","24.803596894417325","0.08484241998017723","0.09359293619791668","19.82362649909069","-1","0.0","0.0","0.0"
"CURVE 1","0.08517831998419016","30.944584111045124","24.803596894417325","0.08506099434041263","0.09360867834802886","19.457576291497308","-1","0.0","0.0","0.0"
"CURVE 1","0.08517831998419016","30.944584111045124","24.803596894417325","0.08528180051205764","0.09362553288094441","19.09576123000127","-1","0.0","0.0","0.0"
"CURVE 1","0.08517831998419016","30.944584111045124","24.803596894417325","0.08550485835146547","0.09364351331891113","18.73830826098594","-1","0.0","0.0","0.0"
"CURVE 1","0.08517831998419016","30.944584111045124","24.803596894417325","0.08573018771498951","0.0936626331841768","18.385331092770574","-1","0.0","0.0","0.0"
"CURVE 1","0.08517831998419016","30.944584111045124","24.803596894417325","0.08595780845898301","0.09368290599898914","18.036930812406755","-1","0.0","0.0","0.0"
"CURVE 1","0.08517831998419016","30.944584111045124","24.803596894417325","0.0861877404397993","0.09370434528559596","17.69319651964148","-1","0.0","0.0","0.0"
"CURVE 1","0.08517831998419016","30.944584111045124","24.803596894417325","0.08642000351379167","0.09372696456624503","17.35420591501213","-1","0.0","0.0","0.0"
"CURVE 1","0.08517831998419016","30.944584111045124","24.803596894417325","0.08665461753731345","0.09375077736318409","17.020025905363937","-1","0.0","0.0","0.0"
"CURVE 1","0.08517831998419016","30.944584111045124","24.803596894417325","0.0868916023667179","0.09377579719866094","16.690713163888425","-1","0.0","0.0","0.0"
"CURVE 1","0.08517831998419016","30.944584111045124","24.803596894417325","0.08713097785835837","0.09380203759492335","16.366314702650776","-1","0.0","0.0","0.0"
"CURVE 1","0.08517831998419016","30.944584111045124","24.803596894417325","0.08737276386858812","0.09382951207421908","16.046868400762936","-1","0.0","0.0","0.0"
"CURVE 1","0.08517831998419016","30.944584111045124","24.803596894417325","0.08761698025376051","0.09385823415879588","15.732403541483816","-1","0.0","0.0","0.0"
"CURVE 1","0.08517831998419016","30.944584111045124","24.803596894417325","0.0878636468702288","0.09388821737090154","15.422941308969992","-1","0.0","0.0","0.0"
"CURVE 1","0.08517831998419016","30.944584111045124","24.803596894417325","0.08811278357434629","0.09391947523278384","15.118495290302814","-1","0.0","0.0","0.0"
"CURVE 1","0.08517831998419016","30.944584111045124","24.803596894417325","0.08836441022246631","0.09395202126669056","14.819071935810932","-1","0.0","0.0","0.0"
"CURVE 1","0.08517831998419016","30.944584111045124","24.803596894417325","0.08861854667094217","0.09398586899486941","14.524671025831196","-1","0.0","0.0","0.0"
"CURVE 1","0.08517831998419016","30.944584111045124","24.803596894417325","0.08887521277612714","0.09402103193956822","14.235286097836243","-1","0.0","0.0","0.0"
"CURVE 1","0.08517831998419016","30.944584111045124","24.803596894417325","0.08913442839437456","0.09405752362303474","13.950904877163582","-1","0.0","0.0","0.0"
"CURVE 1","0.08517831998419016","30.944584111045124","24.803596894417325","0.08939621338203774","0.09409535756751675","13.671509669207591","-1","0.0","0.0","0.0"
"CURVE 1","0.08517831998419016","30.944584111045124","24.803596894417325","0.08966058759546992","0.09413454729526197","13.397077755651694","-1","0.0","0.0","0.0"
"CURVE 1","0.08517831998419016","30.944584111045124","24.803596894417325","0.08992757089102446","0.09417510632851822","13.127581752580166","-1","0.0","0.0","0.0"
"CURVE 1","0.08517831998419016","30.944584111045124","24.803596894417325","0.09019718312505466","0.09421704818953328","12.862989973912564","-1","0.0","0.0","0.0"
"CURVE 1","0.08517831998419016","30.944584111045124","24.803596894417325","0.09046944415391382","0.0942603864005549","12.603266757236685","-1","0.0","0.0","0.0"
"CURVE 1","0.08517831998419016","30.944584111045124","24.803596894417325","0.09074437383395523","0.09430513448383085","12.348372793334917","-1","0.0","0.0","0.0"
"CURVE 1","0.08517831998419016","30.944584111045124","24.803596894417325","0.09102199202153219","0.09435130596160889","12.098265421619086","-1","0.0","0.0","0.0"
"CURVE 1","0.08517831998419016","30.944584111045124","24.803596894417325","0.09130231857299803","0.0943989143561368","11.852898926161835","-1","0.0","0.0","0.0"
"CURVE 1","0.08517831998419016","30.944584111045124","24.803596894417325","0.09158537334470605","0.09444797318966233","11.612224809948717","-1","0.0","0.0","0.0"
"CURVE 1","0.08517831998419016","30.944584111045124","24.803596894417325","0.09187117619300957","0.0944984959844333","11.37619205126505","-1","0.0","0.0","0.0"
"CURVE 1","0.08517831998419016","30.944584111045124","24.803596894417325","0.09215974697426184","0.09455049626269744","11.144747355034786","-1","0.0","0.0","0.0"
"CURVE 1","0.08517831998419016","30.944584111045124","24.803596894417325","0.09245110554481618","0.09460398754670252","10.917835385302642","-1","0.0","0.0","0.0"
"CURVE 1","0.08517831998419016","30.944584111045124","24.803596894417325","0.09274527176102595","0.09465898335869632","10.695398981077673","-1","0.0","0.0","0.0"
"CURVE 1","0.08517831998419016","30.944584111045124","24.803596894417325","0.0930422654792444","0.0947154972209266","10.477379372007352","-1","0.0","0.0","0.0"
"CURVE 1","0.08517831998419016","30.944584111045124","24.803596894417325","0.09334210655582482","0.09477354265564115","10.263716367242486","-1","0.0","0.0","0.0"
"CURVE 1","0.08517831998419016","30.944584111045124","24.803596894417325","0.09364481484712059","0.09483313318508774","10.054348540991512","-1","0.0","0.0","0.0"
"CURVE 1","0.08517831998419016","30.944584111045124","24.803596894417325","0.09395041020948494","0.0948942823315141","9.84921341251997","-1","0.0","0.0","0.0"
"CURVE 1","0.08517831998419016","30.944584111045124","24.803596894417325","0.09425891249927121","0.09495700361716805","9.648247602697385","-1","0.0","0.0","0.0"
"CURVE 1","0.08517831998419016","30.944584111045124","24.803596894417325","0.09457034157283269","0.09502131056429734","9.451386985225726","-1","0.0","0.0","0.0"
"CURVE 1","0.08517831998419016","30.944584111045124","24.803596894417325","0.0948847172865227","0.09508721669514973","9.258566830866958","-1","0.0","0.0","0.0"
"CURVE 1","0.08517831998419016","30.944584111045124","24.803596894417325","0.09520205949669452","0.09515473553197301","9.069721946564886","-1","0.0","0.0","0.0"
