"Curve Name","Curve Length (um)","Average Curvature (um-1)","Curvature Std (um-1)","X-Coordinate (um)","Y-Coordinate (um)","Point Curvature (um-1)","Point Curvature Sign","Red Intensity","Green Intensity","Blue Intensity"
"CURVE 1","0.08148363958069638","32.264268550121315","19.453756161849753","0.02208955223880597","0.11641791044776119","62.81793704812277","1","0.0","0.0","0.0"
"CURVE 1","0.08148363958069638","32.264268550121315","19.453756161849753","0.02222980359300452","0.11656330509565362","63.89960602643391","1","0.0","0.0","0.0"
"CURVE 1","0.08148363958069638","32.264268550121315","19.453756161849753","0.022370699033215268","0.11670565951522903","64.97345561657423","1","0.0","0.0","0.0"
"CURVE 1","0.08148363958069638","32.264268550121315","19.453756161849753","0.022512226745263854","0.11684499434570768","66.03773451596959","1","0.0","0.0","0.0"
"CURVE 1","0.08148363958069638","32.264268550121315","19.453756161849753","0.022654374914975902","0.11698133022630984","67.09065230206903","1","0.0","0.0","0.0"
"CURVE 1","0.08148363958069638","32.264268550121315","19.453756161849753","0.022797131728177048","0.11711468779625582","68.13038559794946","1","0.0","0.0","0.0"
"CURVE 1","0.08148363958069638","32.264268550121315","19.453756161849753","0.02294048537069292","0.1172450876947659","69.15508472435383","1","0.0","0.0","0.0"
"CURVE 1","0.08148363958069638","32.264268550121315","19.453756161849753","0.02308442402834916","0.11737255056106034","70.16288089699982","1","0.0","0.0","0.0"
"CURVE 1","0.08148363958069638","32.264268550121315","19.453756161849753","0.02322893588697139","0.11749709703435944","71.15189386376602","1","0.0","0.0","0.0"
"CURVE 1","0.08148363958069638","32.264268550121315","19.453756161849753","0.023374009132385253","0.11761874775388347","72.12023997504518","1","0.0","0.0","0.0"
"CURVE 1","0.08148363958069638","32.264268550121315","19.453756161849753","0.023519631950416377","0.1177375233588527","73.06604063351696","1","0.0","0.0","0.0"
"CURVE 1","0.08148363958069638","32.264268550121315","19.453756161849753","0.023665792526890394","0.11785344448848743","73.98743104811685","1","0.0","0.0","0.0"
"CURVE 1","0.08148363958069638","32.264268550121315","19.453756161849753","0.02381247904763293","0.11796653178200792","74.88256923784367","1","0.0","0.0","0.0"
"CURVE 1","0.08148363958069638","32.264268550121315","19.453756161849753","0.02395967969846963","0.11807680587863446","75.74964521125821","1","0.0","0.0","0.0"
"CURVE 1","0.08148363958069638","32.264268550121315","19.453756161849753","0.02410738266522612","0.11818428741758734","76.58689025052159","1","0.0","0.0","0.0"
"CURVE 1","0.08148363958069638","32.264268550121315","19.453756161849753","0.02425557613372803","0.11828899703808685","77.39258618921535","1","0.0","0.0","0.0"
"CURVE 1","0.08148363958069638","32.264268550121315","19.453756161849753","0.024404248289800996","0.11839095537935324","78.16507464970991","1","0.0","0.0","0.0"
"CURVE 1","0.08148363958069638","32.264268550121315","19.453756161849753","0.02455338731927065","0.11849018308060678","78.9027660928405","1","0.0","0.0","0.0"
"CURVE 1","0.08148363958069638","32.264268550121315","19.453756161849753","0.024702981407962628","0.11858670078106781","79.604148628372","1","0.0","0.0","0.0"
"CURVE 1","0.08148363958069638","32.264268550121315","19.453756161849753","0.02485301874170256","0.11868052911995655","80.26779649967692","1","0.0","0.0","0.0"
"CURVE 1","0.08148363958069638","32.264268550121315","19.453756161849753","0.025003487506316077","0.11877168873649331","80.89237812431234","1","0.0","0.0","0.0"
"CURVE 1","0.08148363958069638","32.264268550121315","19.453756161849753","0.02515437588762881","0.11886020026989837","81.47666361988806","1","0.0","0.0","0.0"
"CURVE 1","0.08148363958069638","32.264268550121315","19.453756161849753","0.025305672071466397","0.11894608435939201","82.01953176550138","1","0.0","0.0","0.0"
"CURVE 1","0.08148363958069638","32.264268550121315","19.453756161849753","0.025457364243654468","0.1190293616441945","82.5199762729367","1","0.0","0.0","0.0"
"CURVE 1","0.08148363958069638","32.264268550121315","19.453756161849753","0.025609440590018656","0.11911005276352611","82.97711133198237","1","0.0","0.0","0.0"
"CURVE 1","0.08148363958069638","32.264268550121315","19.453756161849753","0.025761889296384594","0.11918817835660717","83.39017638152824","1","0.0","0.0","0.0"
"CURVE 1","0.08148363958069638","32.264268550121315","19.453756161849753","0.02591469854857791","0.1192637590626579","83.75854000765653","1","0.0","0.0","0.0"
"CURVE 1","0.08148363958069638","32.264268550121315","19.453756161849753","0.02606785653242424","0.11933681552089863","84.08170299299206","1","0.0","0.0","0.0"
"CURVE 1","0.08148363958069638","32.264268550121315","19.453756161849753","0.02622135143374922","0.11940736837054959","84.35930044695401","1","0.0","0.0","0.0"
"CURVE 1","0.08148363958069638","32.264268550121315","19.453756161849753","0.02637517143837848","0.11947543825083111","84.59110300359848","1","0.0","0.0","0.0"
"CURVE 1","0.08148363958069638","32.264268550121315","19.453756161849753","0.026529304732137646","0.11954104580096343","84.77701709354434","1","0.0","0.0","0.0"
"CURVE 1","0.08148363958069638","32.264268550121315","19.453756161849753","0.02668373950085236","0.11960421166016687","84.91708430517825","1","0.0","0.0","0.0"
"CURVE 1","0.08148363958069638","32.264268550121315","19.453756161849753","0.026838463930348257","0.11966495646766169","85.01147981816632","1","0.0","0.0","0.0"
"CURVE 1","0.08148363958069638","32.264268550121315","19.453756161849753","0.026993466206450954","0.11972330086266816","85.06050995277899","1","0.0","0.0","0.0"
"CURVE 1","0.08148363958069638","32.264268550121315","19.453756161849753","0.027148734514986103","0.11977926548440658","85.06460889730502","1","0.0","0.0","0.0"
"CURVE 1","0.08148363958069638","32.264268550121315","19.453756161849753","0.027304257041779325","0.11983287097209723","85.02433464216398","1","0.0","0.0","0.0"
"CURVE 1","0.08148363958069638","32.264268550121315","19.453756161849753","0.027460021972656252","0.11988413796496035","84.94036413949519","1","0.0","0.0","0.0"
"CURVE 1","0.08148363958069638","32.264268550121315","19.453756161849753","0.02761601749344252","0.11993308710221627","84.81348783063898","1","0.0","0.0","0.0"
"CURVE 1","0.08148363958069638","32.264268550121315","19.453756161849753","0.027772231789963756","0.11997973902308524","84.64460354436045","1","0.0","0.0","0.0"
"CURVE 1","0.08148363958069638","32.264268550121315","19.453756161849753","0.0279286530480456","0.12002411436678756","84.43470985078673","1","0.0","0.0","0.0"
"CURVE 1","0.08148363958069638","32.264268550121315","19.453756161849753","0.02808526945351368","0.12006623377254351","84.18489899334459","1","0.0","0.0","0.0"
"CURVE 1","0.08148363958069638","32.264268550121315","19.453756161849753","0.028242069192193634","0.12010611787957336","83.89634941806509","1","0.0","0.0","0.0"
"CURVE 1","0.08148363958069638","32.264268550121315","19.453756161849753","0.02839904044991109","0.1201437873270974","83.57031801691502","1","0.0","0.0","0.0"
"CURVE 1","0.08148363958069638","32.264268550121315","19.453756161849753","0.028556171412491678","0.12017926275433591","83.20813216555776","1","0.0","0.0","0.0"
"CURVE 1","0.08148363958069638","32.264268550121315","19.453756161849753","0.028713450265761036","0.12021256480050914","82.81118161431259","1","0.0","0.0","0.0"
"CURVE 1","0.08148363958069638","32.264268550121315","19.453756161849753","0.028870865195544795","0.12024371410483743","82.38091032783038","1","0.0","0.0","0.0"
"CURVE 1","0.08148363958069638","32.264268550121315","19.453756161849753","0.02902840438766859","0.12027273130654101","81.91880832995221","1","0.0","0.0","0.0"
"CURVE 1","0.08148363958069638","32.264268550121315","19.453756161849753","0.029186056027958047","0.12029963704484017","81.42640366017024","1","0.0","0.0","0.0"
"CURVE 1","0.08148363958069638","32.264268550121315","19.453756161849753","0.029343808302238806","0.1203244519589552","80.90525444881676","1","0.0","0.0","0.0"
"CURVE 1","0.08148363958069638","32.264268550121315","19.453756161849753","0.029501649396336496","0.1203471966881064","80.35694119830053","1","0.0","0.0","0.0"
"CURVE 1","0.08148363958069638","32.264268550121315","19.453756161849753","0.029659567496076747","0.120367891871514","79.78305935318252","1","0.0","0.0","0.0"
"CURVE 1","0.08148363958069638","32.264268550121315","19.453756161849753","0.029817550787285194","0.12038655814839831","79.18521214400997","1","0.0","0.0","0.0"
"CURVE 1","0.08148363958069638","32.264268550121315","19.453756161849753","0.029975587455787468","0.12040321615797962","78.56500379752913","1","0.0","0.0","0.0"
"CURVE 1","0.08148363958069638","32.264268550121315","19.453756161849753","0.030133665687409206","0.12041788653947819","77.92403310556263","1","0.0","0.0","0.0"
"CURVE 1","0.08148363958069638","32.264268550121315","19.453756161849753","0.03029177366797604","0.12043058993211432","77.26388739985788","1","0.0","0.0","0.0"
"CURVE 1","0.08148363958069638","32.264268550121315","19.453756161849753","0.030449899583313594","0.12044134697510828","76.58613699596961","1","0.0","0.0","0.0"
"CURVE 1","0.08148363958069638","32.264268550121315","19.453756161849753","0.03060803161924751","0.12045017830768033","75.89233001389462","1","0.0","0.0","0.0"
"CURVE 1","0.08148363958069638","32.264268550121315","19.453756161849753","0.030766157961603424","0.12045710456905079","75.18398766579007","1","0.0","0.0","0.0"
"CURVE 1","0.08148363958069638","32.264268550121315","19.453756161849753","0.03092426679620695","0.12046214639843991","74.46260004231429","1","0.0","0.0","0.0"
"CURVE 1","0.08148363958069638","32.264268550121315","19.453756161849753","0.03108234630888374","0.120465324435068","73.72962228781282","1","0.0","0.0","0.0"
"CURVE 1","0.08148363958069638","32.264268550121315","19.453756161849753","0.031240384685459418","0.12046665931815531","72.98647126078373","1","0.0","0.0","0.0"
"CURVE 1","0.08148363958069638","32.264268550121315","19.453756161849753","0.03139837011175962","0.12046617168692213","72.23452262530117","1","0.0","0.0","0.0"
"CURVE 1","0.08148363958069638","32.264268550121315","19.453756161849753","0.031556290773609975","0.12046388218058875","71.47510835802234","1","0.0","0.0","0.0"
"CURVE 1","0.08148363958069638","32.264268550121315","19.453756161849753","0.03171413485683612","0.12045981143837545","70.70951466883905","1","0.0","0.0","0.0"
"CURVE 1","0.08148363958069638","32.264268550121315","19.453756161849753","0.031871890547263686","0.12045398009950248","69.93898031524806","1","0.0","0.0","0.0"
"CURVE 1","0.08148363958069638","32.264268550121315","19.453756161849753","0.032029546030718295","0.12044640880319014","69.16469530053735","1","0.0","0.0","0.0"
"CURVE 1","0.08148363958069638","32.264268550121315","19.453756161849753","0.032187089493025595","0.12043711818865874","68.38779987234489","1","0.0","0.0","0.0"
"CURVE 1","0.08148363958069638","32.264268550121315","19.453756161849753","0.03234450912001121","0.12042612889512853","67.60938393475236","1","0.0","0.0","0.0"
"CURVE 1","0.08148363958069638","32.264268550121315","19.453756161849753","0.03250179309750078","0.12041346156181978","66.83048668345812","1","0.0","0.0","0.0"
"CURVE 1","0.08148363958069638","32.264268550121315","19.453756161849753","0.03265892961131993","0.12039913682795282","66.05209653825709","1","0.0","0.0","0.0"
"CURVE 1","0.08148363958069638","32.264268550121315","19.453756161849753","0.03281590684729429","0.12038317533274788","65.27515138799366","1","0.0","0.0","0.0"
"CURVE 1","0.08148363958069638","32.264268550121315","19.453756161849753","0.03297271299124949","0.12036559771542525","64.50053899170287","1","0.0","0.0","0.0"
"CURVE 1","0.08148363958069638","32.264268550121315","19.453756161849753","0.033129336229011194","0.12034642461520523","63.72909762870613","1","0.0","0.0","0.0"
"CURVE 1","0.08148363958069638","32.264268550121315","19.453756161849753","0.03328576474640501","0.12032567667130807","62.96161695697375","1","0.0","0.0","0.0"
"CURVE 1","0.08148363958069638","32.264268550121315","19.453756161849753","0.03344198672925656","0.12030337452295407","62.19883898018805","1","0.0","0.0","0.0"
"CURVE 1","0.08148363958069638","32.264268550121315","19.453756161849753","0.033597990363391485","0.12027953880936351","61.441459196764875","1","0.0","0.0","0.0"
"CURVE 1","0.08148363958069638","32.264268550121315","19.453756161849753","0.03375376383463542","0.12025419016975668","60.690127882963964","1","0.0","0.0","0.0"
"CURVE 1","0.08148363958069638","32.264268550121315","19.453756161849753","0.033909295328813996","0.12022734924335385","59.94545143838842","1","0.0","0.0","0.0"
"CURVE 1","0.08148363958069638","32.264268550121315","19.453756161849753","0.03406457303175286","0.12019903666937529","59.207993865179866","1","0.0","0.0","0.0"
"CURVE 1","0.08148363958069638","32.264268550121315","19.453756161849753","0.03421958512927763","0.1201692730870413","58.47827829535207","1","0.0","0.0","0.0"
"CURVE 1","0.08148363958069638","32.264268550121315","19.453756161849753","0.03437431980721393","0.12013807913557213","57.756788577245864","1","0.0","0.0","0.0"
"CURVE 1","0.08148363958069638","32.264268550121315","19.453756161849753","0.034528765251387414","0.12010547545418808","57.04397090373305","1","0.0","0.0","0.0"
"CURVE 1","0.08148363958069638","32.264268550121315","19.453756161849753","0.034682909647623696","0.12007148268210946","56.340235476718334","1","0.0","0.0","0.0"
"CURVE 1","0.08148363958069638","32.264268550121315","19.453756161849753","0.03483674118174842","0.12003612145855652","55.64595818922167","1","0.0","0.0","0.0"
"CURVE 1","0.08148363958069638","32.264268550121315","19.453756161849753","0.03499024803958722","0.11999941242274953","54.96148231025628","1","0.0","0.0","0.0"
"CURVE 1","0.08148363958069638","32.264268550121315","19.453756161849753","0.03514341840696572","0.11996137621390877","54.28712017344962","1","0.0","0.0","0.0"
"CURVE 1","0.08148363958069638","32.264268550121315","19.453756161849753","0.035296240469709556","0.11992203347125457","53.62315484677377","1","0.0","0.0","0.0"
"CURVE 1","0.08148363958069638","32.264268550121315","19.453756161849753","0.035448702413644353","0.11988140483400714","52.96984181786295","1","0.0","0.0","0.0"
"CURVE 1","0.08148363958069638","32.264268550121315","19.453756161849753","0.03560079242459577","0.11983951094138681","52.32741060201515","1","0.0","0.0","0.0"
"CURVE 1","0.08148363958069638","32.264268550121315","19.453756161849753","0.03575249868838941","0.11979637243261382","51.696066383183506","1","0.0","0.0","0.0"
"CURVE 1","0.08148363958069638","32.264268550121315","19.453756161849753","0.035903809390850916","0.1197520099469085","51.07599157623785","1","0.0","0.0","0.0"
"CURVE 1","0.08148363958069638","32.264268550121315","19.453756161849753","0.03605471271780593","0.11970644412349112","50.467347379809304","1","0.0","0.0","0.0"
"CURVE 1","0.08148363958069638","32.264268550121315","19.453756161849753","0.036205196855080064","0.11965969560158192","49.870275286269234","1","0.0","0.0","0.0"
"CURVE 1","0.08148363958069638","32.264268550121315","19.453756161849753","0.03635524998849897","0.11961178502040122","49.28489853130936","1","0.0","0.0","0.0"
"CURVE 1","0.08148363958069638","32.264268550121315","19.453756161849753","0.036504860303888276","0.1195627330191693","48.711323543600535","1","0.0","0.0","0.0"
"CURVE 1","0.08148363958069638","32.264268550121315","19.453756161849753","0.0366540159870736","0.1195125602371064","48.14964129659275","1","0.0","0.0","0.0"
"CURVE 1","0.08148363958069638","32.264268550121315","19.453756161849753","0.03680270522388059","0.11946128731343282","47.59992866436392","1","0.0","0.0","0.0"
"CURVE 1","0.08148363958069638","32.264268550121315","19.453756161849753","0.03695091620013489","0.11940893488736887","47.062249700966596","1","0.0","0.0","0.0"
"CURVE 1","0.08148363958069638","32.264268550121315","19.453756161849753","0.03709863710166209","0.1193555235981348","46.536656899844864","1","0.0","0.0","0.0"
"CURVE 1","0.08148363958069638","32.264268550121315","19.453756161849753","0.03724585611428787","0.11930107408495091","46.023192379505254","1","0.0","0.0","0.0"
"CURVE 1","0.08148363958069638","32.264268550121315","19.453756161849753","0.03739256142383783","0.11924560698703747","45.52188905951393","1","0.0","0.0","0.0"
"CURVE 1","0.08148363958069638","32.264268550121315","19.453756161849753","0.03753874121613762","0.11918914294361474","45.0327717750563","1","0.0","0.0","0.0"
"CURVE 1","0.08148363958069638","32.264268550121315","19.453756161849753","0.03768438367701288","0.11913170259390302","44.55585835474967","1","0.0","0.0","0.0"
"CURVE 1","0.08148363958069638","32.264268550121315","19.453756161849753","0.03782947699228922","0.11907330657712259","44.09116065847869","1","0.0","0.0","0.0"
"CURVE 1","0.08148363958069638","32.264268550121315","19.453756161849753","0.037974009347792284","0.11901397553249377","43.63868558613063","1","0.0","0.0","0.0"
"CURVE 1","0.08148363958069638","32.264268550121315","19.453756161849753","0.038117968929347705","0.11895373009923677","43.19843604537108","1","0.0","0.0","0.0"
"CURVE 1","0.08148363958069638","32.264268550121315","19.453756161849753","0.03826134392278111","0.11889259091657191","42.770411896369055","1","0.0","0.0","0.0"
"CURVE 1","0.08148363958069638","32.264268550121315","19.453756161849753","0.03840412251391814","0.11883057862371944","42.35461083709149","1","0.0","0.0","0.0"
"CURVE 1","0.08148363958069638","32.264268550121315","19.453756161849753","0.03854629288858442","0.11876771385989969","41.95102930014172","1","0.0","0.0","0.0"
"CURVE 1","0.08148363958069638","32.264268550121315","19.453756161849753","0.03868784323260559","0.11870401726433291","41.559663313183805","1","0.0","0.0","0.0"
"CURVE 1","0.08148363958069638","32.264268550121315","19.453756161849753","0.03882876173180727","0.11863950947623939","41.18050932137445","1","0.0","0.0","0.0"
"CURVE 1","0.08148363958069638","32.264268550121315","19.453756161849753","0.0389690365720151","0.11857421113483939","40.8135649870636","1","0.0","0.0","0.0"
"CURVE 1","0.08148363958069638","32.264268550121315","19.453756161849753","0.03910865593905472","0.11850814287935321","40.45883001265041","1","0.0","0.0","0.0"
"CURVE 1","0.08148363958069638","32.264268550121315","19.453756161849753","0.03924760801875175","0.11844132534900115","40.116306906289424","1","0.0","0.0","0.0"
"CURVE 1","0.08148363958069638","32.264268550121315","19.453756161849753","0.03938588099693185","0.11837377918300343","39.78600176170175","1","0.0","0.0","0.0"
"CURVE 1","0.08148363958069638","32.264268550121315","19.453756161849753","0.03952346305942061","0.11830552502058038","39.4679250166864","1","0.0","0.0","0.0"
"CURVE 1","0.08148363958069638","32.264268550121315","19.453756161849753","0.03966034239204369","0.11823658350095226","39.16209221449291","1","0.0","0.0","0.0"
"CURVE 1","0.08148363958069638","32.264268550121315","19.453756161849753","0.03979650718062672","0.11816697526333936","38.86852478123258","1","0.0","0.0","0.0"
"CURVE 1","0.08148363958069638","32.264268550121315","19.453756161849753","0.03993194561099532","0.11809672094696196","38.58725076022739","1","0.0","0.0","0.0"
"CURVE 1","0.08148363958069638","32.264268550121315","19.453756161849753","0.04006664586897514","0.11802584119104034","38.31830561379999","1","0.0","0.0","0.0"
"CURVE 1","0.08148363958069638","32.264268550121315","19.453756161849753","0.040200596140391794","0.11795435663479477","38.061732987544545","1","1.0","1.0","1.0"
"CURVE 1","0.08148363958069638","32.264268550121315","19.453756161849753","0.040333784611070934","0.11788228791744552","37.81758550970724","1","1.0","1.0","1.0"
"CURVE 1","0.08148363958069638","32.264268550121315","19.453756161849753","0.04046619946683818","0.11780965567821292","37.585925608167564","1","1.0","1.0","1.0"
"CURVE 1","0.08148363958069638","32.264268550121315","19.453756161849753","0.04059782889351916","0.1177364805563172","37.36682635522687","1","1.0","1.0","1.0"
"CURVE 1","0.08148363958069638","32.264268550121315","19.453756161849753","0.04072866107693952","0.11766278319097867","37.16037233446342","1","1.0","1.0","1.0"
"CURVE 1","0.08148363958069638","32.264268550121315","19.453756161849753","0.040858684202924885","0.11758858422141762","36.96666053919158","1","1.0","1.0","1.0"
"CURVE 1","0.08148363958069638","32.264268550121315","19.453756161849753","0.0409878864573009","0.11751390428685429","36.78580132074505","1","1.0","1.0","1.0"
"CURVE 1","0.08148363958069638","32.264268550121315","19.453756161849753","0.04111625602589318","0.11743876402650898","36.61791937386946","1","0.0","0.0","0.0"
"CURVE 1","0.08148363958069638","32.264268550121315","19.453756161849753","0.041243781094527365","0.11736318407960199","36.463154763204095","1","0.0","0.0","0.0"
"CURVE 1","0.08148363958069638","32.264268550121315","19.453756161849753","0.04137045290932727","0.11728718266558291","36.45140106417644","1","0.0","0.0","0.0"
"CURVE 1","0.08148363958069638","32.264268550121315","19.453756161849753","0.041496274957609415","0.11721076832481876","36.432476772343236","1","0.0","0.0","0.0"
"CURVE 1","0.08148363958069638","32.264268550121315","19.453756161849753","0.04162125378698852","0.11713394717790593","36.40635171530368","1","0.0","0.0","0.0"
"CURVE 1","0.08148363958069638","32.264268550121315","19.453756161849753","0.0417453959450793","0.11705672534544076","36.372999454944534","1","0.0","0.0","0.0"
"CURVE 1","0.08148363958069638","32.264268550121315","19.453756161849753","0.04186870797949645","0.11697910894801959","36.33239726070969","1","1.0","1.0","1.0"
"CURVE 1","0.08148363958069638","32.264268550121315","19.453756161849753","0.04199119643785468","0.11690110410623882","36.28452605404635","1","1.0","1.0","1.0"
"CURVE 1","0.08148363958069638","32.264268550121315","19.453756161849753","0.0421128678677687","0.11682271694069477","36.22937036492836","1","1.0","1.0","1.0"
"CURVE 1","0.08148363958069638","32.264268550121315","19.453756161849753","0.042233728816853236","0.11674395357198382","36.16691827356501","1","1.0","1.0","1.0"
"CURVE 1","0.08148363958069638","32.264268550121315","19.453756161849753","0.04235378583272299","0.11666482012070234","36.09716135577881","1","1.0","1.0","1.0"
"CURVE 1","0.08148363958069638","32.264268550121315","19.453756161849753","0.04247304546299266","0.11658532270744666","36.02009460118032","1","1.0","1.0","1.0"
"CURVE 1","0.08148363958069638","32.264268550121315","19.453756161849753","0.042591514255276956","0.11650546745281315","35.93571634894347","1","1.0","1.0","1.0"
"CURVE 1","0.08148363958069638","32.264268550121315","19.453756161849753","0.042709198757190606","0.11642526047739815","35.84402821295438","1","1.0","1.0","1.0"
"CURVE 1","0.08148363958069638","32.264268550121315","19.453756161849753","0.04282610551634831","0.11634470790179807","35.745034961595664","1","1.0","1.0","1.0"
"CURVE 1","0.08148363958069638","32.264268550121315","19.453756161849753","0.04294224108036478","0.11626381584660925","35.63874447729159","1","1.0","1.0","1.0"
"CURVE 1","0.08148363958069638","32.264268550121315","19.453756161849753","0.04305761199685472","0.11618259043242801","35.525167613278036","1","1.0","1.0","1.0"
"CURVE 1","0.08148363958069638","32.264268550121315","19.453756161849753","0.04317222481343284","0.11610103777985074","35.40431810030936","1","1.0","1.0","1.0"
"CURVE 1","0.08148363958069638","32.264268550121315","19.453756161849753","0.04328608607771385","0.11601916400947382","35.27621247754356","1","1.0","1.0","1.0"
"CURVE 1","0.08148363958069638","32.264268550121315","19.453756161849753","0.04339920233731246","0.11593697524189356","35.14086992257902","1","0.0","0.0","0.0"
"CURVE 1","0.08148363958069638","32.264268550121315","19.453756161849753","0.04351158013984339","0.11585447759770635","34.99831218208593","1","0.0","0.0","0.0"
"CURVE 1","0.08148363958069638","32.264268550121315","19.453756161849753","0.04362322603292133","0.11577167719750855","34.84856342654807","1","0.0","0.0","0.0"
"CURVE 1","0.08148363958069638","32.264268550121315","19.453756161849753","0.04373414656416101","0.1156885801618965","34.691650134169485","1","0.0","0.0","0.0"
"CURVE 1","0.08148363958069638","32.264268550121315","19.453756161849753","0.04384434828117712","0.11560519261146658","34.527600974685946","1","0.0","0.0","0.0"
"CURVE 1","0.08148363958069638","32.264268550121315","19.453756161849753","0.043953837731584386","0.11552152066681515","34.3564466526062","1","0.0","0.0","0.0"
"CURVE 1","0.08148363958069638","32.264268550121315","19.453756161849753","0.04406262146299751","0.11543757044853856","34.178219810774074","1","0.0","0.0","0.0"
"CURVE 1","0.08148363958069638","32.264268550121315","19.453756161849753","0.044170706023031206","0.11535334807723317","33.992954867059055","1","0.0","0.0","0.0"
"CURVE 1","0.08148363958069638","32.264268550121315","19.453756161849753","0.04427809795930018","0.11526885967349532","33.800687888855784","1","0.0","0.0","0.0"
"CURVE 1","0.08148363958069638","32.264268550121315","19.453756161849753","0.04438480381941915","0.11518411135792139","33.60145645833774","1","0.0","0.0","0.0"
"CURVE 1","0.08148363958069638","32.264268550121315","19.453756161849753","0.0444908301510028","0.11509910925110774","33.39529952645741","1","0.0","0.0","0.0"
"CURVE 1","0.08148363958069638","32.264268550121315","19.453756161849753","0.04459618350166588","0.11501385947365071","33.1822572708664","1","0.0","0.0","0.0"
"CURVE 1","0.08148363958069638","32.264268550121315","19.453756161849753","0.04470087041902305","0.11492836814614668","32.962370969838865","1","0.0","0.0","0.0"
"CURVE 1","0.08148363958069638","32.264268550121315","19.453756161849753","0.04480489745068906","0.11484264138919202","32.73568282761024","1","0.0","0.0","0.0"
"CURVE 1","0.08148363958069638","32.264268550121315","19.453756161849753","0.04490827114427861","0.11475668532338308","32.5022358550451","1","0.0","0.0","0.0"
"CURVE 1","0.08148363958069638","32.264268550121315","19.453756161849753","0.0450109980474064","0.11467050606931621","32.26207373759183","1","0.0","0.0","0.0"
"CURVE 1","0.08148363958069638","32.264268550121315","19.453756161849753","0.04511308470768715","0.11458410974758775","32.015240648701536","1","0.0","0.0","0.0"
"CURVE 1","0.08148363958069638","32.264268550121315","19.453756161849753","0.04521453767273557","0.11449750247879409","31.7617811650916","1","0.0","0.0","0.0"
"CURVE 1","0.08148363958069638","32.264268550121315","19.453756161849753","0.045315363490166356","0.11441069038353158","31.501740064565","1","0.0","0.0","0.0"
"CURVE 1","0.08148363958069638","32.264268550121315","19.453756161849753","0.04541556870759424","0.11432367958239656","31.235162233572105","1","0.0","0.0","0.0"
"CURVE 1","0.08148363958069638","32.264268550121315","19.453756161849753","0.0455151598726339","0.11423647619598541","30.96209251139447","1","0.0","0.0","0.0"
"CURVE 1","0.08148363958069638","32.264268550121315","19.453756161849753","0.045614143532900074","0.11414908634489447","30.682575527774024","1","0.0","0.0","0.0"
"CURVE 1","0.08148363958069638","32.264268550121315","19.453756161849753","0.04571252623600747","0.11406151614972015","30.396655587664267","1","0.0","0.0","0.0"
"CURVE 1","0.08148363958069638","32.264268550121315","19.453756161849753","0.045810314529570774","0.11397377173105878","30.1043765480035","1","0.0","0.0","0.0"
"CURVE 1","0.08148363958069638","32.264268550121315","19.453756161849753","0.04590751496120471","0.11388585920950668","29.805781656378112","1","0.0","0.0","0.0"
"CURVE 1","0.08148363958069638","32.264268550121315","19.453756161849753","0.046004134078524","0.11379778470566024","29.500913430090304","1","0.0","0.0","0.0"
"CURVE 1","0.08148363958069638","32.264268550121315","19.453756161849753","0.046100178429143344","0.11370955434011583","29.189813520867915","1","0.0","0.0","0.0"
"CURVE 1","0.08148363958069638","32.264268550121315","19.453756161849753","0.046195654560677445","0.1136211742334698","28.872522603270806","1","0.0","0.0","0.0"
"CURVE 1","0.08148363958069638","32.264268550121315","19.453756161849753","0.046290569020741024","0.1135326505063185","28.549080224442093","1","0.0","0.0","0.0"
"CURVE 1","0.08148363958069638","32.264268550121315","19.453756161849753","0.046384928356948775","0.11344398927925832","28.219524699218905","1","0.0","0.0","0.0"
"CURVE 1","0.08148363958069638","32.264268550121315","19.453756161849753","0.04647873911691542","0.11335519667288557","27.883892986377475","1","0.0","0.0","0.0"
"CURVE 1","0.08148363958069638","32.264268550121315","19.453756161849753","0.046572007848255666","0.11326627880779666","27.54222056392701","1","0.0","0.0","0.0"
"CURVE 1","0.08148363958069638","32.264268550121315","19.453756161849753","0.046664741098584234","0.11317724180458791","27.194541301250823","1","0.0","0.0","0.0"
"CURVE 1","0.08148363958069638","32.264268550121315","19.453756161849753","0.0467569454155158","0.11308809178385568","26.84088739776696","1","0.0","0.0","0.0"
"CURVE 1","0.08148363958069638","32.264268550121315","19.453756161849753","0.04684862734666512","0.11299883486619636","26.48128920230921","1","0.0","0.0","0.0"
"CURVE 1","0.08148363958069638","32.264268550121315","19.453756161849753","0.04693979343964686","0.11290947717220629","26.115775161103628","1","0.0","0.0","0.0"
"CURVE 1","0.08148363958069638","32.264268550121315","19.453756161849753","0.04703045024207576","0.11282002482248182","25.744371698926365","1","0.0","0.0","0.0"
"CURVE 1","0.08148363958069638","32.264268550121315","19.453756161849753","0.04712060430156652","0.11273048393761934","25.367103092335253","1","0.0","0.0","0.0"
"CURVE 1","0.08148363958069638","32.264268550121315","19.453756161849753","0.04721026216573384","0.11264086063821517","24.98399141676912","1","0.0","0.0","0.0"
"CURVE 1","0.08148363958069638","32.264268550121315","19.453756161849753","0.04729943038219244","0.11255116104486569","24.59505640964095","1","0.0","0.0","0.0"
"CURVE 1","0.08148363958069638","32.264268550121315","19.453756161849753","0.047388115498557024","0.11246139127816727","24.200315414070257","1","0.0","0.0","0.0"
"CURVE 1","0.08148363958069638","32.264268550121315","19.453756161849753","0.0474763240624423","0.11237155745871624","23.799783266406532","1","0.0","0.0","0.0"
"CURVE 1","0.08148363958069638","32.264268550121315","19.453756161849753","0.047564062621462996","0.11228166570710897","23.393472201347638","1","0.0","0.0","0.0"
"CURVE 1","0.08148363958069638","32.264268550121315","19.453756161849753","0.04765133772323381","0.11219172214394184","22.98139182604568","1","0.0","0.0","0.0"
"CURVE 1","0.08148363958069638","32.264268550121315","19.453756161849753","0.04773815591536945","0.11210173288981119","22.563548971172715","1","0.0","0.0","0.0"
"CURVE 1","0.08148363958069638","32.264268550121315","19.453756161849753","0.04782452374548461","0.11201170406531338","22.13994765482246","1","0.0","0.0","0.0"
"CURVE 1","0.08148363958069638","32.264268550121315","19.453756161849753","0.047910447761194026","0.11192164179104477","21.710589007661948","1","0.0","0.0","0.0"
"CURVE 1","0.08148363958069638","32.264268550121315","19.453756161849753","0.047995934510112394","0.11183155218760171","21.275471189619434","1","0.0","0.0","0.0"
"CURVE 1","0.08148363958069638","32.264268550121315","19.453756161849753","0.048080990539854436","0.11174144137558059","20.834589318929403","1","0.0","0.0","0.0"
"CURVE 1","0.08148363958069638","32.264268550121315","19.453756161849753","0.04816562239803484","0.11165131547557774","20.38793544595558","1","0.0","0.0","0.0"
"CURVE 1","0.08148363958069638","32.264268550121315","19.453756161849753","0.04824983663226834","0.11156118060818952","19.935498456136035","1","0.0","0.0","0.0"
"CURVE 1","0.08148363958069638","32.264268550121315","19.453756161849753","0.048333639790169636","0.1114710428940123","19.47726402003781","1","0.0","0.0","0.0"
"CURVE 1","0.08148363958069638","32.264268550121315","19.453756161849753","0.04841703841935342","0.11138090845364243","19.013214544973287","1","0.0","0.0","0.0"
"CURVE 1","0.08148363958069638","32.264268550121315","19.453756161849753","0.048500039067434435","0.11129078340767629","18.54332912648261","1","0.0","0.0","0.0"
"CURVE 1","0.08148363958069638","32.264268550121315","19.453756161849753","0.048582648282027366","0.1112006738767102","18.067583507411694","1","0.0","0.0","0.0"
"CURVE 1","0.08148363958069638","32.264268550121315","19.453756161849753","0.04866487261074693","0.11111058598134056","17.58595000417986","1","0.0","0.0","0.0"
"CURVE 1","0.08148363958069638","32.264268550121315","19.453756161849753","0.048746718601207835","0.1110205258421637","17.098397498053856","1","0.0","0.0","0.0"
"CURVE 1","0.08148363958069638","32.264268550121315","19.453756161849753","0.04882819280102479","0.11093049957977598","16.604891390591042","1","0.0","0.0","0.0"
"CURVE 1","0.08148363958069638","32.264268550121315","19.453756161849753","0.0489093017578125","0.1108405133147738","16.10539353686019","1","0.0","0.0","0.0"
"CURVE 1","0.08148363958069638","32.264268550121315","19.453756161849753","0.04899005201918569","0.11075057316775347","15.59986227702962","1","0.0","0.0","0.0"
"CURVE 1","0.08148363958069638","32.264268550121315","19.453756161849753","0.049070450132759055","0.11066068525931139","15.088252341305877","1","0.0","0.0","0.0"
"CURVE 1","0.08148363958069638","32.264268550121315","19.453756161849753","0.049150502646147315","0.11057085571004385","14.570514873832481","1","0.0","0.0","0.0"
"CURVE 1","0.08148363958069638","32.264268550121315","19.453756161849753","0.04923021610696517","0.11048109064054729","14.0465973866612","1","0.0","0.0","0.0"
"CURVE 1","0.08148363958069638","32.264268550121315","19.453756161849753","0.049309597062827344","0.11039139617141801","13.516443749606946","1","0.0","0.0","0.0"
"CURVE 1","0.08148363958069638","32.264268550121315","19.453756161849753","0.04938865206134853","0.11030177842325241","12.979994167634176","1","0.0","0.0","0.0"
"CURVE 1","0.08148363958069638","32.264268550121315","19.453756161849753","0.049467387650143455","0.11021224351664682","12.437185200363997","1","0.0","0.0","0.0"
"CURVE 1","0.08148363958069638","32.264268550121315","19.453756161849753","0.04954581037682681","0.11012279757219762","11.88794969689483","1","0.0","0.0","0.0"
"CURVE 1","0.08148363958069638","32.264268550121315","19.453756161849753","0.04962392678901331","0.11003344671050115","11.332216873394453","1","0.0","0.0","0.0"
"CURVE 1","0.08148363958069638","32.264268550121315","19.453756161849753","0.04970174343431768","0.10994419705215379","10.769912233103108","1","0.0","0.0","0.0"
"CURVE 1","0.08148363958069638","32.264268550121315","19.453756161849753","0.04977926686035461","0.10985505471775191","10.20095763114837","1","0.0","0.0","0.0"
"CURVE 1","0.08148363958069638","32.264268550121315","19.453756161849753","0.04985650361473881","0.10976602582789181","9.625271272827272","1","0.0","0.0","0.0"
"CURVE 1","0.08148363958069638","32.264268550121315","19.453756161849753","0.049933460245085","0.1096771165031699","9.042767688856713","1","0.0","0.0","0.0"
"CURVE 1","0.08148363958069638","32.264268550121315","19.453756161849753","0.050010143299007895","0.10958833286418253","8.453357805724842","1","0.0","0.0","0.0"
"CURVE 1","0.08148363958069638","32.264268550121315","19.453756161849753","0.05008655932412219","0.10949968103152603","7.856948950234681","1","0.0","0.0","0.0"
"CURVE 1","0.08148363958069638","32.264268550121315","19.453756161849753","0.05016271486804261","0.10941116712579681","7.253444870891236","1","0.0","0.0","0.0"
"CURVE 1","0.08148363958069638","32.264268550121315","19.453756161849753","0.050238616478383846","0.1093227972675912","6.642745798267916","1","0.0","0.0","0.0"
"CURVE 1","0.08148363958069638","32.264268550121315","19.453756161849753","0.050314270702760615","0.10923457757750554","6.024748444859243","1","0.0","0.0","0.0"
"CURVE 1","0.08148363958069638","32.264268550121315","19.453756161849753","0.050389684088787634","0.10914651417613623","5.399346108448622","1","0.0","0.0","0.0"
"CURVE 1","0.08148363958069638","32.264268550121315","19.453756161849753","0.050464863184079604","0.10905861318407961","4.766428673195364","1","0.0","0.0","0.0"
"CURVE 1","0.08148363958069638","32.264268550121315","19.453756161849753","0.05053981453625124","0.10897088072193203","4.125882708164617","1","0.0","0.0","0.0"
"CURVE 1","0.08148363958069638","32.264268550121315","19.453756161849753","0.05061454469291725","0.10888332291028985","3.4775915089254354","1","0.0","0.0","0.0"
"CURVE 1","0.08148363958069638","32.264268550121315","19.453756161849753","0.050689060201692344","0.10879594586974946","2.821435196778855","1","0.0","0.0","0.0"
"CURVE 1","0.08148363958069638","32.264268550121315","19.453756161849753","0.050763367610191235","0.10870875572090719","2.157290791339872","1","0.0","0.0","0.0"
"CURVE 1","0.08148363958069638","32.264268550121315","19.453756161849753","0.050837473466028626","0.10862175858435938","1.4850322962117746","1","0.0","0.0","0.0"
"CURVE 1","0.08148363958069638","32.264268550121315","19.453756161849753","0.05091138431681923","0.10853496058070244","0.8045308241032179","1","0.0","0.0","0.0"
"CURVE 1","0.08148363958069638","32.264268550121315","19.453756161849753","0.05098510671017775","0.1084483678305327","0.11565467036677157","1","0.0","0.0","0.0"
"CURVE 1","0.08148363958069638","32.264268550121315","19.453756161849753","0.05105864719371891","0.10836198645444653","0.5817305078576471","-1","0.0","0.0","0.0"
"CURVE 1","0.08148363958069638","32.264268550121315","19.453756161849753","0.0511320123150574","0.10827582257304028","1.2877616309141198","-1","0.0","0.0","0.0"
"CURVE 1","0.08148363958069638","32.264268550121315","19.453756161849753","0.05120520862180795","0.10818988230691029","2.002577978787193","-1","0.0","0.0","0.0"
"CURVE 1","0.08148363958069638","32.264268550121315","19.453756161849753","0.051278242661585254","0.10810417177665295","2.7263211001202787","-1","0.0","0.0","0.0"
"CURVE 1","0.08148363958069638","32.264268550121315","19.453756161849753","0.051351120982004034","0.10801869710286459","3.459134593640081","-1","0.0","0.0","0.0"
"CURVE 1","0.08148363958069638","32.264268550121315","19.453756161849753","0.051423850130679","0.10793346440614161","4.201163950956651","-1","0.0","0.0","0.0"
"CURVE 1","0.08148363958069638","32.264268550121315","19.453756161849753","0.051496436655224846","0.10784847980708034","4.952556357100724","-1","0.0","0.0","0.0"
"CURVE 1","0.08148363958069638","32.264268550121315","19.453756161849753","0.0515688871032563","0.10776374942627714","5.713460463922122","-1","0.0","0.0","0.0"
"CURVE 1","0.08148363958069638","32.264268550121315","19.453756161849753","0.05164120802238806","0.10767927938432836","6.484026189445259","-1","0.0","0.0","0.0"
"CURVE 1","0.08148363958069638","32.264268550121315","19.453756161849753","0.05171340596023484","0.10759507580183039","7.264404439644106","-1","0.0","0.0","0.0"
"CURVE 1","0.08148363958069638","32.264268550121315","19.453756161849753","0.05178548746441135","0.10751114479937957","8.05474686750434","-1","0.0","0.0","0.0"
"CURVE 1","0.08148363958069638","32.264268550121315","19.453756161849753","0.05185745908253229","0.10742749249757226","8.855205590228445","-1","0.0","0.0","0.0"
"CURVE 1","0.08148363958069638","32.264268550121315","19.453756161849753","0.051929327362212375","0.10734412501700481","9.665932885773254","-1","0.0","0.0","0.0"
"CURVE 1","0.08148363958069638","32.264268550121315","19.453756161849753","0.05200109885106632","0.10726104847827361","10.48708085569482","-1","0.0","0.0","0.0"
"CURVE 1","0.08148363958069638","32.264268550121315","19.453756161849753","0.05207278009670884","0.10717826900197497","11.318801113222486","-1","0.0","0.0","0.0"
"CURVE 1","0.08148363958069638","32.264268550121315","19.453756161849753","0.05214437764675463","0.1070957927087053","12.1612443818756","-1","0.0","0.0","0.0"
"CURVE 1","0.08148363958069638","32.264268550121315","19.453756161849753","0.052215898048818404","0.10701362571906094","13.014560136212511","-1","0.0","0.0","0.0"
"CURVE 1","0.08148363958069638","32.264268550121315","19.453756161849753","0.05228734785051488","0.10693177415363823","13.878896161964217","-1","0.0","0.0","0.0"
"CURVE 1","0.08148363958069638","32.264268550121315","19.453756161849753","0.05235873359945876","0.10685024413303355","14.754398140466325","-1","0.0","0.0","0.0"
"CURVE 1","0.08148363958069638","32.264268550121315","19.453756161849753","0.05243006184326476","0.10676904177784326","15.641209151811143","-1","0.0","0.0","0.0"
"CURVE 1","0.08148363958069638","32.264268550121315","19.453756161849753","0.052501339129547575","0.10668817320866371","16.539469189145674","-1","0.0","0.0","0.0"
"CURVE 1","0.08148363958069638","32.264268550121315","19.453756161849753","0.05257257200592193","0.10660764454609127","17.449314653302608","-1","0.0","0.0","0.0"
"CURVE 1","0.08148363958069638","32.264268550121315","19.453756161849753","0.05264376702000253","0.10652746191072227","18.370877763830123","-1","0.0","0.0","0.0"
"CURVE 1","0.08148363958069638","32.264268550121315","19.453756161849753","0.05271493071940408","0.1064476314231531","19.30428598809969","-1","0.0","0.0","0.0"
"CURVE 1","0.08148363958069638","32.264268550121315","19.453756161849753","0.0527860696517413","0.1063681592039801","20.249661412673063","-1","0.0","0.0","0.0"
"CURVE 1","0.08148363958069638","32.264268550121315","19.453756161849753","0.05285718929708301","0.10628905021136079","20.37053738352274","-1","0.0","0.0","0.0"
"CURVE 1","0.08148363958069638","32.264268550121315","19.453756161849753","0.05292829086531455","0.10621030475369733","20.491743792306554","-1","0.0","0.0","0.0"
"CURVE 1","0.08148363958069638","32.264268550121315","19.453756161849753","0.05299937449877536","0.10613192197695301","20.613273513586527","-1","0.0","0.0","0.0"
"CURVE 1","0.08148363958069638","32.264268550121315","19.453756161849753","0.05307044033980489","0.1060539010270911","20.73511925951528","-1","0.0","0.0","0.0"
"CURVE 1","0.08148363958069638","32.264268550121315","19.453756161849753","0.053141488530742596","0.10597624105007493","20.857273559933393","-1","0.0","0.0","0.0"
"CURVE 1","0.08148363958069638","32.264268550121315","19.453756161849753","0.053212519213927924","0.10589894119186781","20.979728804815355","-1","0.0","0.0","0.0"
"CURVE 1","0.08148363958069638","32.264268550121315","19.453756161849753","0.053283532531700324","0.10582200059843301","21.10247720645575","-1","0.0","0.0","0.0"
"CURVE 1","0.08148363958069638","32.264268550121315","19.453756161849753","0.05335452862639926","0.10574541841573383","21.22551081540707","-1","0.0","0.0","0.0"
"CURVE 1","0.08148363958069638","32.264268550121315","19.453756161849753","0.05342550764036416","0.10566919378973356","21.3488215269865","-1","0.0","0.0","0.0"
"CURVE 1","0.08148363958069638","32.264268550121315","19.453756161849753","0.05349646971593449","0.10559332586639557","21.47240105959896","-1","0.0","0.0","0.0"
"CURVE 1","0.08148363958069638","32.264268550121315","19.453756161849753","0.05356741499544969","0.10551781379168307","21.596240963559207","-1","0.0","0.0","0.0"
"CURVE 1","0.08148363958069638","32.264268550121315","19.453756161849753","0.053638343621249224","0.10544265671155938","21.720332647942367","-1","0.0","0.0","0.0"
"CURVE 1","0.08148363958069638","32.264268550121315","19.453756161849753","0.05370925573567253","0.10536785377198785","21.844667317614654","-1","0.0","0.0","0.0"
"CURVE 1","0.08148363958069638","32.264268550121315","19.453756161849753","0.053780151481059066","0.1052934041189317","21.96923602041255","-1","0.0","0.0","0.0"
"CURVE 1","0.08148363958069638","32.264268550121315","19.453756161849753","0.05385103099974828","0.10521930689835429","22.094029641114815","-1","0.0","0.0","0.0"
"CURVE 1","0.08148363958069638","32.264268550121315","19.453756161849753","0.053921894434079604","0.10514556125621892","22.219038916895876","-1","0.0","0.0","0.0"
"CURVE 1","0.08148363958069638","32.264268550121315","19.453756161849753","0.05399274192639252","0.10507216633848884","22.344254365478633","-1","0.0","0.0","0.0"
"CURVE 1","0.08148363958069638","32.264268550121315","19.453756161849753","0.05406357361902645","0.10499912129112739","22.46966636487468","-1","0.0","0.0","0.0"
"CURVE 1","0.08148363958069638","32.264268550121315","19.453756161849753","0.05413438965432087","0.10492642526009784","22.59526511494585","-1","0.0","0.0","0.0"
"CURVE 1","0.08148363958069638","32.264268550121315","19.453756161849753","0.05420519017461521","0.1048540773913635","22.721040662842967","-1","0.0","0.0","0.0"
"CURVE 1","0.08148363958069638","32.264268550121315","19.453756161849753","0.054275975322248926","0.1047820768308877","22.84698284476057","-1","0.0","0.0","0.0"
"CURVE 1","0.08148363958069638","32.264268550121315","19.453756161849753","0.05434674523956147","0.10471042272463367","22.973081366772682","-1","0.0","0.0","0.0"
"CURVE 1","0.08148363958069638","32.264268550121315","19.453756161849753","0.054417500068892295","0.10463911421856478","23.09932573551857","-1","0.0","0.0","0.0"
"CURVE 1","0.08148363958069638","32.264268550121315","19.453756161849753","0.05448823995258084","0.10456815045864429","23.2257052946295","-1","0.0","0.0","0.0"
"CURVE 1","0.08148363958069638","32.264268550121315","19.453756161849753","0.05455896503296657","0.10449753059083548","23.352209213325626","-1","0.0","0.0","0.0"
"CURVE 1","0.08148363958069638","32.264268550121315","19.453756161849753","0.05462967545238894","0.10442725376110171","23.478826505111215","-1","0.0","0.0","0.0"
"CURVE 1","0.08148363958069638","32.264268550121315","19.453756161849753","0.05470037135318737","0.10435731911540624","23.605545978830953","-1","0.0","0.0","0.0"
"CURVE 1","0.08148363958069638","32.264268550121315","19.453756161849753","0.054771052877701336","0.10428772579971238","23.732356314484814","-1","0.0","0.0","0.0"
"CURVE 1","0.08148363958069638","32.264268550121315","19.453756161849753","0.05484172016827028","0.10421847295998342","23.8592459842396","-1","0.0","0.0","0.0"
"CURVE 1","0.08148363958069638","32.264268550121315","19.453756161849753","0.054912373367233654","0.10414955974218265","23.986203295991672","-1","0.0","0.0","0.0"
"CURVE 1","0.08148363958069638","32.264268550121315","19.453756161849753","0.05498301261693091","0.10408098529227337","24.11321640596363","-1","0.0","0.0","0.0"
"CURVE 1","0.08148363958069638","32.264268550121315","19.453756161849753","0.055053638059701496","0.1040127487562189","24.240273286323852","-1","0.0","0.0","0.0"
"CURVE 1","0.08148363958069638","32.264268550121315","19.453756161849753","0.05512424983788485","0.10394484927998253","24.367361741163624","-1","0.0","0.0","0.0"
"CURVE 1","0.08148363958069638","32.264268550121315","19.453756161849753","0.05519484809382045","0.10387728600952754","24.494469410356896","-1","0.0","0.0","0.0"
"CURVE 1","0.08148363958069638","32.264268550121315","19.453756161849753","0.055265432969847726","0.10381005809081727","24.62158376147064","-1","0.0","0.0","0.0"
"CURVE 1","0.08148363958069638","32.264268550121315","19.453756161849753","0.05533600460830613","0.10374316466981498","24.748692087771953","-1","0.0","0.0","0.0"
"CURVE 1","0.08148363958069638","32.264268550121315","19.453756161849753","0.05540656315153511","0.10367660489248397","24.87578153311887","-1","0.0","0.0","0.0"
"CURVE 1","0.08148363958069638","32.264268550121315","19.453756161849753","0.05547710874187413","0.10361037790478758","25.00283906789601","-1","0.0","0.0","0.0"
"CURVE 1","0.08148363958069638","32.264268550121315","19.453756161849753","0.05554764152166262","0.10354448285268908","25.129851496138716","-1","0.0","0.0","0.0"
"CURVE 1","0.08148363958069638","32.264268550121315","19.453756161849753","0.05561816163324005","0.10347891888215174","25.25680545097813","-1","0.0","0.0","0.0"
"CURVE 1","0.08148363958069638","32.264268550121315","19.453756161849753","0.055688669218945865","0.1034136851391389","25.383687426597614","-1","0.0","0.0","0.0"
"CURVE 1","0.08148363958069638","32.264268550121315","19.453756161849753","0.0557591644211195","0.10334878076961386","25.51048373096763","-1","0.0","0.0","0.0"
"CURVE 1","0.08148363958069638","32.264268550121315","19.453756161849753","0.055829647382100424","0.1032842049195399","25.637180525414934","-1","0.0","0.0","0.0"
"CURVE 1","0.08148363958069638","32.264268550121315","19.453756161849753","0.05590011824422808","0.1032199567348803","25.76376382835129","-1","0.0","0.0","0.0"
"CURVE 1","0.08148363958069638","32.264268550121315","19.453756161849753","0.05597057714984192","0.10315603536159838","25.890219466245135","-1","0.0","0.0","0.0"
"CURVE 1","0.08148363958069638","32.264268550121315","19.453756161849753","0.05604102424128139","0.10309243994565748","26.016533138937277","-1","0.0","0.0","0.0"
"CURVE 1","0.08148363958069638","32.264268550121315","19.453756161849753","0.056111459660885946","0.10302916963302082","26.14269037821132","-1","0.0","0.0","0.0"
"CURVE 1","0.08148363958069638","32.264268550121315","19.453756161849753","0.05618188355099503","0.10296622356965175","26.268676587851576","-1","0.0","0.0","0.0"
"CURVE 1","0.08148363958069638","32.264268550121315","19.453756161849753","0.0562522960539481","0.10290360090151356","26.39447698496094","-1","0.0","0.0","0.0"
"CURVE 1","0.08148363958069638","32.264268550121315","19.453756161849753","0.0563226973120846","0.10284130077456953","26.52007667991093","-1","0.0","0.0","0.0"
"CURVE 1","0.08148363958069638","32.264268550121315","19.453756161849753","0.056393087467743984","0.102779322334783","26.645460599163247","-1","0.0","0.0","0.0"
"CURVE 1","0.08148363958069638","32.264268550121315","19.453756161849753","0.05646346666326571","0.10271766472811723","26.770613567496117","-1","0.0","0.0","0.0"
"CURVE 1","0.08148363958069638","32.264268550121315","19.453756161849753","0.05653383504098921","0.10265632710053552","26.895520230009215","-1","0.0","0.0","0.0"
"CURVE 1","0.08148363958069638","32.264268550121315","19.453756161849753","0.05660419274325395","0.10259530859800121","27.02016511783862","-1","0.0","0.0","0.0"
"CURVE 1","0.08148363958069638","32.264268550121315","19.453756161849753","0.05667453991239937","0.10253460836647756","27.144532619285698","-1","0.0","0.0","0.0"
"CURVE 1","0.08148363958069638","32.264268550121315","19.453756161849753","0.056744876690764924","0.10247422555192788","27.2686069919665","-1","0.0","0.0","0.0"
"CURVE 1","0.08148363958069638","32.264268550121315","19.453756161849753","0.05681520322069007","0.10241415930031546","27.392372356952485","-1","0.0","0.0","0.0"
"CURVE 1","0.08148363958069638","32.264268550121315","19.453756161849753","0.05688551964451425","0.1023544087576036","27.51581271477671","-1","0.0","0.0","0.0"
"CURVE 1","0.08148363958069638","32.264268550121315","19.453756161849753","0.05695582610457691","0.10229497306975559","27.63891193734374","-1","0.0","0.0","0.0"
"CURVE 1","0.08148363958069638","32.264268550121315","19.453756161849753","0.05702612274321751","0.10223585138273476","27.761653771168866","-1","0.0","0.0","0.0"
"CURVE 1","0.08148363958069638","32.264268550121315","19.453756161849753","0.05709640970277549","0.10217704284250441","27.884021842281122","-1","0.0","0.0","0.0"
"CURVE 1","0.08148363958069638","32.264268550121315","19.453756161849753","0.05716668712559031","0.1021185465950278","28.00599969756536","-1","0.0","0.0","0.0"
"CURVE 1","0.08148363958069638","32.264268550121315","19.453756161849753","0.05723695515400142","0.10206036178626825","28.12757071010913","-1","0.0","0.0","0.0"
"CURVE 1","0.08148363958069638","32.264268550121315","19.453756161849753","0.05730721393034825","0.10200248756218906","28.2487181793561","-1","0.0","0.0","0.0"
"CURVE 1","0.08148363958069638","32.264268550121315","19.453756161849753","0.05737746359697028","0.10194492306875352","28.369425299572512","-1","0.0","0.0","0.0"
"CURVE 1","0.08148363958069638","32.264268550121315","19.453756161849753","0.05744770429620695","0.10188766745192494","28.48967515682583","-1","0.0","0.0","0.0"
"CURVE 1","0.08148363958069638","32.264268550121315","19.453756161849753","0.0575179361703977","0.10183071985766662","28.609450740828283","-1","0.0","0.0","0.0"
"CURVE 1","0.08148363958069638","32.264268550121315","19.453756161849753","0.05758815936188199","0.10177407943194186","28.728734930398627","-1","0.0","0.0","0.0"
"CURVE 1","0.08148363958069638","32.264268550121315","19.453756161849753","0.05765837401299926","0.10171774532071394","28.847510536974035","-1","0.0","0.0","0.0"
"CURVE 1","0.08148363958069638","32.264268550121315","19.453756161849753","0.05772858026608898","0.10166171666994618","28.96576029190092","-1","0.0","0.0","0.0"
"CURVE 1","0.08148363958069638","32.264268550121315","19.453756161849753","0.057798778263490586","0.10160599262560185","29.083466801323716","-1","0.0","0.0","0.0"
"CURVE 1","0.08148363958069638","32.264268550121315","19.453756161849753","0.057868968147543526","0.10155057233364428","29.200612630431777","-1","0.0","0.0","0.0"
"CURVE 1","0.08148363958069638","32.264268550121315","19.453756161849753","0.05793915006058725","0.10149545494003677","29.317180248989363","-1","0.0","0.0","0.0"
"CURVE 1","0.08148363958069638","32.264268550121315","19.453756161849753","0.05800932414496121","0.10144063959074259","29.43315207440323","-1","0.0","0.0","0.0"
"CURVE 1","0.08148363958069638","32.264268550121315","19.453756161849753","0.058079490543004875","0.10138612543172505","29.548510448900522","-1","0.0","0.0","0.0"
"CURVE 1","0.08148363958069638","32.264268550121315","19.453756161849753","0.058149649397057676","0.10133191160894746","29.663237618461388","-1","0.0","0.0","0.0"
"CURVE 1","0.08148363958069638","32.264268550121315","19.453756161849753","0.058219800849459054","0.1012779972683731","29.777315836586375","-1","0.0","0.0","0.0"
"CURVE 1","0.08148363958069638","32.264268550121315","19.453756161849753","0.05828994504254848","0.10122438155596529","29.890727263723125","-1","0.0","0.0","0.0"
"CURVE 1","0.08148363958069638","32.264268550121315","19.453756161849753","0.05836008211866539","0.10117106361768734","30.00345402662626","-1","0.0","0.0","0.0"
"CURVE 1","0.08148363958069638","32.264268550121315","19.453756161849753","0.05843021222014925","0.10111804259950251","30.11547817389115","-1","0.0","0.0","0.0"
"CURVE 1","0.08148363958069638","32.264268550121315","19.453756161849753","0.058500335489339486","0.10106531764737411","30.226781760974365","-1","0.0","0.0","0.0"
"CURVE 1","0.08148363958069638","32.264268550121315","19.453756161849753","0.058570452068575564","0.10101288790726545","30.337346802750726","-1","0.0","0.0","0.0"
"CURVE 1","0.08148363958069638","32.264268550121315","19.453756161849753","0.05864056210019694","0.10096075252513984","30.44715525049679","-1","0.0","0.0","0.0"
"CURVE 1","0.08148363958069638","32.264268550121315","19.453756161849753","0.05871066572654306","0.10090891064696052","30.556189075546165","-1","0.0","0.0","0.0"
"CURVE 1","0.08148363958069638","32.264268550121315","19.453756161849753","0.05878076308995337","0.10085736141869088","30.664430192557454","-1","0.0","0.0","0.0"
"CURVE 1","0.08148363958069638","32.264268550121315","19.453756161849753","0.058850854332767315","0.10080610398629414","30.77186053177936","-1","0.0","0.0","0.0"
"CURVE 1","0.08148363958069638","32.264268550121315","19.453756161849753","0.05892093959732435","0.10075513749573363","30.87846199075473","-1","0.0","0.0","0.0"
"CURVE 1","0.08148363958069638","32.264268550121315","19.453756161849753","0.058991019025963924","0.10070446109297265","30.98421649408537","-1","0.0","0.0","0.0"
"CURVE 1","0.08148363958069638","32.264268550121315","19.453756161849753","0.0590610927610255","0.1006540739239745","31.08910593063811","-1","0.0","0.0","0.0"
"CURVE 1","0.08148363958069638","32.264268550121315","19.453756161849753","0.059131160944848514","0.10060397513470248","31.193112242445935","-1","0.0","0.0","0.0"
"CURVE 1","0.08148363958069638","32.264268550121315","19.453756161849753","0.059201223719772406","0.10055416387111987","31.296217340490525","-1","0.0","0.0","0.0"
"CURVE 1","0.08148363958069638","32.264268550121315","19.453756161849753","0.05927128122813666","0.10050463927919","31.398403180560976","-1","0.0","0.0","0.0"
"CURVE 1","0.08148363958069638","32.264268550121315","19.453756161849753","0.059341333612280694","0.10045540050487614","31.499651730578567","-1","0.0","0.0","0.0"
"CURVE 1","0.08148363958069638","32.264268550121315","19.453756161849753","0.059411381014543976","0.10040644669414162","31.599945014579376","-1","0.0","0.0","0.0"
"CURVE 1","0.08148363958069638","32.264268550121315","19.453756161849753","0.05948142357726594","0.10035777699294968","31.699265053738568","-1","0.0","0.0","0.0"
"CURVE 1","0.08148363958069638","32.264268550121315","19.453756161849753","0.059551461442786065","0.10030939054726369","31.797593926697633","-1","0.0","0.0","0.0"
"CURVE 1","0.08148363958069638","32.264268550121315","19.453756161849753","0.05962149475344378","0.1002612865030469","31.894913777092498","-1","0.0","0.0","0.0"
"CURVE 1","0.08148363958069638","32.264268550121315","19.453756161849753","0.05969152365157853","0.10021346400626266","31.991206774620057","-1","0.0","0.0","0.0"
"CURVE 1","0.08148363958069638","32.264268550121315","19.453756161849753","0.05976154827952978","0.1001659222028742","32.08645515284715","-1","0.0","0.0","0.0"
"CURVE 1","0.08148363958069638","32.264268550121315","19.453756161849753","0.05983156877963697","0.10011866023884486","32.18064125614636","-1","0.0","0.0","0.0"
"CURVE 1","0.08148363958069638","32.264268550121315","19.453756161849753","0.05990158529423956","0.10007167726013794","32.273747422083524","-1","0.0","0.0","0.0"
"CURVE 1","0.08148363958069638","32.264268550121315","19.453756161849753","0.05997159796567698","0.1000249724127167","32.36575610928831","-1","0.0","0.0","0.0"
"CURVE 1","0.08148363958069638","32.264268550121315","19.453756161849753","0.060041606936288704","0.09997854484254448","32.45664986048516","-1","0.0","0.0","0.0"
"CURVE 1","0.08148363958069638","32.264268550121315","19.453756161849753","0.060111612348414174","0.09993239369558458","32.546411288487896","-1","0.0","0.0","0.0"
"CURVE 1","0.08148363958069638","32.264268550121315","19.453756161849753","0.06018161434439284","0.09988651811780028","32.63502312573138","-1","0.0","0.0","0.0"
"CURVE 1","0.08148363958069638","32.264268550121315","19.453756161849753","0.060251613066564146","0.0998409172551549","32.72246817718083","-1","0.0","0.0","0.0"
"CURVE 1","0.08148363958069638","32.264268550121315","19.453756161849753","0.060321608657267545","0.09979559025361169","32.80872937269841","-1","0.0","0.0","0.0"
"CURVE 1","0.08148363958069638","32.264268550121315","19.453756161849753","0.0603916012588425","0.099750536259134","32.893789755511946","-1","0.0","0.0","0.0"
"CURVE 1","0.08148363958069638","32.264268550121315","19.453756161849753","0.06046159101362845","0.09970575441768512","32.9776324675282","-1","0.0","0.0","0.0"
"CURVE 1","0.08148363958069638","32.264268550121315","19.453756161849753","0.06053157806396484","0.09966124387522834","33.060240799544836","-1","0.0","0.0","0.0"
"CURVE 1","0.08148363958069638","32.264268550121315","19.453756161849753","0.06060156255219114","0.09961700377772696","33.14159814540178","-1","0.0","0.0","0.0"
"CURVE 1","0.08148363958069638","32.264268550121315","19.453756161849753","0.060671544620646764","0.09957303327114428","33.22168807824705","-1","0.0","0.0","0.0"
"CURVE 1","0.08148363958069638","32.264268550121315","19.453756161849753","0.060741524411671195","0.0995293315014436","33.30049425895126","-1","0.0","0.0","0.0"
"CURVE 1","0.08148363958069638","32.264268550121315","19.453756161849753","0.06081150206760387","0.0994858976145882","33.37800053257792","-1","0.0","0.0","0.0"
"CURVE 1","0.08148363958069638","32.264268550121315","19.453756161849753","0.06088147773078425","0.09944273075654139","33.45419089244518","-1","0.0","0.0","0.0"
"CURVE 1","0.08148363958069638","32.264268550121315","19.453756161849753","0.06095145154355177","0.09939983007326648","33.52904948382111","-1","0.0","0.0","0.0"
"CURVE 1","0.08148363958069638","32.264268550121315","19.453756161849753","0.061021423648245886","0.09935719471072678","33.60256061418959","-1","0.0","0.0","0.0"
"CURVE 1","0.08148363958069638","32.264268550121315","19.453756161849753","0.061091394187206056","0.09931482381488554","33.67470879143725","-1","0.0","0.0","0.0"
"CURVE 1","0.08148363958069638","32.264268550121315","19.453756161849753","0.06116136330277172","0.09927271653170609","33.74547864789751","-1","0.0","0.0","0.0"
"CURVE 1","0.08148363958069638","32.264268550121315","19.453756161849753","0.06123133113728233","0.09923087200715175","33.814855072777654","-1","0.0","0.0","0.0"
"CURVE 1","0.08148363958069638","32.264268550121315","19.453756161849753","0.06130129783307734","0.09918928938718577","33.882823062331646","-1","0.0","0.0","0.0"
"CURVE 1","0.08148363958069638","32.264268550121315","19.453756161849753","0.0613712635324962","0.09914796781777149","33.949367862073295","-1","0.0","0.0","0.0"
"CURVE 1","0.08148363958069638","32.264268550121315","19.453756161849753","0.06144122837787836","0.0991069064448722","34.01447489591343","-1","0.0","0.0","0.0"
"CURVE 1","0.08148363958069638","32.264268550121315","19.453756161849753","0.06151119251156328","0.09906610441445118","34.078129802311395","-1","0.0","0.0","0.0"
"CURVE 1","0.08148363958069638","32.264268550121315","19.453756161849753","0.06158115607589038","0.09902556087247175","34.140318411658576","-1","0.0","0.0","0.0"
"CURVE 1","0.08148363958069638","32.264268550121315","19.453756161849753","0.061651119213199136","0.0989852749648972","34.20102681874765","-1","0.0","0.0","0.0"
"CURVE 1","0.08148363958069638","32.264268550121315","19.453756161849753","0.061721082065829","0.09894524583769082","34.26024125731883","-1","0.0","0.0","0.0"
"CURVE 1","0.08148363958069638","32.264268550121315","19.453756161849753","0.0617910447761194","0.09890547263681591","34.317948289571326","-1","0.0","0.0","0.0"
"CURVE 1","0.08148363958069638","32.264268550121315","19.453756161849753","0.06186100781853519","0.0988659543421731","34.390171504923586","-1","0.0","0.0","0.0"
"CURVE 1","0.08148363958069638","32.264268550121315","19.453756161849753","0.06193097299604273","0.09882668926941221","34.45715629940838","-1","0.0","0.0","0.0"
"CURVE 1","0.08148363958069638","32.264268550121315","19.453756161849753","0.062000942443733775","0.09878767556812039","34.51884571743592","-1","0.0","0.0","0.0"
"CURVE 1","0.08148363958069638","32.264268550121315","19.453756161849753","0.062070918296700084","0.09874891138788479","34.57518547937573","-1","0.0","0.0","0.0"
"CURVE 1","0.08148363958069638","32.264268550121315","19.453756161849753","0.06214090269003342","0.09871039487829256","34.62612412085599","-1","0.0","0.0","0.0"
"CURVE 1","0.08148363958069638","32.264268550121315","19.453756161849753","0.062210897758825504","0.09867212418893084","34.67161297363379","-1","0.0","0.0","0.0"
"CURVE 1","0.08148363958069638","32.264268550121315","19.453756161849753","0.062280905638168106","0.09863409746938677","34.71160627015281","-1","0.0","0.0","0.0"
"CURVE 1","0.08148363958069638","32.264268550121315","19.453756161849753","0.06235092846315298","0.09859631286924751","34.74606118599136","-1","0.0","0.0","0.0"
"CURVE 1","0.08148363958069638","32.264268550121315","19.453756161849753","0.062420968368871885","0.09855876853810021","34.774937931899935","-1","0.0","0.0","0.0"
"CURVE 1","0.08148363958069638","32.264268550121315","19.453756161849753","0.06249102749041657","0.098521462625532","34.79819976972461","-1","0.0","0.0","0.0"
"CURVE 1","0.08148363958069638","32.264268550121315","19.453756161849753","0.06256110796287878","0.09848439328113005","34.81581308251452","-1","0.0","0.0","0.0"
"CURVE 1","0.08148363958069638","32.264268550121315","19.453756161849753","0.06263121192135028","0.0984475586544815","34.827747418416386","-1","0.0","0.0","0.0"
"CURVE 1","0.08148363958069638","32.264268550121315","19.453756161849753","0.06270134150092281","0.09841095689517348","34.83397552289006","-1","0.0","0.0","0.0"
"CURVE 1","0.08148363958069638","32.264268550121315","19.453756161849753","0.06277149883668814","0.09837458615279317","34.834473435153456","-1","0.0","0.0","0.0"
"CURVE 1","0.08148363958069638","32.264268550121315","19.453756161849753","0.06284168606373801","0.09833844457692768","34.82922041095679","-1","0.0","0.0","0.0"
"CURVE 1","0.08148363958069638","32.264268550121315","19.453756161849753","0.06291190531716417","0.09830253031716418","34.8181990571442","-1","0.0","0.0","0.0"
"CURVE 1","0.08148363958069638","32.264268550121315","19.453756161849753","0.0629821587320584","0.09826684152308983","34.801395317045774","-1","0.0","0.0","0.0"
"CURVE 1","0.08148363958069638","32.264268550121315","19.453756161849753","0.06305244844351242","0.09823137634429173","34.77879855318413","-1","0.0","0.0","0.0"
"CURVE 1","0.08148363958069638","32.264268550121315","19.453756161849753","0.063122776586618","0.09819613293035707","34.75040142190972","-1","0.0","0.0","0.0"
"CURVE 1","0.08148363958069638","32.264268550121315","19.453756161849753","0.06319314529646688","0.09816110943087299","34.71620003111274","-1","0.0","0.0","0.0"
"CURVE 1","0.08148363958069638","32.264268550121315","19.453756161849753","0.06326355670815083","0.09812630399542661","34.676193909921714","-1","0.0","0.0","0.0"
"CURVE 1","0.08148363958069638","32.264268550121315","19.453756161849753","0.0633340129567616","0.09809171477360512","34.63038604416176","-1","0.0","0.0","0.0"
"CURVE 1","0.08148363958069638","32.264268550121315","19.453756161849753","0.06340451617739094","0.09805733991499564","34.57878276123949","-1","0.0","0.0","0.0"
"CURVE 1","0.08148363958069638","32.264268550121315","19.453756161849753","0.0634750685051306","0.09802317756918533","34.521393855545966","-1","0.0","0.0","0.0"
"CURVE 1","0.08148363958069638","32.264268550121315","19.453756161849753","0.06354567207507232","0.09798922588576131","34.45823256416996","-1","0.0","0.0","0.0"
"CURVE 1","0.08148363958069638","32.264268550121315","19.453756161849753","0.06361632902230789","0.09795548301431077","34.389315484970474","-1","0.0","0.0","0.0"
"CURVE 1","0.08148363958069638","32.264268550121315","19.453756161849753","0.06368704148192902","0.09792194710442084","34.31466264729462","-1","0.0","0.0","0.0"
"CURVE 1","0.08148363958069638","32.264268550121315","19.453756161849753","0.06375781158902752","0.09788861630567865","34.234297465110785","-1","0.0","0.0","0.0"
"CURVE 1","0.08148363958069638","32.264268550121315","19.453756161849753","0.06382864147869508","0.09785548876767135","34.14824668058032","-1","0.0","0.0","0.0"
"CURVE 1","0.08148363958069638","32.264268550121315","19.453756161849753","0.06389953328602349","0.09782256263998611","34.05654032286177","-1","0.0","0.0","0.0"
"CURVE 1","0.08148363958069638","32.264268550121315","19.453756161849753","0.0639704891461045","0.09778983607221005","33.959211817140975","-1","0.0","0.0","0.0"
"CURVE 1","0.08148363958069638","32.264268550121315","19.453756161849753","0.06404151119402986","0.09775730721393035","33.856297811251885","-1","0.0","0.0","0.0"
"CURVE 1","0.08148363958069638","32.264268550121315","19.453756161849753","0.06411260156489129","0.09772497421473413","33.74783814206706","-1","0.0","0.0","0.0"
"CURVE 1","0.08148363958069638","32.264268550121315","19.453756161849753","0.0641837623937806","0.09769283522420853","33.633875861762945","-1","0.0","0.0","0.0"
"CURVE 1","0.08148363958069638","32.264268550121315","19.453756161849753","0.06425499581578951","0.09766088839194075","33.51445716716102","-1","0.0","0.0","0.0"
"CURVE 1","0.08148363958069638","32.264268550121315","19.453756161849753","0.06432630396600979","0.09762913186751787","33.3896313028945","-1","0.0","0.0","0.0"
"CURVE 1","0.08148363958069638","32.264268550121315","19.453756161849753","0.06439768897953319","0.09759756380052707","33.25945059776292","-1","0.0","0.0","0.0"
"CURVE 1","0.08148363958069638","32.264268550121315","19.453756161849753","0.06446915299145144","0.09756618234055552","33.12397033859549","-1","0.0","0.0","0.0"
"CURVE 1","0.08148363958069638","32.264268550121315","19.453756161849753","0.06454069813685631","0.09753498563719032","32.983248715799306","-1","0.0","0.0","0.0"
"CURVE 1","0.08148363958069638","32.264268550121315","19.453756161849753","0.06461232655083955","0.09750397184001863","32.837346769049915","-1","0.0","0.0","0.0"
"CURVE 1","0.08148363958069638","32.264268550121315","19.453756161849753","0.06468404036849293","0.09747313909862763","32.68632835337278","-1","0.0","0.0","0.0"
"CURVE 1","0.08148363958069638","32.264268550121315","19.453756161849753","0.06475584172490817","0.09744248556260444","32.53026005193411","-1","0.0","0.0","0.0"
"CURVE 1","0.08148363958069638","32.264268550121315","19.453756161849753","0.06482773275517706","0.09741200938153623","32.369211042995836","-1","0.0","0.0","0.0"
"CURVE 1","0.08148363958069638","32.264268550121315","19.453756161849753","0.06489971559439132","0.09738170870501009","32.203253108716524","-1","0.0","0.0","0.0"
"CURVE 1","0.08148363958069638","32.264268550121315","19.453756161849753","0.06497179237764271","0.09735158168261322","32.03246051880562","-1","0.0","0.0","0.0"
"CURVE 1","0.08148363958069638","32.264268550121315","19.453756161849753","0.06504396524002302","0.09732162646393276","31.856909991539638","-1","0.0","0.0","0.0"
"CURVE 1","0.08148363958069638","32.264268550121315","19.453756161849753","0.06511623631662397","0.09729184119855586","31.676680512304685","-1","0.0","0.0","0.0"
"CURVE 1","0.08148363958069638","32.264268550121315","19.453756161849753","0.0651886077425373","0.09726222403606964","31.491853359426834","-1","0.0","0.0","0.0"
"CURVE 1","0.08148363958069638","32.264268550121315","19.453756161849753","0.06526108165285478","0.09723277312606128","31.302511968782184","-1","0.0","0.0","0.0"
"CURVE 1","0.08148363958069638","32.264268550121315","19.453756161849753","0.06533366018266819","0.0972034866181179","31.108741840477574","-1","0.0","0.0","0.0"
"CURVE 1","0.08148363958069638","32.264268550121315","19.453756161849753","0.06540634546706926","0.09717436266182665","30.9106304839556","-1","0.0","0.0","0.0"
"CURVE 1","0.08148363958069638","32.264268550121315","19.453756161849753","0.06547913964114972","0.09714539940677472","30.708267242020295","-1","0.0","0.0","0.0"
"CURVE 1","0.08148363958069638","32.264268550121315","19.453756161849753","0.06555204484000135","0.09711659500254921","30.501743343951578","-1","0.0","0.0","0.0"
"CURVE 1","0.08148363958069638","32.264268550121315","19.453756161849753","0.06562506319871587","0.09708794759873728","30.29115167228423","-1","0.0","0.0","0.0"
"CURVE 1","0.08148363958069638","32.264268550121315","19.453756161849753","0.0656981968523851","0.09705945534492605","30.076586739002327","-1","0.0","0.0","0.0"
"CURVE 1","0.08148363958069638","32.264268550121315","19.453756161849753","0.06577144793610075","0.09703111639070272","29.858144588740217","-1","0.0","0.0","0.0"
"CURVE 1","0.08148363958069638","32.264268550121315","19.453756161849753","0.06584481858495454","0.09700292888565443","29.63592266788389","-1","0.0","0.0","0.0"
"CURVE 1","0.08148363958069638","32.264268550121315","19.453756161849753","0.06591831093403829","0.0969748909793683","29.410019764465446","-1","0.0","0.0","0.0"
"CURVE 1","0.08148363958069638","32.264268550121315","19.453756161849753","0.06599192711844373","0.09694700082143147","29.180535899881846","-1","0.0","0.0","0.0"
"CURVE 1","0.08148363958069638","32.264268550121315","19.453756161849753","0.06606566927326259","0.09691925656143113","28.947572218099904","-1","0.0","0.0","0.0"
"CURVE 1","0.08148363958069638","32.264268550121315","19.453756161849753","0.06613953953358664","0.09689165634895437","28.7112309297041","-1","0.0","0.0","0.0"
"CURVE 1","0.08148363958069638","32.264268550121315","19.453756161849753","0.06621354003450762","0.09686419833358839","28.471615162371833","-1","0.0","0.0","0.0"
"CURVE 1","0.08148363958069638","32.264268550121315","19.453756161849753","0.06628767291111731","0.09683688066492031","28.228828903717396","-1","0.0","0.0","0.0"
"CURVE 1","0.08148363958069638","32.264268550121315","19.453756161849753","0.06636194029850746","0.0968097014925373","27.982976885504694","-1","0.0","0.0","0.0"
"CURVE 1","0.08148363958069638","32.264268550121315","19.453756161849753","0.06643634433176981","0.09678265896602647","27.73416450263085","-1","0.0","0.0","0.0"
"CURVE 1","0.08148363958069638","32.264268550121315","19.453756161849753","0.0665108871459961","0.09675575123497501","27.482497705460087","-1","0.0","0.0","0.0"
"CURVE 1","0.08148363958069638","32.264268550121315","19.453756161849753","0.0665855708762781","0.09672897644897005","27.22808290371869","-1","0.0","0.0","0.0"
"CURVE 1","0.08148363958069638","32.264268550121315","19.453756161849753","0.06666039765770757","0.0967023327575987","26.971026932809703","-1","0.0","0.0","0.0"
"CURVE 1","0.08148363958069638","32.264268550121315","19.453756161849753","0.06673536962537625","0.09667581831044816","26.711436836272043","-1","0.0","0.0","0.0"
"CURVE 1","0.08148363958069638","32.264268550121315","19.453756161849753","0.06681048891437588","0.09664943125710557","26.449419901165935","-1","0.0","0.0","0.0"
"CURVE 1","0.08148363958069638","32.264268550121315","19.453756161849753","0.06688575765979825","0.09662316974715805","26.185083511706164","-1","0.0","0.0","0.0"
"CURVE 1","0.08148363958069638","32.264268550121315","19.453756161849753","0.06696117799673508","0.09659703193019277","25.91853506415931","-1","0.0","0.0","0.0"
"CURVE 1","0.08148363958069638","32.264268550121315","19.453756161849753","0.06703675206027815","0.09657101595579687","25.649881886002998","-1","0.0","0.0","0.0"
"CURVE 1","0.08148363958069638","32.264268550121315","19.453756161849753","0.0671124819855192","0.0965451199735575","25.37923116239573","-1","0.0","0.0","0.0"
"CURVE 1","0.08148363958069638","32.264268550121315","19.453756161849753","0.06718836990754998","0.09651934213306178","25.106689829913904","-1","0.0","0.0","0.0"
"CURVE 1","0.08148363958069638","32.264268550121315","19.453756161849753","0.06726441796146222","0.09649368058389689","24.8323645033446","-1","0.0","0.0","0.0"
"CURVE 1","0.08148363958069638","32.264268550121315","19.453756161849753","0.06734062828234773","0.09646813347564998","24.556361429430925","-1","0.0","0.0","0.0"
"CURVE 1","0.08148363958069638","32.264268550121315","19.453756161849753","0.06741700300529821","0.09644269895790819","24.2787863637793","-1","0.0","0.0","0.0"
"CURVE 1","0.08148363958069638","32.264268550121315","19.453756161849753","0.06749354426540546","0.09641737518025865","23.999744529490805","-1","0.0","0.0","0.0"
"CURVE 1","0.08148363958069638","32.264268550121315","19.453756161849753","0.06757025419776119","0.09639216029228855","23.719340474113896","-1","0.0","0.0","0.0"
"CURVE 1","0.08148363958069638","32.264268550121315","19.453756161849753","0.06764713493745717","0.09636705244358498","23.43767812805327","-1","0.0","0.0","0.0"
"CURVE 1","0.08148363958069638","32.264268550121315","19.453756161849753","0.06772418861958517","0.09634204978373512","23.154860653007514","-1","0.0","0.0","0.0"
"CURVE 1","0.08148363958069638","32.264268550121315","19.453756161849753","0.06780141737923691","0.09631715046232611","22.870990330355188","-1","0.0","0.0","0.0"
"CURVE 1","0.08148363958069638","32.264268550121315","19.453756161849753","0.06787882335150419","0.09629235262894512","22.586168594740986","-1","0.0","0.0","0.0"
"CURVE 1","0.08148363958069638","32.264268550121315","19.453756161849753","0.06795640867147873","0.09626765443317924","22.300495916943138","-1","0.0","0.0","0.0"
"CURVE 1","0.08148363958069638","32.264268550121315","19.453756161849753","0.06803417547425226","0.09624305402461568","22.014071761342198","-1","0.0","0.0","0.0"
"CURVE 1","0.08148363958069638","32.264268550121315","19.453756161849753","0.06811212589491661","0.09621854955284155","21.72699452008738","-1","0.0","0.0","0.0"
"CURVE 1","0.08148363958069638","32.264268550121315","19.453756161849753","0.06819026206856343","0.09619413916744401","21.43936146457078","-1","0.0","0.0","0.0"
"CURVE 1","0.08148363958069638","32.264268550121315","19.453756161849753","0.06826858613028455","0.09616982101801021","21.151268685401295","-1","0.0","0.0","0.0"
"CURVE 1","0.08148363958069638","32.264268550121315","19.453756161849753","0.06834710021517168","0.0961455932541273","20.86281105727831","-1","0.0","0.0","0.0"
"CURVE 1","0.08148363958069638","32.264268550121315","19.453756161849753","0.06842580645831661","0.09612145402538243","20.57408218411711","-1","0.0","0.0","0.0"
"CURVE 1","0.08148363958069638","32.264268550121315","19.453756161849753","0.06850470699481111","0.09609740148136271","20.28517431445237","-1","0.0","0.0","0.0"
"CURVE 1","0.08148363958069638","32.264268550121315","19.453756161849753","0.06858380395974686","0.09607343377165534","19.996178387686967","-1","0.0","0.0","0.0"
"CURVE 1","0.08148363958069638","32.264268550121315","19.453756161849753","0.06866309948821567","0.09604954904584742","19.707183943090246","-1","0.0","0.0","0.0"
"CURVE 1","0.08148363958069638","32.264268550121315","19.453756161849753","0.06874259571530926","0.09602574545352612","19.41827902805557","-1","0.0","0.0","0.0"
"CURVE 1","0.08148363958069638","32.264268550121315","19.453756161849753","0.06882229477611941","0.09600202114427858","19.129550249730542","-1","0.0","0.0","0.0"
"CURVE 1","0.08148363958069638","32.264268550121315","19.453756161849753","0.06890219880573785","0.09597837426769197","18.84108272147554","-1","0.0","0.0","0.0"
"CURVE 1","0.08148363958069638","32.264268550121315","19.453756161849753","0.06898230993925636","0.09595480297335345","18.552959985982014","-1","0.0","0.0","0.0"
"CURVE 1","0.08148363958069638","32.264268550121315","19.453756161849753","0.06906263031176667","0.09593130541085008","18.26526403649076","-1","0.0","0.0","0.0"
"CURVE 1","0.08148363958069638","32.264268550121315","19.453756161849753","0.06914316205836053","0.09590787972976911","17.97807530272878","-1","0.0","0.0","0.0"
"CURVE 1","0.08148363958069638","32.264268550121315","19.453756161849753","0.06922390731412972","0.09588452407969762","17.69147253767034","-1","0.0","0.0","0.0"
"CURVE 1","0.08148363958069638","32.264268550121315","19.453756161849753","0.06930486821416598","0.09586123661022279","17.405532886348453","-1","0.0","0.0","0.0"
"CURVE 1","0.08148363958069638","32.264268550121315","19.453756161849753","0.06938604689356107","0.09583801547093175","17.12033183918448","-1","0.0","0.0","0.0"
"CURVE 1","0.08148363958069638","32.264268550121315","19.453756161849753","0.06946744548740671","0.09581485881141166","16.835943216537814","-1","0.0","0.0","0.0"
"CURVE 1","0.08148363958069638","32.264268550121315","19.453756161849753","0.06954906613079469","0.09579176478124966","16.55243912138986","-1","0.0","0.0","0.0"
"CURVE 1","0.08148363958069638","32.264268550121315","19.453756161849753","0.06963091095881674","0.09576873153003293","16.269889975622405","-1","0.0","0.0","0.0"
"CURVE 1","0.08148363958069638","32.264268550121315","19.453756161849753","0.06971298210656462","0.09574575720734857","15.988364486623087","-1","0.0","0.0","0.0"
"CURVE 1","0.08148363958069638","32.264268550121315","19.453756161849753","0.06979528170913013","0.09572283996278373","15.707929596020083","-1","0.0","0.0","0.0"
"CURVE 1","0.08148363958069638","32.264268550121315","19.453756161849753","0.06987781190160496","0.09569997794592555","15.428650567149539","-1","0.0","0.0","0.0"
"CURVE 1","0.08148363958069638","32.264268550121315","19.453756161849753","0.06996057481908084","0.09567716930636123","15.150590902195534","-1","0.0","0.0","0.0"
"CURVE 1","0.08148363958069638","32.264268550121315","19.453756161849753","0.07004357259664962","0.0956544121936779","14.873812354118298","-1","0.0","0.0","0.0"
"CURVE 1","0.08148363958069638","32.264268550121315","19.453756161849753","0.07012680736940297","0.09563170475746267","14.598374925786375","-1","0.0","0.0","0.0"
"CURVE 1","0.08148363958069638","32.264268550121315","19.453756161849753","0.07021028127243269","0.09560904514730272","14.324336891128812","-1","0.0","0.0","0.0"
"CURVE 1","0.08148363958069638","32.264268550121315","19.453756161849753","0.07029399644083051","0.09558643151278519","14.051754792384104","-1","0.0","0.0","0.0"
"CURVE 1","0.08148363958069638","32.264268550121315","19.453756161849753","0.07037795500968819","0.09556386200349722","13.780683394639498","-1","0.0","0.0","0.0"
"CURVE 1","0.08148363958069638","32.264268550121315","19.453756161849753","0.07046215911409748","0.09554133476902596","13.511175734692136","-1","0.0","0.0","0.0"
"CURVE 1","0.08148363958069638","32.264268550121315","19.453756161849753","0.07054661088915015","0.09551884795895856","13.243283156596023","-1","0.0","0.0","0.0"
"CURVE 1","0.08148363958069638","32.264268550121315","19.453756161849753","0.07063131246993791","0.09549639972288217","12.977055211580788","-1","0.0","0.0","0.0"
"CURVE 1","0.08148363958069638","32.264268550121315","19.453756161849753","0.07071626599155255","0.09547398821038394","12.712539809579985","-1","0.0","0.0","0.0"
"CURVE 1","0.08148363958069638","32.264268550121315","19.453756161849753","0.07080147358908581","0.09545161157105099","12.449783109953206","-1","0.0","0.0","0.0"
"CURVE 1","0.08148363958069638","32.264268550121315","19.453756161849753","0.07088693739762945","0.0954292679544705","12.188829584044822","-1","0.0","0.0","0.0"
"CURVE 1","0.08148363958069638","32.264268550121315","19.453756161849753","0.07097265955227525","0.09540695551022961","11.929722031084435","-1","0.0","0.0","0.0"
"CURVE 1","0.08148363958069638","32.264268550121315","19.453756161849753","0.0710586421881149","0.09538467238791545","11.672501572309777","-1","0.0","0.0","0.0"
"CURVE 1","0.08148363958069638","32.264268550121315","19.453756161849753","0.07114488744024021","0.0953624167371152","11.417207682547387","-1","0.0","0.0","0.0"
"CURVE 1","0.08148363958069638","32.264268550121315","19.453756161849753","0.0712313974437429","0.09534018670741597","11.163878187432456","-1","0.0","0.0","0.0"
"CURVE 1","0.08148363958069638","32.264268550121315","19.453756161849753","0.07131817433371472","0.09531798044840493","10.912549305474077","-1","0.0","0.0","0.0"
"CURVE 1","0.08148363958069638","32.264268550121315","19.453756161849753","0.07140522024524745","0.09529579610966925","10.663255642704618","-1","0.0","0.0","0.0"
"CURVE 1","0.08148363958069638","32.264268550121315","19.453756161849753","0.07149253731343283","0.09527363184079601","10.416030199193607","-1","0.0","0.0","0.0"
"CURVE 1","0.08148363958069638","32.264268550121315","19.453756161849753","0.07158013151652777","0.09525148764178527","12.169347304302244","-1","0.0","0.0","0.0"
"CURVE 1","0.08148363958069638","32.264268550121315","19.453756161849753","0.07166802420544979","0.09522937091428843","13.883265793488858","-1","0.0","0.0","0.0"
"CURVE 1","0.08148363958069638","32.264268550121315","19.453756161849753","0.07175624057428161","0.09520729091036972","15.554650862055537","-1","0.0","0.0","0.0"
"CURVE 1","0.08148363958069638","32.264268550121315","19.453756161849753","0.07184480581710587","0.09518525688209345","17.180560825551947","-1","0.0","0.0","0.0"
"CURVE 1","0.08148363958069638","32.264268550121315","19.453756161849753","0.07193374512800528","0.09516327808152385","18.75825568274444","-1","0.0","0.0","0.0"
"CURVE 1","0.08148363958069638","32.264268550121315","19.453756161849753","0.07202308370106254","0.09514136376072518","20.285204601720437","-1","0.0","0.0","0.0"
"CURVE 1","0.08148363958069638","32.264268550121315","19.453756161849753","0.07211284673036034","0.09511952317176176","21.75909186059337","-1","0.0","0.0","0.0"
"CURVE 1","0.08148363958069638","32.264268550121315","19.453756161849753","0.07220305940998134","0.09509776556669776","23.177821747343224","-1","0.0","0.0","0.0"
"CURVE 1","0.08148363958069638","32.264268550121315","19.453756161849753","0.07229374693400822","0.09507610019759752","24.539522031168012","-1","0.0","0.0","0.0"
"CURVE 1","0.08148363958069638","32.264268550121315","19.453756161849753","0.07238493449652371","0.09505453631652527","25.842546200649753","-1","0.0","0.0","0.0"
"CURVE 1","0.08148363958069638","32.264268550121315","19.453756161849753","0.07247664729161048","0.0950330831755453","27.085474352166937","-1","0.0","0.0","0.0"
"CURVE 1","0.08148363958069638","32.264268550121315","19.453756161849753","0.07256891051335121","0.09501175002672185","28.267113020567507","-1","0.0","0.0","0.0"
"CURVE 1","0.08148363958069638","32.264268550121315","19.453756161849753","0.07266174935582859","0.0949905461221192","29.386493620929173","-1","0.0","0.0","0.0"
"CURVE 1","0.08148363958069638","32.264268550121315","19.453756161849753","0.07275518901312529","0.09496948071380161","30.44286985329392","-1","0.0","0.0","0.0"
"CURVE 1","0.08148363958069638","32.264268550121315","19.453756161849753","0.07284925467932403","0.09494856305383331","31.435713975132078","-1","0.0","0.0","0.0"
"CURVE 1","0.08148363958069638","32.264268550121315","19.453756161849753","0.07294397154850747","0.0949278023942786","32.364711970643775","-1","0.0","0.0","0.0"
"CURVE 1","0.08148363958069638","32.264268550121315","19.453756161849753","0.0730393648147583","0.09490720798720173","33.22975785263307","-1","0.0","0.0","0.0"
"CURVE 1","0.08148363958069638","32.264268550121315","19.453756161849753","0.07313545967215924","0.094886789084667","34.03094694457212","-1","0.0","0.0","0.0"
"CURVE 1","0.08148363958069638","32.264268550121315","19.453756161849753","0.07323228131479294","0.0948665549387386","34.76856832686465","-1","0.0","0.0","0.0"
"CURVE 1","0.08148363958069638","32.264268550121315","19.453756161849753","0.0733298549367421","0.09484651480148086","35.44309663228939","-1","0.0","0.0","0.0"
"CURVE 1","0.08148363958069638","32.264268550121315","19.453756161849753","0.0734282057320894","0.09482667792495804","36.055183030630346","-1","0.0","0.0","0.0"
"CURVE 1","0.08148363958069638","32.264268550121315","19.453756161849753","0.07352735889491752","0.09480705356123434","36.60564571495238","-1","0.0","0.0","0.0"
"CURVE 1","0.08148363958069638","32.264268550121315","19.453756161849753","0.07362733961930917","0.0947876509623741","37.095459819778476","-1","0.0","0.0","0.0"
"CURVE 1","0.08148363958069638","32.264268550121315","19.453756161849753","0.07372817309934704","0.09476847938044154","37.525746931715595","-1","0.0","0.0","0.0"
"CURVE 1","0.08148363958069638","32.264268550121315","19.453756161849753","0.07382988452911378","0.09474954806750092","37.89776435368375","-1","0.0","0.0","0.0"
"CURVE 1","0.08148363958069638","32.264268550121315","19.453756161849753","0.07393249910269212","0.09473086627561654","38.212893974890214","-1","0.0","0.0","0.0"
"CURVE 1","0.08148363958069638","32.264268550121315","19.453756161849753","0.07403604201416471","0.09471244325685263","38.47263107709027","-1","0.0","0.0","0.0"
"CURVE 1","0.08148363958069638","32.264268550121315","19.453756161849753","0.07414053845761427","0.09469428826327347","38.678573072289915","-1","0.0","0.0","0.0"
"CURVE 1","0.08148363958069638","32.264268550121315","19.453756161849753","0.07424601362712348","0.09467641054694331","38.83240815703795","-1","0.0","0.0","0.0"
"CURVE 1","0.08148363958069638","32.264268550121315","19.453756161849753","0.074352492716775","0.09465881935992644","38.93590415475433","-1","0.0","0.0","0.0"
"CURVE 1","0.08148363958069638","32.264268550121315","19.453756161849753","0.07446000092065157","0.0946415239542871","38.99089738915727","-1","0.0","0.0","0.0"
"CURVE 1","0.08148363958069638","32.264268550121315","19.453756161849753","0.07456856343283583","0.09462453358208954","38.99928188838644","-1","0.0","0.0","0.0"
"CURVE 1","0.08148363958069638","32.264268550121315","19.453756161849753","0.0746782054474105","0.09460785749539806","38.962998737873555","-1","0.0","0.0","0.0"
"CURVE 1","0.08148363958069638","32.264268550121315","19.453756161849753","0.07478895215845821","0.0945915049462769","38.88402588180061","-1","0.0","0.0","0.0"
"CURVE 1","0.08148363958069638","32.264268550121315","19.453756161849753","0.0749008287600617","0.09457548518679033","38.76436821516569","-1","0.0","0.0","0.0"
"CURVE 1","0.08148363958069638","32.264268550121315","19.453756161849753","0.07501386044630365","0.09455980746900262","38.606048163909605","-1","0.0","0.0","0.0"
"CURVE 1","0.08148363958069638","32.264268550121315","19.453756161849753","0.07512807241126675","0.09454448104497803","38.4110966526189","-1","0.0","0.0","0.0"
"CURVE 1","0.08148363958069638","32.264268550121315","19.453756161849753","0.07524348984903363","0.09452951516678083","38.18154463746348","-1","0.0","0.0","0.0"
"CURVE 1","0.08148363958069638","32.264268550121315","19.453756161849753","0.07536013795368707","0.09451491908647526","37.91941510700342","-1","0.0","0.0","0.0"
"CURVE 1","0.08148363958069638","32.264268550121315","19.453756161849753","0.07547804191930971","0.09450070205612561","37.62671564646533","-1","0.0","0.0","0.0"
"CURVE 1","0.08148363958069638","32.264268550121315","19.453756161849753","0.07559722693998425","0.09448687332779612","37.30543151207369","-1","0.0","0.0","0.0"
"CURVE 1","0.08148363958069638","32.264268550121315","19.453756161849753","0.07571771820979334","0.09447344215355108","36.957519305945915","-1","0.0","0.0","0.0"
"CURVE 1","0.08148363958069638","32.264268550121315","19.453756161849753","0.07583954092281969","0.09446041778545473","36.58490120051966","-1","0.0","0.0","0.0"
"CURVE 1","0.08148363958069638","32.264268550121315","19.453756161849753","0.075962720273146","0.09444780947557135","36.18945969549745","-1","0.0","0.0","0.0"
"CURVE 1","0.08148363958069638","32.264268550121315","19.453756161849753","0.07608728145485495","0.09443562647596519","35.7730329616492","-1","0.0","0.0","0.0"
"CURVE 1","0.08148363958069638","32.264268550121315","19.453756161849753","0.07621324966202922","0.09442387803870053","35.337410677935914","-1","0.0","0.0","0.0"
"CURVE 1","0.08148363958069638","32.264268550121315","19.453756161849753","0.0763406500887515","0.09441257341584162","34.88433049112449","-1","0.0","0.0","0.0"
"CURVE 1","0.08148363958069638","32.264268550121315","19.453756161849753","0.07646950792910448","0.09440172185945273","34.415474890336306","-1","0.0","0.0","0.0"
"CURVE 1","0.08148363958069638","32.264268550121315","19.453756161849753","0.07659984837717085","0.09439133262159811","33.93246858111519","-1","0.0","0.0","0.0"
"CURVE 1","0.08148363958069638","32.264268550121315","19.453756161849753","0.07673169662703329","0.09438141495434203","33.436876424037564","-1","0.0","0.0","0.0"
"CURVE 1","0.08148363958069638","32.264268550121315","19.453756161849753","0.0768650778727745","0.0943719781097488","32.93020170623947","-1","0.0","0.0","0.0"
"CURVE 1","0.08148363958069638","32.264268550121315","19.453756161849753","0.07700001730847714","0.09436303133988261","32.41388489183027","-1","0.0","0.0","0.0"
"CURVE 1","0.08148363958069638","32.264268550121315","19.453756161849753","0.07713654012822393","0.09435458389680776","31.8893027995817","-1","0.0","0.0","0.0"
"CURVE 1","0.08148363958069638","32.264268550121315","19.453756161849753","0.07727467152609753","0.0943466450325885","31.35776804675551","-1","0.0","0.0","0.0"
"CURVE 1","0.08148363958069638","32.264268550121315","19.453756161849753","0.07741443669618064","0.09433922399928912","30.82052895329547","-1","0.0","0.0","0.0"
"CURVE 1","0.08148363958069638","32.264268550121315","19.453756161849753","0.07755586083255597","0.09433233004897387","30.27876966098242","-1","0.0","0.0","0.0"
"CURVE 1","0.08148363958069638","32.264268550121315","19.453756161849753","0.07769896912930617","0.09432597243370702","29.73361061126067","-1","0.0","0.0","0.0"
"CURVE 1","0.08148363958069638","32.264268550121315","19.453756161849753","0.07784378678051394","0.0943201604055528","29.186109218259343","-1","0.0","0.0","0.0"
"CURVE 1","0.08148363958069638","32.264268550121315","19.453756161849753","0.07799033898026198","0.0943149032165755","28.637260849213316","-1","0.0","0.0","0.0"
"CURVE 1","0.08148363958069638","32.264268550121315","19.453756161849753","0.07813865092263293","0.09431021011883939","28.087999920819676","-1","0.0","0.0","0.0"
"CURVE 1","0.08148363958069638","32.264268550121315","19.453756161849753","0.07828874780170954","0.09430609036440873","27.539201265851318","-1","0.0","0.0","0.0"
"CURVE 1","0.08148363958069638","32.264268550121315","19.453756161849753","0.07844065481157446","0.09430255320534776","26.991681578438097","-1","0.0","0.0","0.0"
"CURVE 1","0.08148363958069638","32.264268550121315","19.453756161849753","0.07859439714631039","0.09429960789372077","26.4462010725915","-1","0.0","0.0","0.0"
"CURVE 1","0.08148363958069638","32.264268550121315","19.453756161849753","0.07875","0.09429726368159203","25.903465177008304","-1","0.0","0.0","0.0"
"CURVE 1","0.08148363958069638","32.264268550121315","19.453756161849753","0.078907488566726","0.09429552982102578","25.364126386211264","-1","0.0","0.0","0.0"
"CURVE 1","0.08148363958069638","32.264268550121315","19.453756161849753","0.07906688804057108","0.09429441556408628","24.828786157064318","-1","0.0","0.0","0.0"
"CURVE 1","0.08148363958069638","32.264268550121315","19.453756161849753","0.07922822361561789","0.09429393016283782","24.297996846620002","-1","0.0","0.0","0.0"
"CURVE 1","0.08148363958069638","32.264268550121315","19.453756161849753","0.07939152048594916","0.09429408286934467","23.77226374157367","-1","0.0","0.0","0.0"
"CURVE 1","0.08148363958069638","32.264268550121315","19.453756161849753","0.07955680384564755","0.09429488293567104","23.252047060936352","-1","0.0","0.0","0.0"
"CURVE 1","0.08148363958069638","32.264268550121315","19.453756161849753","0.07972409888879577","0.09429633961388126","22.73776401816415","-1","0.0","0.0","0.0"
"CURVE 1","0.08148363958069638","32.264268550121315","19.453756161849753","0.07989343080947649","0.09429846215603954","22.229790837125236","-1","0.0","0.0","0.0"
"CURVE 1","0.08148363958069638","32.264268550121315","19.453756161849753","0.08006482480177239","0.09430125981421017","21.728464796075478","-1","0.0","0.0","0.0"
"CURVE 1","0.08148363958069638","32.264268550121315","19.453756161849753","0.08023830605976617","0.09430474184045741","21.234086253015835","-1","0.0","0.0","0.0"
"CURVE 1","0.08148363958069638","32.264268550121315","19.453756161849753","0.08041389977754054","0.09430891748684553","20.74692060243968","-1","0.0","0.0","0.0"
"CURVE 1","0.08148363958069638","32.264268550121315","19.453756161849753","0.08059163114917814","0.0943137960054388","20.267200250919434","-1","0.0","0.0","0.0"
"CURVE 1","0.08148363958069638","32.264268550121315","19.453756161849753","0.08077152536876167","0.09431938664830145","19.795126496598577","-1","0.0","0.0","0.0"
"CURVE 1","0.08148363958069638","32.264268550121315","19.453756161849753","0.08095360763037382","0.09432569866749776","19.33087142035358","-1","0.0","0.0","0.0"
"CURVE 1","0.08148363958069638","32.264268550121315","19.453756161849753","0.08113790312809731","0.09433274131509199","18.87457967193182","-1","0.0","0.0","0.0"
"CURVE 1","0.08148363958069638","32.264268550121315","19.453756161849753","0.08132443705601479","0.09434052384314844","18.42637022598081","-1","0.0","0.0","0.0"
"CURVE 1","0.08148363958069638","32.264268550121315","19.453756161849753","0.08151323460820896","0.09434905550373132","17.98633807836731","-1","0.0","0.0","0.0"
"CURVE 1","0.08148363958069638","32.264268550121315","19.453756161849753","0.0817043209787625","0.09435834554890492","17.554555882027184","-1","0.0","0.0","0.0"
"CURVE 1","0.08148363958069638","32.264268550121315","19.453756161849753","0.0818977213617581","0.09436840323073352","17.131075503503098","-1","0.0","0.0","0.0"
"CURVE 1","0.08148363958069638","32.264268550121315","19.453756161849753","0.08209346095127848","0.09437923780128137","16.715929547348473","-1","0.0","0.0","0.0"
"CURVE 1","0.08148363958069638","32.264268550121315","19.453756161849753","0.08229156494140626","0.0943908585126127","16.30913277672393","-1","0.0","0.0","0.0"
"CURVE 1","0.08148363958069638","32.264268550121315","19.453756161849753","0.08249205852622415","0.09440327461679181","15.910683501574024","-1","0.0","0.0","0.0"
"CURVE 1","0.08148363958069638","32.264268550121315","19.453756161849753","0.08269496689981488","0.09441649536588297","15.520564883722015","-1","0.0","0.0","0.0"
"CURVE 1","0.08148363958069638","32.264268550121315","19.453756161849753","0.08290031525626111","0.09443053001195043","15.138746183981674","-1","0.0","0.0","0.0"
"CURVE 1","0.08148363958069638","32.264268550121315","19.453756161849753","0.08310812878964552","0.09444538780705844","14.765183940265377","-1","0.0","0.0","0.0"
"CURVE 1","0.08148363958069638","32.264268550121315","19.453756161849753","0.0833184326940508","0.09446107800327129","14.399823098338844","-1","0.0","0.0","0.0"
"CURVE 1","0.08148363958069638","32.264268550121315","19.453756161849753","0.08353125216355962","0.09447760985265322","14.042598051588373","-1","0.0","0.0","0.0"
"CURVE 1","0.08148363958069638","32.264268550121315","19.453756161849753","0.08374661239225473","0.0944949926072685","13.69343366420437","-1","0.0","0.0","0.0"
"CURVE 1","0.08148363958069638","32.264268550121315","19.453756161849753","0.08396453857421873","0.09451323551918142","13.352246192110744","-1","0.0","0.0","0.0"
"CURVE 1","0.08148363958069638","32.264268550121315","19.453756161849753","0.08418505590353438","0.09453234784045621","13.018944174651995","-1","0.0","0.0","0.0"
"CURVE 1","0.08148363958069638","32.264268550121315","19.453756161849753","0.08440818957428434","0.09455233882315715","12.69342926073752","-1","0.0","0.0","0.0"
"CURVE 1","0.08148363958069638","32.264268550121315","19.453756161849753","0.08463396478055128","0.0945732177193485","12.375597000439937","-1","0.0","0.0","0.0"
"CURVE 1","0.08148363958069638","32.264268550121315","19.453756161849753","0.08486240671641791","0.09459499378109452","12.065337556283266","-1","0.0","0.0","0.0"
"CURVE 1","0.08148363958069638","32.264268550121315","19.453756161849753","0.08509354057596691","0.09461767626045946","11.762536387707526","-1","0.0","0.0","0.0"
"CURVE 1","0.08148363958069638","32.264268550121315","19.453756161849753","0.08532739155328097","0.09464127440950763","11.467074891366128","-1","0.0","0.0","0.0"
"CURVE 1","0.08148363958069638","32.264268550121315","19.453756161849753","0.08556398484244276","0.09466579748030325","11.178830978779603","-1","0.0","0.0","0.0"
"CURVE 1","0.08148363958069638","32.264268550121315","19.453756161849753","0.08580334563753499","0.0946912547249106","10.897679626823276","-1","0.0","0.0","0.0"
"CURVE 1","0.08148363958069638","32.264268550121315","19.453756161849753","0.08604549913264033","0.09471765539539395","10.62349339248107","-1","0.0","0.0","0.0"
"CURVE 1","0.08148363958069638","32.264268550121315","19.453756161849753","0.08629047052184148","0.09474500874381754","10.356142874402993","-1","0.0","0.0","0.0"
"CURVE 1","0.08148363958069638","32.264268550121315","19.453756161849753","0.08653828499922113","0.09477332402224564","10.09549714137396","-1","0.0","0.0","0.0"
"CURVE 1","0.08148363958069638","32.264268550121315","19.453756161849753","0.08678896775886195","0.09480261048274252","9.841424145263854","-1","0.0","0.0","0.0"
"CURVE 1","0.08148363958069638","32.264268550121315","19.453756161849753","0.08704254399484665","0.09483287737737248","9.593791070820366","-1","0.0","0.0","0.0"
"CURVE 1","0.08148363958069638","32.264268550121315","19.453756161849753","0.08729903890125788","0.09486413395819972","9.352464688254512","-1","0.0","0.0","0.0"
"CURVE 1","0.08148363958069638","32.264268550121315","19.453756161849753","0.08755847767217838","0.09489638947728855","9.117311648983877","-1","0.0","0.0","0.0"
"CURVE 1","0.08148363958069638","32.264268550121315","19.453756161849753","0.08782088550169079","0.09492965318670321","8.88819876913192","-1","0.0","0.0","0.0"
"CURVE 1","0.08148363958069638","32.264268550121315","19.453756161849753","0.0880862875838778","0.09496393433850796","8.664993295276364","-1","0.0","0.0","0.0"
"CURVE 1","0.08148363958069638","32.264268550121315","19.453756161849753","0.08835470911282214","0.09499924218476707","8.447563119441098","-1","0.0","0.0","0.0"
"CURVE 1","0.08148363958069638","32.264268550121315","19.453756161849753","0.08862617528260645","0.09503558597754483","8.23577700646037","-1","0.0","0.0","0.0"
"CURVE 1","0.08148363958069638","32.264268550121315","19.453756161849753","0.08890071128731344","0.09507297496890547","8.029504768644832","-1","0.0","0.0","0.0"
"CURVE 1","0.08148363958069638","32.264268550121315","19.453756161849753","0.0891783423210258","0.09511141841091328","7.828617444744923","-1","0.0","0.0","0.0"
"CURVE 1","0.08148363958069638","32.264268550121315","19.453756161849753","0.08945909357782621","0.09515092555563248","7.632987453471223","-1","0.0","0.0","0.0"
"CURVE 1","0.08148363958069638","32.264268550121315","19.453756161849753","0.08974299025179736","0.09519150565512739","7.4424887163106925","-1","0.0","0.0","0.0"
"CURVE 1","0.08148363958069638","32.264268550121315","19.453756161849753","0.09003005753702192","0.09523316796146222","7.256996794138153","-1","0.0","0.0","0.0"
"CURVE 1","0.08148363958069638","32.264268550121315","19.453756161849753","0.0903203206275826","0.09527592172670127","7.076388978818075","-1","0.0","0.0","0.0"
"CURVE 1","0.08148363958069638","32.264268550121315","19.453756161849753","0.09061380471756209","0.0953197762029088","6.90054439301292","-1","0.0","0.0","0.0"
"CURVE 1","0.08148363958069638","32.264268550121315","19.453756161849753","0.09091053500104306","0.09536474064214905","6.729344065881491","-1","0.0","0.0","0.0"
"CURVE 1","0.08148363958069638","32.264268550121315","19.453756161849753","0.09121053667210823","0.09541082429648631","6.5626710023147625","-1","0.0","0.0","0.0"
"CURVE 1","0.08148363958069638","32.264268550121315","19.453756161849753","0.09151383492484022","0.09545803641798484","6.4004102417748525","-1","0.0","0.0","0.0"
"CURVE 1","0.08148363958069638","32.264268550121315","19.453756161849753","0.09182045495332179","0.09550638625870889","6.242448902619118","-1","0.0","0.0","0.0"
"CURVE 1","0.08148363958069638","32.264268550121315","19.453756161849753","0.09213042195163555","0.09555588307072273","6.088676224205331","-1","0.0","0.0","0.0"
"CURVE 1","0.08148363958069638","32.264268550121315","19.453756161849753","0.09244376111386426","0.09560653610609063","5.938983596306275","-1","0.0","0.0","0.0"
"CURVE 1","0.08148363958069638","32.264268550121315","19.453756161849753","0.0927604976340906","0.09565835461687686","5.793264580804464","-1","0.0","0.0","0.0"
"CURVE 1","0.08148363958069638","32.264268550121315","19.453756161849753","0.0930806567063972","0.09571134785514565","5.651414929201603","-1","0.0","0.0","0.0"
"CURVE 1","0.08148363958069638","32.264268550121315","19.453756161849753","0.0934042635248668","0.0957655250729613","5.513332593377924","-1","0.0","0.0","0.0"
