"Curve Name","Curve Length (um)","Average Curvature (um-1)","Curvature Std (um-1)","X-Coordinate (um)","Y-Coordinate (um)","Point Curvature (um-1)","Point Curvature Sign","Red Intensity","Green Intensity","Blue Intensity"
"CURVE 1","0.08307065571994487","33.81089741427799","19.87626893792379","0.02208955223880597","0.11641791044776119","62.81793704812277","1","0.0","0.0","0.0"
"CURVE 1","0.08307065571994487","33.81089741427799","19.87626893792379","0.02222980359300452","0.11656330509565362","63.89960602643391","1","0.0","0.0","0.0"
"CURVE 1","0.08307065571994487","33.81089741427799","19.87626893792379","0.022370699033215268","0.11670565951522903","64.97345561657423","1","0.0","0.0","0.0"
"CURVE 1","0.08307065571994487","33.81089741427799","19.87626893792379","0.022512226745263854","0.11684499434570768","66.03773451596959","1","0.0","0.0","0.0"
"CURVE 1","0.08307065571994487","33.81089741427799","19.87626893792379","0.022654374914975902","0.11698133022630984","67.09065230206903","1","0.0","0.0","0.0"
"CURVE 1","0.08307065571994487","33.81089741427799","19.87626893792379","0.022797131728177048","0.11711468779625582","68.13038559794946","1","0.0","0.0","0.0"
"CURVE 1","0.08307065571994487","33.81089741427799","19.87626893792379","0.02294048537069292","0.1172450876947659","69.15508472435383","1","0.0","0.0","0.0"
"CURVE 1","0.08307065571994487","33.81089741427799","19.87626893792379","0.02308442402834916","0.11737255056106034","70.16288089699982","1","0.0","0.0","0.0"
"CURVE 1","0.08307065571994487","33.81089741427799","19.87626893792379","0.02322893588697139","0.11749709703435944","71.15189386376602","1","0.0","0.0","0.0"
"CURVE 1","0.08307065571994487","33.81089741427799","19.87626893792379","0.023374009132385253","0.11761874775388347","72.12023997504518","1","0.0","0.0","0.0"
"CURVE 1","0.08307065571994487","33.81089741427799","19.87626893792379","0.023519631950416377","0.1177375233588527","73.06604063351696","1","0.0","0.0","0.0"
"CURVE 1","0.08307065571994487","33.81089741427799","19.87626893792379","0.023665792526890394","0.11785344448848743","73.98743104811685","1","0.0","0.0","0.0"
"CURVE 1","0.08307065571994487","33.81089741427799","19.87626893792379","0.02381247904763293","0.11796653178200792","74.88256923784367","1","0.0","0.0","0.0"
"CURVE 1","0.08307065571994487","33.81089741427799","19.87626893792379","0.02395967969846963","0.11807680587863446","75.74964521125821","1","0.0","0.0","0.0"
"CURVE 1","0.08307065571994487","33.81089741427799","19.87626893792379","0.02410738266522612","0.11818428741758734","76.58689025052159","1","0.0","0.0","0.0"
"CURVE 1","0.08307065571994487","33.81089741427799","19.87626893792379","0.02425557613372803","0.11828899703808685","77.39258618921535","1","0.0","0.0","0.0"
"CURVE 1","0.08307065571994487","33.81089741427799","19.87626893792379","0.024404248289800996","0.11839095537935324","78.16507464970991","1","0.0","0.0","0.0"
"CURVE 1","0.08307065571994487","33.81089741427799","19.87626893792379","0.02455338731927065","0.11849018308060678","78.9027660928405","1","0.0","0.0","0.0"
"CURVE 1","0.08307065571994487","33.81089741427799","19.87626893792379","0.024702981407962628","0.11858670078106781","79.604148628372","1","0.0","0.0","0.0"
"CURVE 1","0.08307065571994487","33.81089741427799","19.87626893792379","0.02485301874170256","0.11868052911995655","80.26779649967692","1","0.0","0.0","0.0"
"CURVE 1","0.08307065571994487","33.81089741427799","19.87626893792379","0.025003487506316077","0.11877168873649331","80.89237812431234","1","0.0","0.0","0.0"
"CURVE 1","0.08307065571994487","33.81089741427799","19.87626893792379","0.02515437588762881","0.11886020026989837","81.47666361988806","1","0.0","0.0","0.0"
"CURVE 1","0.08307065571994487","33.81089741427799","19.87626893792379","0.025305672071466397","0.11894608435939201","82.01953176550138","1","0.0","0.0","0.0"
"CURVE 1","0.08307065571994487","33.81089741427799","19.87626893792379","0.025457364243654468","0.1190293616441945","82.5199762729367","1","0.0","0.0","0.0"
"CURVE 1","0.08307065571994487","33.81089741427799","19.87626893792379","0.025609440590018656","0.11911005276352611","82.97711133198237","1","0.0","0.0","0.0"
"CURVE 1","0.08307065571994487","33.81089741427799","19.87626893792379","0.025761889296384594","0.11918817835660717","83.39017638152824","1","0.0","0.0","0.0"
"CURVE 1","0.08307065571994487","33.81089741427799","19.87626893792379","0.02591469854857791","0.1192637590626579","83.75854000765653","1","0.0","0.0","0.0"
"CURVE 1","0.08307065571994487","33.81089741427799","19.87626893792379","0.02606785653242424","0.11933681552089863","84.08170299299206","1","0.0","0.0","0.0"
"CURVE 1","0.08307065571994487","33.81089741427799","19.87626893792379","0.02622135143374922","0.11940736837054959","84.35930044695401","1","0.0","0.0","0.0"
"CURVE 1","0.08307065571994487","33.81089741427799","19.87626893792379","0.02637517143837848","0.11947543825083111","84.59110300359848","1","0.0","0.0","0.0"
"CURVE 1","0.08307065571994487","33.81089741427799","19.87626893792379","0.026529304732137646","0.11954104580096343","84.77701709354434","1","0.0","0.0","0.0"
"CURVE 1","0.08307065571994487","33.81089741427799","19.87626893792379","0.02668373950085236","0.11960421166016687","84.91708430517825","1","0.0","0.0","0.0"
"CURVE 1","0.08307065571994487","33.81089741427799","19.87626893792379","0.026838463930348257","0.11966495646766169","85.01147981816632","1","0.0","0.0","0.0"
"CURVE 1","0.08307065571994487","33.81089741427799","19.87626893792379","0.026993466206450954","0.11972330086266816","85.06050995277899","1","0.0","0.0","0.0"
"CURVE 1","0.08307065571994487","33.81089741427799","19.87626893792379","0.027148734514986103","0.11977926548440658","85.06460889730502","1","0.0","0.0","0.0"
"CURVE 1","0.08307065571994487","33.81089741427799","19.87626893792379","0.027304257041779325","0.11983287097209723","85.02433464216398","1","0.0","0.0","0.0"
"CURVE 1","0.08307065571994487","33.81089741427799","19.87626893792379","0.027460021972656252","0.11988413796496035","84.94036413949519","1","0.0","0.0","0.0"
"CURVE 1","0.08307065571994487","33.81089741427799","19.87626893792379","0.02761601749344252","0.11993308710221627","84.81348783063898","1","0.0","0.0","0.0"
"CURVE 1","0.08307065571994487","33.81089741427799","19.87626893792379","0.027772231789963756","0.11997973902308524","84.64460354436045","1","0.0","0.0","0.0"
"CURVE 1","0.08307065571994487","33.81089741427799","19.87626893792379","0.0279286530480456","0.12002411436678756","84.43470985078673","1","1.0","1.0","1.0"
"CURVE 1","0.08307065571994487","33.81089741427799","19.87626893792379","0.02808526945351368","0.12006623377254351","84.18489899334459","1","1.0","1.0","1.0"
"CURVE 1","0.08307065571994487","33.81089741427799","19.87626893792379","0.028242069192193634","0.12010611787957336","83.89634941806509","1","1.0","1.0","1.0"
"CURVE 1","0.08307065571994487","33.81089741427799","19.87626893792379","0.02839904044991109","0.1201437873270974","83.57031801691502","1","1.0","1.0","1.0"
"CURVE 1","0.08307065571994487","33.81089741427799","19.87626893792379","0.028556171412491678","0.12017926275433591","83.20813216555776","1","1.0","1.0","1.0"
"CURVE 1","0.08307065571994487","33.81089741427799","19.87626893792379","0.028713450265761036","0.12021256480050914","82.81118161431259","1","1.0","1.0","1.0"
"CURVE 1","0.08307065571994487","33.81089741427799","19.87626893792379","0.028870865195544795","0.12024371410483743","82.38091032783038","1","1.0","1.0","1.0"
"CURVE 1","0.08307065571994487","33.81089741427799","19.87626893792379","0.02902840438766859","0.12027273130654101","81.91880832995221","1","1.0","1.0","1.0"
"CURVE 1","0.08307065571994487","33.81089741427799","19.87626893792379","0.029186056027958047","0.12029963704484017","81.42640366017024","1","1.0","1.0","1.0"
"CURVE 1","0.08307065571994487","33.81089741427799","19.87626893792379","0.029343808302238806","0.1203244519589552","80.90525444881676","1","1.0","1.0","1.0"
"CURVE 1","0.08307065571994487","33.81089741427799","19.87626893792379","0.029501649396336496","0.1203471966881064","80.35694119830053","1","1.0","1.0","1.0"
"CURVE 1","0.08307065571994487","33.81089741427799","19.87626893792379","0.029659567496076747","0.120367891871514","79.78305935318252","1","1.0","1.0","1.0"
"CURVE 1","0.08307065571994487","33.81089741427799","19.87626893792379","0.029817550787285194","0.12038655814839831","79.18521214400997","1","1.0","1.0","1.0"
"CURVE 1","0.08307065571994487","33.81089741427799","19.87626893792379","0.029975587455787468","0.12040321615797962","78.56500379752913","1","1.0","1.0","1.0"
"CURVE 1","0.08307065571994487","33.81089741427799","19.87626893792379","0.030133665687409206","0.12041788653947819","77.92403310556263","1","1.0","1.0","1.0"
"CURVE 1","0.08307065571994487","33.81089741427799","19.87626893792379","0.03029177366797604","0.12043058993211432","77.26388739985788","1","1.0","1.0","1.0"
"CURVE 1","0.08307065571994487","33.81089741427799","19.87626893792379","0.030449899583313594","0.12044134697510828","76.58613699596961","1","1.0","1.0","1.0"
"CURVE 1","0.08307065571994487","33.81089741427799","19.87626893792379","0.03060803161924751","0.12045017830768033","75.89233001389462","1","1.0","1.0","1.0"
"CURVE 1","0.08307065571994487","33.81089741427799","19.87626893792379","0.030766157961603424","0.12045710456905079","75.18398766579007","1","1.0","1.0","1.0"
"CURVE 1","0.08307065571994487","33.81089741427799","19.87626893792379","0.03092426679620695","0.12046214639843991","74.46260004231429","1","1.0","1.0","1.0"
"CURVE 1","0.08307065571994487","33.81089741427799","19.87626893792379","0.03108234630888374","0.120465324435068","73.72962228781282","1","1.0","1.0","1.0"
"CURVE 1","0.08307065571994487","33.81089741427799","19.87626893792379","0.031240384685459418","0.12046665931815531","72.98647126078373","1","1.0","1.0","1.0"
"CURVE 1","0.08307065571994487","33.81089741427799","19.87626893792379","0.03139837011175962","0.12046617168692213","72.23452262530117","1","1.0","1.0","1.0"
"CURVE 1","0.08307065571994487","33.81089741427799","19.87626893792379","0.031556290773609975","0.12046388218058875","71.47510835802234","1","1.0","1.0","1.0"
"CURVE 1","0.08307065571994487","33.81089741427799","19.87626893792379","0.03171413485683612","0.12045981143837545","70.70951466883905","1","1.0","1.0","1.0"
"CURVE 1","0.08307065571994487","33.81089741427799","19.87626893792379","0.031871890547263686","0.12045398009950248","69.93898031524806","1","1.0","1.0","1.0"
"CURVE 1","0.08307065571994487","33.81089741427799","19.87626893792379","0.032029546030718295","0.12044640880319014","69.16469530053735","1","1.0","1.0","1.0"
"CURVE 1","0.08307065571994487","33.81089741427799","19.87626893792379","0.032187089493025595","0.12043711818865874","68.38779987234489","1","1.0","1.0","1.0"
"CURVE 1","0.08307065571994487","33.81089741427799","19.87626893792379","0.03234450912001121","0.12042612889512853","67.60938393475236","1","1.0","1.0","1.0"
"CURVE 1","0.08307065571994487","33.81089741427799","19.87626893792379","0.03250179309750078","0.12041346156181978","66.83048668345812","1","1.0","1.0","1.0"
"CURVE 1","0.08307065571994487","33.81089741427799","19.87626893792379","0.03265892961131993","0.12039913682795282","66.05209653825709","1","1.0","1.0","1.0"
"CURVE 1","0.08307065571994487","33.81089741427799","19.87626893792379","0.03281590684729429","0.12038317533274788","65.27515138799366","1","1.0","1.0","1.0"
"CURVE 1","0.08307065571994487","33.81089741427799","19.87626893792379","0.03297271299124949","0.12036559771542525","64.50053899170287","1","1.0","1.0","1.0"
"CURVE 1","0.08307065571994487","33.81089741427799","19.87626893792379","0.033129336229011194","0.12034642461520523","63.72909762870613","1","1.0","1.0","1.0"
"CURVE 1","0.08307065571994487","33.81089741427799","19.87626893792379","0.03328576474640501","0.12032567667130807","62.96161695697375","1","1.0","1.0","1.0"
"CURVE 1","0.08307065571994487","33.81089741427799","19.87626893792379","0.03344198672925656","0.12030337452295407","62.19883898018805","1","1.0","1.0","1.0"
"CURVE 1","0.08307065571994487","33.81089741427799","19.87626893792379","0.033597990363391485","0.12027953880936351","61.441459196764875","1","1.0","1.0","1.0"
"CURVE 1","0.08307065571994487","33.81089741427799","19.87626893792379","0.03375376383463542","0.12025419016975668","60.690127882963964","1","1.0","1.0","1.0"
"CURVE 1","0.08307065571994487","33.81089741427799","19.87626893792379","0.033909295328813996","0.12022734924335385","59.94545143838842","1","1.0","1.0","1.0"
"CURVE 1","0.08307065571994487","33.81089741427799","19.87626893792379","0.03406457303175286","0.12019903666937529","59.207993865179866","1","1.0","1.0","1.0"
"CURVE 1","0.08307065571994487","33.81089741427799","19.87626893792379","0.03421958512927763","0.1201692730870413","58.47827829535207","1","1.0","1.0","1.0"
"CURVE 1","0.08307065571994487","33.81089741427799","19.87626893792379","0.03437431980721393","0.12013807913557213","57.756788577245864","1","1.0","1.0","1.0"
"CURVE 1","0.08307065571994487","33.81089741427799","19.87626893792379","0.034528765251387414","0.12010547545418808","57.04397090373305","1","1.0","1.0","1.0"
"CURVE 1","0.08307065571994487","33.81089741427799","19.87626893792379","0.034682909647623696","0.12007148268210946","56.340235476718334","1","1.0","1.0","1.0"
"CURVE 1","0.08307065571994487","33.81089741427799","19.87626893792379","0.03483674118174842","0.12003612145855652","55.64595818922167","1","1.0","1.0","1.0"
"CURVE 1","0.08307065571994487","33.81089741427799","19.87626893792379","0.03499024803958722","0.11999941242274953","54.96148231025628","1","0.0","0.0","0.0"
"CURVE 1","0.08307065571994487","33.81089741427799","19.87626893792379","0.03514341840696572","0.11996137621390877","54.28712017344962","1","0.0","0.0","0.0"
"CURVE 1","0.08307065571994487","33.81089741427799","19.87626893792379","0.035296240469709556","0.11992203347125457","53.62315484677377","1","0.0","0.0","0.0"
"CURVE 1","0.08307065571994487","33.81089741427799","19.87626893792379","0.035448702413644353","0.11988140483400714","52.96984181786295","1","0.0","0.0","0.0"
"CURVE 1","0.08307065571994487","33.81089741427799","19.87626893792379","0.03560079242459577","0.11983951094138681","52.32741060201515","1","0.0","0.0","0.0"
"CURVE 1","0.08307065571994487","33.81089741427799","19.87626893792379","0.03575249868838941","0.11979637243261382","51.696066383183506","1","0.0","0.0","0.0"
"CURVE 1","0.08307065571994487","33.81089741427799","19.87626893792379","0.035903809390850916","0.1197520099469085","51.07599157623785","1","0.0","0.0","0.0"
"CURVE 1","0.08307065571994487","33.81089741427799","19.87626893792379","0.03605471271780593","0.11970644412349112","50.467347379809304","1","0.0","0.0","0.0"
"CURVE 1","0.08307065571994487","33.81089741427799","19.87626893792379","0.036205196855080064","0.11965969560158192","49.870275286269234","1","0.0","0.0","0.0"
"CURVE 1","0.08307065571994487","33.81089741427799","19.87626893792379","0.03635524998849897","0.11961178502040122","49.28489853130936","1","0.0","0.0","0.0"
"CURVE 1","0.08307065571994487","33.81089741427799","19.87626893792379","0.036504860303888276","0.1195627330191693","48.711323543600535","1","0.0","0.0","0.0"
"CURVE 1","0.08307065571994487","33.81089741427799","19.87626893792379","0.0366540159870736","0.1195125602371064","48.14964129659275","1","0.0","0.0","0.0"
"CURVE 1","0.08307065571994487","33.81089741427799","19.87626893792379","0.03680270522388059","0.11946128731343282","47.59992866436392","1","0.0","0.0","0.0"
"CURVE 1","0.08307065571994487","33.81089741427799","19.87626893792379","0.03695091620013489","0.11940893488736887","47.062249700966596","1","0.0","0.0","0.0"
"CURVE 1","0.08307065571994487","33.81089741427799","19.87626893792379","0.03709863710166209","0.1193555235981348","46.536656899844864","1","0.0","0.0","0.0"
"CURVE 1","0.08307065571994487","33.81089741427799","19.87626893792379","0.03724585611428787","0.11930107408495091","46.023192379505254","1","0.0","0.0","0.0"
"CURVE 1","0.08307065571994487","33.81089741427799","19.87626893792379","0.03739256142383783","0.11924560698703747","45.52188905951393","1","0.0","0.0","0.0"
"CURVE 1","0.08307065571994487","33.81089741427799","19.87626893792379","0.03753874121613762","0.11918914294361474","45.0327717750563","1","0.0","0.0","0.0"
"CURVE 1","0.08307065571994487","33.81089741427799","19.87626893792379","0.03768438367701288","0.11913170259390302","44.55585835474967","1","0.0","0.0","0.0"
"CURVE 1","0.08307065571994487","33.81089741427799","19.87626893792379","0.03782947699228922","0.11907330657712259","44.09116065847869","1","0.0","0.0","0.0"
"CURVE 1","0.08307065571994487","33.81089741427799","19.87626893792379","0.037974009347792284","0.11901397553249377","43.63868558613063","1","0.0","0.0","0.0"
"CURVE 1","0.08307065571994487","33.81089741427799","19.87626893792379","0.038117968929347705","0.11895373009923677","43.19843604537108","1","0.0","0.0","0.0"
"CURVE 1","0.08307065571994487","33.81089741427799","19.87626893792379","0.03826134392278111","0.11889259091657191","42.770411896369055","1","0.0","0.0","0.0"
"CURVE 1","0.08307065571994487","33.81089741427799","19.87626893792379","0.03840412251391814","0.11883057862371944","42.35461083709149","1","0.0","0.0","0.0"
"CURVE 1","0.08307065571994487","33.81089741427799","19.87626893792379","0.03854629288858442","0.11876771385989969","41.95102930014172","1","0.0","0.0","0.0"
"CURVE 1","0.08307065571994487","33.81089741427799","19.87626893792379","0.03868784323260559","0.11870401726433291","41.559663313183805","1","0.0","0.0","0.0"
"CURVE 1","0.08307065571994487","33.81089741427799","19.87626893792379","0.03882876173180727","0.11863950947623939","41.18050932137445","1","0.0","0.0","0.0"
"CURVE 1","0.08307065571994487","33.81089741427799","19.87626893792379","0.0389690365720151","0.11857421113483939","40.8135649870636","1","0.0","0.0","0.0"
"CURVE 1","0.08307065571994487","33.81089741427799","19.87626893792379","0.03910865593905472","0.11850814287935321","40.45883001265041","1","0.0","0.0","0.0"
"CURVE 1","0.08307065571994487","33.81089741427799","19.87626893792379","0.03924760801875175","0.11844132534900115","40.116306906289424","1","0.0","0.0","0.0"
"CURVE 1","0.08307065571994487","33.81089741427799","19.87626893792379","0.03938588099693185","0.11837377918300343","39.78600176170175","1","0.0","0.0","0.0"
"CURVE 1","0.08307065571994487","33.81089741427799","19.87626893792379","0.03952346305942061","0.11830552502058038","39.4679250166864","1","0.0","0.0","0.0"
"CURVE 1","0.08307065571994487","33.81089741427799","19.87626893792379","0.03966034239204369","0.11823658350095226","39.16209221449291","1","0.0","0.0","0.0"
"CURVE 1","0.08307065571994487","33.81089741427799","19.87626893792379","0.03979650718062672","0.11816697526333936","38.86852478123258","1","0.0","0.0","0.0"
"CURVE 1","0.08307065571994487","33.81089741427799","19.87626893792379","0.03993194561099532","0.11809672094696196","38.58725076022739","1","0.0","0.0","0.0"
"CURVE 1","0.08307065571994487","33.81089741427799","19.87626893792379","0.04006664586897514","0.11802584119104034","38.31830561379999","1","0.0","0.0","0.0"
"CURVE 1","0.08307065571994487","33.81089741427799","19.87626893792379","0.040200596140391794","0.11795435663479477","38.061732987544545","1","0.0","0.0","0.0"
"CURVE 1","0.08307065571994487","33.81089741427799","19.87626893792379","0.040333784611070934","0.11788228791744552","37.81758550970724","1","0.0","0.0","0.0"
"CURVE 1","0.08307065571994487","33.81089741427799","19.87626893792379","0.04046619946683818","0.11780965567821292","37.585925608167564","1","0.0","0.0","0.0"
"CURVE 1","0.08307065571994487","33.81089741427799","19.87626893792379","0.04059782889351916","0.1177364805563172","37.36682635522687","1","0.0","0.0","0.0"
"CURVE 1","0.08307065571994487","33.81089741427799","19.87626893792379","0.04072866107693952","0.11766278319097867","37.16037233446342","1","0.0","0.0","0.0"
"CURVE 1","0.08307065571994487","33.81089741427799","19.87626893792379","0.040858684202924885","0.11758858422141762","36.96666053919158","1","0.0","0.0","0.0"
"CURVE 1","0.08307065571994487","33.81089741427799","19.87626893792379","0.0409878864573009","0.11751390428685429","36.78580132074505","1","0.0","0.0","0.0"
"CURVE 1","0.08307065571994487","33.81089741427799","19.87626893792379","0.04111625602589318","0.11743876402650898","36.61791937386946","1","0.0","0.0","0.0"
"CURVE 1","0.08307065571994487","33.81089741427799","19.87626893792379","0.041243781094527365","0.11736318407960199","36.463154763204095","1","0.0","0.0","0.0"
"CURVE 1","0.08307065571994487","33.81089741427799","19.87626893792379","0.041370453051666714","0.11728718249952022","36.470055691256995","1","0.0","0.0","0.0"
"CURVE 1","0.08307065571994487","33.81089741427799","19.87626893792379","0.04149627609632502","0.11721076699631723","36.46887028104541","1","0.0","0.0","0.0"
"CURVE 1","0.08307065571994487","33.81089741427799","19.87626893792379","0.04162125763015368","0.11713394269421323","36.45954358104164","1","0.0","0.0","0.0"
"CURVE 1","0.08307065571994487","33.81089741427799","19.87626893792379","0.04174540505480411","0.11705671471742847","36.44202575936774","1","0.0","0.0","0.0"
"CURVE 1","0.08307065571994487","33.81089741427799","19.87626893792379","0.04186872577192771","0.1169790881901831","36.4162721240776","1","0.0","0.0","0.0"
"CURVE 1","0.08307065571994487","33.81089741427799","19.87626893792379","0.041991227183175925","0.11690106823669737","36.38224312372226","1","0.0","0.0","0.0"
"CURVE 1","0.08307065571994487","33.81089741427799","19.87626893792379","0.04211291669020013","0.11682265998119144","36.339904360886656","1","0.0","0.0","0.0"
"CURVE 1","0.08307065571994487","33.81089741427799","19.87626893792379","0.04223380169465175","0.11674386854788557","36.28922655777257","1","0.0","0.0","0.0"
"CURVE 1","0.08307065571994487","33.81089741427799","19.87626893792379","0.04235388959818218","0.11666469906099994","36.230185563308375","1","0.0","0.0","0.0"
"CURVE 1","0.08307065571994487","33.81089741427799","19.87626893792379","0.042473187802442865","0.11658515664475473","36.16276229952616","1","0.0","0.0","0.0"
"CURVE 1","0.08307065571994487","33.81089741427799","19.87626893792379","0.042591703709085195","0.1165052464233702","36.0869427253737","1","0.0","0.0","0.0"
"CURVE 1","0.08307065571994487","33.81089741427799","19.87626893792379","0.04270944471976057","0.11642497352106655","36.00271780829208","1","0.0","0.0","0.0"
"CURVE 1","0.08307065571994487","33.81089741427799","19.87626893792379","0.04282641823612042","0.11634434306206397","35.910083425777614","1","0.0","0.0","0.0"
"CURVE 1","0.08307065571994487","33.81089741427799","19.87626893792379","0.04294263165981615","0.11626336017058264","35.80904032520136","1","0.0","0.0","0.0"
"CURVE 1","0.08307065571994487","33.81089741427799","19.87626893792379","0.04305809239249917","0.11618202997084282","35.69959405180692","1","0.0","0.0","0.0"
"CURVE 1","0.08307065571994487","33.81089741427799","19.87626893792379","0.04317280783582089","0.11610035758706468","35.58175484190538","1","0.0","0.0","0.0"
"CURVE 1","0.08307065571994487","33.81089741427799","19.87626893792379","0.04328678539143272","0.11601834814346845","35.45553754367213","1","0.0","0.0","0.0"
"CURVE 1","0.08307065571994487","33.81089741427799","19.87626893792379","0.04340003246098608","0.11593600676427435","35.32096151282768","1","0.0","0.0","0.0"
"CURVE 1","0.08307065571994487","33.81089741427799","19.87626893792379","0.043512556446132375","0.11585333857370253","35.178050507367374","1","0.0","0.0","0.0"
"CURVE 1","0.08307065571994487","33.81089741427799","19.87626893792379","0.043624364748523006","0.11577034869597326","35.026832565406124","1","0.0","0.0","0.0"
"CURVE 1","0.08307065571994487","33.81089741427799","19.87626893792379","0.0437354647698094","0.11568704225530671","34.86733988927636","1","0.0","0.0","0.0"
"CURVE 1","0.08307065571994487","33.81089741427799","19.87626893792379","0.04384586391164296","0.11560342437592311","34.69960871551865","1","0.0","0.0","0.0"
"CURVE 1","0.08307065571994487","33.81089741427799","19.87626893792379","0.0439555695756751","0.11551950018204267","34.52367918053171","1","0.0","0.0","0.0"
"CURVE 1","0.08307065571994487","33.81089741427799","19.87626893792379","0.04406458916355722","0.11543527479788557","34.33959519126282","1","1.0","1.0","1.0"
"CURVE 1","0.08307065571994487","33.81089741427799","19.87626893792379","0.04417293007694074","0.11535075334767204","34.147404254010354","1","1.0","1.0","1.0"
"CURVE 1","0.08307065571994487","33.81089741427799","19.87626893792379","0.044280599717477075","0.11526594095562229","33.94715735372777","1","1.0","1.0","1.0"
"CURVE 1","0.08307065571994487","33.81089741427799","19.87626893792379","0.044387605486817625","0.11518084274595651","33.73890879398011","1","1.0","1.0","1.0"
"CURVE 1","0.08307065571994487","33.81089741427799","19.87626893792379","0.04449395478661381","0.1150954638428949","33.52271603276664","1","1.0","1.0","1.0"
"CURVE 1","0.08307065571994487","33.81089741427799","19.87626893792379","0.044599655018517044","0.1150098093706577","33.29863952857389","1","1.0","1.0","1.0"
"CURVE 1","0.08307065571994487","33.81089741427799","19.87626893792379","0.04470471358417872","0.11492388445346509","33.066742585855955","1","0.0","0.0","0.0"
"CURVE 1","0.08307065571994487","33.81089741427799","19.87626893792379","0.04480913788525026","0.11483769421553731","32.82709116891918","1","0.0","0.0","0.0"
"CURVE 1","0.08307065571994487","33.81089741427799","19.87626893792379","0.044912935323383085","0.11475124378109454","32.57975376062475","1","0.0","0.0","0.0"
"CURVE 1","0.08307065571994487","33.81089741427799","19.87626893792379","0.045016113300228595","0.11466453827435698","32.32480118414796","1","0.0","0.0","0.0"
"CURVE 1","0.08307065571994487","33.81089741427799","19.87626893792379","0.0451186792174382","0.11457758281954487","32.06230643107206","1","0.0","0.0","0.0"
"CURVE 1","0.08307065571994487","33.81089741427799","19.87626893792379","0.04522064047666331","0.11449038254087839","31.792344501155213","1","0.0","0.0","0.0"
"CURVE 1","0.08307065571994487","33.81089741427799","19.87626893792379","0.045322004479555346","0.11440294256257776","31.514992218779735","1","0.0","0.0","0.0"
"CURVE 1","0.08307065571994487","33.81089741427799","19.87626893792379","0.04542277862776571","0.11431526800886317","31.23032808877941","1","0.0","0.0","0.0"
"CURVE 1","0.08307065571994487","33.81089741427799","19.87626893792379","0.04552297032294582","0.11422736400395485","30.938432117696166","1","0.0","0.0","0.0"
"CURVE 1","0.08307065571994487","33.81089741427799","19.87626893792379","0.04562258696674708","0.114139235672073","30.63938562441021","1","0.0","0.0","0.0"
"CURVE 1","0.08307065571994487","33.81089741427799","19.87626893792379","0.0457216359608209","0.11405088813743783","30.33327111477215","1","0.0","0.0","0.0"
"CURVE 1","0.08307065571994487","33.81089741427799","19.87626893792379","0.04582012470681869","0.11396232652426955","30.020172088680326","1","0.0","0.0","0.0"
"CURVE 1","0.08307065571994487","33.81089741427799","19.87626893792379","0.04591806060639188","0.11387355595678834","29.70017289560137","1","0.0","0.0","0.0"
"CURVE 1","0.08307065571994487","33.81089741427799","19.87626893792379","0.04601545106119184","0.11378458155921445","29.373358568702745","1","0.0","0.0","0.0"
"CURVE 1","0.08307065571994487","33.81089741427799","19.87626893792379","0.04611230347287003","0.11369540845576805","29.03981466860847","1","0.0","0.0","0.0"
"CURVE 1","0.08307065571994487","33.81089741427799","19.87626893792379","0.04620862524307782","0.11360604177066938","28.69962713859563","1","0.0","0.0","0.0"
"CURVE 1","0.08307065571994487","33.81089741427799","19.87626893792379","0.04630442377346665","0.11351648662813862","28.352882146511956","1","0.0","0.0","0.0"
"CURVE 1","0.08307065571994487","33.81089741427799","19.87626893792379","0.04639970646568791","0.11342674815239599","27.999665944177647","1","0.0","0.0","0.0"
"CURVE 1","0.08307065571994487","33.81089741427799","19.87626893792379","0.04649448072139303","0.11333683146766171","27.640064727015176","1","0.0","0.0","0.0"
"CURVE 1","0.08307065571994487","33.81089741427799","19.87626893792379","0.04658875394223341","0.11324674169815598","27.274164492793712","1","0.0","0.0","0.0"
"CURVE 1","0.08307065571994487","33.81089741427799","19.87626893792379","0.046682533529860466","0.11315648396809896","26.902050913024862","1","0.0","0.0","0.0"
"CURVE 1","0.08307065571994487","33.81089741427799","19.87626893792379","0.046775826885925596","0.11306606340171095","26.523809195816177","1","0.0","0.0","0.0"
"CURVE 1","0.08307065571994487","33.81089741427799","19.87626893792379","0.04686864141208023","0.11297548512321208","26.13952398744246","1","0.0","0.0","0.0"
"CURVE 1","0.08307065571994487","33.81089741427799","19.87626893792379","0.04696098450997576","0.11288475425682261","25.749279209493658","1","0.0","0.0","0.0"
"CURVE 1","0.08307065571994487","33.81089741427799","19.87626893792379","0.0470528635812636","0.1127938759267627","25.353157980823152","1","0.0","0.0","0.0"
"CURVE 1","0.08307065571994487","33.81089741427799","19.87626893792379","0.04714428602759517","0.11270285525725258","24.951242501774217","1","0.0","0.0","0.0"
"CURVE 1","0.08307065571994487","33.81089741427799","19.87626893792379","0.047235259250621886","0.11261169737251245","24.54361394998933","1","0.0","0.0","0.0"
"CURVE 1","0.08307065571994487","33.81089741427799","19.87626893792379","0.04732579065199515","0.11252040739676254","24.13035236718811","1","0.0","0.0","0.0"
"CURVE 1","0.08307065571994487","33.81089741427799","19.87626893792379","0.04741588763336637","0.11242899045422303","23.71153658505386","1","0.0","0.0","0.0"
"CURVE 1","0.08307065571994487","33.81089741427799","19.87626893792379","0.04750555759638695","0.11233745166911413","23.28724413025092","1","0.0","0.0","0.0"
"CURVE 1","0.08307065571994487","33.81089741427799","19.87626893792379","0.04759480794270833","0.1122457961656561","22.85755115007747","1","0.0","0.0","0.0"
"CURVE 1","0.08307065571994487","33.81089741427799","19.87626893792379","0.04768364607398189","0.11215402906806907","22.422532321963327","1","0.0","0.0","0.0"
"CURVE 1","0.08307065571994487","33.81089741427799","19.87626893792379","0.04777207939185907","0.11206215550057332","21.982260784488282","1","0.0","0.0","0.0"
"CURVE 1","0.08307065571994487","33.81089741427799","19.87626893792379","0.047860115297991244","0.111970180587389","21.53680809659124","1","0.0","0.0","0.0"
"CURVE 1","0.08307065571994487","33.81089741427799","19.87626893792379","0.04794776119402985","0.11187810945273632","21.08624415968412","1","0.0","0.0","0.0"
"CURVE 1","0.08307065571994487","33.81089741427799","19.87626893792379","0.0480350244816263","0.11178594722083554","20.630637145535665","1","0.0","0.0","0.0"
"CURVE 1","0.08307065571994487","33.81089741427799","19.87626893792379","0.048121912562431986","0.11169369901590682","20.170053484642274","1","0.0","0.0","0.0"
"CURVE 1","0.08307065571994487","33.81089741427799","19.87626893792379","0.048208432838098336","0.11160136996217036","19.70455780792649","1","0.0","0.0","0.0"
"CURVE 1","0.08307065571994487","33.81089741427799","19.87626893792379","0.048294592710276744","0.11150896518384641","19.234212900443847","1","0.0","0.0","0.0"
"CURVE 1","0.08307065571994487","33.81089741427799","19.87626893792379","0.048380399580618634","0.11141648980515516","18.759079691147043","1","0.0","0.0","0.0"
"CURVE 1","0.08307065571994487","33.81089741427799","19.87626893792379","0.04846586085077542","0.11132394895031678","18.27921721364952","1","0.0","0.0","0.0"
"CURVE 1","0.08307065571994487","33.81089741427799","19.87626893792379","0.04855098392239851","0.11123134774355153","17.794682584438274","1","0.0","0.0","0.0"
"CURVE 1","0.08307065571994487","33.81089741427799","19.87626893792379","0.04863577619713931","0.1111386913090796","17.305531004578892","1","0.0","0.0","0.0"
"CURVE 1","0.08307065571994487","33.81089741427799","19.87626893792379","0.04872024507664923","0.1110459847711212","16.81181572917082","1","0.0","0.0","0.0"
"CURVE 1","0.08307065571994487","33.81089741427799","19.87626893792379","0.04880439796257969","0.11095323325389654","16.313588090179714","1","0.0","0.0","0.0"
"CURVE 1","0.08307065571994487","33.81089741427799","19.87626893792379","0.04888824225658207","0.1108604418816258","15.810897474404628","1","0.0","0.0","0.0"
"CURVE 1","0.08307065571994487","33.81089741427799","19.87626893792379","0.048971785360307836","0.11076761577852924","15.303791338129896","1","0.0","0.0","0.0"
"CURVE 1","0.08307065571994487","33.81089741427799","19.87626893792379","0.04905503467540836","0.11067476006882701","14.79231523979032","1","0.0","0.0","0.0"
"CURVE 1","0.08307065571994487","33.81089741427799","19.87626893792379","0.04913799760353506","0.11058187987673936","14.276512830251438","1","0.0","0.0","0.0"
"CURVE 1","0.08307065571994487","33.81089741427799","19.87626893792379","0.04922068154633935","0.11048898032648648","13.756425893843996","1","0.0","0.0","0.0"
"CURVE 1","0.08307065571994487","33.81089741427799","19.87626893792379","0.049303093905472634","0.11039606654228856","13.232094367323507","1","0.0","0.0","0.0"
"CURVE 1","0.08307065571994487","33.81089741427799","19.87626893792379","0.04938524208258634","0.11030314364836585","12.703556384938883","1","0.0","0.0","0.0"
"CURVE 1","0.08307065571994487","33.81089741427799","19.87626893792379","0.04946713347933186","0.11021021676893852","12.170848315730309","1","0.0","0.0","0.0"
"CURVE 1","0.08307065571994487","33.81089741427799","19.87626893792379","0.049548775497360614","0.11011729102822679","11.634004794330494","1","0.0","0.0","0.0"
"CURVE 1","0.08307065571994487","33.81089741427799","19.87626893792379","0.04963017553832401","0.11002437155045089","11.093058782714072","1","0.0","0.0","0.0"
"CURVE 1","0.08307065571994487","33.81089741427799","19.87626893792379","0.049711341003873456","0.10993146345983099","10.548041622711608","1","0.0","0.0","0.0"
"CURVE 1","0.08307065571994487","33.81089741427799","19.87626893792379","0.04979227929566037","0.1098385718805873","9.998983108692652","1","0.0","0.0","0.0"
"CURVE 1","0.08307065571994487","33.81089741427799","19.87626893792379","0.04987299781533616","0.10974570193694007","9.445911515689","1","0.0","0.0","0.0"
"CURVE 1","0.08307065571994487","33.81089741427799","19.87626893792379","0.04995350396455224","0.10965285875310946","8.888853703462624","1","0.0","0.0","0.0"
"CURVE 1","0.08307065571994487","33.81089741427799","19.87626893792379","0.05003380514496002","0.10956004745331571","8.327835185709406","1","0.0","0.0","0.0"
"CURVE 1","0.08307065571994487","33.81089741427799","19.87626893792379","0.050113908758210896","0.109467273161779","7.762880181018507","1","0.0","0.0","0.0"
"CURVE 1","0.08307065571994487","33.81089741427799","19.87626893792379","0.0501938222059563","0.10937454100271955","7.194011748688321","1","0.0","0.0","0.0"
"CURVE 1","0.08307065571994487","33.81089741427799","19.87626893792379","0.05027355288984764","0.1092818561003576","6.621251817241724","1","0.0","0.0","0.0"
"CURVE 1","0.08307065571994487","33.81089741427799","19.87626893792379","0.05035310821153631","0.10918922357891331","6.044621331332685","1","0.0","0.0","0.0"
"CURVE 1","0.08307065571994487","33.81089741427799","19.87626893792379","0.05043249557267374","0.1090966485626069","5.4641403233434644","1","0.0","0.0","0.0"
"CURVE 1","0.08307065571994487","33.81089741427799","19.87626893792379","0.05051172237491134","0.10900413617565857","4.879828009011544","1","0.0","0.0","0.0"
"CURVE 1","0.08307065571994487","33.81089741427799","19.87626893792379","0.050590796019900505","0.10891169154228857","4.291702923158466","1","0.0","0.0","0.0"
"CURVE 1","0.08307065571994487","33.81089741427799","19.87626893792379","0.050669723909292655","0.10881931978671708","3.6997830081837026","1","0.0","0.0","0.0"
"CURVE 1","0.08307065571994487","33.81089741427799","19.87626893792379","0.050748513444739206","0.10872702603316428","3.104085745961215","1","0.0","0.0","0.0"
"CURVE 1","0.08307065571994487","33.81089741427799","19.87626893792379","0.05082717202789156","0.1086348154058504","2.5046282766195898","1","0.0","0.0","0.0"
"CURVE 1","0.08307065571994487","33.81089741427799","19.87626893792379","0.05090570706040113","0.10854269302899568","1.9014275315715872","1","0.0","0.0","0.0"
"CURVE 1","0.08307065571994487","33.81089741427799","19.87626893792379","0.05098412594391932","0.10845066402682027","1.2945003494556995","1","0.0","0.0","0.0"
"CURVE 1","0.08307065571994487","33.81089741427799","19.87626893792379","0.05106243608009757","0.10835873352354441","0.6838636322825679","1","0.0","0.0","0.0"
"CURVE 1","0.08307065571994487","33.81089741427799","19.87626893792379","0.05114064487058727","0.10826690664338831","0.06953447947520959","1","0.0","0.0","0.0"
"CURVE 1","0.08307065571994487","33.81089741427799","19.87626893792379","0.05121875971703981","0.10817518851057216","0.5484696568539381","-1","0.0","0.0","0.0"
"CURVE 1","0.08307065571994487","33.81089741427799","19.87626893792379","0.05129678802110663","0.10808358424931618","1.1701308418361236","-1","0.0","0.0","0.0"
"CURVE 1","0.08307065571994487","33.81089741427799","19.87626893792379","0.05137473718443914","0.10799209898384057","1.7954304693213667","-1","0.0","0.0","0.0"
"CURVE 1","0.08307065571994487","33.81089741427799","19.87626893792379","0.051452614608688746","0.10790073783836555","2.4243491328323947","-1","0.0","0.0","0.0"
"CURVE 1","0.08307065571994487","33.81089741427799","19.87626893792379","0.05153042769550684","0.10780950593711135","3.0568664253127267","-1","0.0","0.0","0.0"
"CURVE 1","0.08307065571994487","33.81089741427799","19.87626893792379","0.051608183846544864","0.10771840840429811","3.6929608033818755","-1","0.0","0.0","0.0"
"CURVE 1","0.08307065571994487","33.81089741427799","19.87626893792379","0.05168589046345422","0.10762745036414609","4.332609382925929","-1","0.0","0.0","0.0"
"CURVE 1","0.08307065571994487","33.81089741427799","19.87626893792379","0.05176355494788631","0.10753663694087547","4.975787773111242","-1","0.0","0.0","0.0"
"CURVE 1","0.08307065571994487","33.81089741427799","19.87626893792379","0.05184118470149254","0.10744597325870649","5.622469880753281","-1","0.0","0.0","0.0"
"CURVE 1","0.08307065571994487","33.81089741427799","19.87626893792379","0.05191878712592434","0.10735546444185931","6.2726277330628495","-1","0.0","0.0","0.0"
"CURVE 1","0.08307065571994487","33.81089741427799","19.87626893792379","0.051996369622833105","0.1072651156145542","6.926231269468915","-1","0.0","0.0","0.0"
"CURVE 1","0.08307065571994487","33.81089741427799","19.87626893792379","0.05207393959387026","0.1071749319010113","7.583248149951068","-1","0.0","0.0","0.0"
"CURVE 1","0.08307065571994487","33.81089741427799","19.87626893792379","0.052151504440687196","0.10708491842545087","8.243643564443115","-1","0.0","0.0","0.0"
"CURVE 1","0.08307065571994487","33.81089741427799","19.87626893792379","0.05222907156493534","0.1069950803120931","8.90737998142661","-1","0.0","0.0","0.0"
"CURVE 1","0.08307065571994487","33.81089741427799","19.87626893792379","0.0523066483682661","0.1069054226851582","9.574416991692658","-1","0.0","0.0","0.0"
"CURVE 1","0.08307065571994487","33.81089741427799","19.87626893792379","0.05238424225233089","0.10681595066886637","10.244711047970169","-1","0.0","0.0","0.0"
"CURVE 1","0.08307065571994487","33.81089741427799","19.87626893792379","0.0524618606187811","0.10672666938743781","10.918215278096593","-1","0.0","0.0","0.0"
"CURVE 1","0.08307065571994487","33.81089741427799","19.87626893792379","0.05253951086926817","0.10663758396509275","11.59487923490981","-1","0.0","0.0","0.0"
"CURVE 1","0.08307065571994487","33.81089741427799","19.87626893792379","0.052617200405443494","0.10654869952605138","12.274648660531735","-1","0.0","0.0","0.0"
"CURVE 1","0.08307065571994487","33.81089741427799","19.87626893792379","0.05269493662895848","0.1064600211945339","12.957465314779094","-1","0.0","0.0","0.0"
"CURVE 1","0.08307065571994487","33.81089741427799","19.87626893792379","0.05277272694146456","0.10637155409476057","13.64326668135236","-1","0.0","0.0","0.0"
"CURVE 1","0.08307065571994487","33.81089741427799","19.87626893792379","0.052850578744613116","0.10628330335095154","14.331985749124945","-1","0.0","0.0","0.0"
"CURVE 1","0.08307065571994487","33.81089741427799","19.87626893792379","0.052928499440055586","0.10619527408732705","15.023550766728658","-1","0.0","0.0","0.0"
"CURVE 1","0.08307065571994487","33.81089741427799","19.87626893792379","0.05300649642944336","0.10610747142810727","15.717885033605599","-1","0.0","0.0","0.0"
"CURVE 1","0.08307065571994487","33.81089741427799","19.87626893792379","0.053084577114427864","0.10601990049751243","16.414906629660234","-1","0.0","0.0","0.0"
"CURVE 1","0.08307065571994487","33.81089741427799","19.87626893792379","0.05316274742581952","0.10593256568434226","16.42119770492082","-1","0.0","0.0","0.0"
"CURVE 1","0.08307065571994487","33.81089741427799","19.87626893792379","0.0532410074110648","0.10584546843571448","16.428120235626672","-1","0.0","0.0","0.0"
"CURVE 1","0.08307065571994487","33.81089741427799","19.87626893792379","0.05331935564676921","0.10575860946332637","16.43567869263824","-1","0.0","0.0","0.0"
"CURVE 1","0.08307065571994487","33.81089741427799","19.87626893792379","0.05339779070953825","0.10567198947887517","16.443877632004146","-1","0.0","0.0","0.0"
"CURVE 1","0.08307065571994487","33.81089741427799","19.87626893792379","0.05347631117597742","0.1055856091940581","16.452721713833537","-1","0.0","0.0","0.0"
"CURVE 1","0.08307065571994487","33.81089741427799","19.87626893792379","0.0535549156226922","0.10549946932057244","16.462215694708924","-1","0.0","0.0","0.0"
"CURVE 1","0.08307065571994487","33.81089741427799","19.87626893792379","0.053633602626288114","0.10541357057011544","16.472364418734273","-1","0.0","0.0","0.0"
"CURVE 1","0.08307065571994487","33.81089741427799","19.87626893792379","0.053712370763370654","0.10532791365438433","16.483172851145937","-1","0.0","0.0","0.0"
"CURVE 1","0.08307065571994487","33.81089741427799","19.87626893792379","0.053791218610545304","0.1052424992850764","16.494646039490092","-1","0.0","0.0","0.0"
"CURVE 1","0.08307065571994487","33.81089741427799","19.87626893792379","0.05387014474441757","0.10515732817388886","16.50678914552236","-1","0.0","0.0","0.0"
"CURVE 1","0.08307065571994487","33.81089741427799","19.87626893792379","0.05394914774159296","0.10507240103251898","16.51960743798364","-1","0.0","0.0","0.0"
"CURVE 1","0.08307065571994487","33.81089741427799","19.87626893792379","0.05402822617867693","0.10498771857266402","16.53310629395526","-1","0.0","0.0","0.0"
"CURVE 1","0.08307065571994487","33.81089741427799","19.87626893792379","0.05410737863227503","0.10490328150602121","16.547291199345942","-1","0.0","0.0","0.0"
"CURVE 1","0.08307065571994487","33.81089741427799","19.87626893792379","0.05418660367899274","0.10481909054428784","16.562167751090534","-1","0.0","0.0","0.0"
"CURVE 1","0.08307065571994487","33.81089741427799","19.87626893792379","0.05426589989543555","0.10473514639916111","16.57774166644904","-1","0.0","0.0","0.0"
"CURVE 1","0.08307065571994487","33.81089741427799","19.87626893792379","0.05434526585820896","0.10465144978233831","16.594018775670943","-1","0.0","0.0","0.0"
"CURVE 1","0.08307065571994487","33.81089741427799","19.87626893792379","0.054424700143918474","0.10456800140551667","16.611005024921077","-1","0.0","0.0","0.0"
"CURVE 1","0.08307065571994487","33.81089741427799","19.87626893792379","0.05450420132916959","0.10448480198039344","16.62870649719204","-1","0.0","0.0","0.0"
"CURVE 1","0.08307065571994487","33.81089741427799","19.87626893792379","0.0545837679905678","0.10440185221866588","16.647129377739592","-1","0.0","0.0","0.0"
"CURVE 1","0.08307065571994487","33.81089741427799","19.87626893792379","0.054663398704718605","0.10431915283203125","16.666279991734783","-1","0.0","0.0","0.0"
"CURVE 1","0.08307065571994487","33.81089741427799","19.87626893792379","0.0547430920482275","0.10423670453218678","16.68616479024758","-1","0.0","0.0","0.0"
"CURVE 1","0.08307065571994487","33.81089741427799","19.87626893792379","0.05482284659769998","0.10415450803082973","16.70679035139813","-1","0.0","0.0","0.0"
"CURVE 1","0.08307065571994487","33.81089741427799","19.87626893792379","0.05490266092974156","0.10407256403965735","16.728163390526614","-1","0.0","0.0","0.0"
"CURVE 1","0.08307065571994487","33.81089741427799","19.87626893792379","0.054982533620957716","0.10399087327036691","16.750290769394983","-1","0.0","0.0","0.0"
"CURVE 1","0.08307065571994487","33.81089741427799","19.87626893792379","0.055062463247953955","0.10390943643465562","16.77317946132003","-1","0.0","0.0","0.0"
"CURVE 1","0.08307065571994487","33.81089741427799","19.87626893792379","0.05514244838733579","0.10382825424422078","16.796836611829526","-1","0.0","0.0","0.0"
"CURVE 1","0.08307065571994487","33.81089741427799","19.87626893792379","0.0552224876157087","0.10374732741075961","16.82126948990183","-1","0.0","0.0","0.0"
"CURVE 1","0.08307065571994487","33.81089741427799","19.87626893792379","0.055302579509678186","0.10366665664596937","16.846485512525607","-1","0.0","0.0","0.0"
"CURVE 1","0.08307065571994487","33.81089741427799","19.87626893792379","0.05538272264584974","0.1035862426615473","16.872492253451185","-1","0.0","0.0","0.0"
"CURVE 1","0.08307065571994487","33.81089741427799","19.87626893792379","0.05546291560082887","0.10350608616919067","16.89929745143057","-1","0.0","0.0","0.0"
"CURVE 1","0.08307065571994487","33.81089741427799","19.87626893792379","0.05554315695122107","0.1034261878805967","16.926908970512876","-1","0.0","0.0","0.0"
"CURVE 1","0.08307065571994487","33.81089741427799","19.87626893792379","0.05562344527363185","0.10334654850746268","16.95533485902069","-1","0.0","0.0","0.0"
"CURVE 1","0.08307065571994487","33.81089741427799","19.87626893792379","0.05570377914466668","0.10326716876148584","16.98458331384218","-1","0.0","0.0","0.0"
"CURVE 1","0.08307065571994487","33.81089741427799","19.87626893792379","0.055784157140931094","0.10318804935436342","17.014662697985866","-1","0.0","0.0","0.0"
"CURVE 1","0.08307065571994487","33.81089741427799","19.87626893792379","0.05586457783903056","0.1031091909977927","17.045581555480485","-1","0.0","0.0","0.0"
"CURVE 1","0.08307065571994487","33.81089741427799","19.87626893792379","0.055945039815570585","0.10303059440347091","17.07734858008686","-1","0.0","0.0","0.0"
"CURVE 1","0.08307065571994487","33.81089741427799","19.87626893792379","0.056025541647156674","0.10295226028309533","17.109972660753883","-1","0.0","0.0","0.0"
"CURVE 1","0.08307065571994487","33.81089741427799","19.87626893792379","0.05610608191039432","0.10287418934836316","17.143462856045502","-1","0.0","0.0","0.0"
"CURVE 1","0.08307065571994487","33.81089741427799","19.87626893792379","0.056186659181889025","0.1027963823109717","17.17782840541784","-1","0.0","0.0","0.0"
"CURVE 1","0.08307065571994487","33.81089741427799","19.87626893792379","0.05626727203824627","0.10271883988261815","17.213078740474238","-1","0.0","0.0","0.0"
"CURVE 1","0.08307065571994487","33.81089741427799","19.87626893792379","0.05634791905607157","0.10264156277499982","17.24922347206737","-1","0.0","0.0","0.0"
"CURVE 1","0.08307065571994487","33.81089741427799","19.87626893792379","0.05642859881197042","0.1025645516998139","17.28627241267086","-1","0.0","0.0","0.0"
"CURVE 1","0.08307065571994487","33.81089741427799","19.87626893792379","0.05650930988254832","0.1024878073687577","17.3242355669946","-1","0.0","0.0","0.0"
"CURVE 1","0.08307065571994487","33.81089741427799","19.87626893792379","0.05659005084441075","0.10241133049352845","17.363123153085247","-1","0.0","0.0","0.0"
"CURVE 1","0.08307065571994487","33.81089741427799","19.87626893792379","0.05667082027416324","0.1023351217858234","17.402945571859657","-1","0.0","0.0","0.0"
"CURVE 1","0.08307065571994487","33.81089741427799","19.87626893792379","0.05675161674841126","0.10225918195733977","17.443713452329376","-1","0.0","0.0","0.0"
"CURVE 1","0.08307065571994487","33.81089741427799","19.87626893792379","0.056832438843760325","0.10218351171977484","17.48543762709842","-1","0.0","0.0","0.0"
"CURVE 1","0.08307065571994487","33.81089741427799","19.87626893792379","0.056913285136815914","0.10210811178482587","17.528129156859464","-1","0.0","0.0","0.0"
"CURVE 1","0.08307065571994487","33.81089741427799","19.87626893792379","0.05699415420418354","0.10203298286419009","17.57179931506148","-1","0.0","0.0","0.0"
"CURVE 1","0.08307065571994487","33.81089741427799","19.87626893792379","0.057075044622468714","0.10195812566956476","17.616459601519992","-1","0.0","0.0","0.0"
"CURVE 1","0.08307065571994487","33.81089741427799","19.87626893792379","0.057155954968276905","0.10188354091264713","17.662121760916396","-1","0.0","0.0","0.0"
"CURVE 1","0.08307065571994487","33.81089741427799","19.87626893792379","0.057236883818213624","0.10180922930513447","17.70879775409839","-1","0.0","0.0","0.0"
"CURVE 1","0.08307065571994487","33.81089741427799","19.87626893792379","0.057317829748884365","0.10173519155872401","17.756499809873162","-1","0.0","0.0","0.0"
"CURVE 1","0.08307065571994487","33.81089741427799","19.87626893792379","0.05739879133689463","0.101661428385113","17.805240371710774","-1","0.0","0.0","0.0"
"CURVE 1","0.08307065571994487","33.81089741427799","19.87626893792379","0.05747976715884991","0.10158794049599869","17.85503215740604","-1","0.0","0.0","0.0"
"CURVE 1","0.08307065571994487","33.81089741427799","19.87626893792379","0.057560755791355715","0.10151472860307835","17.905888147804138","-1","0.0","0.0","0.0"
"CURVE 1","0.08307065571994487","33.81089741427799","19.87626893792379","0.05764175581101755","0.10144179341804924","17.95782155763324","-1","0.0","0.0","0.0"
"CURVE 1","0.08307065571994487","33.81089741427799","19.87626893792379","0.05772276579444088","0.10136913565260855","18.01084589958097","-1","0.0","0.0","0.0"
"CURVE 1","0.08307065571994487","33.81089741427799","19.87626893792379","0.05780378431823124","0.10129675601845356","18.064974940389263","-1","0.0","0.0","0.0"
"CURVE 1","0.08307065571994487","33.81089741427799","19.87626893792379","0.0578848099589941","0.10122465522728158","18.120222718860038","-1","0.0","0.0","0.0"
"CURVE 1","0.08307065571994487","33.81089741427799","19.87626893792379","0.057965841293334965","0.10115283399078977","18.176603586985614","-1","0.0","0.0","0.0"
"CURVE 1","0.08307065571994487","33.81089741427799","19.87626893792379","0.05804687689785933","0.10108129302067544","18.234132174871657","-1","0.0","0.0","0.0"
"CURVE 1","0.08307065571994487","33.81089741427799","19.87626893792379","0.058127915349172714","0.10101003302863582","18.29282339651594","-1","0.0","0.0","0.0"
"CURVE 1","0.08307065571994487","33.81089741427799","19.87626893792379","0.058208955223880594","0.10093905472636816","18.352692495660808","-1","0.0","0.0","0.0"
"CURVE 1","0.08307065571994487","33.81089741427799","19.87626893792379","0.05828999509858848","0.10086835882556971","18.41375499773397","-1","0.0","0.0","0.0"
"CURVE 1","0.08307065571994487","33.81089741427799","19.87626893792379","0.05837103354990186","0.10079794603793775","18.476026773999262","-1","0.0","0.0","0.0"
"CURVE 1","0.08307065571994487","33.81089741427799","19.87626893792379","0.05845206915442624","0.10072781707516949","18.539523991065998","-1","0.0","0.0","0.0"
"CURVE 1","0.08307065571994487","33.81089741427799","19.87626893792379","0.05853310048876711","0.10065797264896222","18.604263171762817","-1","0.0","0.0","0.0"
"CURVE 1","0.08307065571994487","33.81089741427799","19.87626893792379","0.058614126129529966","0.10058841347101316","18.670261167625846","-1","0.0","0.0","0.0"
"CURVE 1","0.08307065571994487","33.81089741427799","19.87626893792379","0.05869514465332031","0.10051914025301956","18.73753515845357","-1","0.0","0.0","0.0"
"CURVE 1","0.08307065571994487","33.81089741427799","19.87626893792379","0.05877615463674365","0.10045015370667869","18.806102707983996","-1","0.0","0.0","0.0"
"CURVE 1","0.08307065571994487","33.81089741427799","19.87626893792379","0.05885715465640547","0.1003814545436878","18.87598172552319","-1","0.0","0.0","0.0"
"CURVE 1","0.08307065571994487","33.81089741427799","19.87626893792379","0.058938143288911275","0.10031304347574414","18.94719048242563","-1","0.0","0.0","0.0"
"CURVE 1","0.08307065571994487","33.81089741427799","19.87626893792379","0.05901911911086656","0.10024492121454495","19.01974764511681","-1","0.0","0.0","0.0"
"CURVE 1","0.08307065571994487","33.81089741427799","19.87626893792379","0.059100080698876824","0.10017708847178747","19.093672247844243","-1","0.0","0.0","0.0"
"CURVE 1","0.08307065571994487","33.81089741427799","19.87626893792379","0.05918102662954758","0.10010954595916899","19.16898371613571","-1","0.0","0.0","0.0"
"CURVE 1","0.08307065571994487","33.81089741427799","19.87626893792379","0.05926195547948429","0.10004229438838673","19.24570189942762","-1","0.0","0.0","0.0"
"CURVE 1","0.08307065571994487","33.81089741427799","19.87626893792379","0.05934286582529248","0.09997533447113796","19.32384704853081","-1","0.0","0.0","0.0"
"CURVE 1","0.08307065571994487","33.81089741427799","19.87626893792379","0.059423756243577645","0.09990866691911993","19.403439820929847","-1","0.0","0.0","0.0"
"CURVE 1","0.08307065571994487","33.81089741427799","19.87626893792379","0.059504625310945275","0.09984229244402985","19.48450133186119","-1","0.0","0.0","0.0"
"CURVE 1","0.08307065571994487","33.81089741427799","19.87626893792379","0.059585471604000864","0.09977621175756503","19.56705311852559","-1","0.0","0.0","0.0"
"CURVE 1","0.08307065571994487","33.81089741427799","19.87626893792379","0.059666293699349934","0.09971042557142266","19.651117148022966","-1","0.0","0.0","0.0"
"CURVE 1","0.08307065571994487","33.81089741427799","19.87626893792379","0.05974709017359796","0.09964493459730005","19.73671589258797","-1","0.0","0.0","0.0"
"CURVE 1","0.08307065571994487","33.81089741427799","19.87626893792379","0.05982785960335044","0.09957973954689442","19.82387226979351","-1","0.0","0.0","0.0"
"CURVE 1","0.08307065571994487","33.81089741427799","19.87626893792379","0.05990860056521289","0.09951484113190304","19.91260968150374","-1","0.0","0.0","0.0"
"CURVE 1","0.08307065571994487","33.81089741427799","19.87626893792379","0.059989311635790785","0.09945024006402312","20.002952009301","-1","0.0","0.0","0.0"
"CURVE 1","0.08307065571994487","33.81089741427799","19.87626893792379","0.06006999139168963","0.09938593705495197","20.094923666075612","-1","0.0","0.0","0.0"
"CURVE 1","0.08307065571994487","33.81089741427799","19.87626893792379","0.06015063840951493","0.09932193281638681","20.18854955070082","-1","0.0","0.0","0.0"
"CURVE 1","0.08307065571994487","33.81089741427799","19.87626893792379","0.060231251265872185","0.09925822806002489","20.28385511108083","-1","0.0","0.0","0.0"
"CURVE 1","0.08307065571994487","33.81089741427799","19.87626893792379","0.060311828537366885","0.09919482349756345","20.380866318853233","-1","0.0","0.0","0.0"
"CURVE 1","0.08307065571994487","33.81089741427799","19.87626893792379","0.06039236880060453","0.09913171984069977","20.479609713295275","-1","0.0","0.0","0.0"
"CURVE 1","0.08307065571994487","33.81089741427799","19.87626893792379","0.060472870632190624","0.09906891780113107","20.580112368031013","-1","0.0","0.0","0.0"
"CURVE 1","0.08307065571994487","33.81089741427799","19.87626893792379","0.060553332608730644","0.09900641809055462","20.68240196704389","-1","0.0","0.0","0.0"
"CURVE 1","0.08307065571994487","33.81089741427799","19.87626893792379","0.06063375330683011","0.09894422142066768","20.786506780496115","-1","0.0","0.0","0.0"
"CURVE 1","0.08307065571994487","33.81089741427799","19.87626893792379","0.06071413130309452","0.09888232850316747","20.89245565589206","-1","0.0","0.0","0.0"
"CURVE 1","0.08307065571994487","33.81089741427799","19.87626893792379","0.060794465174129356","0.09882074004975125","21.000278095193952","-1","0.0","0.0","0.0"
"CURVE 1","0.08307065571994487","33.81089741427799","19.87626893792379","0.06087475349654013","0.09875945677211628","21.110004206579163","-1","0.0","0.0","0.0"
"CURVE 1","0.08307065571994487","33.81089741427799","19.87626893792379","0.060954994846932335","0.09869847938195983","21.22166475594388","-1","0.0","0.0","0.0"
"CURVE 1","0.08307065571994487","33.81089741427799","19.87626893792379","0.061035187801911465","0.09863780859097913","21.3352911795388","-1","0.0","0.0","0.0"
"CURVE 1","0.08307065571994487","33.81089741427799","19.87626893792379","0.06111533093808302","0.09857744511087145","21.45091558412475","-1","0.0","0.0","0.0"
"CURVE 1","0.08307065571994487","33.81089741427799","19.87626893792379","0.0611954228320525","0.09851738965333401","21.568570771139637","-1","0.0","0.0","0.0"
"CURVE 1","0.08307065571994487","33.81089741427799","19.87626893792379","0.06127546206042541","0.09845764293006405","21.688290270205822","-1","0.0","0.0","0.0"
"CURVE 1","0.08307065571994487","33.81089741427799","19.87626893792379","0.06135544719980725","0.09839820565275886","21.81010831268604","-1","0.0","0.0","0.0"
"CURVE 1","0.08307065571994487","33.81089741427799","19.87626893792379","0.06143537682680349","0.09833907853311569","21.934059905055996","-1","0.0","0.0","0.0"
"CURVE 1","0.08307065571994487","33.81089741427799","19.87626893792379","0.06151524951801964","0.09828026228283177","22.06018079285789","-1","0.0","0.0","0.0"
"CURVE 1","0.08307065571994487","33.81089741427799","19.87626893792379","0.06159506385006122","0.09822175761360435","22.188507522594215","-1","0.0","0.0","0.0"
"CURVE 1","0.08307065571994487","33.81089741427799","19.87626893792379","0.061674818399533704","0.09816356523713071","22.319077441472217","-1","0.0","0.0","0.0"
"CURVE 1","0.08307065571994487","33.81089741427799","19.87626893792379","0.0617545117430426","0.09810568586510808","22.45192869047243","-1","0.0","0.0","0.0"
"CURVE 1","0.08307065571994487","33.81089741427799","19.87626893792379","0.0618341424571934","0.09804812020923369","22.58710030079175","-1","0.0","0.0","0.0"
"CURVE 1","0.08307065571994487","33.81089741427799","19.87626893792379","0.06191370911859161","0.09799086898120483","22.724632114566067","-1","0.0","0.0","0.0"
"CURVE 1","0.08307065571994487","33.81089741427799","19.87626893792379","0.06199321030384273","0.09793393289271873","22.864564896859815","-1","0.0","0.0","0.0"
"CURVE 1","0.08307065571994487","33.81089741427799","19.87626893792379","0.062072644589552244","0.09787731265547266","23.006940285186573","-1","0.0","0.0","0.0"
"CURVE 1","0.08307065571994487","33.81089741427799","19.87626893792379","0.06215201055232565","0.09782100898116383","23.151800870246536","-1","0.0","0.0","0.0"
"CURVE 1","0.08307065571994487","33.81089741427799","19.87626893792379","0.062231306768768466","0.09776502258148953","23.299190163934675","-1","0.0","0.0","0.0"
"CURVE 1","0.08307065571994487","33.81089741427799","19.87626893792379","0.062310531815486174","0.09770935416814701","23.449152673433055","-1","0.0","0.0","0.0"
"CURVE 1","0.08307065571994487","33.81089741427799","19.87626893792379","0.06238968426908427","0.0976540044528335","23.601733891591","-1","0.0","0.0","0.0"
"CURVE 1","0.08307065571994487","33.81089741427799","19.87626893792379","0.06246876270616825","0.09759897414724625","23.75698033347396","-1","0.0","0.0","0.0"
"CURVE 1","0.08307065571994487","33.81089741427799","19.87626893792379","0.06254776570334362","0.09754426396308254","23.914939549985732","-1","0.0","0.0","0.0"
"CURVE 1","0.08307065571994487","33.81089741427799","19.87626893792379","0.0626266918372159","0.09748987461203959","24.07566018274411","-1","0.0","0.0","0.0"
"CURVE 1","0.08307065571994487","33.81089741427799","19.87626893792379","0.06270553968439055","0.09743580680581468","24.239191965277094","-1","0.0","0.0","0.0"
"CURVE 1","0.08307065571994487","33.81089741427799","19.87626893792379","0.06278430782147308","0.09738206125610503","24.40558574020102","-1","0.0","0.0","0.0"
"CURVE 1","0.08307065571994487","33.81089741427799","19.87626893792379","0.062862994825069","0.09732863867460793","24.57489353245096","-1","0.0","0.0","0.0"
"CURVE 1","0.08307065571994487","33.81089741427799","19.87626893792379","0.06294159927178379","0.0972755397730206","24.747168521915665","-1","0.0","0.0","0.0"
"CURVE 1","0.08307065571994487","33.81089741427799","19.87626893792379","0.06302011973822295","0.09722276526304027","24.92246511388006","-1","0.0","0.0","0.0"
"CURVE 1","0.08307065571994487","33.81089741427799","19.87626893792379","0.063098554800992","0.09717031585636422","25.100838954747992","-1","0.0","0.0","0.0"
"CURVE 1","0.08307065571994487","33.81089741427799","19.87626893792379","0.0631769030366964","0.09711819226468973","25.282346978943036","-1","0.0","0.0","0.0"
"CURVE 1","0.08307065571994487","33.81089741427799","19.87626893792379","0.06325516302194169","0.09706639519971402","25.467047393492813","-1","0.0","0.0","0.0"
"CURVE 1","0.08307065571994487","33.81089741427799","19.87626893792379","0.06333333333333334","0.09701492537313433","25.65499978199817","-1","0.0","0.0","0.0"
"CURVE 1","0.08307065571994487","33.81089741427799","19.87626893792379","0.06341141327103572","0.09696378311707607","25.898819155833895","-1","0.0","0.0","0.0"
"CURVE 1","0.08307065571994487","33.81089741427799","19.87626893792379","0.0634894050294487","0.09691296724537712","26.141240479048147","-1","0.0","0.0","0.0"
"CURVE 1","0.08307065571994487","33.81089741427799","19.87626893792379","0.06356731152653103","0.09686247619230358","26.38215657168536","-1","0.0","0.0","0.0"
"CURVE 1","0.08307065571994487","33.81089741427799","19.87626893792379","0.06364513568024137","0.09681230839212145","26.621459241705303","-1","0.0","0.0","0.0"
"CURVE 1","0.08307065571994487","33.81089741427799","19.87626893792379","0.06372288040853852","0.09676246227909678","26.859039340706623","-1","0.0","0.0","0.0"
"CURVE 1","0.08307065571994487","33.81089741427799","19.87626893792379","0.06380054862938117","0.09671293628749564","27.09478684955262","-1","0.0","0.0","0.0"
"CURVE 1","0.08307065571994487","33.81089741427799","19.87626893792379","0.06387814326072808","0.09666372885158407","27.32859094210257","-1","0.0","0.0","0.0"
"CURVE 1","0.08307065571994487","33.81089741427799","19.87626893792379","0.06395566722053794","0.09661483840562812","27.56034008282883","-1","0.0","0.0","0.0"
"CURVE 1","0.08307065571994487","33.81089741427799","19.87626893792379","0.06403312342676952","0.09656626338389385","27.789922137225997","-1","0.0","0.0","0.0"
"CURVE 1","0.08307065571994487","33.81089741427799","19.87626893792379","0.06411051479738152","0.09651800222064726","28.017224415043387","-1","0.0","0.0","0.0"
"CURVE 1","0.08307065571994487","33.81089741427799","19.87626893792379","0.06418784425033267","0.09647005335015445","28.24213380977549","-1","0.0","0.0","0.0"
"CURVE 1","0.08307065571994487","33.81089741427799","19.87626893792379","0.0642651147035817","0.09642241520668145","28.464536878326722","-1","0.0","0.0","0.0"
"CURVE 1","0.08307065571994487","33.81089741427799","19.87626893792379","0.06434232907508738","0.09637508622449431","28.68431992404762","-1","0.0","0.0","0.0"
"CURVE 1","0.08307065571994487","33.81089741427799","19.87626893792379","0.06441949028280837","0.09632806483785906","28.901369107249707","-1","0.0","0.0","0.0"
"CURVE 1","0.08307065571994487","33.81089741427799","19.87626893792379","0.06449660124470347","0.09628134948104178","29.11557057793525","-1","0.0","0.0","0.0"
"CURVE 1","0.08307065571994487","33.81089741427799","19.87626893792379","0.06457366487873135","0.09623493858830846","29.326810554165668","-1","0.0","0.0","0.0"
"CURVE 1","0.08307065571994487","33.81089741427799","19.87626893792379","0.06465068410285077","0.09618883059392522","29.534975411260326","-1","0.0","0.0","0.0"
"CURVE 1","0.08307065571994487","33.81089741427799","19.87626893792379","0.06472766183502046","0.09614302393215807","29.739951859684563","-1","0.0","0.0","0.0"
"CURVE 1","0.08307065571994487","33.81089741427799","19.87626893792379","0.06480460099319915","0.09609751703727307","29.941626977151653","-1","0.0","0.0","0.0"
"CURVE 1","0.08307065571994487","33.81089741427799","19.87626893792379","0.06488150449534555","0.09605230834353623","30.139888366214414","-1","0.0","0.0","0.0"
"CURVE 1","0.08307065571994487","33.81089741427799","19.87626893792379","0.0649583752594184","0.09600739628521365","30.334624267401846","-1","0.0","0.0","0.0"
"CURVE 1","0.08307065571994487","33.81089741427799","19.87626893792379","0.06503521620337645","0.09596277929657135","30.525723707109975","-1","0.0","0.0","0.0"
"CURVE 1","0.08307065571994487","33.81089741427799","19.87626893792379","0.06511203024517838","0.09591845581187539","30.713076520609444","-1","0.0","0.0","0.0"
"CURVE 1","0.08307065571994487","33.81089741427799","19.87626893792379","0.06518882030278297","0.09587442426539179","30.896573569142994","-1","0.0","0.0","0.0"
"CURVE 1","0.08307065571994487","33.81089741427799","19.87626893792379","0.06526558929414893","0.09583068309138665","31.076106818107686","-1","0.0","0.0","0.0"
"CURVE 1","0.08307065571994487","33.81089741427799","19.87626893792379","0.06534234013723497","0.09578723072412597","31.251569443652627","-1","0.0","0.0","0.0"
"CURVE 1","0.08307065571994487","33.81089741427799","19.87626893792379","0.06541907574999985","0.09574406559787581","31.422856000140325","-1","0.0","0.0","0.0"
"CURVE 1","0.08307065571994487","33.81089741427799","19.87626893792379","0.06549579905040229","0.09570118614690222","31.589862492456447","-1","0.0","0.0","0.0"
"CURVE 1","0.08307065571994487","33.81089741427799","19.87626893792379","0.065572512956401","0.09565859080547125","31.752486524465244","-1","0.0","0.0","0.0"
"CURVE 1","0.08307065571994487","33.81089741427799","19.87626893792379","0.06564922038595475","0.09561627800784897","31.910627404653045","-1","0.0","0.0","0.0"
"CURVE 1","0.08307065571994487","33.81089741427799","19.87626893792379","0.06572592425702223","0.09557424618830138","32.064186286829624","-1","0.0","0.0","0.0"
"CURVE 1","0.08307065571994487","33.81089741427799","19.87626893792379","0.06580262748756219","0.09553249378109453","32.2130662574169","-1","0.0","0.0","0.0"
"CURVE 1","0.08307065571994487","33.81089741427799","19.87626893792379","0.06587933299553336","0.09549101922049451","32.3571724801726","-1","0.0","0.0","0.0"
"CURVE 1","0.08307065571994487","33.81089741427799","19.87626893792379","0.06595604369889446","0.09544982094076736","32.496412341820836","-1","0.0","0.0","0.0"
"CURVE 1","0.08307065571994487","33.81089741427799","19.87626893792379","0.06603276251560422","0.0954088973761791","32.63069546419005","-1","0.0","0.0","0.0"
"CURVE 1","0.08307065571994487","33.81089741427799","19.87626893792379","0.06610949236362136","0.0953682469609958","32.75993392109957","-1","0.0","0.0","0.0"
"CURVE 1","0.08307065571994487","33.81089741427799","19.87626893792379","0.06618623616090462","0.0953278681294835","32.884042329954504","-1","0.0","0.0","0.0"
"CURVE 1","0.08307065571994487","33.81089741427799","19.87626893792379","0.06626299682541273","0.09528775931590826","33.002937921584476","-1","0.0","0.0","0.0"
"CURVE 1","0.08307065571994487","33.81089741427799","19.87626893792379","0.06633977727510444","0.09524791895453612","33.11654068196252","-1","0.0","0.0","0.0"
"CURVE 1","0.08307065571994487","33.81089741427799","19.87626893792379","0.06641658042793844","0.0952083454796331","33.22477345865162","-1","0.0","0.0","0.0"
"CURVE 1","0.08307065571994487","33.81089741427799","19.87626893792379","0.0664934092018735","0.09516903732546526","33.32756202790366","-1","0.0","0.0","0.0"
"CURVE 1","0.08307065571994487","33.81089741427799","19.87626893792379","0.06657026651486829","0.09512999292629869","33.42483524594278","-1","0.0","0.0","0.0"
"CURVE 1","0.08307065571994487","33.81089741427799","19.87626893792379","0.06664715528488159","0.0950912107163994","33.51652509254248","-1","0.0","0.0","0.0"
"CURVE 1","0.08307065571994487","33.81089741427799","19.87626893792379","0.06672407842987213","0.09505268913003342","33.60256680812753","-1","0.0","0.0","0.0"
"CURVE 1","0.08307065571994487","33.81089741427799","19.87626893792379","0.06680103886779862","0.09501442660146685","33.6828989464052","-1","0.0","0.0","0.0"
"CURVE 1","0.08307065571994487","33.81089741427799","19.87626893792379","0.06687803951661977","0.0949764215649657","33.757463484760336","-1","0.0","0.0","0.0"
"CURVE 1","0.08307065571994487","33.81089741427799","19.87626893792379","0.06695508329429435","0.09493867245479604","33.826205889351044","-1","0.0","0.0","0.0"
"CURVE 1","0.08307065571994487","33.81089741427799","19.87626893792379","0.0670321731187811","0.09490117770522388","33.88907519743946","-1","0.0","0.0","0.0"
"CURVE 1","0.08307065571994487","33.81089741427799","19.87626893792379","0.0671093119080387","0.09486393575051531","33.946024084210954","-1","0.0","0.0","0.0"
"CURVE 1","0.08307065571994487","33.81089741427799","19.87626893792379","0.06718650258002588","0.09482694502493635","33.99700895224987","-1","0.0","0.0","0.0"
"CURVE 1","0.08307065571994487","33.81089741427799","19.87626893792379","0.06726374805270144","0.09479020396275306","34.04198994582861","-1","0.0","0.0","0.0"
"CURVE 1","0.08307065571994487","33.81089741427799","19.87626893792379","0.06734105124402402","0.0947537109982315","34.080931055661836","-1","0.0","0.0","0.0"
"CURVE 1","0.08307065571994487","33.81089741427799","19.87626893792379","0.06741841507195241","0.0947174645656377","34.11380015285005","-1","0.0","0.0","0.0"
"CURVE 1","0.08307065571994487","33.81089741427799","19.87626893792379","0.0674958424544453","0.0946814630992377","34.14056903883916","-1","0.0","0.0","0.0"
"CURVE 1","0.08307065571994487","33.81089741427799","19.87626893792379","0.06757333630946144","0.09464570503329754","34.16121347472531","-1","0.0","0.0","0.0"
"CURVE 1","0.08307065571994487","33.81089741427799","19.87626893792379","0.06765089955495956","0.09461018880208333","34.175713223819415","-1","0.0","0.0","0.0"
"CURVE 1","0.08307065571994487","33.81089741427799","19.87626893792379","0.0677285351088984","0.09457491283986105","34.184052115978716","-1","0.0","0.0","0.0"
"CURVE 1","0.08307065571994487","33.81089741427799","19.87626893792379","0.06780624588923667","0.09453987558089678","34.186217987605986","-1","0.0","0.0","0.0"
"CURVE 1","0.08307065571994487","33.81089741427799","19.87626893792379","0.06788403481393308","0.09450507545945655","34.18220281096776","-1","0.0","0.0","0.0"
"CURVE 1","0.08307065571994487","33.81089741427799","19.87626893792379","0.06796190480094642","0.09447051090980642","34.172002639075885","-1","0.0","0.0","0.0"
"CURVE 1","0.08307065571994487","33.81089741427799","19.87626893792379","0.06803985876823537","0.09443618036621243","34.1556176008314","-1","0.0","0.0","0.0"
"CURVE 1","0.08307065571994487","33.81089741427799","19.87626893792379","0.06811789963375868","0.09440208226294065","34.133051966411514","-1","0.0","0.0","0.0"
"CURVE 1","0.08307065571994487","33.81089741427799","19.87626893792379","0.06819603031547507","0.0943682150342571","34.10431407486359","-1","0.0","0.0","0.0"
"CURVE 1","0.08307065571994487","33.81089741427799","19.87626893792379","0.06827425373134328","0.09433457711442786","34.06941638772609","-1","0.0","0.0","0.0"
"CURVE 1","0.08307065571994487","33.81089741427799","19.87626893792379","0.06835257279932203","0.09430116693771894","34.02837541811564","-1","0.0","0.0","0.0"
"CURVE 1","0.08307065571994487","33.81089741427799","19.87626893792379","0.06843099043737004","0.0942679829383964","33.98121175917711","-1","0.0","0.0","0.0"
"CURVE 1","0.08307065571994487","33.81089741427799","19.87626893792379","0.06850950956344605","0.0942350235507263","33.92795000848385","-1","0.0","0.0","0.0"
"CURVE 1","0.08307065571994487","33.81089741427799","19.87626893792379","0.06858813309550879","0.09420228720897467","33.86861878980649","-1","0.0","0.0","0.0"
"CURVE 1","0.08307065571994487","33.81089741427799","19.87626893792379","0.068666863951517","0.09416977234740756","33.80325066450155","-1","0.0","0.0","0.0"
"CURVE 1","0.08307065571994487","33.81089741427799","19.87626893792379","0.06874570504942938","0.09413747740029103","33.731882130798304","-1","0.0","0.0","0.0"
"CURVE 1","0.08307065571994487","33.81089741427799","19.87626893792379","0.06882465930720469","0.09410540080189113","33.65455353174166","-1","0.0","0.0","0.0"
"CURVE 1","0.08307065571994487","33.81089741427799","19.87626893792379","0.06890372964280164","0.09407354098647389","33.57130906532843","-1","0.0","0.0","0.0"
"CURVE 1","0.08307065571994487","33.81089741427799","19.87626893792379","0.06898291897417896","0.09404189638830536","33.48219664467155","-1","0.0","0.0","0.0"
"CURVE 1","0.08307065571994487","33.81089741427799","19.87626893792379","0.06906223021929538","0.0940104654416516","33.38726791526169","-1","0.0","0.0","0.0"
"CURVE 1","0.08307065571994487","33.81089741427799","19.87626893792379","0.06914166629610964","0.09397924658077865","33.28657812137141","-1","0.0","0.0","0.0"
"CURVE 1","0.08307065571994487","33.81089741427799","19.87626893792379","0.06922123012258047","0.09394823823995258","33.180186055991655","-1","0.0","0.0","0.0"
"CURVE 1","0.08307065571994487","33.81089741427799","19.87626893792379","0.06930092461666659","0.0939174388534394","33.06815403307812","-1","0.0","0.0","0.0"
"CURVE 1","0.08307065571994487","33.81089741427799","19.87626893792379","0.06938075269632674","0.09388684685550519","32.95054769655156","-1","0.0","0.0","0.0"
"CURVE 1","0.08307065571994487","33.81089741427799","19.87626893792379","0.06946071727951962","0.09385646068041595","32.82743605212433","-1","0.0","0.0","0.0"
"CURVE 1","0.08307065571994487","33.81089741427799","19.87626893792379","0.06954082128420398","0.0938262787624378","32.69889130440792","-1","0.0","0.0","0.0"
"CURVE 1","0.08307065571994487","33.81089741427799","19.87626893792379","0.06962106762833857","0.09379629953583675","32.56498878285394","-1","0.0","0.0","0.0"
"CURVE 1","0.08307065571994487","33.81089741427799","19.87626893792379","0.06970145922988209","0.09376652143487885","32.425806827304854","-1","0.0","0.0","0.0"
"CURVE 1","0.08307065571994487","33.81089741427799","19.87626893792379","0.06978199900679327","0.09373694289383011","32.28142675806604","-1","0.0","0.0","0.0"
"CURVE 1","0.08307065571994487","33.81089741427799","19.87626893792379","0.06986268987703086","0.09370756234695662","32.131932643028264","-1","0.0","0.0","0.0"
"CURVE 1","0.08307065571994487","33.81089741427799","19.87626893792379","0.06994353475855358","0.09367837822852443","31.977411338914226","-1","0.0","0.0","0.0"
"CURVE 1","0.08307065571994487","33.81089741427799","19.87626893792379","0.07002453656932014","0.09364938897279958","31.817952299048198","-1","0.0","0.0","0.0"
"CURVE 1","0.08307065571994487","33.81089741427799","19.87626893792379","0.0701056982272893","0.0936205930140481","31.65364743043618","-1","0.0","0.0","0.0"
"CURVE 1","0.08307065571994487","33.81089741427799","19.87626893792379","0.07018702265041978","0.09359198878653606","31.484591090468925","-1","0.0","0.0","0.0"
"CURVE 1","0.08307065571994487","33.81089741427799","19.87626893792379","0.0702685127566703","0.0935635747245295","31.310879850947174","-1","0.0","0.0","0.0"
"CURVE 1","0.08307065571994487","33.81089741427799","19.87626893792379","0.07035017146399959","0.0935353492622945","31.132612477629497","-1","0.0","0.0","0.0"
"CURVE 1","0.08307065571994487","33.81089741427799","19.87626893792379","0.07043200169036638","0.09350731083409702","30.94988975330109","-1","0.0","0.0","0.0"
"CURVE 1","0.08307065571994487","33.81089741427799","19.87626893792379","0.0705140063537294","0.09347945787420321","30.762814368918843","-1","0.0","0.0","0.0"
"CURVE 1","0.08307065571994487","33.81089741427799","19.87626893792379","0.0705961883720474","0.09345178881687903","30.57149083298855","-1","0.0","0.0","0.0"
"CURVE 1","0.08307065571994487","33.81089741427799","19.87626893792379","0.07067855066327906","0.09342430209639059","30.376025328709755","-1","0.0","0.0","0.0"
"CURVE 1","0.08307065571994487","33.81089741427799","19.87626893792379","0.07076109614538316","0.09339699614700392","30.176525570972228","-1","0.0","0.0","0.0"
"CURVE 1","0.08307065571994487","33.81089741427799","19.87626893792379","0.07084382773631842","0.09336986940298507","29.973100713422234","-1","0.0","0.0","0.0"
"CURVE 1","0.08307065571994487","33.81089741427799","19.87626893792379","0.07092674835404354","0.09334292029860007","29.765861227579713","-1","0.0","0.0","0.0"
"CURVE 1","0.08307065571994487","33.81089741427799","19.87626893792379","0.07100986091651729","0.09331614726811498","29.554918776242786","-1","0.0","0.0","0.0"
"CURVE 1","0.08307065571994487","33.81089741427799","19.87626893792379","0.07109316834169835","0.09328954874579584","29.34038607495259","-1","0.0","0.0","0.0"
"CURVE 1","0.08307065571994487","33.81089741427799","19.87626893792379","0.07117667354754548","0.09326312316590872","29.122376770065046","-1","0.0","0.0","0.0"
"CURVE 1","0.08307065571994487","33.81089741427799","19.87626893792379","0.07126037945201742","0.09323686896271965","28.90100536837955","-1","0.0","0.0","0.0"
"CURVE 1","0.08307065571994487","33.81089741427799","19.87626893792379","0.07134428897307288","0.0932107845704947","28.676387076771647","-1","0.0","0.0","0.0"
"CURVE 1","0.08307065571994487","33.81089741427799","19.87626893792379","0.07142840502867058","0.09318486842349986","28.44863764855156","-1","0.0","0.0","0.0"
"CURVE 1","0.08307065571994487","33.81089741427799","19.87626893792379","0.07151273053676928","0.09315911895600124","28.21787336700399","-1","0.0","0.0","0.0"
"CURVE 1","0.08307065571994487","33.81089741427799","19.87626893792379","0.07159726841532771","0.09313353460226484","27.984210824718748","-1","0.0","0.0","0.0"
"CURVE 1","0.08307065571994487","33.81089741427799","19.87626893792379","0.07168202158230455","0.09310811379655676","27.747766875345782","-1","0.0","0.0","0.0"
"CURVE 1","0.08307065571994487","33.81089741427799","19.87626893792379","0.07176699295565857","0.09308285497314299","27.50865849686695","-1","0.0","0.0","0.0"
"CURVE 1","0.08307065571994487","33.81089741427799","19.87626893792379","0.07185218545334848","0.09305775656628965","27.267002719162786","-1","0.0","0.0","0.0"
"CURVE 1","0.08307065571994487","33.81089741427799","19.87626893792379","0.07193760199333304","0.09303281701026271","27.022916430234023","-1","0.0","0.0","0.0"
"CURVE 1","0.08307065571994487","33.81089741427799","19.87626893792379","0.07202324549357096","0.09300803473932825","26.776516387396697","-1","0.0","0.0","0.0"
"CURVE 1","0.08307065571994487","33.81089741427799","19.87626893792379","0.07210911887202097","0.09298340818775233","26.527918994477975","-1","0.0","0.0","0.0"
"CURVE 1","0.08307065571994487","33.81089741427799","19.87626893792379","0.0721952250466418","0.092958935789801","26.277240321160853","-1","0.0","0.0","0.0"
"CURVE 1","0.08307065571994487","33.81089741427799","19.87626893792379","0.07228156693539217","0.09293461597974026","26.024595896415757","-1","0.0","0.0","0.0"
"CURVE 1","0.08307065571994487","33.81089741427799","19.87626893792379","0.07236814745623081","0.09291044719183622","25.77010068584958","-1","0.0","0.0","0.0"
"CURVE 1","0.08307065571994487","33.81089741427799","19.87626893792379","0.07245496952711648","0.09288642786035489","25.513868977449953","-1","0.0","0.0","0.0"
"CURVE 1","0.08307065571994487","33.81089741427799","19.87626893792379","0.07254203606600787","0.09286255641956234","25.256014282672844","-1","0.0","0.0","0.0"
"CURVE 1","0.08307065571994487","33.81089741427799","19.87626893792379","0.07262934999086372","0.0928388313037246","24.996649258965263","-1","0.0","0.0","0.0"
"CURVE 1","0.08307065571994487","33.81089741427799","19.87626893792379","0.07271691421964277","0.09281525094710771","24.735885655645056","-1","0.0","0.0","0.0"
"CURVE 1","0.08307065571994487","33.81089741427799","19.87626893792379","0.07280473167030374","0.09279181378397774","24.473834150214163","-1","0.0","0.0","0.0"
"CURVE 1","0.08307065571994487","33.81089741427799","19.87626893792379","0.07289280526080537","0.09276851824860075","24.210604387635662","-1","0.0","0.0","0.0"
"CURVE 1","0.08307065571994487","33.81089741427799","19.87626893792379","0.07298113790910636","0.09274536277524274","23.946304785954982","-1","0.0","0.0","0.0"
"CURVE 1","0.08307065571994487","33.81089741427799","19.87626893792379","0.07306973253316548","0.09272234579816979","23.681042583930004","-1","0.0","0.0","0.0"
"CURVE 1","0.08307065571994487","33.81089741427799","19.87626893792379","0.07315859205094145","0.09269946575164793","23.414923658755722","-1","0.0","0.0","0.0"
"CURVE 1","0.08307065571994487","33.81089741427799","19.87626893792379","0.07324771938039297","0.09267672106994325","23.148052573169416","-1","0.0","0.0","0.0"
"CURVE 1","0.08307065571994487","33.81089741427799","19.87626893792379","0.0733371174394788","0.09265411018732175","22.880532425325786","-1","0.0","0.0","0.0"
"CURVE 1","0.08307065571994487","33.81089741427799","19.87626893792379","0.07342678914615765","0.09263163153804949","22.612464799239085","-1","0.0","0.0","0.0"
"CURVE 1","0.08307065571994487","33.81089741427799","19.87626893792379","0.07351673741838827","0.09260928355639253","22.34394982187449","-1","0.0","0.0","0.0"
"CURVE 1","0.08307065571994487","33.81089741427799","19.87626893792379","0.07360696517412936","0.09258706467661691","22.07508595203316","-1","0.0","0.0","0.0"
"CURVE 1","0.08307065571994487","33.81089741427799","19.87626893792379","0.07369747782228006","0.09256497598999175","23.985640063443604","-1","0.0","0.0","0.0"
"CURVE 1","0.08307065571994487","33.81089741427799","19.87626893792379","0.07378829073550097","0.09254302921579845","25.854763086147667","-1","0.0","0.0","0.0"
"CURVE 1","0.08307065571994487","33.81089741427799","19.87626893792379","0.07387942177739311","0.09252123873032146","27.680361593879958","-1","0.0","0.0","0.0"
"CURVE 1","0.08307065571994487","33.81089741427799","19.87626893792379","0.07397088881155744","0.09249961890984529","29.460435416420463","-1","0.0","0.0","0.0"
"CURVE 1","0.08307065571994487","33.81089741427799","19.87626893792379","0.07406270970159502","0.09247818413065438","31.193081234845895","-1","0.0","0.0","0.0"
"CURVE 1","0.08307065571994487","33.81089741427799","19.87626893792379","0.07415490231110682","0.09245694876903324","32.87649596013062","-1","0.0","0.0","0.0"
"CURVE 1","0.08307065571994487","33.81089741427799","19.87626893792379","0.07424748450369384","0.0924359272012663","34.50898008134057","-1","0.0","0.0","0.0"
"CURVE 1","0.08307065571994487","33.81089741427799","19.87626893792379","0.0743404741429571","0.09241513380363804","36.08894095632846","-1","0.0","0.0","0.0"
"CURVE 1","0.08307065571994487","33.81089741427799","19.87626893792379","0.07443388909249757","0.09239458295243295","37.61489583893238","-1","0.0","0.0","0.0"
"CURVE 1","0.08307065571994487","33.81089741427799","19.87626893792379","0.07452774721591626","0.09237428902393549","39.085474794693305","-1","0.0","0.0","0.0"
"CURVE 1","0.08307065571994487","33.81089741427799","19.87626893792379","0.0746220663768142","0.09235426639443012","40.49942348306841","-1","0.0","0.0","0.0"
"CURVE 1","0.08307065571994487","33.81089741427799","19.87626893792379","0.07471686443879236","0.09233452944020132","41.855605594041734","-1","0.0","0.0","0.0"
"CURVE 1","0.08307065571994487","33.81089741427799","19.87626893792379","0.07481215926545176","0.09231509253753359","43.15300513014228","-1","0.0","0.0","0.0"
"CURVE 1","0.08307065571994487","33.81089741427799","19.87626893792379","0.0749079687203934","0.09229597006271135","44.39072837705236","-1","0.0","0.0","0.0"
"CURVE 1","0.08307065571994487","33.81089741427799","19.87626893792379","0.07500431066721829","0.09227717639201909","45.56800559791388","-1","0.0","0.0","0.0"
"CURVE 1","0.08307065571994487","33.81089741427799","19.87626893792379","0.07510120296952738","0.09225872590174129","46.68419238468749","-1","0.0","0.0","0.0"
"CURVE 1","0.08307065571994487","33.81089741427799","19.87626893792379","0.07519866349092172","0.09224063296816241","47.73877063807705","-1","0.0","0.0","0.0"
"CURVE 1","0.08307065571994487","33.81089741427799","19.87626893792379","0.07529671009500229","0.09222291196756695","48.73134924949521","-1","0.0","0.0","0.0"
"CURVE 1","0.08307065571994487","33.81089741427799","19.87626893792379","0.0753953606453701","0.09220557727623936","49.661664249453715","-1","0.0","0.0","0.0"
"CURVE 1","0.08307065571994487","33.81089741427799","19.87626893792379","0.07549463300562617","0.09218864327046408","50.52957873253867","-1","0.0","0.0","0.0"
"CURVE 1","0.08307065571994487","33.81089741427799","19.87626893792379","0.07559454503937146","0.09217212432652562","51.33508216329097","-1","0.0","0.0","0.0"
"CURVE 1","0.08307065571994487","33.81089741427799","19.87626893792379","0.07569511461020703","0.09215603482070846","52.07828937166277","-1","0.0","0.0","0.0"
"CURVE 1","0.08307065571994487","33.81089741427799","19.87626893792379","0.07579635958173382","0.09214038912929703","52.75943906781986","-1","0.0","0.0","0.0"
"CURVE 1","0.08307065571994487","33.81089741427799","19.87626893792379","0.07589829781755288","0.09212520162857586","53.37889188321349","-1","0.0","0.0","0.0"
"CURVE 1","0.08307065571994487","33.81089741427799","19.87626893792379","0.07600094718126517","0.09211048669482938","53.93712797615866","-1","0.0","0.0","0.0"
"CURVE 1","0.08307065571994487","33.81089741427799","19.87626893792379","0.0761043255364717","0.09209625870434206","54.434744169155756","-1","0.0","0.0","0.0"
"CURVE 1","0.08307065571994487","33.81089741427799","19.87626893792379","0.07620845074677352","0.09208253203339836","54.87245073470698","-1","0.0","0.0","0.0"
"CURVE 1","0.08307065571994487","33.81089741427799","19.87626893792379","0.07631334067577154","0.09206932105828279","55.25106760060014","-1","0.0","0.0","0.0"
"CURVE 1","0.08307065571994487","33.81089741427799","19.87626893792379","0.07641901318706684","0.09205664015527981","55.57152029867847","-1","0.0","0.0","0.0"
"CURVE 1","0.08307065571994487","33.81089741427799","19.87626893792379","0.07652548614426039","0.09204450370067388","55.834835430748534","-1","0.0","0.0","0.0"
"CURVE 1","0.08307065571994487","33.81089741427799","19.87626893792379","0.0766327774109532","0.09203292607074946","56.042135785541014","-1","0.0","0.0","0.0"
"CURVE 1","0.08307065571994487","33.81089741427799","19.87626893792379","0.07674090485074626","0.09202192164179104","56.19463515911778","-1","0.0","0.0","0.0"
"CURVE 1","0.08307065571994487","33.81089741427799","19.87626893792379","0.0768498863272406","0.09201150479008308","56.293632816960034","-1","0.0","0.0","0.0"
"CURVE 1","0.08307065571994487","33.81089741427799","19.87626893792379","0.07695973970403719","0.09200168989191007","56.34050770895777","-1","0.0","0.0","0.0"
"CURVE 1","0.08307065571994487","33.81089741427799","19.87626893792379","0.07707048284473703","0.09199249132355647","56.3367124625033","-1","0.0","0.0","0.0"
"CURVE 1","0.08307065571994487","33.81089741427799","19.87626893792379","0.07718213361294116","0.09198392346130675","56.28376713938342","-1","0.0","0.0","0.0"
"CURVE 1","0.08307065571994487","33.81089741427799","19.87626893792379","0.07729470987225054","0.09197600068144539","56.183252852062694","-1","0.0","0.0","0.0"
"CURVE 1","0.08307065571994487","33.81089741427799","19.87626893792379","0.07740822948626618","0.09196873736025683","56.03680526020969","-1","0.0","0.0","0.0"
"CURVE 1","0.08307065571994487","33.81089741427799","19.87626893792379","0.07752271031858911","0.09196214787402557","55.8461080315236","-1","0.0","0.0","0.0"
"CURVE 1","0.08307065571994487","33.81089741427799","19.87626893792379","0.07763817023282028","0.09195624659903606","55.612886155465546","-1","0.0","0.0","0.0"
"CURVE 1","0.08307065571994487","33.81089741427799","19.87626893792379","0.07775462709256076","0.09195104791157281","55.33889938100763","-1","0.0","0.0","0.0"
"CURVE 1","0.08307065571994487","33.81089741427799","19.87626893792379","0.07787209876141146","0.09194656618792027","55.025935612871564","-1","0.0","0.0","0.0"
"CURVE 1","0.08307065571994487","33.81089741427799","19.87626893792379","0.07799060310297347","0.09194281580436289","54.67580444178882","-1","0.0","0.0","0.0"
"CURVE 1","0.08307065571994487","33.81089741427799","19.87626893792379","0.07811015798084774","0.09193981113718518","54.29033075841676","-1","0.0","0.0","0.0"
"CURVE 1","0.08307065571994487","33.81089741427799","19.87626893792379","0.07823078125863527","0.09193756656267157","53.87134850934066","-1","0.0","0.0","0.0"
"CURVE 1","0.08307065571994487","33.81089741427799","19.87626893792379","0.0783524907999371","0.09193609645710657","53.420694713787945","-1","0.0","0.0","0.0"
"CURVE 1","0.08307065571994487","33.81089741427799","19.87626893792379","0.07847530446835418","0.09193541519677462","52.94020354352406","-1","0.0","0.0","0.0"
"CURVE 1","0.08307065571994487","33.81089741427799","19.87626893792379","0.07859924012748758","0.0919355371579602","52.43170084230301","-1","0.0","0.0","0.0"
"CURVE 1","0.08307065571994487","33.81089741427799","19.87626893792379","0.07872431564093824","0.0919364767169478","51.89699870565985","-1","0.0","0.0","0.0"
"CURVE 1","0.08307065571994487","33.81089741427799","19.87626893792379","0.07885054887230718","0.09193824825002186","51.337890492435605","-1","0.0","0.0","0.0"
"CURVE 1","0.08307065571994487","33.81089741427799","19.87626893792379","0.07897795768519539","0.09194086613346687","50.75614607574821","-1","0.0","0.0","0.0"
"CURVE 1","0.08307065571994487","33.81089741427799","19.87626893792379","0.07910655994320391","0.09194434474356732","50.15350741240846","-1","0.0","0.0","0.0"
"CURVE 1","0.08307065571994487","33.81089741427799","19.87626893792379","0.07923637350993372","0.09194869845660764","49.53168443859819","-1","0.0","0.0","0.0"
"CURVE 1","0.08307065571994487","33.81089741427799","19.87626893792379","0.07936741624898579","0.09195394164887233","48.892351300903805","-1","0.0","0.0","0.0"
"CURVE 1","0.08307065571994487","33.81089741427799","19.87626893792379","0.07949970602396117","0.09196008869664585","48.237142964060645","-1","0.0","0.0","0.0"
"CURVE 1","0.08307065571994487","33.81089741427799","19.87626893792379","0.07963326069846083","0.09196715397621268","47.567652083309824","-1","0.0","0.0","0.0"
"CURVE 1","0.08307065571994487","33.81089741427799","19.87626893792379","0.07976809813608579","0.09197515186385727","46.88542628369384","-1","0.0","0.0","0.0"
"CURVE 1","0.08307065571994487","33.81089741427799","19.87626893792379","0.07990423620043703","0.09198409673586412","46.191965756379865","-1","0.0","0.0","0.0"
"CURVE 1","0.08307065571994487","33.81089741427799","19.87626893792379","0.08004169275511556","0.09199400296851769","45.48872116059294","-1","0.0","0.0","0.0"
"CURVE 1","0.08307065571994487","33.81089741427799","19.87626893792379","0.0801804856637224","0.09200488493810245","44.77709188576447","-1","0.0","0.0","0.0"
"CURVE 1","0.08307065571994487","33.81089741427799","19.87626893792379","0.08032063278985854","0.09201675702090288","44.05842462428817","-1","0.0","0.0","0.0"
"CURVE 1","0.08307065571994487","33.81089741427799","19.87626893792379","0.08046215199712498","0.09202963359320342","43.33401222712434","-1","0.0","0.0","0.0"
"CURVE 1","0.08307065571994487","33.81089741427799","19.87626893792379","0.08060506114912272","0.09204352903128857","42.60509283444622","-1","0.0","0.0","0.0"
"CURVE 1","0.08307065571994487","33.81089741427799","19.87626893792379","0.08074937810945274","0.09205845771144279","41.87284934212764","-1","0.0","0.0","0.0"
"CURVE 1","0.08307065571994487","33.81089741427799","19.87626893792379","0.08089512074171606","0.09207443400995055","41.13840907727657","-1","0.0","0.0","0.0"
"CURVE 1","0.08307065571994487","33.81089741427799","19.87626893792379","0.08104230690951368","0.09209147230309635","40.40284372277782","-1","0.0","0.0","0.0"
"CURVE 1","0.08307065571994487","33.81089741427799","19.87626893792379","0.08119095447644666","0.0921095869671646","39.66716950033133","-1","0.0","0.0","0.0"
"CURVE 1","0.08307065571994487","33.81089741427799","19.87626893792379","0.08134108130611589","0.09212879237843984","38.932347535460835","-1","0.0","0.0","0.0"
"CURVE 1","0.08307065571994487","33.81089741427799","19.87626893792379","0.08149270526212246","0.0921491029132065","38.19928442039585","-1","0.0","0.0","0.0"
"CURVE 1","0.08307065571994487","33.81089741427799","19.87626893792379","0.08164584420806732","0.09217053294774906","37.46883298393869","-1","0.0","0.0","0.0"
"CURVE 1","0.08307065571994487","33.81089741427799","19.87626893792379","0.08180051600755149","0.09219309685835199","36.74179317018031","-1","0.0","0.0","0.0"
"CURVE 1","0.08307065571994487","33.81089741427799","19.87626893792379","0.081956738524176","0.09221680902129975","36.01891310795831","-1","0.0","0.0","0.0"
"CURVE 1","0.08307065571994487","33.81089741427799","19.87626893792379","0.08211452962154178","0.09224168381287683","35.300890293497325","-1","0.0","0.0","0.0"
"CURVE 1","0.08307065571994487","33.81089741427799","19.87626893792379","0.0822739071632499","0.09226773560936773","34.588372872937086","-1","0.0","0.0","0.0"
"CURVE 1","0.08307065571994487","33.81089741427799","19.87626893792379","0.08243488901290134","0.09229497878705686","33.88196103605068","-1","0.0","0.0","0.0"
"CURVE 1","0.08307065571994487","33.81089741427799","19.87626893792379","0.0825974930340971","0.09232342772222872","33.182208471020864","-1","0.0","0.0","0.0"
"CURVE 1","0.08307065571994487","33.81089741427799","19.87626893792379","0.08276173709043817","0.09235309679116777","32.48962393311622","-1","0.0","0.0","0.0"
"CURVE 1","0.08307065571994487","33.81089741427799","19.87626893792379","0.08292763904552555","0.09238400037015851","31.804672819828994","-1","0.0","0.0","0.0"
"CURVE 1","0.08307065571994487","33.81089741427799","19.87626893792379","0.08309521676296026","0.09241615283548538","31.127778799030054","-1","0.0","0.0","0.0"
"CURVE 1","0.08307065571994487","33.81089741427799","19.87626893792379","0.08326448810634328","0.09244956856343285","30.459325491170784","-1","0.0","0.0","0.0"
"CURVE 1","0.08307065571994487","33.81089741427799","19.87626893792379","0.08343547093927563","0.09248426193028542","29.799658163413348","-1","0.0","0.0","0.0"
"CURVE 1","0.08307065571994487","33.81089741427799","19.87626893792379","0.08360818312535831","0.09252024731232754","29.149085407327874","-1","0.0","0.0","0.0"
"CURVE 1","0.08307065571994487","33.81089741427799","19.87626893792379","0.08378264252819231","0.09255753908584369","28.50788086694571","-1","0.0","0.0","0.0"
"CURVE 1","0.08307065571994487","33.81089741427799","19.87626893792379","0.08395886701137864","0.09259615162711832","27.876284924044864","-1","0.0","0.0","0.0"
"CURVE 1","0.08307065571994487","33.81089741427799","19.87626893792379","0.08413687443851829","0.09263609931243592","27.25450636516244","-1","0.0","0.0","0.0"
"CURVE 1","0.08307065571994487","33.81089741427799","19.87626893792379","0.0843166826732123","0.09267739651808098","26.642724067112283","-1","0.0","0.0","0.0"
"CURVE 1","0.08307065571994487","33.81089741427799","19.87626893792379","0.08449830957906163","0.09272005762033794","26.04108862531749","-1","0.0","0.0","0.0"
"CURVE 1","0.08307065571994487","33.81089741427799","19.87626893792379","0.08468177301966728","0.09276409699549129","25.44972394861728","-1","0.0","0.0","0.0"
"CURVE 1","0.08307065571994487","33.81089741427799","19.87626893792379","0.08486709085863027","0.09280952901982549","24.868728847221757","-1","0.0","0.0","0.0"
"CURVE 1","0.08307065571994487","33.81089741427799","19.87626893792379","0.08505428095955159","0.09285636806962502","24.298178539831206","-1","0.0","0.0","0.0"
"CURVE 1","0.08307065571994487","33.81089741427799","19.87626893792379","0.08524336118603228","0.09290462852117434","23.738126160656694","-1","0.0","0.0","0.0"
"CURVE 1","0.08307065571994487","33.81089741427799","19.87626893792379","0.08543434940167326","0.09295432475075793","23.188604193638053","-1","0.0","0.0","0.0"
"CURVE 1","0.08307065571994487","33.81089741427799","19.87626893792379","0.08562726347007561","0.09300547113466028","22.649625852345352","-1","0.0","0.0","0.0"
"CURVE 1","0.08307065571994487","33.81089741427799","19.87626893792379","0.08582212125484029","0.0930580820491658","22.121186448239094","-1","0.0","0.0","0.0"
"CURVE 1","0.08307065571994487","33.81089741427799","19.87626893792379","0.08601894061956833","0.09311217187055902","21.60326466022744","-1","0.0","0.0","0.0"
"CURVE 1","0.08307065571994487","33.81089741427799","19.87626893792379","0.08621773942786069","0.09316775497512439","21.095823795174823","-1","0.0","0.0","0.0"
"CURVE 1","0.08307065571994487","33.81089741427799","19.87626893792379","0.0864185355433184","0.09322484573914637","20.59881296362341","-1","0.0","0.0","0.0"
"CURVE 1","0.08307065571994487","33.81089741427799","19.87626893792379","0.08662134682954248","0.09328345853890946","20.112168223930865","-1","0.0","0.0","0.0"
"CURVE 1","0.08307065571994487","33.81089741427799","19.87626893792379","0.08682619115013389","0.09334360775069811","19.63581366344505","-1","0.0","0.0","0.0"
"CURVE 1","0.08307065571994487","33.81089741427799","19.87626893792379","0.08703308636869364","0.09340530775079679","19.1696624341357","-1","0.0","0.0","0.0"
"CURVE 1","0.08307065571994487","33.81089741427799","19.87626893792379","0.08724205034882278","0.09346857291548999","18.71361773347314","-1","0.0","0.0","0.0"
"CURVE 1","0.08307065571994487","33.81089741427799","19.87626893792379","0.08745310095412222","0.09353341762106215","18.267573730316094","-1","0.0","0.0","0.0"
"CURVE 1","0.08307065571994487","33.81089741427799","19.87626893792379","0.08766625604819304","0.0935998562437978","17.831416455020047","-1","0.0","0.0","0.0"
"CURVE 1","0.08307065571994487","33.81089741427799","19.87626893792379","0.0878815334946362","0.09366790315998134","17.40502462851186","-1","0.0","0.0","0.0"
"CURVE 1","0.08307065571994487","33.81089741427799","19.87626893792379","0.08809895115705274","0.09373757274589727","16.988270443952224","-1","0.0","0.0","0.0"
"CURVE 1","0.08307065571994487","33.81089741427799","19.87626893792379","0.08831852689904361","0.09380887937783008","16.581020313374907","-1","0.0","0.0","0.0"
"CURVE 1","0.08307065571994487","33.81089741427799","19.87626893792379","0.08854027858420986","0.09388183743206423","16.183135560417192","-1","0.0","0.0","0.0"
"CURVE 1","0.08307065571994487","33.81089741427799","19.87626893792379","0.08876422407615246","0.09395646128488418","15.79447307241378","-1","0.0","0.0","0.0"
"CURVE 1","0.08307065571994487","33.81089741427799","19.87626893792379","0.08899038123847243","0.09403276531257439","15.414885913055766","-1","0.0","0.0","0.0"
"CURVE 1","0.08307065571994487","33.81089741427799","19.87626893792379","0.08921876793477074","0.09411076389141937","15.04422389493118","-1","0.0","0.0","0.0"
"CURVE 1","0.08307065571994487","33.81089741427799","19.87626893792379","0.08944940202864843","0.09419047139770356","14.682334106809959","-1","0.0","0.0","0.0"
"CURVE 1","0.08307065571994487","33.81089741427799","19.87626893792379","0.08968230138370648","0.09427190220771144","14.329061423455393","-1","0.0","0.0","0.0"
"CURVE 1","0.08307065571994487","33.81089741427799","19.87626893792379","0.08991748386354588","0.09435507069772749","13.984248951901225","-1","0.0","0.0","0.0"
"CURVE 1","0.08307065571994487","33.81089741427799","19.87626893792379","0.09015496733176769","0.09443999124403615","13.647738466002107","-1","0.0","0.0","0.0"
"CURVE 1","0.08307065571994487","33.81089741427799","19.87626893792379","0.09039476965197285","0.09452667822292195","13.319370812917969","-1","0.0","0.0","0.0"
"CURVE 1","0.08307065571994487","33.81089741427799","19.87626893792379","0.09063690868776238","0.09461514601066931","12.998986265683731","-1","0.0","0.0","0.0"
"CURVE 1","0.08307065571994487","33.81089741427799","19.87626893792379","0.09088140230273728","0.09470540898356272","12.68642486450332","-1","0.0","0.0","0.0"
"CURVE 1","0.08307065571994487","33.81089741427799","19.87626893792379","0.09112826836049855","0.09479748151788665","12.38152673785792","-1","0.0","0.0","0.0"
"CURVE 1","0.08307065571994487","33.81089741427799","19.87626893792379","0.09137752472464719","0.09489137798992557","12.084132370047401","-1","0.0","0.0","0.0"
"CURVE 1","0.08307065571994487","33.81089741427799","19.87626893792379","0.09162918925878422","0.09498711277596394","11.794082876624941","-1","0.0","0.0","0.0"
"CURVE 1","0.08307065571994487","33.81089741427799","19.87626893792379","0.09188327982651061","0.09508470025228624","11.51122023637147","-1","0.0","0.0","0.0"
"CURVE 1","0.08307065571994487","33.81089741427799","19.87626893792379","0.0921398142914274","0.09518415479517696","11.235387508645472","-1","0.0","0.0","0.0"
"CURVE 1","0.08307065571994487","33.81089741427799","19.87626893792379","0.09239881051713555","0.09528549078092052","10.966429028135503","-1","0.0","0.0","0.0"
"CURVE 1","0.08307065571994487","33.81089741427799","19.87626893792379","0.0926602863672361","0.09538872258580146","10.704190585631382","-1","0.0","0.0","0.0"
"CURVE 1","0.08307065571994487","33.81089741427799","19.87626893792379","0.09292425970533003","0.0954938645861042","10.44851958225679","-1","0.0","0.0","0.0"
"CURVE 1","0.08307065571994487","33.81089741427799","19.87626893792379","0.09319074839501833","0.09560093115811324","10.199265177935565","-1","0.0","0.0","0.0"
"CURVE 1","0.08307065571994487","33.81089741427799","19.87626893792379","0.09345977029990202","0.09570993667811302","9.956278412284744","-1","0.0","0.0","0.0"
