"Curve Name","Curve Length (um)","Average Curvature (um-1)","Curvature Std (um-1)","X-Coordinate (um)","Y-Coordinate (um)","Point Curvature (um-1)","Point Curvature Sign","Red Intensity","Green Intensity","Blue Intensity"
"CURVE 1","0.08482080936747653","27.882569699234317","22.933883007648756","0.0208955223880597","0.12059701492537313","38.56553282266043","1","0.0","0.0","0.0"
"CURVE 1","0.08482080936747653","27.882569699234317","22.933883007648756","0.02111194246443943","0.12074202867289681","39.504403700984405","1","0.0","0.0","0.0"
"CURVE 1","0.08482080936747653","27.882569699234317","22.933883007648756","0.02132743541281022","0.12088324722365953","40.45724550775496","1","0.0","0.0","0.0"
"CURVE 1","0.08482080936747653","27.882569699234317","22.933883007648756","0.021542003297094093","0.12102070146532201","41.423471266413586","1","0.0","0.0","0.0"
"CURVE 1","0.08482080936747653","27.882569699234317","22.933883007648756","0.021755648181213075","0.12115442228554495","42.402425584655624","1","0.0","0.0","0.0"
"CURVE 1","0.08482080936747653","27.882569699234317","22.933883007648756","0.021968372129089205","0.12128444057198899","43.39338231218771","1","0.0","0.0","0.0"
"CURVE 1","0.08482080936747653","27.882569699234317","22.933883007648756","0.0221801772046445","0.1214107872123149","44.3955424177131","1","0.0","0.0","0.0"
"CURVE 1","0.08482080936747653","27.882569699234317","22.933883007648756","0.022391065471801","0.12153349309418332","45.40803211548752","1","0.0","0.0","0.0"
"CURVE 1","0.08482080936747653","27.882569699234317","22.933883007648756","0.02260103899448072","0.12165258910525498","46.429901292823736","1","0.0","0.0","0.0"
"CURVE 1","0.08482080936747653","27.882569699234317","22.933883007648756","0.022810099836605695","0.12176810613319054","47.46012227644698","1","0.0","0.0","0.0"
"CURVE 1","0.08482080936747653","27.882569699234317","22.933883007648756","0.023018250062097956","0.12188007506565074","48.497588966583294","1","0.0","0.0","0.0"
"CURVE 1","0.08482080936747653","27.882569699234317","22.933883007648756","0.02322549173487952","0.12198852679029626","49.5411163967094","1","0.0","0.0","0.0"
"CURVE 1","0.08482080936747653","27.882569699234317","22.933883007648756","0.023431826918872432","0.12209349219478777","50.58944075479106","1","0.0","0.0","0.0"
"CURVE 1","0.08482080936747653","27.882569699234317","22.933883007648756","0.023637257677998704","0.12219500216678598","51.64121990208413","1","0.0","0.0","0.0"
"CURVE 1","0.08482080936747653","27.882569699234317","22.933883007648756","0.023841786076180375","0.12229308759395162","52.69503443023962","1","0.0","0.0","0.0"
"CURVE 1","0.08482080936747653","27.882569699234317","22.933883007648756","0.024045414177339467","0.12238777936394533","53.749389298802505","1","0.0","0.0","0.0"
"CURVE 1","0.08482080936747653","27.882569699234317","22.933883007648756","0.024248144045398008","0.12247910836442785","54.80271606553269","1","0.0","0.0","0.0"
"CURVE 1","0.08482080936747653","27.882569699234317","22.933883007648756","0.024449977744278026","0.12256710548305985","55.853375772646125","1","0.0","0.0","0.0"
"CURVE 1","0.08482080936747653","27.882569699234317","22.933883007648756","0.024650917337901555","0.12265180160750203","56.899662468542026","1","0.0","0.0","0.0"
"CURVE 1","0.08482080936747653","27.882569699234317","22.933883007648756","0.02485096489019062","0.12273322762541508","57.93980741755624","1","0.0","0.0","0.0"
"CURVE 1","0.08482080936747653","27.882569699234317","22.933883007648756","0.025050122465067236","0.12281141442445971","58.971983986525764","1","0.0","0.0","0.0"
"CURVE 1","0.08482080936747653","27.882569699234317","22.933883007648756","0.02524839212645345","0.12288639289229661","59.9943132253819","1","0.0","0.0","0.0"
"CURVE 1","0.08482080936747653","27.882569699234317","22.933883007648756","0.025445775938271284","0.12295819391658648","61.004870126799034","1","0.0","0.0","0.0"
"CURVE 1","0.08482080936747653","27.882569699234317","22.933883007648756","0.025642275964442764","0.12302684838499","62.001690539584686","1","1.0","1.0","1.0"
"CURVE 1","0.08482080936747653","27.882569699234317","22.933883007648756","0.025837894268889924","0.12309238718516789","62.98277874906602","1","1.0","1.0","1.0"
"CURVE 1","0.08482080936747653","27.882569699234317","22.933883007648756","0.026032632915534783","0.12315484120478085","63.946115641097535","1","1.0","1.0","1.0"
"CURVE 1","0.08482080936747653","27.882569699234317","22.933883007648756","0.026226493968299375","0.12321424133148952","64.88966744083488","1","1.0","1.0","1.0"
"CURVE 1","0.08482080936747653","27.882569699234317","22.933883007648756","0.026419479491105718","0.12327061845295463","65.81139497175627","1","1.0","1.0","1.0"
"CURVE 1","0.08482080936747653","27.882569699234317","22.933883007648756","0.026611591547875853","0.12332400345683689","66.70926334458446","1","1.0","1.0","1.0"
"CURVE 1","0.08482080936747653","27.882569699234317","22.933883007648756","0.026802832202531802","0.12337442723079699","67.5812520153634","1","1.0","1.0","1.0"
"CURVE 1","0.08482080936747653","27.882569699234317","22.933883007648756","0.026993203518995593","0.1234219206624956","68.42536515905343","1","1.0","1.0","1.0"
"CURVE 1","0.08482080936747653","27.882569699234317","22.933883007648756","0.02718270756118926","0.12346651463959347","69.23964222341151","1","1.0","1.0","1.0"
"CURVE 1","0.08482080936747653","27.882569699234317","22.933883007648756","0.027371346393034825","0.12350824004975124","70.02216859222887","1","1.0","1.0","1.0"
"CURVE 1","0.08482080936747653","27.882569699234317","22.933883007648756","0.027559122078454314","0.12354712778062961","70.77108624140241","1","1.0","1.0","1.0"
"CURVE 1","0.08482080936747653","27.882569699234317","22.933883007648756","0.02774603668136976","0.12358320871988931","71.4846043066803","1","1.0","1.0","1.0"
"CURVE 1","0.08482080936747653","27.882569699234317","22.933883007648756","0.027932092265703194","0.12361651375519102","72.16100941686382","1","1.0","1.0","1.0"
"CURVE 1","0.08482080936747653","27.882569699234317","22.933883007648756","0.028117290895376634","0.12364707377419544","72.79867569791188","1","1.0","1.0","1.0"
"CURVE 1","0.08482080936747653","27.882569699234317","22.933883007648756","0.028301634634312116","0.12367491966456325","73.39607436994379","1","1.0","1.0","1.0"
"CURVE 1","0.08482080936747653","27.882569699234317","22.933883007648756","0.02848512554643166","0.12370008231395513","73.95178276350005","1","1.0","1.0","1.0"
"CURVE 1","0.08482080936747653","27.882569699234317","22.933883007648756","0.028667765695657304","0.1237225926100318","74.46449270108671","1","1.0","1.0","1.0"
"CURVE 1","0.08482080936747653","27.882569699234317","22.933883007648756","0.028849557145911073","0.12374248144045397","74.93301814672256","1","1.0","1.0","1.0"
"CURVE 1","0.08482080936747653","27.882569699234317","22.933883007648756","0.029030501961114986","0.12375977969288232","75.35630202500036","1","1.0","1.0","1.0"
"CURVE 1","0.08482080936747653","27.882569699234317","22.933883007648756","0.02921060220519109","0.12377451825497754","75.73342211848015","1","1.0","1.0","1.0"
"CURVE 1","0.08482080936747653","27.882569699234317","22.933883007648756","0.02938985994206139","0.12378672801440034","76.06359600149113","1","1.0","1.0","1.0"
"CURVE 1","0.08482080936747653","27.882569699234317","22.933883007648756","0.029568277235647936","0.1237964398588114","76.3461849480139","1","1.0","1.0","1.0"
"CURVE 1","0.08482080936747653","27.882569699234317","22.933883007648756","0.029745856149872737","0.12380368467587141","76.58069676973948","1","1.0","1.0","1.0"
"CURVE 1","0.08482080936747653","27.882569699234317","22.933883007648756","0.029922598748657835","0.12380849335324111","76.76678755657251","1","1.0","1.0","1.0"
"CURVE 1","0.08482080936747653","27.882569699234317","22.933883007648756","0.03009850709592525","0.12381089677858115","76.90426232172753","1","1.0","1.0","1.0"
"CURVE 1","0.08482080936747653","27.882569699234317","22.933883007648756","0.030273583255597016","0.12381092583955224","76.99307452829675","1","1.0","1.0","1.0"
"CURVE 1","0.08482080936747653","27.882569699234317","22.933883007648756","0.03044782929159516","0.12380861142381505","77.0333245503842","1","1.0","1.0","1.0"
"CURVE 1","0.08482080936747653","27.882569699234317","22.933883007648756","0.030621247267841704","0.12380398441903032","77.02525707672423","1","1.0","1.0","1.0"
"CURVE 1","0.08482080936747653","27.882569699234317","22.933883007648756","0.030793839248258677","0.12379707571285874","76.96925747424478","1","1.0","1.0","1.0"
"CURVE 1","0.08482080936747653","27.882569699234317","22.933883007648756","0.030965607296768113","0.12378791619296096","76.86584724081514","1","1.0","1.0","1.0"
"CURVE 1","0.08482080936747653","27.882569699234317","22.933883007648756","0.03113655347729204","0.12377653674699772","76.71567856702882","1","1.0","1.0","1.0"
"CURVE 1","0.08482080936747653","27.882569699234317","22.933883007648756","0.031306679853752475","0.12376296826262971","76.5195280640156","1","1.0","1.0","1.0"
"CURVE 1","0.08482080936747653","27.882569699234317","22.933883007648756","0.031475988490071466","0.12374724162751762","76.278289771095","1","1.0","1.0","1.0"
"CURVE 1","0.08482080936747653","27.882569699234317","22.933883007648756","0.03164448145017103","0.12372938772932213","75.99296755517102","1","1.0","1.0","1.0"
"CURVE 1","0.08482080936747653","27.882569699234317","22.933883007648756","0.03181216079797319","0.12370943745570395","75.66466695262295","1","1.0","1.0","1.0"
"CURVE 1","0.08482080936747653","27.882569699234317","22.933883007648756","0.03197902859739997","0.12368742169432377","75.29458656772593","1","1.0","1.0","1.0"
"CURVE 1","0.08482080936747653","27.882569699234317","22.933883007648756","0.03214508691237341","0.12366337133284232","74.88400912785889","1","1.0","1.0","1.0"
"CURVE 1","0.08482080936747653","27.882569699234317","22.933883007648756","0.03231033780681553","0.12363731725892024","74.43429230925862","1","1.0","1.0","1.0"
"CURVE 1","0.08482080936747653","27.882569699234317","22.933883007648756","0.03247478334464837","0.12360929036021824","73.94685939960829","1","1.0","1.0","1.0"
"CURVE 1","0.08482080936747653","27.882569699234317","22.933883007648756","0.03263842558979395","0.12357932152439705","73.42318989514315","1","1.0","1.0","1.0"
"CURVE 1","0.08482080936747653","27.882569699234317","22.933883007648756","0.032801266606174294","0.12354744163911735","72.86481017402457","1","1.0","1.0","1.0"
"CURVE 1","0.08482080936747653","27.882569699234317","22.933883007648756","0.03296330845771144","0.1235136815920398","72.27328422159847","1","1.0","1.0","1.0"
"CURVE 1","0.08482080936747653","27.882569699234317","22.933883007648756","0.03312455320832741","0.12347807227082512","71.65020459940982","1","1.0","1.0","1.0"
"CURVE 1","0.08482080936747653","27.882569699234317","22.933883007648756","0.03328500292194424","0.12344064456313404","70.99718362807006","1","1.0","1.0","1.0"
"CURVE 1","0.08482080936747653","27.882569699234317","22.933883007648756","0.03344465966248393","0.1234014293566272","70.315844944686","1","1.0","1.0","1.0"
"CURVE 1","0.08482080936747653","27.882569699234317","22.933883007648756","0.033603525493868545","0.12336045753896534","69.60781535540913","1","1.0","1.0","1.0"
"CURVE 1","0.08482080936747653","27.882569699234317","22.933883007648756","0.03376160248002009","0.12331775999780914","68.87471719024178","1","1.0","1.0","1.0"
"CURVE 1","0.08482080936747653","27.882569699234317","22.933883007648756","0.033918892684860605","0.12327336762081927","68.11816104976823","1","1.0","1.0","1.0"
"CURVE 1","0.08482080936747653","27.882569699234317","22.933883007648756","0.03407539817231211","0.12322731129565644","67.33973904426733","1","1.0","1.0","1.0"
"CURVE 1","0.08482080936747653","27.882569699234317","22.933883007648756","0.03423112100629663","0.12317962190998136","66.54101854531297","1","1.0","1.0","1.0"
"CURVE 1","0.08482080936747653","27.882569699234317","22.933883007648756","0.03438606325073622","0.12313033035145471","65.72353648327872","1","1.0","1.0","1.0"
"CURVE 1","0.08482080936747653","27.882569699234317","22.933883007648756","0.03454022696955286","0.1230794675077372","64.888794086485","1","1.0","1.0","1.0"
"CURVE 1","0.08482080936747653","27.882569699234317","22.933883007648756","0.034693614226668626","0.1230270642664895","64.03825223018706","1","1.0","1.0","1.0"
"CURVE 1","0.08482080936747653","27.882569699234317","22.933883007648756","0.034846227086005516","0.12297315151537237","63.173327245393416","1","0.0","0.0","0.0"
"CURVE 1","0.08482080936747653","27.882569699234317","22.933883007648756","0.03499806761148557","0.12291776014204643","62.295387264538235","1","0.0","0.0","0.0"
"CURVE 1","0.08482080936747653","27.882569699234317","22.933883007648756","0.03514913786703082","0.12286092103417241","61.4057490340263","1","0.0","0.0","0.0"
"CURVE 1","0.08482080936747653","27.882569699234317","22.933883007648756","0.035299439916563265","0.12280266507941101","60.50567524843079","1","0.0","0.0","0.0"
"CURVE 1","0.08482080936747653","27.882569699234317","22.933883007648756","0.035448975824004976","0.1227430231654229","59.596372270783164","1","0.0","0.0","0.0"
"CURVE 1","0.08482080936747653","27.882569699234317","22.933883007648756","0.03559774765327795","0.12268202617986879","58.67898833664624","1","0.0","0.0","0.0"
"CURVE 1","0.08482080936747653","27.882569699234317","22.933883007648756","0.03574575746830423","0.1226197050104094","57.75461211871567","1","0.0","0.0","0.0"
"CURVE 1","0.08482080936747653","27.882569699234317","22.933883007648756","0.03589300733300584","0.1225560905447054","56.82427170383403","1","0.0","0.0","0.0"
"CURVE 1","0.08482080936747653","27.882569699234317","22.933883007648756","0.03603949931130481","0.12249121367041747","55.88893387171817","1","0.0","0.0","0.0"
"CURVE 1","0.08482080936747653","27.882569699234317","22.933883007648756","0.036185235467123156","0.12242510527520632","54.94950372057919","1","0.0","0.0","0.0"
"CURVE 1","0.08482080936747653","27.882569699234317","22.933883007648756","0.03633021786438292","0.12235779624673265","54.0068245588124","1","0.0","0.0","0.0"
"CURVE 1","0.08482080936747653","27.882569699234317","22.933883007648756","0.03647444856700612","0.12228931747265716","53.06167805957715","1","0.0","0.0","0.0"
"CURVE 1","0.08482080936747653","27.882569699234317","22.933883007648756","0.0366179296389148","0.12221969984064056","52.11478463608287","1","0.0","0.0","0.0"
"CURVE 1","0.08482080936747653","27.882569699234317","22.933883007648756","0.03676066314403098","0.12214897423834353","51.16680402023387","1","0.0","0.0","0.0"
"CURVE 1","0.08482080936747653","27.882569699234317","22.933883007648756","0.03690265114627668","0.12207717155342672","50.218336004617846","1","0.0","0.0","0.0"
"CURVE 1","0.08482080936747653","27.882569699234317","22.933883007648756","0.037043895709573935","0.1220043226735509","49.269921322011825","1","1.0","1.0","1.0"
"CURVE 1","0.08482080936747653","27.882569699234317","22.933883007648756","0.037184398897844764","0.12193045848637672","48.32204265361537","1","0.0","0.0","0.0"
"CURVE 1","0.08482080936747653","27.882569699234317","22.933883007648756","0.0373241627750112","0.1218556098795649","47.37512573687024","1","0.0","0.0","0.0"
"CURVE 1","0.08482080936747653","27.882569699234317","22.933883007648756","0.03746318940499529","0.12177980774077611","46.429540516578385","1","0.0","0.0","0.0"
"CURVE 1","0.08482080936747653","27.882569699234317","22.933883007648756","0.037601480851719035","0.12170308295767106","45.4856023704797","1","0.0","0.0","0.0"
"CURVE 1","0.08482080936747653","27.882569699234317","22.933883007648756","0.03773903917910448","0.12162546641791044","44.54357335462754","1","0.0","0.0","0.0"
"CURVE 1","0.08482080936747653","27.882569699234317","22.933883007648756","0.03787586645107365","0.12154698900915498","43.60366346521786","1","0.0","0.0","0.0"
"CURVE 1","0.08482080936747653","27.882569699234317","22.933883007648756","0.03801196473154856","0.12146768161906532","42.666031903090655","1","1.0","1.0","1.0"
"CURVE 1","0.08482080936747653","27.882569699234317","22.933883007648756","0.038147336084451255","0.1213875751353022","41.73078826435135","1","1.0","1.0","1.0"
"CURVE 1","0.08482080936747653","27.882569699234317","22.933883007648756","0.03828198257370375","0.12130670044552627","40.79799378621174","1","1.0","1.0","1.0"
"CURVE 1","0.08482080936747653","27.882569699234317","22.933883007648756","0.038415906263228085","0.12122508843739828","39.86766245998832","1","1.0","1.0","1.0"
"CURVE 1","0.08482080936747653","27.882569699234317","22.933883007648756","0.03854910921694628","0.12114276999857888","38.93976212635126","1","1.0","1.0","1.0"
"CURVE 1","0.08482080936747653","27.882569699234317","22.933883007648756","0.03868159349878036","0.12105977601672879","38.014215486907645","1","1.0","1.0","1.0"
"CURVE 1","0.08482080936747653","27.882569699234317","22.933883007648756","0.03881336117265236","0.12097613737950871","37.09090101818528","1","0.0","0.0","0.0"
"CURVE 1","0.08482080936747653","27.882569699234317","22.933883007648756","0.03894441430248432","0.12089188497457931","36.169653824373704","1","0.0","0.0","0.0"
"CURVE 1","0.08482080936747653","27.882569699234317","22.933883007648756","0.03907475495219824","0.1208070496896013","35.25026635742995","1","0.0","0.0","0.0"
"CURVE 1","0.08482080936747653","27.882569699234317","22.933883007648756","0.039204385185716166","0.12072166241223536","34.33248902645632","1","0.0","0.0","0.0"
"CURVE 1","0.08482080936747653","27.882569699234317","22.933883007648756","0.039333307066960116","0.12063575403014223","33.41603071602413","1","0.0","0.0","0.0"
"CURVE 1","0.08482080936747653","27.882569699234317","22.933883007648756","0.03946152265985214","0.1205493554309826","32.50055915253173","1","0.0","0.0","0.0"
"CURVE 1","0.08482080936747653","27.882569699234317","22.933883007648756","0.03958903402831424","0.12046249750241711","31.58570112985226","1","0.0","0.0","0.0"
"CURVE 1","0.08482080936747653","27.882569699234317","22.933883007648756","0.039715843236268464","0.1203752111321065","30.67104263967768","1","0.0","0.0","0.0"
"CURVE 1","0.08482080936747653","27.882569699234317","22.933883007648756","0.03984195234763682","0.12028752720771144","29.756128796427646","1","0.0","0.0","0.0"
"CURVE 1","0.08482080936747653","27.882569699234317","22.933883007648756","0.03996736342634135","0.12019947661689265","28.84046363434079","1","0.0","0.0","0.0"
"CURVE 1","0.08482080936747653","27.882569699234317","22.933883007648756","0.04009207853630408","0.12011109024731081","27.92350974051464","1","0.0","0.0","0.0"
"CURVE 1","0.08482080936747653","27.882569699234317","22.933883007648756","0.04021609974144704","0.12002239898662663","27.004687731900937","1","0.0","0.0","0.0"
"CURVE 1","0.08482080936747653","27.882569699234317","22.933883007648756","0.04033942910569225","0.11993343372250079","26.083375513342077","1","0.0","0.0","0.0"
"CURVE 1","0.08482080936747653","27.882569699234317","22.933883007648756","0.04046206869296174","0.119844225342594","25.15890739327186","1","0.0","0.0","0.0"
"CURVE 1","0.08482080936747653","27.882569699234317","22.933883007648756","0.040584020567177546","0.1197548047345669","24.23057297408939","1","0.0","0.0","0.0"
"CURVE 1","0.08482080936747653","27.882569699234317","22.933883007648756","0.04070528679226169","0.11966520278608027","23.297615848662716","1","0.0","0.0","0.0"
"CURVE 1","0.08482080936747653","27.882569699234317","22.933883007648756","0.0408258694321362","0.11957545038479478","22.359232084907564","1","0.0","0.0","0.0"
"CURVE 1","0.08482080936747653","27.882569699234317","22.933883007648756","0.04094577055072311","0.11948557841837111","21.41456847236755","1","0.0","0.0","0.0"
"CURVE 1","0.08482080936747653","27.882569699234317","22.933883007648756","0.041064992211944436","0.11939561777446994","20.462720537327236","1","0.0","0.0","0.0"
"CURVE 1","0.08482080936747653","27.882569699234317","22.933883007648756","0.04118353647972221","0.119305599340752","19.502730304502954","1","0.0","0.0","0.0"
"CURVE 1","0.08482080936747653","27.882569699234317","22.933883007648756","0.04130140541797847","0.11921555400487796","18.533583788009796","1","0.0","0.0","0.0"
"CURVE 1","0.08482080936747653","27.882569699234317","22.933883007648756","0.041418601090635235","0.11912551265450853","17.55420820797475","1","0.0","0.0","0.0"
"CURVE 1","0.08482080936747653","27.882569699234317","22.933883007648756","0.04153512556161454","0.1190355061773044","16.563468892755125","1","0.0","0.0","0.0"
"CURVE 1","0.08482080936747653","27.882569699234317","22.933883007648756","0.0416509808948384","0.11894556546092626","15.560165864243295","1","0.0","0.0","0.0"
"CURVE 1","0.08482080936747653","27.882569699234317","22.933883007648756","0.04176616915422886","0.11885572139303482","14.543030109410473","1","0.0","0.0","0.0"
"CURVE 1","0.08482080936747653","27.882569699234317","22.933883007648756","0.04188069304423546","0.11876599966590083","14.561468652619931","1","0.0","0.0","0.0"
"CURVE 1","0.08482080936747653","27.882569699234317","22.933883007648756","0.04199455783141787","0.11867640519023535","14.577392270832158","1","0.0","0.0","0.0"
"CURVE 1","0.08482080936747653","27.882569699234317","22.933883007648756","0.042107769422863255","0.11858693768135944","14.590747678015507","1","1.0","1.0","1.0"
"CURVE 1","0.08482080936747653","27.882569699234317","22.933883007648756","0.04222033372565881","0.11849759685459424","14.6014816430699","1","1.0","1.0","1.0"
"CURVE 1","0.08482080936747653","27.882569699234317","22.933883007648756","0.04233225664689172","0.1184083824252608","14.609541070162644","1","1.0","1.0","1.0"
"CURVE 1","0.08482080936747653","27.882569699234317","22.933883007648756","0.04244354409364918","0.11831929410868025","14.614873001121119","1","1.0","1.0","1.0"
"CURVE 1","0.08482080936747653","27.882569699234317","22.933883007648756","0.04255420197301835","0.11823033162017367","14.617424655329035","1","1.0","1.0","1.0"
"CURVE 1","0.08482080936747653","27.882569699234317","22.933883007648756","0.04266423619208644","0.11814149467506221","14.617143466305262","1","1.0","1.0","1.0"
"CURVE 1","0.08482080936747653","27.882569699234317","22.933883007648756","0.0427736526579406","0.11805278298866691","14.613977141716216","1","1.0","1.0","1.0"
"CURVE 1","0.08482080936747653","27.882569699234317","22.933883007648756","0.04288245727766805","0.1179641962763089","14.60787368409952","1","0.0","0.0","0.0"
"CURVE 1","0.08482080936747653","27.882569699234317","22.933883007648756","0.042990655958355946","0.11787573425330927","14.598781419830877","1","0.0","0.0","0.0"
"CURVE 1","0.08482080936747653","27.882569699234317","22.933883007648756","0.04309825460709149","0.11778739663498913","14.586649051886203","1","0.0","0.0","0.0"
"CURVE 1","0.08482080936747653","27.882569699234317","22.933883007648756","0.04320525913096185","0.11769918313666958","14.57142571330651","1","0.0","0.0","0.0"
"CURVE 1","0.08482080936747653","27.882569699234317","22.933883007648756","0.04331167543705422","0.1176110934736717","14.553060979801282","1","0.0","0.0","0.0"
"CURVE 1","0.08482080936747653","27.882569699234317","22.933883007648756","0.043417509432455786","0.1175231273613166","14.531504932541928","1","0.0","0.0","0.0"
"CURVE 1","0.08482080936747653","27.882569699234317","22.933883007648756","0.04352276702425373","0.11743528451492538","14.50670818692758","1","0.0","0.0","0.0"
"CURVE 1","0.08482080936747653","27.882569699234317","22.933883007648756","0.04362745411953523","0.11734756464981914","14.478621939934557","1","0.0","0.0","0.0"
"CURVE 1","0.08482080936747653","27.882569699234317","22.933883007648756","0.043731576625387465","0.11725996748131899","14.447198025402765","1","0.0","0.0","0.0"
"CURVE 1","0.08482080936747653","27.882569699234317","22.933883007648756","0.04383514044889762","0.11717249272474604","14.412388920578598","1","0.0","0.0","0.0"
"CURVE 1","0.08482080936747653","27.882569699234317","22.933883007648756","0.043938151497152904","0.11708514009542134","14.37414783139914","1","0.0","0.0","0.0"
"CURVE 1","0.08482080936747653","27.882569699234317","22.933883007648756","0.04404061567724047","0.11699790930866602","14.332428707395026","1","0.0","0.0","0.0"
"CURVE 1","0.08482080936747653","27.882569699234317","22.933883007648756","0.044142538896247516","0.1169108000798012","14.287186302781596","1","0.0","0.0","0.0"
"CURVE 1","0.08482080936747653","27.882569699234317","22.933883007648756","0.04424392706126123","0.11682381212414797","14.23837620032024","1","0.0","0.0","0.0"
"CURVE 1","0.08482080936747653","27.882569699234317","22.933883007648756","0.04434478607936878","0.11673694515702739","14.185954881515475","1","0.0","0.0","0.0"
"CURVE 1","0.08482080936747653","27.882569699234317","22.933883007648756","0.04444512185765737","0.11665019889376058","14.129879745596412","1","0.0","0.0","0.0"
"CURVE 1","0.08482080936747653","27.882569699234317","22.933883007648756","0.04454494030321416","0.11656357304966866","14.070109163472091","1","0.0","0.0","0.0"
"CURVE 1","0.08482080936747653","27.882569699234317","22.933883007648756","0.04464424732312634","0.11647706734007272","14.006602529101222","1","0.0","0.0","0.0"
"CURVE 1","0.08482080936747653","27.882569699234317","22.933883007648756","0.04474304882448111","0.11639068148029384","13.939320299924576","1","0.0","0.0","0.0"
"CURVE 1","0.08482080936747653","27.882569699234317","22.933883007648756","0.04484135071436564","0.11630441518565314","13.868224028454827","1","0.0","0.0","0.0"
"CURVE 1","0.08482080936747653","27.882569699234317","22.933883007648756","0.044939158899867125","0.11621826817147174","13.793276414564328","1","0.0","0.0","0.0"
"CURVE 1","0.08482080936747653","27.882569699234317","22.933883007648756","0.04503647928807273","0.11613224015307072","13.71444136078713","1","0.0","0.0","0.0"
"CURVE 1","0.08482080936747653","27.882569699234317","22.933883007648756","0.045133317786069646","0.11604633084577114","13.631684004250877","1","0.0","0.0","0.0"
"CURVE 1","0.08482080936747653","27.882569699234317","22.933883007648756","0.04522968030094506","0.11596053996489415","13.544970754022925","1","0.0","0.0","0.0"
"CURVE 1","0.08482080936747653","27.882569699234317","22.933883007648756","0.04532557273978617","0.11587486722576086","13.454269346931824","1","0.0","0.0","0.0"
"CURVE 1","0.08482080936747653","27.882569699234317","22.933883007648756","0.04542100100968014","0.1157893123436923","13.359548886698516","1","0.0","0.0","0.0"
"CURVE 1","0.08482080936747653","27.882569699234317","22.933883007648756","0.04551597101771416","0.11570387503400963","13.260779878426126","1","0.0","0.0","0.0"
"CURVE 1","0.08482080936747653","27.882569699234317","22.933883007648756","0.04561048867097541","0.11561855501203394","13.157934289584551","1","0.0","0.0","0.0"
"CURVE 1","0.08482080936747653","27.882569699234317","22.933883007648756","0.04570455987655108","0.11553335199308631","13.050985562045579","1","0.0","0.0","0.0"
"CURVE 1","0.08482080936747653","27.882569699234317","22.933883007648756","0.045798190541528346","0.11544826569248787","12.939908684585873","1","0.0","0.0","0.0"
"CURVE 1","0.08482080936747653","27.882569699234317","22.933883007648756","0.045891386572994394","0.11536329582555971","12.82468022519895","1","0.0","0.0","0.0"
"CURVE 1","0.08482080936747653","27.882569699234317","22.933883007648756","0.045984153878036414","0.11527844210762289","12.705278347066718","1","0.0","0.0","0.0"
"CURVE 1","0.08482080936747653","27.882569699234317","22.933883007648756","0.04607649836374159","0.11519370425399857","12.581682877651636","1","0.0","0.0","0.0"
"CURVE 1","0.08482080936747653","27.882569699234317","22.933883007648756","0.046168425937197104","0.11510908198000779","12.453875337861694","1","0.0","0.0","0.0"
"CURVE 1","0.08482080936747653","27.882569699234317","22.933883007648756","0.04625994250549012","0.1150245750009717","12.32183898102022","1","0.0","0.0","0.0"
"CURVE 1","0.08482080936747653","27.882569699234317","22.933883007648756","0.046351053975707844","0.11494018303221137","12.185558821586014","1","1.0","1.0","1.0"
"CURVE 1","0.08482080936747653","27.882569699234317","22.933883007648756","0.04644176625493746","0.11485590578904792","12.045021679589015","1","1.0","1.0","1.0"
"CURVE 1","0.08482080936747653","27.882569699234317","22.933883007648756","0.04653208525026615","0.11477174298680243","11.900216229586327","1","1.0","1.0","1.0"
"CURVE 1","0.08482080936747653","27.882569699234317","22.933883007648756","0.04662201686878109","0.11468769434079602","11.751132999487046","1","1.0","1.0","1.0"
"CURVE 1","0.08482080936747653","27.882569699234317","22.933883007648756","0.04671156701756946","0.11460375956634977","11.597764450769716","1","1.0","1.0","1.0"
"CURVE 1","0.08482080936747653","27.882569699234317","22.933883007648756","0.046800741603718464","0.11451993837878478","11.440104975976329","1","1.0","1.0","1.0"
"CURVE 1","0.08482080936747653","27.882569699234317","22.933883007648756","0.04688954653431527","0.11443623049342218","11.278150946301256","1","1.0","1.0","1.0"
"CURVE 1","0.08482080936747653","27.882569699234317","22.933883007648756","0.04697798771644706","0.11435263562558302","11.111900738550577","1","1.0","1.0","1.0"
"CURVE 1","0.08482080936747653","27.882569699234317","22.933883007648756","0.04706607105720103","0.11426915349058846","10.941354774470186","1","1.0","1.0","1.0"
"CURVE 1","0.08482080936747653","27.882569699234317","22.933883007648756","0.04715380246366435","0.11418578380375953","10.766515539094215","1","1.0","1.0","1.0"
"CURVE 1","0.08482080936747653","27.882569699234317","22.933883007648756","0.04724118784292421","0.11410252628041738","10.587387617715917","1","1.0","1.0","1.0"
"CURVE 1","0.08482080936747653","27.882569699234317","22.933883007648756","0.04732823310206778","0.11401938063588309","10.403977703552732","1","1.0","1.0","1.0"
"CURVE 1","0.08482080936747653","27.882569699234317","22.933883007648756","0.04741494414818227","0.11393634658547776","10.216294659938296","1","0.0","0.0","0.0"
"CURVE 1","0.08482080936747653","27.882569699234317","22.933883007648756","0.04750132688835485","0.1138534238445225","10.024349515289567","1","0.0","0.0","0.0"
"CURVE 1","0.08482080936747653","27.882569699234317","22.933883007648756","0.04758738722967271","0.11377061212833842","9.828155494742328","1","0.0","0.0","0.0"
"CURVE 1","0.08482080936747653","27.882569699234317","22.933883007648756","0.047673131079223025","0.11368791115224659","9.627728042405787","1","0.0","0.0","0.0"
"CURVE 1","0.08482080936747653","27.882569699234317","22.933883007648756","0.04775856434409297","0.11360532063156811","9.423084847004406","1","0.0","0.0","0.0"
"CURVE 1","0.08482080936747653","27.882569699234317","22.933883007648756","0.04784369293136976","0.11352284028162411","9.214245860533897","1","0.0","0.0","0.0"
"CURVE 1","0.08482080936747653","27.882569699234317","22.933883007648756","0.04792852274814056","0.11344046981773567","9.001233305284797","1","0.0","0.0","0.0"
"CURVE 1","0.08482080936747653","27.882569699234317","22.933883007648756","0.04801305970149254","0.11335820895522389","8.78407171507464","1","0.0","0.0","0.0"
"CURVE 1","0.08482080936747653","27.882569699234317","22.933883007648756","0.048097309698512905","0.11327605740940988","8.562787925259524","1","0.0","0.0","0.0"
"CURVE 1","0.08482080936747653","27.882569699234317","22.933883007648756","0.048181278646288815","0.11319401489561472","8.33741109927395","1","0.0","0.0","0.0"
"CURVE 1","0.08482080936747653","27.882569699234317","22.933883007648756","0.04826497245190748","0.11311208112915952","8.107972749447551","1","0.0","0.0","0.0"
"CURVE 1","0.08482080936747653","27.882569699234317","22.933883007648756","0.04834839702245608","0.11303025582536537","7.874506729145246","1","0.0","0.0","0.0"
"CURVE 1","0.08482080936747653","27.882569699234317","22.933883007648756","0.04843155826502179","0.11294853869955339","7.6370492636336405","1","0.0","0.0","0.0"
"CURVE 1","0.08482080936747653","27.882569699234317","22.933883007648756","0.04851446208669178","0.11286692946704466","7.395638931137324","1","0.0","0.0","0.0"
"CURVE 1","0.08482080936747653","27.882569699234317","22.933883007648756","0.04859711439455326","0.11278542784316031","7.150316710958273","1","0.0","0.0","0.0"
"CURVE 1","0.08482080936747653","27.882569699234317","22.933883007648756","0.04867952109569341","0.11270403354322141","6.90112594628269","1","0.0","0.0","0.0"
"CURVE 1","0.08482080936747653","27.882569699234317","22.933883007648756","0.048761688097199406","0.11262274628254906","6.648112378258219","1","0.0","0.0","0.0"
"CURVE 1","0.08482080936747653","27.882569699234317","22.933883007648756","0.04884362130615842","0.11254156577646439","6.39132412659347","1","0.0","0.0","0.0"
"CURVE 1","0.08482080936747653","27.882569699234317","22.933883007648756","0.04892532662965765","0.11246049174028845","6.130811707713029","1","0.0","0.0","0.0"
"CURVE 1","0.08482080936747653","27.882569699234317","22.933883007648756","0.049006809974784286","0.11237952388934237","5.866628033020808","1","0.0","0.0","0.0"
"CURVE 1","0.08482080936747653","27.882569699234317","22.933883007648756","0.049088077248625496","0.11229866193894723","5.598828381831179","1","0.0","0.0","0.0"
"CURVE 1","0.08482080936747653","27.882569699234317","22.933883007648756","0.049169134358268474","0.11221790560442417","5.327470421983061","1","0.0","0.0","0.0"
"CURVE 1","0.08482080936747653","27.882569699234317","22.933883007648756","0.0492499872108004","0.11213725460109428","5.05261420399248","1","0.0","0.0","0.0"
"CURVE 1","0.08482080936747653","27.882569699234317","22.933883007648756","0.04933064171330846","0.11205670864427862","4.774322140829065","1","0.0","0.0","0.0"
"CURVE 1","0.08482080936747653","27.882569699234317","22.933883007648756","0.04941110377287984","0.11197626744929833","4.49265900692148","1","0.0","0.0","0.0"
"CURVE 1","0.08482080936747653","27.882569699234317","22.933883007648756","0.04949137929660172","0.11189593073147448","4.207691902777831","1","0.0","0.0","0.0"
"CURVE 1","0.08482080936747653","27.882569699234317","22.933883007648756","0.04957147419156127","0.11181569820612819","3.9194902962495193","1","0.0","0.0","0.0"
"CURVE 1","0.08482080936747653","27.882569699234317","22.933883007648756","0.049651394364845704","0.11173556958858055","3.6281259495319724","1","0.0","0.0","0.0"
"CURVE 1","0.08482080936747653","27.882569699234317","22.933883007648756","0.04973114572354218","0.11165554459415265","3.3336729383676906","1","0.0","0.0","0.0"
"CURVE 1","0.08482080936747653","27.882569699234317","22.933883007648756","0.049810734174737886","0.11157562293816563","3.0362076093584203","1","0.0","0.0","0.0"
"CURVE 1","0.08482080936747653","27.882569699234317","22.933883007648756","0.049890165625520025","0.11149580433594056","2.7358085789493556","1","0.0","0.0","0.0"
"CURVE 1","0.08482080936747653","27.882569699234317","22.933883007648756","0.04996944598297576","0.11141608850279852","2.432556720854972","1","0.0","0.0","0.0"
"CURVE 1","0.08482080936747653","27.882569699234317","22.933883007648756","0.05004858115419228","0.11133647515406064","2.126535096215237","1","0.0","0.0","0.0"
"CURVE 1","0.08482080936747653","27.882569699234317","22.933883007648756","0.05012757704625677","0.111256964005048","1.8178289620330597","1","0.0","0.0","0.0"
"CURVE 1","0.08482080936747653","27.882569699234317","22.933883007648756","0.050206439566256415","0.11117755477108174","1.5065257634885196","1","0.0","0.0","0.0"
"CURVE 1","0.08482080936747653","27.882569699234317","22.933883007648756","0.050285174621278385","0.11109824716748291","1.1927150360568122","1","0.0","0.0","0.0"
"CURVE 1","0.08482080936747653","27.882569699234317","22.933883007648756","0.050363788118409886","0.11101904090957265","0.8764884580713233","1","0.0","0.0","0.0"
"CURVE 1","0.08482080936747653","27.882569699234317","22.933883007648756","0.05044228596473809","0.11093993571267201","0.5579397406618947","1","0.0","0.0","0.0"
"CURVE 1","0.08482080936747653","27.882569699234317","22.933883007648756","0.050520674067350176","0.11086093129210214","0.2371646487580755","1","0.0","0.0","0.0"
"CURVE 1","0.08482080936747653","27.882569699234317","22.933883007648756","0.050598958333333346","0.11078202736318409","0.08573907942324664","-1","0.0","0.0","0.0"
"CURVE 1","0.08482080936747653","27.882569699234317","22.933883007648756","0.050677144669774764","0.110703223641239","0.41067174118281285","-1","0.0","0.0","0.0"
"CURVE 1","0.08482080936747653","27.882569699234317","22.933883007648756","0.050755238983761615","0.11062451984158796","0.7375317188744636","-1","0.0","0.0","0.0"
"CURVE 1","0.08482080936747653","27.882569699234317","22.933883007648756","0.0508332471823811","0.11054591567955208","1.0662155403833784","-1","0.0","0.0","0.0"
"CURVE 1","0.08482080936747653","27.882569699234317","22.933883007648756","0.05091117517272039","0.11046741087045243","1.3966179167150496","-1","0.0","0.0","0.0"
"CURVE 1","0.08482080936747653","27.882569699234317","22.933883007648756","0.050989028861866674","0.11038900512961013","1.728631766669986","-1","0.0","0.0","0.0"
"CURVE 1","0.08482080936747653","27.882569699234317","22.933883007648756","0.05106681415690712","0.11031069817234627","2.0621483017610993","-1","0.0","0.0","0.0"
"CURVE 1","0.08482080936747653","27.882569699234317","22.933883007648756","0.05114453696492893","0.11023248971398197","2.3970570507405586","-1","0.0","0.0","0.0"
"CURVE 1","0.08482080936747653","27.882569699234317","22.933883007648756","0.05122220319301928","0.11015437946983832","2.7332459559359683","-1","0.0","0.0","0.0"
"CURVE 1","0.08482080936747653","27.882569699234317","22.933883007648756","0.05129981874826537","0.1100763671552364","3.070601356702141","-1","0.0","0.0","0.0"
"CURVE 1","0.08482080936747653","27.882569699234317","22.933883007648756","0.05137738953775436","0.10999845248549733","3.4090081176307367","-1","0.0","0.0","0.0"
"CURVE 1","0.08482080936747653","27.882569699234317","22.933883007648756","0.05145492146857343","0.10992063517594218","3.748349656041687","-1","0.0","0.0","0.0"
"CURVE 1","0.08482080936747653","27.882569699234317","22.933883007648756","0.051532420447809785","0.1098429149418921","4.088508007524468","-1","0.0","0.0","0.0"
"CURVE 1","0.08482080936747653","27.882569699234317","22.933883007648756","0.0516098923825506","0.10976529149866816","4.429363900231395","-1","0.0","0.0","0.0"
"CURVE 1","0.08482080936747653","27.882569699234317","22.933883007648756","0.05168734317988306","0.10968776456159146","4.770796801028317","-1","0.0","0.0","0.0"
"CURVE 1","0.08482080936747653","27.882569699234317","22.933883007648756","0.05176477874689435","0.10961033384598311","5.112685008888646","-1","0.0","0.0","0.0"
"CURVE 1","0.08482080936747653","27.882569699234317","22.933883007648756","0.051842204990671645","0.10953299906716418","5.454905700376375","-1","0.0","0.0","0.0"
"CURVE 1","0.08482080936747653","27.882569699234317","22.933883007648756","0.051919627818302144","0.10945575994045581","5.7973350252995255","-1","0.0","0.0","0.0"
"CURVE 1","0.08482080936747653","27.882569699234317","22.933883007648756","0.051997053136873014","0.10937861618117907","6.139848167235313","-1","0.0","0.0","0.0"
"CURVE 1","0.08482080936747653","27.882569699234317","22.933883007648756","0.052074486853471456","0.10930156750465508","6.482319420520535","-1","0.0","0.0","0.0"
"CURVE 1","0.08482080936747653","27.882569699234317","22.933883007648756","0.05215193487518464","0.10922461362620492","6.824622256401562","-1","0.0","0.0","0.0"
"CURVE 1","0.08482080936747653","27.882569699234317","22.933883007648756","0.05222940310909975","0.1091477542611497","7.1666294416594924","-1","0.0","0.0","0.0"
"CURVE 1","0.08482080936747653","27.882569699234317","22.933883007648756","0.052306897462303964","0.10907098912481053","7.5082130723735245","-1","0.0","0.0","0.0"
"CURVE 1","0.08482080936747653","27.882569699234317","22.933883007648756","0.052384423841884485","0.10899431793250848","7.849244692238919","-1","0.0","0.0","0.0"
"CURVE 1","0.08482080936747653","27.882569699234317","22.933883007648756","0.052461988154928495","0.10891774039956469","8.189595352170153","-1","0.0","0.0","0.0"
"CURVE 1","0.08482080936747653","27.882569699234317","22.933883007648756","0.05253959630852316","0.10884125624130021","8.529135717176631","-1","0.0","0.0","0.0"
"CURVE 1","0.08482080936747653","27.882569699234317","22.933883007648756","0.05261725420975567","0.10876486517303618","8.867736155163122","-1","0.0","0.0","0.0"
"CURVE 1","0.08482080936747653","27.882569699234317","22.933883007648756","0.05269496776571322","0.1086885669100937","9.205266792313973","-1","0.0","0.0","0.0"
"CURVE 1","0.08482080936747653","27.882569699234317","22.933883007648756","0.05277274288348298","0.10861236116779385","9.541597650678218","-1","0.0","0.0","0.0"
"CURVE 1","0.08482080936747653","27.882569699234317","22.933883007648756","0.05285058547015214","0.10853624766145774","9.876598708837074","-1","0.0","0.0","0.0"
"CURVE 1","0.08482080936747653","27.882569699234317","22.933883007648756","0.05292850143280788","0.10846022610640646","10.210140003502326","-1","0.0","0.0","0.0"
"CURVE 1","0.08482080936747653","27.882569699234317","22.933883007648756","0.05300649667853741","0.10838429621796111","10.542091744936853","-1","0.0","0.0","0.0"
"CURVE 1","0.08482080936747653","27.882569699234317","22.933883007648756","0.053084577114427864","0.10830845771144279","10.872324361114199","-1","0.0","0.0","0.0"
"CURVE 1","0.08482080936747653","27.882569699234317","22.933883007648756","0.05316274742581952","0.10823271039706557","10.805554841456997","-1","0.0","0.0","0.0"
"CURVE 1","0.08482080936747653","27.882569699234317","22.933883007648756","0.0532410074110648","0.10815705446461539","10.739227922632999","-1","0.0","0.0","0.0"
"CURVE 1","0.08482080936747653","27.882569699234317","22.933883007648756","0.05331935564676921","0.10808149019877115","10.673338540001014","-1","0.0","0.0","0.0"
"CURVE 1","0.08482080936747653","27.882569699234317","22.933883007648756","0.05339779070953825","0.10800601788421174","10.607881656212689","-1","0.0","0.0","0.0"
"CURVE 1","0.08482080936747653","27.882569699234317","22.933883007648756","0.05347631117597742","0.10793063780561607","10.542852279447873","-1","0.0","0.0","0.0"
"CURVE 1","0.08482080936747653","27.882569699234317","22.933883007648756","0.0535549156226922","0.10785535024766305","10.478245430435292","-1","0.0","0.0","0.0"
"CURVE 1","0.08482080936747653","27.882569699234317","22.933883007648756","0.053633602626288114","0.10778015549503155","10.414056174198727","-1","0.0","0.0","0.0"
"CURVE 1","0.08482080936747653","27.882569699234317","22.933883007648756","0.053712370763370654","0.10770505383240049","10.350279589358049","-1","0.0","0.0","0.0"
"CURVE 1","0.08482080936747653","27.882569699234317","22.933883007648756","0.053791218610545304","0.10763004554444879","10.286910796915551","-1","0.0","0.0","0.0"
"CURVE 1","0.08482080936747653","27.882569699234317","22.933883007648756","0.05387014474441757","0.10755513091585531","10.223944946911704","-1","0.0","0.0","0.0"
"CURVE 1","0.08482080936747653","27.882569699234317","22.933883007648756","0.05394914774159296","0.10748031023129895","10.161377201140667","-1","0.0","0.0","0.0"
"CURVE 1","0.08482080936747653","27.882569699234317","22.933883007648756","0.05402822617867693","0.10740558377545864","10.09920276804064","-1","0.0","0.0","0.0"
"CURVE 1","0.08482080936747653","27.882569699234317","22.933883007648756","0.05410737863227503","0.10733095183301328","10.037416871932749","-1","0.0","0.0","0.0"
"CURVE 1","0.08482080936747653","27.882569699234317","22.933883007648756","0.05418660367899274","0.10725641468864175","9.976014760585409","-1","0.0","0.0","0.0"
"CURVE 1","0.08482080936747653","27.882569699234317","22.933883007648756","0.05426589989543555","0.10718197262702296","9.91499172476352","-1","0.0","0.0","0.0"
"CURVE 1","0.08482080936747653","27.882569699234317","22.933883007648756","0.05434526585820896","0.10710762593283582","9.854343057241719","-1","0.0","0.0","0.0"
"CURVE 1","0.08482080936747653","27.882569699234317","22.933883007648756","0.054424700143918474","0.10703337489075922","9.794064091009343","-1","0.0","0.0","0.0"
"CURVE 1","0.08482080936747653","27.882569699234317","22.933883007648756","0.05450420132916959","0.10695921978547206","9.73415019189513","-1","0.0","0.0","0.0"
"CURVE 1","0.08482080936747653","27.882569699234317","22.933883007648756","0.0545837679905678","0.10688516090165325","9.67459672878804","-1","0.0","0.0","0.0"
"CURVE 1","0.08482080936747653","27.882569699234317","22.933883007648756","0.054663398704718605","0.10681119852398166","9.615399102571397","-1","0.0","0.0","0.0"
"CURVE 1","0.08482080936747653","27.882569699234317","22.933883007648756","0.0547430920482275","0.10673733293713622","9.556552741223873","-1","0.0","0.0","0.0"
"CURVE 1","0.08482080936747653","27.882569699234317","22.933883007648756","0.05482284659769998","0.10666356442579585","9.498053095808915","-1","0.0","0.0","0.0"
"CURVE 1","0.08482080936747653","27.882569699234317","22.933883007648756","0.05490266092974156","0.1065898932746394","9.439895630765214","-1","0.0","0.0","0.0"
"CURVE 1","0.08482080936747653","27.882569699234317","22.933883007648756","0.054982533620957716","0.1065163197683458","9.38207584225713","-1","0.0","0.0","0.0"
"CURVE 1","0.08482080936747653","27.882569699234317","22.933883007648756","0.055062463247953955","0.10644284419159393","9.32458924366442","-1","0.0","0.0","0.0"
"CURVE 1","0.08482080936747653","27.882569699234317","22.933883007648756","0.05514244838733579","0.10636946682906272","9.267431360435104","-1","0.0","0.0","0.0"
"CURVE 1","0.08482080936747653","27.882569699234317","22.933883007648756","0.0552224876157087","0.10629618796543104","9.21059774847252","-1","0.0","0.0","0.0"
"CURVE 1","0.08482080936747653","27.882569699234317","22.933883007648756","0.055302579509678186","0.10622300788537782","9.154083993366621","-1","0.0","0.0","0.0"
"CURVE 1","0.08482080936747653","27.882569699234317","22.933883007648756","0.05538272264584974","0.10614992687358195","9.09788567515318","-1","0.0","0.0","0.0"
"CURVE 1","0.08482080936747653","27.882569699234317","22.933883007648756","0.05546291560082887","0.10607694521472232","9.041998395570703","-1","0.0","0.0","0.0"
"CURVE 1","0.08482080936747653","27.882569699234317","22.933883007648756","0.05554315695122107","0.10600406319347784","8.986417798806674","-1","0.0","0.0","0.0"
"CURVE 1","0.08482080936747653","27.882569699234317","22.933883007648756","0.05562344527363185","0.10593128109452737","8.931139522604544","-1","0.0","0.0","0.0"
"CURVE 1","0.08482080936747653","27.882569699234317","22.933883007648756","0.05570377914466668","0.10585859920254989","8.876159228979974","-1","0.0","0.0","0.0"
"CURVE 1","0.08482080936747653","27.882569699234317","22.933883007648756","0.055784157140931094","0.10578601780222426","8.82147259709398","-1","0.0","0.0","0.0"
"CURVE 1","0.08482080936747653","27.882569699234317","22.933883007648756","0.05586457783903056","0.10571353717822936","8.76707532099161","-1","0.0","0.0","0.0"
"CURVE 1","0.08482080936747653","27.882569699234317","22.933883007648756","0.055945039815570585","0.1056411576152441","8.712963102766746","-1","0.0","0.0","0.0"
"CURVE 1","0.08482080936747653","27.882569699234317","22.933883007648756","0.056025541647156674","0.1055688793979474","8.659131680898314","-1","0.0","0.0","0.0"
"CURVE 1","0.08482080936747653","27.882569699234317","22.933883007648756","0.05610608191039432","0.10549670281101815","8.605576768323708","-1","0.0","0.0","0.0"
"CURVE 1","0.08482080936747653","27.882569699234317","22.933883007648756","0.056186659181889025","0.10542462813913527","8.552294133562143","-1","0.0","0.0","0.0"
"CURVE 1","0.08482080936747653","27.882569699234317","22.933883007648756","0.05626727203824627","0.10535265566697763","8.499279541754671","-1","0.0","0.0","0.0"
"CURVE 1","0.08482080936747653","27.882569699234317","22.933883007648756","0.05634791905607157","0.10528078567922414","8.446528753189277","-1","0.0","0.0","0.0"
"CURVE 1","0.08482080936747653","27.882569699234317","22.933883007648756","0.05642859881197042","0.1052090184605537","8.394037573541533","-1","0.0","0.0","0.0"
"CURVE 1","0.08482080936747653","27.882569699234317","22.933883007648756","0.05650930988254832","0.10513735429564519","8.34180178728591","-1","0.0","0.0","0.0"
"CURVE 1","0.08482080936747653","27.882569699234317","22.933883007648756","0.05659005084441075","0.10506579346917756","8.289817198112424","-1","0.0","0.0","0.0"
"CURVE 1","0.08482080936747653","27.882569699234317","22.933883007648756","0.05667082027416324","0.10499433626582967","8.238079632010738","-1","0.0","0.0","0.0"
"CURVE 1","0.08482080936747653","27.882569699234317","22.933883007648756","0.05675161674841126","0.10492298297028045","8.186584916488778","-1","0.0","0.0","0.0"
"CURVE 1","0.08482080936747653","27.882569699234317","22.933883007648756","0.056832438843760325","0.10485173386720877","8.1353288860936","-1","0.0","0.0","0.0"
"CURVE 1","0.08482080936747653","27.882569699234317","22.933883007648756","0.056913285136815914","0.10478058924129355","8.084307371478287","-1","0.0","0.0","0.0"
"CURVE 1","0.08482080936747653","27.882569699234317","22.933883007648756","0.05699415420418354","0.10470954937721366","8.033516230722343","-1","0.0","0.0","0.0"
"CURVE 1","0.08482080936747653","27.882569699234317","22.933883007648756","0.057075044622468714","0.10463861455964805","7.982951331032693","-1","0.0","0.0","0.0"
"CURVE 1","0.08482080936747653","27.882569699234317","22.933883007648756","0.057155954968276905","0.10456778507327559","7.932608529513021","-1","0.0","0.0","0.0"
"CURVE 1","0.08482080936747653","27.882569699234317","22.933883007648756","0.057236883818213624","0.10449706120277519","7.8824836696024665","-1","0.0","0.0","0.0"
"CURVE 1","0.08482080936747653","27.882569699234317","22.933883007648756","0.057317829748884365","0.10442644323282575","7.832572646101802","-1","0.0","0.0","0.0"
"CURVE 1","0.08482080936747653","27.882569699234317","22.933883007648756","0.05739879133689463","0.10435593144810615","7.782871338262078","-1","0.0","0.0","0.0"
"CURVE 1","0.08482080936747653","27.882569699234317","22.933883007648756","0.05747976715884991","0.1042855261332953","7.733375610753273","-1","0.0","0.0","0.0"
"CURVE 1","0.08482080936747653","27.882569699234317","22.933883007648756","0.057560755791355715","0.10421522757307213","7.68408135079143","-1","0.0","0.0","0.0"
"CURVE 1","0.08482080936747653","27.882569699234317","22.933883007648756","0.05764175581101755","0.10414503605211552","7.634984436289655","-1","0.0","0.0","0.0"
"CURVE 1","0.08482080936747653","27.882569699234317","22.933883007648756","0.05772276579444088","0.10407495185510436","7.586080759695104","-1","0.0","0.0","0.0"
"CURVE 1","0.08482080936747653","27.882569699234317","22.933883007648756","0.05780378431823124","0.10400497526671755","7.537366200460026","-1","0.0","0.0","0.0"
"CURVE 1","0.08482080936747653","27.882569699234317","22.933883007648756","0.0578848099589941","0.10393510657163402","7.488836633442863","-1","0.0","0.0","0.0"
"CURVE 1","0.08482080936747653","27.882569699234317","22.933883007648756","0.057965841293334965","0.10386534605453264","7.440487952832413","-1","0.0","0.0","0.0"
"CURVE 1","0.08482080936747653","27.882569699234317","22.933883007648756","0.05804687689785933","0.10379569400009231","7.3923160298942605","-1","0.0","0.0","0.0"
"CURVE 1","0.08482080936747653","27.882569699234317","22.933883007648756","0.058127915349172714","0.10372615069299196","7.3443167447803726","-1","0.0","0.0","0.0"
"CURVE 1","0.08482080936747653","27.882569699234317","22.933883007648756","0.058208955223880594","0.10365671641791045","7.296485978535553","-1","0.0","0.0","0.0"
"CURVE 1","0.08482080936747653","27.882569699234317","22.933883007648756","0.05828999509858848","0.10358739145952671","7.248819595854052","-1","0.0","0.0","0.0"
"CURVE 1","0.08482080936747653","27.882569699234317","22.933883007648756","0.05837103354990186","0.10351817610251964","7.201313449778266","-1","0.0","0.0","0.0"
"CURVE 1","0.08482080936747653","27.882569699234317","22.933883007648756","0.05845206915442624","0.10344907063156811","7.153963409561124","-1","0.0","0.0","0.0"
"CURVE 1","0.08482080936747653","27.882569699234317","22.933883007648756","0.05853310048876711","0.10338007533135107","7.1067653308284955","-1","0.0","0.0","0.0"
"CURVE 1","0.08482080936747653","27.882569699234317","22.933883007648756","0.058614126129529966","0.10331119048654738","7.059715051850395","-1","0.0","0.0","0.0"
"CURVE 1","0.08482080936747653","27.882569699234317","22.933883007648756","0.05869514465332031","0.10324241638183594","7.012808406624297","-1","0.0","0.0","0.0"
"CURVE 1","0.08482080936747653","27.882569699234317","22.933883007648756","0.05877615463674365","0.10317375330189567","6.966041222262482","-1","0.0","0.0","0.0"
"CURVE 1","0.08482080936747653","27.882569699234317","22.933883007648756","0.05885715465640547","0.10310520153140547","6.919409325084471","-1","0.0","0.0","0.0"
"CURVE 1","0.08482080936747653","27.882569699234317","22.933883007648756","0.058938143288911275","0.10303676135504423","6.872908516852873","-1","0.0","0.0","0.0"
"CURVE 1","0.08482080936747653","27.882569699234317","22.933883007648756","0.05901911911086656","0.10296843305749087","6.8265345724358895","-1","0.0","0.0","0.0"
"CURVE 1","0.08482080936747653","27.882569699234317","22.933883007648756","0.059100080698876824","0.10290021692342427","6.780283287482893","-1","0.0","0.0","0.0"
"CURVE 1","0.08482080936747653","27.882569699234317","22.933883007648756","0.05918102662954758","0.10283211323752332","6.734150440929781","-1","0.0","0.0","0.0"
"CURVE 1","0.08482080936747653","27.882569699234317","22.933883007648756","0.05926195547948429","0.10276412228446695","6.688131764262528","-1","0.0","0.0","0.0"
"CURVE 1","0.08482080936747653","27.882569699234317","22.933883007648756","0.05934286582529248","0.10269624434893403","6.642223013550793","-1","0.0","0.0","0.0"
"CURVE 1","0.08482080936747653","27.882569699234317","22.933883007648756","0.059423756243577645","0.1026284797156035","6.596419895414374","-1","0.0","0.0","0.0"
"CURVE 1","0.08482080936747653","27.882569699234317","22.933883007648756","0.059504625310945275","0.10256082866915422","6.550718113910139","-1","0.0","0.0","0.0"
"CURVE 1","0.08482080936747653","27.882569699234317","22.933883007648756","0.059585471604000864","0.10249329149426513","6.505113363427687","-1","0.0","0.0","0.0"
"CURVE 1","0.08482080936747653","27.882569699234317","22.933883007648756","0.059666293699349934","0.10242586847561509","6.4596012904316416","-1","0.0","0.0","0.0"
"CURVE 1","0.08482080936747653","27.882569699234317","22.933883007648756","0.05974709017359796","0.10235855989788303","6.414177562202525","-1","0.0","0.0","0.0"
"CURVE 1","0.08482080936747653","27.882569699234317","22.933883007648756","0.05982785960335044","0.10229136604574782","6.368837781864759","-1","0.0","0.0","0.0"
"CURVE 1","0.08482080936747653","27.882569699234317","22.933883007648756","0.05990860056521289","0.1022242872038884","6.3235775596040735","-1","0.0","0.0","0.0"
"CURVE 1","0.08482080936747653","27.882569699234317","22.933883007648756","0.059989311635790785","0.10215732365698364","6.2783924744164725","-1","0.0","0.0","0.0"
"CURVE 1","0.08482080936747653","27.882569699234317","22.933883007648756","0.06006999139168963","0.10209047568971244","6.233278074589399","-1","0.0","0.0","0.0"
"CURVE 1","0.08482080936747653","27.882569699234317","22.933883007648756","0.06015063840951493","0.10202374358675373","6.18822987553161","-1","0.0","0.0","0.0"
"CURVE 1","0.08482080936747653","27.882569699234317","22.933883007648756","0.060231251265872185","0.10195712763278639","6.143243388800333","-1","0.0","0.0","0.0"
"CURVE 1","0.08482080936747653","27.882569699234317","22.933883007648756","0.060311828537366885","0.1018906281124893","6.098314080202474","-1","0.0","0.0","0.0"
"CURVE 1","0.08482080936747653","27.882569699234317","22.933883007648756","0.06039236880060453","0.10182424531054142","6.053437397378086","-1","0.0","0.0","0.0"
"CURVE 1","0.08482080936747653","27.882569699234317","22.933883007648756","0.060472870632190624","0.10175797951162159","6.008608729526537","-1","0.0","0.0","0.0"
"CURVE 1","0.08482080936747653","27.882569699234317","22.933883007648756","0.060553332608730644","0.10169183100040873","5.963823466563102","-1","0.0","0.0","0.0"
"CURVE 1","0.08482080936747653","27.882569699234317","22.933883007648756","0.06063375330683011","0.10162580006158174","5.919076969418089","-1","0.0","0.0","0.0"
"CURVE 1","0.08482080936747653","27.882569699234317","22.933883007648756","0.06071413130309452","0.10155988697981952","5.874364527712311","-1","0.0","0.0","0.0"
"CURVE 1","0.08482080936747653","27.882569699234317","22.933883007648756","0.060794465174129356","0.10149409203980099","5.8296814178543075","-1","0.0","0.0","0.0"
"CURVE 1","0.08482080936747653","27.882569699234317","22.933883007648756","0.06087475349654013","0.10142841552620505","5.785022884341538","-1","0.0","0.0","0.0"
"CURVE 1","0.08482080936747653","27.882569699234317","22.933883007648756","0.060954994846932335","0.10136285772371055","5.740384118786437","-1","0.0","0.0","0.0"
"CURVE 1","0.08482080936747653","27.882569699234317","22.933883007648756","0.061035187801911465","0.10129741891699644","5.695760279464073","-1","0.0","0.0","0.0"
"CURVE 1","0.08482080936747653","27.882569699234317","22.933883007648756","0.06111533093808302","0.10123209939074161","5.65114649495456","-1","0.0","0.0","0.0"
"CURVE 1","0.08482080936747653","27.882569699234317","22.933883007648756","0.0611954228320525","0.10116689942962495","5.60653783083662","-1","0.0","0.0","0.0"
"CURVE 1","0.08482080936747653","27.882569699234317","22.933883007648756","0.06127546206042541","0.10110181931832538","5.561929316094437","-1","0.0","0.0","0.0"
"CURVE 1","0.08482080936747653","27.882569699234317","22.933883007648756","0.06135544719980725","0.10103685934152176","5.5173159381766705","-1","0.0","0.0","0.0"
"CURVE 1","0.08482080936747653","27.882569699234317","22.933883007648756","0.06143537682680349","0.10097201978389303","5.472692637499666","-1","0.0","0.0","0.0"
"CURVE 1","0.08482080936747653","27.882569699234317","22.933883007648756","0.06151524951801964","0.10090730093011809","5.42805430027665","-1","0.0","0.0","0.0"
"CURVE 1","0.08482080936747653","27.882569699234317","22.933883007648756","0.06159506385006122","0.1008427030648758","5.383395757368432","-1","0.0","0.0","0.0"
"CURVE 1","0.08482080936747653","27.882569699234317","22.933883007648756","0.061674818399533704","0.10077822647284511","5.338711803340215","-1","0.0","0.0","0.0"
"CURVE 1","0.08482080936747653","27.882569699234317","22.933883007648756","0.0617545117430426","0.1007138714387049","5.293997166351233","-1","0.0","0.0","0.0"
"CURVE 1","0.08482080936747653","27.882569699234317","22.933883007648756","0.0618341424571934","0.10064963824713408","5.249246530758894","-1","0.0","0.0","0.0"
"CURVE 1","0.08482080936747653","27.882569699234317","22.933883007648756","0.06191370911859161","0.10058552718281152","5.204454492184365","-1","0.0","0.0","0.0"
"CURVE 1","0.08482080936747653","27.882569699234317","22.933883007648756","0.06199321030384273","0.10052153853041615","5.1596156293714035","-1","0.0","0.0","0.0"
"CURVE 1","0.08482080936747653","27.882569699234317","22.933883007648756","0.062072644589552244","0.10045767257462686","5.114724446348389","-1","0.0","0.0","0.0"
"CURVE 1","0.08482080936747653","27.882569699234317","22.933883007648756","0.06215201055232565","0.10039392960012256","5.069775361192358","-1","0.0","0.0","0.0"
"CURVE 1","0.08482080936747653","27.882569699234317","22.933883007648756","0.062231306768768466","0.10033030989158212","5.024762759897189","-1","0.0","0.0","0.0"
"CURVE 1","0.08482080936747653","27.882569699234317","22.933883007648756","0.062310531815486174","0.10026681373368447","4.979680938431649","-1","0.0","0.0","0.0"
"CURVE 1","0.08482080936747653","27.882569699234317","22.933883007648756","0.06238968426908427","0.10020344141110851","4.934524128677919","-1","0.0","0.0","0.0"
"CURVE 1","0.08482080936747653","27.882569699234317","22.933883007648756","0.06246876270616825","0.10014019320853314","4.889286508797574","-1","0.0","0.0","0.0"
"CURVE 1","0.08482080936747653","27.882569699234317","22.933883007648756","0.06254776570334362","0.10007706941063724","4.843962146084938","-1","0.0","0.0","0.0"
"CURVE 1","0.08482080936747653","27.882569699234317","22.933883007648756","0.0626266918372159","0.10001407030209973","4.7985450837022565","-1","0.0","0.0","0.0"
"CURVE 1","0.08482080936747653","27.882569699234317","22.933883007648756","0.06270553968439055","0.0999511961675995","4.753029239000869","-1","0.0","0.0","0.0"
"CURVE 1","0.08482080936747653","27.882569699234317","22.933883007648756","0.06278430782147308","0.09988844729181545","4.707408483954826","-1","0.0","0.0","0.0"
"CURVE 1","0.08482080936747653","27.882569699234317","22.933883007648756","0.062862994825069","0.09982582395942649","4.661676592195508","-1","0.0","0.0","0.0"
"CURVE 1","0.08482080936747653","27.882569699234317","22.933883007648756","0.06294159927178379","0.09976332645511152","4.6158272480431215","-1","0.0","0.0","0.0"
"CURVE 1","0.08482080936747653","27.882569699234317","22.933883007648756","0.06302011973822295","0.09970095506354944","4.569854077058938","-1","0.0","0.0","0.0"
"CURVE 1","0.08482080936747653","27.882569699234317","22.933883007648756","0.063098554800992","0.09963871006941913","4.5237505803932905","-1","0.0","0.0","0.0"
"CURVE 1","0.08482080936747653","27.882569699234317","22.933883007648756","0.0631769030366964","0.09957659175739952","4.477510176000186","-1","0.0","0.0","0.0"
"CURVE 1","0.08482080936747653","27.882569699234317","22.933883007648756","0.06325516302194169","0.0995146004121695","4.431126214644542","-1","0.0","0.0","0.0"
"CURVE 1","0.08482080936747653","27.882569699234317","22.933883007648756","0.06333333333333334","0.09945273631840797","4.384591900308161","-1","0.0","0.0","0.0"
"CURVE 1","0.08482080936747653","27.882569699234317","22.933883007648756","0.06341141327103572","0.09939099995057973","4.700462506133756","-1","0.0","0.0","0.0"
"CURVE 1","0.08482080936747653","27.882569699234317","22.933883007648756","0.0634894050294487","0.09932939254229342","5.018408352141464","-1","0.0","0.0","0.0"
"CURVE 1","0.08482080936747653","27.882569699234317","22.933883007648756","0.06356731152653103","0.09926791551694349","5.338404547374128","-1","0.0","0.0","0.0"
"CURVE 1","0.08482080936747653","27.882569699234317","22.933883007648756","0.06364513568024137","0.09920657029792446","5.660425342839724","-1","0.0","0.0","0.0"
"CURVE 1","0.08482080936747653","27.882569699234317","22.933883007648756","0.06372288040853852","0.09914535830863082","5.984444119498125","-1","0.0","0.0","0.0"
"CURVE 1","0.08482080936747653","27.882569699234317","22.933883007648756","0.06380054862938117","0.09908428097245707","6.310433325603694","-1","0.0","0.0","0.0"
"CURVE 1","0.08482080936747653","27.882569699234317","22.933883007648756","0.06387814326072808","0.09902333971279771","6.638364538309002","-1","0.0","0.0","0.0"
"CURVE 1","0.08482080936747653","27.882569699234317","22.933883007648756","0.06395566722053794","0.09896253595304728","6.968208384281063","-1","0.0","0.0","0.0"
"CURVE 1","0.08482080936747653","27.882569699234317","22.933883007648756","0.06403312342676952","0.09890187111660026","7.299934520014841","-1","0.0","0.0","0.0"
"CURVE 1","0.08482080936747653","27.882569699234317","22.933883007648756","0.06411051479738152","0.09884134662685112","7.63351165516987","-1","0.0","0.0","0.0"
"CURVE 1","0.08482080936747653","27.882569699234317","22.933883007648756","0.06418784425033267","0.09878096390719439","7.968907495525459","-1","0.0","0.0","0.0"
"CURVE 1","0.08482080936747653","27.882569699234317","22.933883007648756","0.0642651147035817","0.09872072438102458","8.306088738705187","-1","0.0","0.0","0.0"
"CURVE 1","0.08482080936747653","27.882569699234317","22.933883007648756","0.06434232907508738","0.09866062947173619","8.645021068961114","-1","0.0","0.0","0.0"
"CURVE 1","0.08482080936747653","27.882569699234317","22.933883007648756","0.06441949028280837","0.0986006806027237","8.985669117321565","-1","0.0","0.0","0.0"
"CURVE 1","0.08482080936747653","27.882569699234317","22.933883007648756","0.06449660124470347","0.09854087919738164","9.327996454974862","-1","0.0","0.0","0.0"
"CURVE 1","0.08482080936747653","27.882569699234317","22.933883007648756","0.06457366487873135","0.0984812266791045","9.671965562499631","-1","0.0","0.0","0.0"
"CURVE 1","0.08482080936747653","27.882569699234317","22.933883007648756","0.06465068410285077","0.09842172447128678","10.017537840609071","-1","0.0","0.0","0.0"
"CURVE 1","0.08482080936747653","27.882569699234317","22.933883007648756","0.06472766183502046","0.09836237399732298","10.36467357106844","-1","0.0","0.0","0.0"
"CURVE 1","0.08482080936747653","27.882569699234317","22.933883007648756","0.06480460099319915","0.0983031766806076","10.713331891578026","-1","0.0","0.0","0.0"
"CURVE 1","0.08482080936747653","27.882569699234317","22.933883007648756","0.06488150449534555","0.09824413394453516","11.063470793362825","-1","0.0","0.0","0.0"
"CURVE 1","0.08482080936747653","27.882569699234317","22.933883007648756","0.0649583752594184","0.09818524721250013","11.415047096878114","-1","0.0","0.0","0.0"
"CURVE 1","0.08482080936747653","27.882569699234317","22.933883007648756","0.06503521620337645","0.09812651790789705","11.768016467982514","-1","0.0","0.0","0.0"
"CURVE 1","0.08482080936747653","27.882569699234317","22.933883007648756","0.06511203024517838","0.0980679474541204","12.122333327031193","-1","0.0","0.0","0.0"
"CURVE 1","0.08482080936747653","27.882569699234317","22.933883007648756","0.06518882030278297","0.09800953727456468","12.477950914604365","-1","0.0","0.0","0.0"
"CURVE 1","0.08482080936747653","27.882569699234317","22.933883007648756","0.06526558929414893","0.09795128879262441","12.834821221607156","-1","0.0","0.0","0.0"
"CURVE 1","0.08482080936747653","27.882569699234317","22.933883007648756","0.06534234013723497","0.09789320343169408","13.192895001112289","-1","0.0","0.0","0.0"
"CURVE 1","0.08482080936747653","27.882569699234317","22.933883007648756","0.06541907574999985","0.0978352826151682","13.552121746194691","-1","0.0","0.0","0.0"
"CURVE 1","0.08482080936747653","27.882569699234317","22.933883007648756","0.06549579905040229","0.09777752776644126","13.91244967656668","-1","0.0","0.0","0.0"
"CURVE 1","0.08482080936747653","27.882569699234317","22.933883007648756","0.065572512956401","0.09771994030890775","14.27382572786209","-1","0.0","0.0","0.0"
"CURVE 1","0.08482080936747653","27.882569699234317","22.933883007648756","0.06564922038595475","0.0976625216659622","14.636195522418053","-1","0.0","0.0","0.0"
"CURVE 1","0.08482080936747653","27.882569699234317","22.933883007648756","0.06572592425702223","0.0976052732609991","14.999503394926723","-1","0.0","0.0","0.0"
"CURVE 1","0.08482080936747653","27.882569699234317","22.933883007648756","0.06580262748756219","0.09754819651741295","15.36369234190998","-1","0.0","0.0","0.0"
"CURVE 1","0.08482080936747653","27.882569699234317","22.933883007648756","0.06587933299553336","0.09749129285859826","15.728704030990727","-1","0.0","0.0","0.0"
"CURVE 1","0.08482080936747653","27.882569699234317","22.933883007648756","0.06595604369889446","0.09743456370794952","16.094478813730316","-1","0.0","0.0","0.0"
"CURVE 1","0.08482080936747653","27.882569699234317","22.933883007648756","0.06603276251560422","0.09737801048886126","16.460955641076723","-1","0.0","0.0","0.0"
"CURVE 1","0.08482080936747653","27.882569699234317","22.933883007648756","0.06610949236362136","0.09732163462472794","16.828072164044183","-1","0.0","0.0","0.0"
"CURVE 1","0.08482080936747653","27.882569699234317","22.933883007648756","0.06618623616090462","0.0972654375389441","17.195764634719968","-1","0.0","0.0","0.0"
"CURVE 1","0.08482080936747653","27.882569699234317","22.933883007648756","0.06626299682541273","0.0972094206549042","17.563967940983794","-1","0.0","0.0","0.0"
"CURVE 1","0.08482080936747653","27.882569699234317","22.933883007648756","0.06633977727510444","0.0971535853960028","17.93261562154886","-1","0.0","0.0","0.0"
"CURVE 1","0.08482080936747653","27.882569699234317","22.933883007648756","0.06641658042793844","0.09709793318563434","18.301639828997256","-1","0.0","0.0","0.0"
"CURVE 1","0.08482080936747653","27.882569699234317","22.933883007648756","0.0664934092018735","0.09704246544719336","18.67097131614714","-1","0.0","0.0","0.0"
"CURVE 1","0.08482080936747653","27.882569699234317","22.933883007648756","0.06657026651486829","0.09698718360407438","19.040539512099997","-1","0.0","0.0","0.0"
"CURVE 1","0.08482080936747653","27.882569699234317","22.933883007648756","0.06664715528488159","0.09693208907967184","19.410272416228928","-1","0.0","0.0","0.0"
"CURVE 1","0.08482080936747653","27.882569699234317","22.933883007648756","0.06672407842987213","0.0968771832973803","19.78009667498539","-1","0.0","0.0","0.0"
"CURVE 1","0.08482080936747653","27.882569699234317","22.933883007648756","0.06680103886779862","0.09682246768059423","20.149937584053927","-1","0.0","0.0","0.0"
"CURVE 1","0.08482080936747653","27.882569699234317","22.933883007648756","0.06687803951661977","0.09676794365270816","20.51971905155312","-1","0.0","0.0","0.0"
"CURVE 1","0.08482080936747653","27.882569699234317","22.933883007648756","0.06695508329429435","0.09671361263711657","20.889363634929143","-1","0.0","0.0","0.0"
"CURVE 1","0.08482080936747653","27.882569699234317","22.933883007648756","0.0670321731187811","0.09665947605721395","21.258792554784634","-1","0.0","0.0","0.0"
"CURVE 1","0.08482080936747653","27.882569699234317","22.933883007648756","0.0671093119080387","0.09660553533639483","21.627925668048498","-1","0.0","0.0","0.0"
"CURVE 1","0.08482080936747653","27.882569699234317","22.933883007648756","0.06718650258002588","0.09655179189805371","21.996681553370355","-1","0.0","0.0","0.0"
"CURVE 1","0.08482080936747653","27.882569699234317","22.933883007648756","0.06726374805270144","0.09649824716558507","22.36497742693722","-1","0.0","0.0","0.0"
"CURVE 1","0.08482080936747653","27.882569699234317","22.933883007648756","0.06734105124402402","0.09644490256238342","22.73272921001811","-1","0.0","0.0","0.0"
"CURVE 1","0.08482080936747653","27.882569699234317","22.933883007648756","0.06741841507195241","0.09639175951184328","23.099851587420076","-1","0.0","0.0","0.0"
"CURVE 1","0.08482080936747653","27.882569699234317","22.933883007648756","0.0674958424544453","0.09633881943735913","23.466257949434862","-1","0.0","0.0","0.0"
"CURVE 1","0.08482080936747653","27.882569699234317","22.933883007648756","0.06757333630946144","0.09628608376232549","23.83186045275336","-1","0.0","0.0","0.0"
"CURVE 1","0.08482080936747653","27.882569699234317","22.933883007648756","0.06765089955495956","0.09623355391013684","24.196570064114134","-1","0.0","0.0","0.0"
"CURVE 1","0.08482080936747653","27.882569699234317","22.933883007648756","0.0677285351088984","0.0961812313041877","24.560296524888532","-1","0.0","0.0","0.0"
"CURVE 1","0.08482080936747653","27.882569699234317","22.933883007648756","0.06780624588923667","0.09612911736787255","24.92294840823528","-1","0.0","0.0","0.0"
"CURVE 1","0.08482080936747653","27.882569699234317","22.933883007648756","0.06788403481393308","0.09607721352458592","25.284433202868684","-1","0.0","0.0","0.0"
"CURVE 1","0.08482080936747653","27.882569699234317","22.933883007648756","0.06796190480094642","0.09602552119772233","25.644657257009335","-1","0.0","0.0","0.0"
"CURVE 1","0.08482080936747653","27.882569699234317","22.933883007648756","0.06803985876823537","0.09597404181067623","26.003525863835964","-1","0.0","0.0","0.0"
"CURVE 1","0.08482080936747653","27.882569699234317","22.933883007648756","0.06811789963375868","0.09592277678684215","26.36094328887685","-1","0.0","0.0","0.0"
"CURVE 1","0.08482080936747653","27.882569699234317","22.933883007648756","0.06819603031547507","0.09587172754961461","26.716812790204465","-1","0.0","0.0","0.0"
"CURVE 1","0.08482080936747653","27.882569699234317","22.933883007648756","0.06827425373134328","0.09582089552238807","27.071036700992096","-1","0.0","0.0","0.0"
"CURVE 1","0.08482080936747653","27.882569699234317","22.933883007648756","0.06835257279932203","0.09577028212855704","27.42351641451264","-1","0.0","0.0","0.0"
"CURVE 1","0.08482080936747653","27.882569699234317","22.933883007648756","0.06843099043737004","0.09571988879151606","27.774152480847626","-1","0.0","0.0","0.0"
"CURVE 1","0.08482080936747653","27.882569699234317","22.933883007648756","0.06850950956344605","0.09566971693465959","28.122844627565417","-1","0.0","0.0","0.0"
"CURVE 1","0.08482080936747653","27.882569699234317","22.933883007648756","0.06858813309550879","0.09561976798138215","28.46949180598767","-1","0.0","0.0","0.0"
"CURVE 1","0.08482080936747653","27.882569699234317","22.933883007648756","0.068666863951517","0.09557004335507825","28.813992287711642","-1","0.0","0.0","0.0"
"CURVE 1","0.08482080936747653","27.882569699234317","22.933883007648756","0.06874570504942938","0.09552054447914239","29.156243623621325","-1","0.0","0.0","0.0"
"CURVE 1","0.08482080936747653","27.882569699234317","22.933883007648756","0.06882465930720469","0.09547127277696904","29.49614282354712","-1","0.0","0.0","0.0"
"CURVE 1","0.08482080936747653","27.882569699234317","22.933883007648756","0.06890372964280164","0.09542222967195275","29.833586337014072","-1","0.0","0.0","0.0"
"CURVE 1","0.08482080936747653","27.882569699234317","22.933883007648756","0.06898291897417896","0.09537341658748798","30.16847010191493","-1","0.0","0.0","0.0"
"CURVE 1","0.08482080936747653","27.882569699234317","22.933883007648756","0.06906223021929538","0.09532483494696928","30.500689667455354","-1","0.0","0.0","0.0"
"CURVE 1","0.08482080936747653","27.882569699234317","22.933883007648756","0.06914166629610964","0.0952764861737911","30.830140214257526","-1","0.0","0.0","0.0"
"CURVE 1","0.08482080936747653","27.882569699234317","22.933883007648756","0.06922123012258047","0.09522837169134797","31.15671665626109","-1","0.0","0.0","0.0"
"CURVE 1","0.08482080936747653","27.882569699234317","22.933883007648756","0.06930092461666659","0.09518049292303439","31.48031366808671","-1","0.0","0.0","0.0"
"CURVE 1","0.08482080936747653","27.882569699234317","22.933883007648756","0.06938075269632674","0.09513285129224486","31.800825796833493","-1","0.0","0.0","0.0"
"CURVE 1","0.08482080936747653","27.882569699234317","22.933883007648756","0.06946071727951962","0.09508544822237386","32.118147515170016","-1","0.0","0.0","0.0"
"CURVE 1","0.08482080936747653","27.882569699234317","22.933883007648756","0.06954082128420398","0.09503828513681593","32.4321733162119","-1","0.0","0.0","0.0"
"CURVE 1","0.08482080936747653","27.882569699234317","22.933883007648756","0.06962106762833857","0.09499136345896556","32.7427977656985","-1","0.0","0.0","0.0"
"CURVE 1","0.08482080936747653","27.882569699234317","22.933883007648756","0.06970145922988209","0.09494468461221724","33.0499155845937","-1","0.0","0.0","0.0"
"CURVE 1","0.08482080936747653","27.882569699234317","22.933883007648756","0.06978199900679327","0.09489825001996548","33.35342178110229","-1","0.0","0.0","0.0"
"CURVE 1","0.08482080936747653","27.882569699234317","22.933883007648756","0.06986268987703086","0.09485206110560478","33.653211641810636","-1","0.0","0.0","0.0"
"CURVE 1","0.08482080936747653","27.882569699234317","22.933883007648756","0.06994353475855358","0.09480611929252965","33.94918090404389","-1","0.0","0.0","0.0"
"CURVE 1","0.08482080936747653","27.882569699234317","22.933883007648756","0.07002453656932014","0.09476042600413459","34.24122583909668","-1","0.0","0.0","0.0"
"CURVE 1","0.08482080936747653","27.882569699234317","22.933883007648756","0.0701056982272893","0.0947149826638141","34.52924322621983","-1","0.0","0.0","0.0"
"CURVE 1","0.08482080936747653","27.882569699234317","22.933883007648756","0.07018702265041978","0.09466979069496269","34.813130587934225","-1","0.0","0.0","0.0"
"CURVE 1","0.08482080936747653","27.882569699234317","22.933883007648756","0.0702685127566703","0.09462485152097484","35.09278620654013","-1","0.0","0.0","0.0"
"CURVE 1","0.08482080936747653","27.882569699234317","22.933883007648756","0.07035017146399959","0.09458016656524507","35.36810919469482","-1","0.0","0.0","0.0"
"CURVE 1","0.08482080936747653","27.882569699234317","22.933883007648756","0.07043200169036638","0.09453573725116786","35.638999668288456","-1","0.0","0.0","0.0"
"CURVE 1","0.08482080936747653","27.882569699234317","22.933883007648756","0.0705140063537294","0.09449156500213775","35.90535876111205","-1","0.0","0.0","0.0"
"CURVE 1","0.08482080936747653","27.882569699234317","22.933883007648756","0.0705961883720474","0.0944476512415492","36.16708875325937","-1","0.0","0.0","0.0"
"CURVE 1","0.08482080936747653","27.882569699234317","22.933883007648756","0.07067855066327906","0.09440399739279676","36.42409316983652","-1","0.0","0.0","0.0"
"CURVE 1","0.08482080936747653","27.882569699234317","22.933883007648756","0.07076109614538316","0.09436060487927489","36.67627686292801","-1","0.0","0.0","0.0"
"CURVE 1","0.08482080936747653","27.882569699234317","22.933883007648756","0.07084382773631842","0.0943174751243781","36.923546088135446","-1","0.0","0.0","0.0"
"CURVE 1","0.08482080936747653","27.882569699234317","22.933883007648756","0.07092674835404354","0.09427460955150092","37.16580866258849","-1","0.0","0.0","0.0"
"CURVE 1","0.08482080936747653","27.882569699234317","22.933883007648756","0.07100986091651729","0.09423200958403781","37.402973999313275","-1","0.0","0.0","0.0"
"CURVE 1","0.08482080936747653","27.882569699234317","22.933883007648756","0.07109316834169835","0.09418967664538332","37.63495322042341","-1","0.0","0.0","0.0"
"CURVE 1","0.08482080936747653","27.882569699234317","22.933883007648756","0.07117667354754548","0.0941476121589319","37.86165925127917","-1","0.0","0.0","0.0"
"CURVE 1","0.08482080936747653","27.882569699234317","22.933883007648756","0.07126037945201742","0.09410581754807808","38.08300693800339","-1","0.0","0.0","0.0"
"CURVE 1","0.08482080936747653","27.882569699234317","22.933883007648756","0.07134428897307288","0.09406429423621637","38.29891308847126","-1","0.0","0.0","0.0"
"CURVE 1","0.08482080936747653","27.882569699234317","22.933883007648756","0.07142840502867058","0.09402304364674126","38.509296616465","-1","0.0","0.0","0.0"
"CURVE 1","0.08482080936747653","27.882569699234317","22.933883007648756","0.07151273053676928","0.09398206720304725","38.714078628637516","-1","0.0","0.0","0.0"
"CURVE 1","0.08482080936747653","27.882569699234317","22.933883007648756","0.07159726841532771","0.09394136632852886","38.913182454814475","-1","0.0","0.0","0.0"
"CURVE 1","0.08482080936747653","27.882569699234317","22.933883007648756","0.07168202158230455","0.09390094244658057","39.10653380221011","-1","0.0","0.0","0.0"
"CURVE 1","0.08482080936747653","27.882569699234317","22.933883007648756","0.07176699295565857","0.09386079698059689","39.29406082944987","-1","0.0","0.0","0.0"
"CURVE 1","0.08482080936747653","27.882569699234317","22.933883007648756","0.07185218545334848","0.09382093135397232","39.47569420814862","-1","0.0","0.0","0.0"
"CURVE 1","0.08482080936747653","27.882569699234317","22.933883007648756","0.07193760199333304","0.09378134699010136","39.65136721359737","-1","0.0","0.0","0.0"
"CURVE 1","0.08482080936747653","27.882569699234317","22.933883007648756","0.07202324549357096","0.09374204531237854","39.821015838094205","-1","0.0","0.0","0.0"
"CURVE 1","0.08482080936747653","27.882569699234317","22.933883007648756","0.07210911887202097","0.09370302774419832","39.98457881935418","-1","0.0","0.0","0.0"
"CURVE 1","0.08482080936747653","27.882569699234317","22.933883007648756","0.0721952250466418","0.09366429570895522","40.14199772463452","-1","0.0","0.0","0.0"
"CURVE 1","0.08482080936747653","27.882569699234317","22.933883007648756","0.07228156693539217","0.09362585063004378","40.29321708643101","-1","0.0","0.0","0.0"
"CURVE 1","0.08482080936747653","27.882569699234317","22.933883007648756","0.07236814745623081","0.09358769393085842","40.43818439246314","-1","0.0","0.0","0.0"
"CURVE 1","0.08482080936747653","27.882569699234317","22.933883007648756","0.07245496952711648","0.09354982703479368","40.576850192278144","-1","0.0","0.0","0.0"
"CURVE 1","0.08482080936747653","27.882569699234317","22.933883007648756","0.07254203606600787","0.09351225136524409","40.70916817093469","-1","0.0","0.0","0.0"
"CURVE 1","0.08482080936747653","27.882569699234317","22.933883007648756","0.07262934999086372","0.09347496834560413","40.835095168805786","-1","0.0","0.0","0.0"
"CURVE 1","0.08482080936747653","27.882569699234317","22.933883007648756","0.07271691421964277","0.0934379793992683","40.95459130670559","-1","0.0","0.0","0.0"
"CURVE 1","0.08482080936747653","27.882569699234317","22.933883007648756","0.07280473167030374","0.09340128594963111","41.06761996300576","-1","0.0","0.0","0.0"
"CURVE 1","0.08482080936747653","27.882569699234317","22.933883007648756","0.07289280526080537","0.09336488942008705","41.17414786156541","-1","0.0","0.0","0.0"
"CURVE 1","0.08482080936747653","27.882569699234317","22.933883007648756","0.07298113790910636","0.09332879123403064","41.27414514557473","-1","0.0","0.0","0.0"
"CURVE 1","0.08482080936747653","27.882569699234317","22.933883007648756","0.07306973253316548","0.09329299281485638","41.36758538998658","-1","0.0","0.0","0.0"
"CURVE 1","0.08482080936747653","27.882569699234317","22.933883007648756","0.07315859205094145","0.09325749558595876","41.454445613512455","-1","0.0","0.0","0.0"
"CURVE 1","0.08482080936747653","27.882569699234317","22.933883007648756","0.07324771938039297","0.09322230097073228","41.53470637045027","-1","0.0","0.0","0.0"
"CURVE 1","0.08482080936747653","27.882569699234317","22.933883007648756","0.0733371174394788","0.09318741039257145","41.60835174577885","-1","0.0","0.0","0.0"
"CURVE 1","0.08482080936747653","27.882569699234317","22.933883007648756","0.07342678914615765","0.09315282527487076","41.675369376659454","-1","0.0","0.0","0.0"
"CURVE 1","0.08482080936747653","27.882569699234317","22.933883007648756","0.07351673741838827","0.09311854704102472","41.73575051634349","-1","0.0","0.0","0.0"
"CURVE 1","0.08482080936747653","27.882569699234317","22.933883007648756","0.07360696517412936","0.09308457711442786","41.789489981460456","-1","0.0","0.0","0.0"
"CURVE 1","0.08482080936747653","27.882569699234317","22.933883007648756","0.07369747782228006","0.09305091884005723","43.54310112624275","-1","0.0","0.0","0.0"
"CURVE 1","0.08482080936747653","27.882569699234317","22.933883007648756","0.07378829073550097","0.09301758324922021","45.25666093716167","-1","0.0","0.0","0.0"
"CURVE 1","0.08482080936747653","27.882569699234317","22.933883007648756","0.07387942177739311","0.0929845832948068","46.927971801236865","-1","0.0","0.0","0.0"
"CURVE 1","0.08482080936747653","27.882569699234317","22.933883007648756","0.07397088881155744","0.09295193192970695","48.554887104254604","-1","0.0","0.0","0.0"
"CURVE 1","0.08482080936747653","27.882569699234317","22.933883007648756","0.07406270970159502","0.09291964210681063","50.13531797806037","-1","0.0","0.0","0.0"
"CURVE 1","0.08482080936747653","27.882569699234317","22.933883007648756","0.07415490231110682","0.0928877267790078","51.66724041059143","-1","0.0","0.0","0.0"
"CURVE 1","0.08482080936747653","27.882569699234317","22.933883007648756","0.07424748450369384","0.09285619889918846","53.14870222407431","-1","0.0","0.0","0.0"
"CURVE 1","0.08482080936747653","27.882569699234317","22.933883007648756","0.0743404741429571","0.09282507142024254","54.57783037196838","-1","0.0","0.0","0.0"
"CURVE 1","0.08482080936747653","27.882569699234317","22.933883007648756","0.07443388909249757","0.09279435729506004","55.952837959668635","-1","0.0","0.0","0.0"
"CURVE 1","0.08482080936747653","27.882569699234317","22.933883007648756","0.07452774721591626","0.09276406947653092","57.27203148827043","-1","0.0","0.0","0.0"
"CURVE 1","0.08482080936747653","27.882569699234317","22.933883007648756","0.0746220663768142","0.09273422091754514","58.533817767861834","-1","0.0","0.0","0.0"
"CURVE 1","0.08482080936747653","27.882569699234317","22.933883007648756","0.07471686443879236","0.09270482457099269","59.73671079141622","-1","0.0","0.0","0.0"
"CURVE 1","0.08482080936747653","27.882569699234317","22.933883007648756","0.07481215926545176","0.09267589338976354","60.879338302166275","-1","0.0","0.0","0.0"
"CURVE 1","0.08482080936747653","27.882569699234317","22.933883007648756","0.0749079687203934","0.09264744032674761","61.96044809836388","-1","0.0","0.0","0.0"
"CURVE 1","0.08482080936747653","27.882569699234317","22.933883007648756","0.07500431066721829","0.09261947833483493","62.97891393033092","-1","0.0","0.0","0.0"
"CURVE 1","0.08482080936747653","27.882569699234317","22.933883007648756","0.07510120296952738","0.09259202036691543","63.933741016434645","-1","0.0","0.0","0.0"
"CURVE 1","0.08482080936747653","27.882569699234317","22.933883007648756","0.07519866349092172","0.09256507937587907","64.82407103476048","-1","0.0","0.0","0.0"
"CURVE 1","0.08482080936747653","27.882569699234317","22.933883007648756","0.07529671009500229","0.09253866831461588","65.64918657287596","-1","0.0","0.0","0.0"
"CURVE 1","0.08482080936747653","27.882569699234317","22.933883007648756","0.0753953606453701","0.09251280013601576","66.40851497577549","-1","0.0","0.0","0.0"
"CURVE 1","0.08482080936747653","27.882569699234317","22.933883007648756","0.07549463300562617","0.09248748779296874","67.10163155517365","-1","0.0","0.0","0.0"
"CURVE 1","0.08482080936747653","27.882569699234317","22.933883007648756","0.07559454503937146","0.09246274423836473","67.72826205119026","-1","0.0","0.0","0.0"
"CURVE 1","0.08482080936747653","27.882569699234317","22.933883007648756","0.07569511461020703","0.09243858242509376","68.28828444540837","-1","0.0","0.0","0.0"
"CURVE 1","0.08482080936747653","27.882569699234317","22.933883007648756","0.07579635958173382","0.09241501530604575","68.78172987508877","-1","0.0","0.0","0.0"
"CURVE 1","0.08482080936747653","27.882569699234317","22.933883007648756","0.07589829781755288","0.0923920558341107","69.20878292224013","-1","0.0","0.0","0.0"
"CURVE 1","0.08482080936747653","27.882569699234317","22.933883007648756","0.07600094718126517","0.09236971696217856","69.56978091970386","-1","0.0","0.0","0.0"
"CURVE 1","0.08482080936747653","27.882569699234317","22.933883007648756","0.0761043255364717","0.09234801164313929","69.86521256854961","-1","0.0","0.0","0.0"
"CURVE 1","0.08482080936747653","27.882569699234317","22.933883007648756","0.07620845074677352","0.09232695282988289","70.09571571437229","-1","0.0","0.0","0.0"
"CURVE 1","0.08482080936747653","27.882569699234317","22.933883007648756","0.07631334067577154","0.0923065534752993","70.26207427448259","-1","0.0","0.0","0.0"
"CURVE 1","0.08482080936747653","27.882569699234317","22.933883007648756","0.07641901318706684","0.0922868265322785","70.36521441843705","-1","0.0","0.0","0.0"
"CURVE 1","0.08482080936747653","27.882569699234317","22.933883007648756","0.07652548614426039","0.09226778495371045","70.40619997226246","-1","0.0","0.0","0.0"
"CURVE 1","0.08482080936747653","27.882569699234317","22.933883007648756","0.0766327774109532","0.09224944169248514","70.38622714529602","-1","0.0","0.0","0.0"
"CURVE 1","0.08482080936747653","27.882569699234317","22.933883007648756","0.07674090485074626","0.09223180970149254","70.30661848687342","-1","0.0","0.0","0.0"
"CURVE 1","0.08482080936747653","27.882569699234317","22.933883007648756","0.0768498863272406","0.0922149019336226","70.16881630899258","-1","0.0","0.0","0.0"
"CURVE 1","0.08482080936747653","27.882569699234317","22.933883007648756","0.07695973970403719","0.0921987313417653","69.97437545836246","-1","0.0","0.0","0.0"
"CURVE 1","0.08482080936747653","27.882569699234317","22.933883007648756","0.07707048284473703","0.0921833108788106","69.72495562632712","-1","0.0","0.0","0.0"
"CURVE 1","0.08482080936747653","27.882569699234317","22.933883007648756","0.07718213361294116","0.09216865349764848","69.42231315479192","-1","0.0","0.0","0.0"
"CURVE 1","0.08482080936747653","27.882569699234317","22.933883007648756","0.07729470987225054","0.0921547721511689","69.06829255681285","-1","0.0","0.0","0.0"
"CURVE 1","0.08482080936747653","27.882569699234317","22.933883007648756","0.07740822948626618","0.09214167979226184","68.66481759707146","-1","0.0","0.0","0.0"
"CURVE 1","0.08482080936747653","27.882569699234317","22.933883007648756","0.07752271031858911","0.09212938937381725","68.21388227202368","-1","0.0","0.0","0.0"
"CURVE 1","0.08482080936747653","27.882569699234317","22.933883007648756","0.07763817023282028","0.09211791384872513","67.71754154602976","-1","0.0","0.0","0.0"
"CURVE 1","0.08482080936747653","27.882569699234317","22.933883007648756","0.07775462709256076","0.09210726616987541","67.17790201718255","-1","0.0","0.0","0.0"
"CURVE 1","0.08482080936747653","27.882569699234317","22.933883007648756","0.07787209876141146","0.0920974592901581","66.59711259376189","-1","0.0","0.0","0.0"
"CURVE 1","0.08482080936747653","27.882569699234317","22.933883007648756","0.07799060310297347","0.09208850616246314","65.97735521793422","-1","0.0","0.0","0.0"
"CURVE 1","0.08482080936747653","27.882569699234317","22.933883007648756","0.07811015798084774","0.0920804197396805","65.3208357008533","-1","0.0","0.0","0.0"
"CURVE 1","0.08482080936747653","27.882569699234317","22.933883007648756","0.07823078125863527","0.09207321297470016","64.62977475840685","-1","0.0","0.0","0.0"
"CURVE 1","0.08482080936747653","27.882569699234317","22.933883007648756","0.0783524907999371","0.0920668988204121","63.906399290990386","-1","0.0","0.0","0.0"
"CURVE 1","0.08482080936747653","27.882569699234317","22.933883007648756","0.07847530446835418","0.09206149022970626","63.152933964780445","-1","0.0","0.0","0.0"
"CURVE 1","0.08482080936747653","27.882569699234317","22.933883007648756","0.07859924012748758","0.09205700015547263","62.37159312787225","-1","0.0","0.0","0.0"
"CURVE 1","0.08482080936747653","27.882569699234317","22.933883007648756","0.07872431564093824","0.09205344155060118","61.564573167157675","-1","0.0","0.0","0.0"
"CURVE 1","0.08482080936747653","27.882569699234317","22.933883007648756","0.07885054887230718","0.09205082736798187","60.734045232660435","-1","0.0","0.0","0.0"
"CURVE 1","0.08482080936747653","27.882569699234317","22.933883007648756","0.07897795768519539","0.09204917056050468","59.88214845797829","-1","0.0","0.0","0.0"
"CURVE 1","0.08482080936747653","27.882569699234317","22.933883007648756","0.07910655994320391","0.09204848408105955","59.01098365535671","-1","0.0","0.0","0.0"
"CURVE 1","0.08482080936747653","27.882569699234317","22.933883007648756","0.07923637350993372","0.09204878088253649","58.12260754451665","-1","0.0","0.0","0.0"
"CURVE 1","0.08482080936747653","27.882569699234317","22.933883007648756","0.07936741624898579","0.09205007391782542","57.21902744885184","-1","0.0","0.0","0.0"
"CURVE 1","0.08482080936747653","27.882569699234317","22.933883007648756","0.07949970602396117","0.09205237613981636","56.30219656222188","-1","0.0","0.0","0.0"
"CURVE 1","0.08482080936747653","27.882569699234317","22.933883007648756","0.07963326069846083","0.09205570050139926","55.37400972198478","-1","0.0","0.0","0.0"
"CURVE 1","0.08482080936747653","27.882569699234317","22.933883007648756","0.07976809813608579","0.09206005995546407","54.436299714044814","-1","0.0","0.0","0.0"
"CURVE 1","0.08482080936747653","27.882569699234317","22.933883007648756","0.07990423620043703","0.09206546745490078","53.49083408343481","-1","0.0","0.0","0.0"
"CURVE 1","0.08482080936747653","27.882569699234317","22.933883007648756","0.08004169275511556","0.09207193595259937","52.539312494572265","-1","0.0","0.0","0.0"
"CURVE 1","0.08482080936747653","27.882569699234317","22.933883007648756","0.0801804856637224","0.0920794784014498","51.583364515053056","-1","0.0","0.0","0.0"
"CURVE 1","0.08482080936747653","27.882569699234317","22.933883007648756","0.08032063278985854","0.09208810775434201","50.62454794672032","-1","0.0","0.0","0.0"
"CURVE 1","0.08482080936747653","27.882569699234317","22.933883007648756","0.08046215199712498","0.092097836964166","49.66434754450814","-1","0.0","0.0","0.0"
"CURVE 1","0.08482080936747653","27.882569699234317","22.933883007648756","0.08060506114912272","0.09210867898381171","48.70417421799211","-1","0.0","0.0","0.0"
"CURVE 1","0.08482080936747653","27.882569699234317","22.933883007648756","0.08074937810945274","0.09212064676616916","47.74536460451304","-1","0.0","0.0","0.0"
"CURVE 1","0.08482080936747653","27.882569699234317","22.933883007648756","0.08089512074171606","0.09213375326412827","46.78918102813859","-1","0.0","0.0","0.0"
"CURVE 1","0.08482080936747653","27.882569699234317","22.933883007648756","0.08104230690951368","0.09214801143057903","45.83681183253294","-1","0.0","0.0","0.0"
"CURVE 1","0.08482080936747653","27.882569699234317","22.933883007648756","0.08119095447644666","0.09216343421841143","44.88937197538262","-1","0.0","0.0","0.0"
"CURVE 1","0.08482080936747653","27.882569699234317","22.933883007648756","0.08134108130611589","0.09218003458051538","43.94790399783578","-1","0.0","0.0","0.0"
"CURVE 1","0.08482080936747653","27.882569699234317","22.933883007648756","0.08149270526212246","0.09219782546978092","43.01337919546327","-1","0.0","0.0","0.0"
"CURVE 1","0.08482080936747653","27.882569699234317","22.933883007648756","0.08164584420806732","0.09221681983909795","42.08669904857143","-1","0.0","0.0","0.0"
"CURVE 1","0.08482080936747653","27.882569699234317","22.933883007648756","0.08180051600755149","0.09223703064135651","41.16869687833737","-1","0.0","0.0","0.0"
"CURVE 1","0.08482080936747653","27.882569699234317","22.933883007648756","0.081956738524176","0.0922584708294465","40.260139660806566","-1","0.0","0.0","0.0"
"CURVE 1","0.08482080936747653","27.882569699234317","22.933883007648756","0.08211452962154178","0.09228115335625794","39.361729995328595","-1","0.0","0.0","0.0"
"CURVE 1","0.08482080936747653","27.882569699234317","22.933883007648756","0.0822739071632499","0.0923050911746808","38.47410823549707","-1","0.0","0.0","0.0"
"CURVE 1","0.08482080936747653","27.882569699234317","22.933883007648756","0.08243488901290134","0.09233029723760501","37.59785470665109","-1","0.0","0.0","0.0"
"CURVE 1","0.08482080936747653","27.882569699234317","22.933883007648756","0.0825974930340971","0.09235678449792055","36.73349201106932","-1","0.0","0.0","0.0"
"CURVE 1","0.08482080936747653","27.882569699234317","22.933883007648756","0.08276173709043817","0.09238456590851739","35.881487406897485","-1","0.0","0.0","0.0"
"CURVE 1","0.08482080936747653","27.882569699234317","22.933883007648756","0.08292763904552555","0.09241365442228554","35.04225522351625","-1","0.0","0.0","0.0"
"CURVE 1","0.08482080936747653","27.882569699234317","22.933883007648756","0.08309521676296026","0.09244406299211491","34.21615933180433","-1","0.0","0.0","0.0"
"CURVE 1","0.08482080936747653","27.882569699234317","22.933883007648756","0.08326448810634328","0.09247580457089552","33.4035155964711","-1","0.0","0.0","0.0"
"CURVE 1","0.08482080936747653","27.882569699234317","22.933883007648756","0.08343547093927563","0.0925088921115173","32.60459433782603","-1","0.0","0.0","0.0"
"CURVE 1","0.08482080936747653","27.882569699234317","22.933883007648756","0.08360818312535831","0.09254333856687023","31.81962280265095","-1","0.0","0.0","0.0"
"CURVE 1","0.08482080936747653","27.882569699234317","22.933883007648756","0.08378264252819231","0.09257915688984429","31.048787562671063","-1","0.0","0.0","0.0"
"CURVE 1","0.08482080936747653","27.882569699234317","22.933883007648756","0.08395886701137864","0.09261636003332945","30.292236934503606","-1","0.0","0.0","0.0"
"CURVE 1","0.08482080936747653","27.882569699234317","22.933883007648756","0.08413687443851829","0.09265496095021566","29.550083291609564","-1","0.0","0.0","0.0"
"CURVE 1","0.08482080936747653","27.882569699234317","22.933883007648756","0.0843166826732123","0.0926949725933929","28.822405367924784","-1","0.0","0.0","0.0"
"CURVE 1","0.08482080936747653","27.882569699234317","22.933883007648756","0.08449830957906163","0.09273640791575115","28.109250498820654","-1","0.0","0.0","0.0"
"CURVE 1","0.08482080936747653","27.882569699234317","22.933883007648756","0.08468177301966728","0.09277927987018035","27.410636763703454","-1","0.0","0.0","0.0"
"CURVE 1","0.08482080936747653","27.882569699234317","22.933883007648756","0.08486709085863027","0.09282360140957051","26.726555087787812","-1","0.0","0.0","0.0"
"CURVE 1","0.08482080936747653","27.882569699234317","22.933883007648756","0.08505428095955159","0.09286938548681155","26.056971257367515","-1","0.0","0.0","0.0"
"CURVE 1","0.08482080936747653","27.882569699234317","22.933883007648756","0.08524336118603228","0.09291664505479348","25.40182786811499","-1","0.0","0.0","0.0"
"CURVE 1","0.08482080936747653","27.882569699234317","22.933883007648756","0.08543434940167326","0.09296539306640625","24.761046173978446","-1","0.0","0.0","0.0"
"CURVE 1","0.08482080936747653","27.882569699234317","22.933883007648756","0.08562726347007561","0.09301564247453985","24.134527879304564","-1","0.0","0.0","0.0"
"CURVE 1","0.08482080936747653","27.882569699234317","22.933883007648756","0.08582212125484029","0.09306740623208422","23.522156829481116","-1","0.0","0.0","0.0"
"CURVE 1","0.08482080936747653","27.882569699234317","22.933883007648756","0.08601894061956833","0.09312069729192933","22.923800632775027","-1","0.0","0.0","0.0"
"CURVE 1","0.08482080936747653","27.882569699234317","22.933883007648756","0.08621773942786069","0.09317552860696518","22.33931219546164","-1","0.0","0.0","0.0"
"CURVE 1","0.08482080936747653","27.882569699234317","22.933883007648756","0.0864185355433184","0.0932319131300817","21.768531176149658","-1","0.0","0.0","0.0"
"CURVE 1","0.08482080936747653","27.882569699234317","22.933883007648756","0.08662134682954248","0.0932898638141689","21.21128536286307","-1","0.0","0.0","0.0"
"CURVE 1","0.08482080936747653","27.882569699234317","22.933883007648756","0.08682619115013389","0.09334939361211671","20.667391971420667","-1","0.0","0.0","0.0"
"CURVE 1","0.08482080936747653","27.882569699234317","22.933883007648756","0.08703308636869364","0.09341051547681514","20.136658862283486","-1","0.0","0.0","0.0"
"CURVE 1","0.08482080936747653","27.882569699234317","22.933883007648756","0.08724205034882278","0.09347324236115412","19.618885697856385","-1","0.0","0.0","0.0"
"CURVE 1","0.08482080936747653","27.882569699234317","22.933883007648756","0.08745310095412222","0.09353758721802365","19.113865013141744","-1","0.0","0.0","0.0"
"CURVE 1","0.08482080936747653","27.882569699234317","22.933883007648756","0.08766625604819304","0.09360356300031367","18.621383216677934","-1","0.0","0.0","0.0"
"CURVE 1","0.08482080936747653","27.882569699234317","22.933883007648756","0.0878815334946362","0.09367118266091418","18.14122153497265","-1","0.0","0.0","0.0"
"CURVE 1","0.08482080936747653","27.882569699234317","22.933883007648756","0.08809895115705274","0.09374045915271512","17.67315689540802","-1","0.0","0.0","0.0"
"CURVE 1","0.08482080936747653","27.882569699234317","22.933883007648756","0.08831852689904361","0.09381140542860647","17.21696271851313","-1","0.0","0.0","0.0"
"CURVE 1","0.08482080936747653","27.882569699234317","22.933883007648756","0.08854027858420986","0.0938840344414782","16.77240969252778","-1","0.0","0.0","0.0"
"CURVE 1","0.08482080936747653","27.882569699234317","22.933883007648756","0.08876422407615246","0.09395835914422031","16.33926646372339","-1","0.0","0.0","0.0"
"CURVE 1","0.08482080936747653","27.882569699234317","22.933883007648756","0.08899038123847243","0.09403439248972273","15.917300266592601","-1","0.0","0.0","0.0"
"CURVE 1","0.08482080936747653","27.882569699234317","22.933883007648756","0.08921876793477074","0.09411214743087541","15.506277537408787","-1","0.0","0.0","0.0"
"CURVE 1","0.08482080936747653","27.882569699234317","22.933883007648756","0.08944940202864843","0.09419163692056835","15.10596444472739","-1","0.0","0.0","0.0"
"CURVE 1","0.08482080936747653","27.882569699234317","22.933883007648756","0.08968230138370648","0.09427287391169153","14.716127389084365","-1","0.0","0.0","0.0"
"CURVE 1","0.08482080936747653","27.882569699234317","22.933883007648756","0.08991748386354588","0.09435587135713491","14.336533464701695","-1","0.0","0.0","0.0"
"CURVE 1","0.08482080936747653","27.882569699234317","22.933883007648756","0.09015496733176769","0.09444064220978846","13.9669508639457","-1","0.0","0.0","0.0"
"CURVE 1","0.08482080936747653","27.882569699234317","22.933883007648756","0.09039476965197285","0.09452719942254213","13.607149259687205","-1","0.0","0.0","0.0"
"CURVE 1","0.08482080936747653","27.882569699234317","22.933883007648756","0.09063690868776238","0.0946155559482859","13.256900141383642","-1","0.0","0.0","0.0"
"CURVE 1","0.08482080936747653","27.882569699234317","22.933883007648756","0.09088140230273728","0.09470572473990976","12.915977122275985","-1","0.0","0.0","0.0"
"CURVE 1","0.08482080936747653","27.882569699234317","22.933883007648756","0.09112826836049855","0.09479771875030366","12.584156213897131","-1","0.0","0.0","0.0"
"CURVE 1","0.08482080936747653","27.882569699234317","22.933883007648756","0.09137752472464719","0.09489155093235754","12.26121606750837","-1","0.0","0.0","0.0"
"CURVE 1","0.08482080936747653","27.882569699234317","22.933883007648756","0.09162918925878422","0.09498723423896144","11.946938195504258","-1","0.0","0.0","0.0"
"CURVE 1","0.08482080936747653","27.882569699234317","22.933883007648756","0.09188327982651061","0.09508478162300527","11.641107157686234","-1","0.0","0.0","0.0"
"CURVE 1","0.08482080936747653","27.882569699234317","22.933883007648756","0.0921398142914274","0.09518420603737902","11.343510731843013","-1","0.0","0.0","0.0"
"CURVE 1","0.08482080936747653","27.882569699234317","22.933883007648756","0.09239881051713555","0.09528552043497265","11.053940057061647","-1","0.0","0.0","0.0"
"CURVE 1","0.08482080936747653","27.882569699234317","22.933883007648756","0.0926602863672361","0.09538873776867615","10.772189761256472","-1","0.0","0.0","0.0"
"CURVE 1","0.08482080936747653","27.882569699234317","22.933883007648756","0.09292425970533003","0.09549387099137947","10.49805806115037","-1","0.0","0.0","0.0"
"CURVE 1","0.08482080936747653","27.882569699234317","22.933883007648756","0.09319074839501833","0.09560093305597257","10.231346852806077","-1","0.0","0.0","0.0"
"CURVE 1","0.08482080936747653","27.882569699234317","22.933883007648756","0.09345977029990202","0.09570993691534545","9.971861788217675","-1","0.0","0.0","0.0"
