"Curve Name","Curve Length (um)","Average Curvature (um-1)","Curvature Std (um-1)","X-Coordinate (um)","Y-Coordinate (um)","Point Curvature (um-1)","Point Curvature Sign","Red Intensity","Green Intensity","Blue Intensity"
"CURVE 1","0.08207544628353028","28.07403901303753","19.807186878527073","0.022686567164179102","0.11432835820895522","33.26816423260258","1","1.0","1.0","1.0"
"CURVE 1","0.08207544628353028","28.07403901303753","19.807186878527073","0.022875056990343538","0.11443912618788914","33.865229004139174","1","1.0","1.0","1.0"
"CURVE 1","0.08207544628353028","28.07403901303753","19.807186878527073","0.023062730001572947","0.11454756086738549","34.46813173866016","1","0.0","0.0","0.0"
"CURVE 1","0.08207544628353028","28.07403901303753","19.807186878527073","0.0232495892581655","0.11465367925700858","35.07662062192998","1","0.0","0.0","0.0"
"CURVE 1","0.08207544628353028","28.07403901303753","19.807186878527073","0.023435637820419387","0.11475749836632268","35.69042502445926","1","0.0","0.0","0.0"
"CURVE 1","0.08207544628353028","28.07403901303753","19.807186878527073","0.023620878748632786","0.11485903520489214","36.309255116326945","1","0.0","0.0","0.0"
"CURVE 1","0.08207544628353028","28.07403901303753","19.807186878527073","0.023805315103103866","0.11495830678228121","36.93280153284458","1","0.0","0.0","0.0"
"CURVE 1","0.08207544628353028","28.07403901303753","19.807186878527073","0.023988949944130818","0.11505533010805423","37.560735057968955","1","1.0","1.0","1.0"
"CURVE 1","0.08207544628353028","28.07403901303753","19.807186878527073","0.024171786332011818","0.11515012219177549","38.19270637977654","1","0.0","0.0","0.0"
"CURVE 1","0.08207544628353028","28.07403901303753","19.807186878527073","0.024353827327045042","0.11524270004300928","38.82834588141057","1","0.0","0.0","0.0"
"CURVE 1","0.08207544628353028","28.07403901303753","19.807186878527073","0.024535075989528674","0.1153330806713199","39.46726349002071","1","0.0","0.0","0.0"
"CURVE 1","0.08207544628353028","28.07403901303753","19.807186878527073","0.024715535379760893","0.11542128108627167","40.1090485955033","1","0.0","0.0","0.0"
"CURVE 1","0.08207544628353028","28.07403901303753","19.807186878527073","0.02489520855803988","0.11550731829742887","40.75327001605043","1","0.0","0.0","0.0"
"CURVE 1","0.08207544628353028","28.07403901303753","19.807186878527073","0.02507409858466381","0.1155912093143558","41.399476048588014","1","0.0","0.0","0.0"
"CURVE 1","0.08207544628353028","28.07403901303753","19.807186878527073","0.02525220851993086","0.11567297114661676","42.047194574783816","1","0.0","0.0","0.0"
"CURVE 1","0.08207544628353028","28.07403901303753","19.807186878527073","0.025429541424139224","0.11575262080377607","42.695933264297366","1","0.0","0.0","0.0"
"CURVE 1","0.08207544628353028","28.07403901303753","19.807186878527073","0.025606100357587064","0.115830175295398","43.345179839340375","1","0.0","0.0","0.0"
"CURVE 1","0.08207544628353028","28.07403901303753","19.807186878527073","0.02578188838057257","0.11590565163104688","43.99440242017901","1","0.0","0.0","0.0"
"CURVE 1","0.08207544628353028","28.07403901303753","19.807186878527073","0.025956908553393918","0.115979066820287","44.64304998007138","1","0.0","0.0","0.0"
"CURVE 1","0.08207544628353028","28.07403901303753","19.807186878527073","0.02613116393634929","0.11605043787268264","45.2905528587419","1","0.0","0.0","0.0"
"CURVE 1","0.08207544628353028","28.07403901303753","19.807186878527073","0.026304657589736862","0.11611978179779811","45.93632339696491","1","0.0","0.0","0.0"
"CURVE 1","0.08207544628353028","28.07403901303753","19.807186878527073","0.02647739257385482","0.11618711560519773","46.57975663162707","1","0.0","0.0","0.0"
"CURVE 1","0.08207544628353028","28.07403901303753","19.807186878527073","0.02664937194900133","0.11625245630444579","47.22023110582424","1","0.0","0.0","0.0"
"CURVE 1","0.08207544628353028","28.07403901303753","19.807186878527073","0.02682059877547459","0.11631582090510657","47.8571097881493","1","0.0","0.0","0.0"
"CURVE 1","0.08207544628353028","28.07403901303753","19.807186878527073","0.02699107611357276","0.1163772264167444","48.489741035654134","1","0.0","0.0","0.0"
"CURVE 1","0.08207544628353028","28.07403901303753","19.807186878527073","0.02716080702359403","0.11643668984892358","49.117459712360095","1","0.0","0.0","0.0"
"CURVE 1","0.08207544628353028","28.07403901303753","19.807186878527073","0.027329794565836587","0.11649422821120836","49.73958836419022","1","0.0","0.0","0.0"
"CURVE 1","0.08207544628353028","28.07403901303753","19.807186878527073","0.0274980418005986","0.11654985851316309","50.35543848423245","1","0.0","0.0","0.0"
"CURVE 1","0.08207544628353028","28.07403901303753","19.807186878527073","0.02766555178817825","0.11660359776435206","50.96431188692275","1","0.0","0.0","0.0"
"CURVE 1","0.08207544628353028","28.07403901303753","19.807186878527073","0.027832327588873714","0.11665546297433955","51.565502166463425","1","0.0","0.0","0.0"
"CURVE 1","0.08207544628353028","28.07403901303753","19.807186878527073","0.027998372262983177","0.11670547115268991","52.15829622052343","1","0.0","0.0","0.0"
"CURVE 1","0.08207544628353028","28.07403901303753","19.807186878527073","0.02816368887080482","0.1167536393089674","52.74197585376375","1","0.0","0.0","0.0"
"CURVE 1","0.08207544628353028","28.07403901303753","19.807186878527073","0.028328280472636812","0.11679998445273632","53.315819478038655","1","0.0","0.0","0.0"
"CURVE 1","0.08207544628353028","28.07403901303753","19.807186878527073","0.028492150128777344","0.11684452359356098","53.87910384628014","1","0.0","0.0","0.0"
"CURVE 1","0.08207544628353028","28.07403901303753","19.807186878527073","0.028655300899524592","0.11688727374100566","54.43110586839485","1","0.0","0.0","0.0"
"CURVE 1","0.08207544628353028","28.07403901303753","19.807186878527073","0.028817735845176735","0.1169282519046347","54.971104458553334","1","0.0","0.0","0.0"
"CURVE 1","0.08207544628353028","28.07403901303753","19.807186878527073","0.02897945802603195","0.11696747509401235","55.49838245366124","1","0.0","0.0","0.0"
"CURVE 1","0.08207544628353028","28.07403901303753","19.807186878527073","0.029140470502388417","0.11700496031870296","56.01222852611118","1","0.0","0.0","0.0"
"CURVE 1","0.08207544628353028","28.07403901303753","19.807186878527073","0.02930077633454432","0.11704072458827079","56.511939151047386","1","0.0","0.0","0.0"
"CURVE 1","0.08207544628353028","28.07403901303753","19.807186878527073","0.029460378582797837","0.11707478491228017","56.996820598705824","1","0.0","0.0","0.0"
"CURVE 1","0.08207544628353028","28.07403901303753","19.807186878527073","0.029619280307447142","0.1171071583002954","57.46619087724692","1","0.0","0.0","0.0"
"CURVE 1","0.08207544628353028","28.07403901303753","19.807186878527073","0.02977748456879042","0.11713786176188075","57.91938173793953","1","0.0","0.0","0.0"
"CURVE 1","0.08207544628353028","28.07403901303753","19.807186878527073","0.029934994427125845","0.11716691230660055","58.35574059195829","1","0.0","0.0","0.0"
"CURVE 1","0.08207544628353028","28.07403901303753","19.807186878527073","0.0300918129427516","0.11719432694401909","58.774632478244804","1","0.0","0.0","0.0"
"CURVE 1","0.08207544628353028","28.07403901303753","19.807186878527073","0.030247943175965873","0.11722012268370063","59.17544191324298","1","0.0","0.0","0.0"
"CURVE 1","0.08207544628353028","28.07403901303753","19.807186878527073","0.03040338818706683","0.11724431653520956","59.557574731403456","1","0.0","0.0","0.0"
"CURVE 1","0.08207544628353028","28.07403901303753","19.807186878527073","0.030558151036352663","0.11726692550811009","59.920459875845836","1","0.0","0.0","0.0"
"CURVE 1","0.08207544628353028","28.07403901303753","19.807186878527073","0.030712234784121537","0.11728796661196657","60.263551067331555","1","0.0","0.0","0.0"
"CURVE 1","0.08207544628353028","28.07403901303753","19.807186878527073","0.030865642490671644","0.11730745685634329","60.58632843245472","1","0.0","0.0","0.0"
"CURVE 1","0.08207544628353028","28.07403901303753","19.807186878527073","0.03101837721630116","0.11732541325080455","60.88830003777168","1","0.0","0.0","0.0"
"CURVE 1","0.08207544628353028","28.07403901303753","19.807186878527073","0.031170442021308257","0.11734185280491466","61.169003292220864","1","0.0","0.0","0.0"
"CURVE 1","0.08207544628353028","28.07403901303753","19.807186878527073","0.031321839965991125","0.11735679252823789","61.42800624448673","1","0.0","0.0","0.0"
"CURVE 1","0.08207544628353028","28.07403901303753","19.807186878527073","0.03147257411064793","0.11737024943033857","61.66490879284989","1","0.0","0.0","0.0"
"CURVE 1","0.08207544628353028","28.07403901303753","19.807186878527073","0.03162264751557687","0.11738224052078099","61.87934372702364","1","0.0","0.0","0.0"
"CURVE 1","0.08207544628353028","28.07403901303753","19.807186878527073","0.031772063241076114","0.11739278280912942","62.07097766212572","1","0.0","0.0","0.0"
"CURVE 1","0.08207544628353028","28.07403901303753","19.807186878527073","0.03192082434744384","0.1174018933049482","62.23951181080435","1","0.0","0.0","0.0"
"CURVE 1","0.08207544628353028","28.07403901303753","19.807186878527073","0.03206893389497824","0.11740958901780163","62.38468264914518","1","0.0","0.0","0.0"
"CURVE 1","0.08207544628353028","28.07403901303753","19.807186878527073","0.032216394943977475","0.11741588695725398","62.506262377310634","1","0.0","0.0","0.0"
"CURVE 1","0.08207544628353028","28.07403901303753","19.807186878527073","0.03236321055473973","0.1174208041328696","62.60405929554554","1","0.0","0.0","0.0"
"CURVE 1","0.08207544628353028","28.07403901303753","19.807186878527073","0.03250938378756319","0.11742435755421275","62.677917972266656","1","0.0","0.0","0.0"
"CURVE 1","0.08207544628353028","28.07403901303753","19.807186878527073","0.032654917702746034","0.11742656423084773","62.72771931042485","1","0.0","0.0","0.0"
"CURVE 1","0.08207544628353028","28.07403901303753","19.807186878527073","0.032799815360586446","0.11742744117233886","62.753380407318346","1","0.0","0.0","0.0"
"CURVE 1","0.08207544628353028","28.07403901303753","19.807186878527073","0.03294407982138259","0.11742700538825042","62.75485431898775","1","0.0","0.0","0.0"
"CURVE 1","0.08207544628353028","28.07403901303753","19.807186878527073","0.033087714145432656","0.11742527388814672","62.732129651267954","1","0.0","0.0","0.0"
"CURVE 1","0.08207544628353028","28.07403901303753","19.807186878527073","0.033230721393034825","0.11742226368159205","62.68522999213422","1","0.0","0.0","0.0"
"CURVE 1","0.08207544628353028","28.07403901303753","19.807186878527073","0.03337310462448728","0.11741799177815071","62.6142132617932","1","0.0","0.0","0.0"
"CURVE 1","0.08207544628353028","28.07403901303753","19.807186878527073","0.03351486690008819","0.11741247518738704","62.519170856904324","1","0.0","0.0","0.0"
"CURVE 1","0.08207544628353028","28.07403901303753","19.807186878527073","0.033656011280135734","0.1174057309188653","62.40022673631971","1","0.0","0.0","0.0"
"CURVE 1","0.08207544628353028","28.07403901303753","19.807186878527073","0.033796540824928105","0.1173977759821498","62.257536338783815","1","0.0","0.0","0.0"
"CURVE 1","0.08207544628353028","28.07403901303753","19.807186878527073","0.03393645859476346","0.11738862738680482","62.0912854194013","1","0.0","0.0","0.0"
"CURVE 1","0.08207544628353028","28.07403901303753","19.807186878527073","0.03407576764994","0.11737830214239471","61.90168876327241","1","0.0","0.0","0.0"
"CURVE 1","0.08207544628353028","28.07403901303753","19.807186878527073","0.03421447105075589","0.11736681725848372","61.68898883308394","1","0.0","0.0","0.0"
"CURVE 1","0.08207544628353028","28.07403901303753","19.807186878527073","0.034352571857509326","0.11735418974463618","61.453454293431115","1","0.0","0.0","0.0"
"CURVE 1","0.08207544628353028","28.07403901303753","19.807186878527073","0.034490073130498476","0.11734043661041639","61.19537849087922","1","0.0","0.0","0.0"
"CURVE 1","0.08207544628353028","28.07403901303753","19.807186878527073","0.034626977930021514","0.11732557486538864","60.91507785850923","1","0.0","0.0","0.0"
"CURVE 1","0.08207544628353028","28.07403901303753","19.807186878527073","0.034763289316376636","0.11730962151911722","60.61289025314021","1","0.0","0.0","0.0"
"CURVE 1","0.08207544628353028","28.07403901303753","19.807186878527073","0.03489901034986201","0.11729259358116643","60.2891732603462","1","0.0","0.0","0.0"
"CURVE 1","0.08207544628353028","28.07403901303753","19.807186878527073","0.03503414409077583","0.1172745080611006","59.94430246080668","1","0.0","0.0","0.0"
"CURVE 1","0.08207544628353028","28.07403901303753","19.807186878527073","0.035168693599416254","0.117255381968484","59.57866968060907","1","0.0","0.0","0.0"
"CURVE 1","0.08207544628353028","28.07403901303753","19.807186878527073","0.03530266193608146","0.11723523231288092","59.192681159920355","1","0.0","0.0","0.0"
"CURVE 1","0.08207544628353028","28.07403901303753","19.807186878527073","0.03543605216106965","0.11721407610385572","58.786755809872","1","0.0","0.0","0.0"
"CURVE 1","0.08207544628353028","28.07403901303753","19.807186878527073","0.035568867334679","0.11719193035097263","58.3613234091703","1","0.0","0.0","0.0"
"CURVE 1","0.08207544628353028","28.07403901303753","19.807186878527073","0.03570111051720767","0.117168812063796","57.916822800564915","1","0.0","0.0","0.0"
"CURVE 1","0.08207544628353028","28.07403901303753","19.807186878527073","0.035832784768953845","0.11714473825189012","57.453700142914414","1","0.0","0.0","0.0"
"CURVE 1","0.08207544628353028","28.07403901303753","19.807186878527073","0.03596389315021571","0.11711972592481926","56.97240713222873","1","0.0","0.0","0.0"
"CURVE 1","0.08207544628353028","28.07403901303753","19.807186878527073","0.03609443872129146","0.11709379209214774","56.4733993219917","1","0.0","0.0","0.0"
"CURVE 1","0.08207544628353028","28.07403901303753","19.807186878527073","0.036224424542479254","0.11706695376343987","55.95713441641033","1","0.0","0.0","0.0"
"CURVE 1","0.08207544628353028","28.07403901303753","19.807186878527073","0.03635385367407727","0.11703922794825994","55.4240706131416","1","0.0","0.0","0.0"
"CURVE 1","0.08207544628353028","28.07403901303753","19.807186878527073","0.0364827291763837","0.11701063165617226","54.87466501949412","1","0.0","0.0","0.0"
"CURVE 1","0.08207544628353028","28.07403901303753","19.807186878527073","0.03661105410969673","0.1169811818967411","54.30937212025208","1","0.0","0.0","0.0"
"CURVE 1","0.08207544628353028","28.07403901303753","19.807186878527073","0.03673883153431451","0.11695089567953082","53.72864223969716","1","0.0","0.0","0.0"
"CURVE 1","0.08207544628353028","28.07403901303753","19.807186878527073","0.036866064510535236","0.11691979001410564","53.13292014238315","1","0.0","0.0","0.0"
"CURVE 1","0.08207544628353028","28.07403901303753","19.807186878527073","0.036992756098657105","0.11688788191002994","52.52264362347581","1","0.0","0.0","0.0"
"CURVE 1","0.08207544628353028","28.07403901303753","19.807186878527073","0.03711890935897827","0.11685518837686798","51.898242208326366","1","0.0","0.0","0.0"
"CURVE 1","0.08207544628353028","28.07403901303753","19.807186878527073","0.037244527351796924","0.11682172642418402","51.26013587341728","1","0.0","0.0","0.0"
"CURVE 1","0.08207544628353028","28.07403901303753","19.807186878527073","0.037369613137411245","0.11678751306154243","50.60873387858573","1","0.0","0.0","0.0"
"CURVE 1","0.08207544628353028","28.07403901303753","19.807186878527073","0.037494169776119406","0.11675256529850747","49.944433627639484","1","0.0","0.0","0.0"
"CURVE 1","0.08207544628353028","28.07403901303753","19.807186878527073","0.03761820032821959","0.11671690014464346","49.26761957721712","1","0.0","0.0","0.0"
"CURVE 1","0.08207544628353028","28.07403901303753","19.807186878527073","0.03774170785400997","0.11668053460951468","48.57866227087322","1","0.0","0.0","0.0"
"CURVE 1","0.08207544628353028","28.07403901303753","19.807186878527073","0.03786469541378875","0.11664348570268546","47.877917373311554","1","0.0","0.0","0.0"
"CURVE 1","0.08207544628353028","28.07403901303753","19.807186878527073","0.03798716606785409","0.11660577043372007","47.165724807392856","1","0.0","0.0","0.0"
"CURVE 1","0.08207544628353028","28.07403901303753","19.807186878527073","0.03810912287650417","0.11656740581218283","46.44240791989364","1","1.0","1.0","1.0"
"CURVE 1","0.08207544628353028","28.07403901303753","19.807186878527073","0.03823056890003717","0.11652840884763803","45.70827271042932","1","1.0","1.0","1.0"
"CURVE 1","0.08207544628353028","28.07403901303753","19.807186878527073","0.03835150719875127","0.11648879654964998","44.96360716554388","1","1.0","1.0","1.0"
"CURVE 1","0.08207544628353028","28.07403901303753","19.807186878527073","0.038471940832944654","0.11644858592778295","44.208680570507816","1","1.0","1.0","1.0"
"CURVE 1","0.08207544628353028","28.07403901303753","19.807186878527073","0.038591872862915495","0.11640779399160128","43.443742906965","1","1.0","1.0","1.0"
"CURVE 1","0.08207544628353028","28.07403901303753","19.807186878527073","0.03871130634896198","0.11636643775066925","42.66902430946111","1","1.0","1.0","1.0"
"CURVE 1","0.08207544628353028","28.07403901303753","19.807186878527073","0.03883024435138228","0.11632453421455116","41.88473455742166","1","1.0","1.0","1.0"
"CURVE 1","0.08207544628353028","28.07403901303753","19.807186878527073","0.03894868993047459","0.11628210039281134","41.091062615141276","1","1.0","1.0","1.0"
"CURVE 1","0.08207544628353028","28.07403901303753","19.807186878527073","0.03906664614653707","0.11623915329501404","40.28817616679474","1","1.0","1.0","1.0"
"CURVE 1","0.08207544628353028","28.07403901303753","19.807186878527073","0.03918411605986791","0.11619570993072359","39.47622126187045","1","1.0","1.0","1.0"
"CURVE 1","0.08207544628353028","28.07403901303753","19.807186878527073","0.03930110273076527","0.11615178730950426","38.655321950590526","1","1.0","1.0","1.0"
"CURVE 1","0.08207544628353028","28.07403901303753","19.807186878527073","0.03941760921952737","0.1161074024409204","37.825579934526296","1","1.0","1.0","1.0"
"CURVE 1","0.08207544628353028","28.07403901303753","19.807186878527073","0.039533638586452355","0.11606257233453628","36.98707427610037","1","1.0","1.0","1.0"
"CURVE 1","0.08207544628353028","28.07403901303753","19.807186878527073","0.03964919389183842","0.11601731399991619","36.13986112289866","1","1.0","1.0","1.0"
"CURVE 1","0.08207544628353028","28.07403901303753","19.807186878527073","0.039764278195983736","0.11597164444662446","35.28397341894819","1","0.0","0.0","0.0"
"CURVE 1","0.08207544628353028","28.07403901303753","19.807186878527073","0.039878894559186494","0.11592558068422536","34.41942070794967","1","0.0","0.0","0.0"
"CURVE 1","0.08207544628353028","28.07403901303753","19.807186878527073","0.03999304604174486","0.1158791397222832","33.546188846067075","1","0.0","0.0","0.0"
"CURVE 1","0.08207544628353028","28.07403901303753","19.807186878527073","0.04010673570395703","0.11583233857036229","32.66423982750387","1","0.0","0.0","0.0"
"CURVE 1","0.08207544628353028","28.07403901303753","19.807186878527073","0.04021996660612116","0.11578519423802693","31.77351154631474","1","0.0","0.0","0.0"
"CURVE 1","0.08207544628353028","28.07403901303753","19.807186878527073","0.04033274180853545","0.11573772373484141","30.873917604328227","1","0.0","0.0","0.0"
"CURVE 1","0.08207544628353028","28.07403901303753","19.807186878527073","0.04044506437149808","0.11568994407037005","29.965347091970134","1","0.0","0.0","0.0"
"CURVE 1","0.08207544628353028","28.07403901303753","19.807186878527073","0.04055693735530721","0.11564187225417712","29.047664395492625","1","0.0","0.0","0.0"
"CURVE 1","0.08207544628353028","28.07403901303753","19.807186878527073","0.04066836382026104","0.11559352529582692","28.120708990724232","1","0.0","0.0","0.0"
"CURVE 1","0.08207544628353028","28.07403901303753","19.807186878527073","0.04077934682665773","0.11554492020488379","27.184295201895544","1","0.0","0.0","0.0"
"CURVE 1","0.08207544628353028","28.07403901303753","19.807186878527073","0.040889889434795476","0.115496073990912","26.238212039941978","1","0.0","0.0","0.0"
"CURVE 1","0.08207544628353028","28.07403901303753","19.807186878527073","0.04099999470497245","0.11544700366347582","25.282222907391112","1","0.0","0.0","0.0"
"CURVE 1","0.08207544628353028","28.07403901303753","19.807186878527073","0.04110966569748685","0.11539772623213962","24.31606541116749","1","0.0","0.0","0.0"
"CURVE 1","0.08207544628353028","28.07403901303753","19.807186878527073","0.04121890547263682","0.11534825870646766","23.339451082279727","1","0.0","0.0","0.0"
"CURVE 1","0.08207544628353028","28.07403901303753","19.807186878527073","0.04132771716189029","0.11529861539157468","23.373756133602196","1","0.0","0.0","0.0"
"CURVE 1","0.08207544628353028","28.07403901303753","19.807186878527073","0.04143610418139406","0.11524879977477724","23.405235131574386","1","0.0","0.0","0.0"
"CURVE 1","0.08207544628353028","28.07403901303753","19.807186878527073","0.041544070018464656","0.11519881263894229","23.433851932971987","1","0.0","0.0","0.0"
"CURVE 1","0.08207544628353028","28.07403901303753","19.807186878527073","0.04165161816041861","0.11514865476693681","23.459571206027533","1","0.0","0.0","0.0"
"CURVE 1","0.08207544628353028","28.07403901303753","19.807186878527073","0.04175875209457246","0.11509832694162776","23.4823583943945","1","0.0","0.0","0.0"
"CURVE 1","0.08207544628353028","28.07403901303753","19.807186878527073","0.04186547530824272","0.11504782994588217","23.502179819334227","1","0.0","0.0","0.0"
"CURVE 1","0.08207544628353028","28.07403901303753","19.807186878527073","0.04197179128874594","0.11499716456256695","23.519002654240857","1","0.0","0.0","0.0"
"CURVE 1","0.08207544628353028","28.07403901303753","19.807186878527073","0.04207770352339864","0.11494633157454914","23.532794973207942","1","0.0","0.0","0.0"
"CURVE 1","0.08207544628353028","28.07403901303753","19.807186878527073","0.04218321549951735","0.11489533176469567","23.543525783972377","1","0.0","0.0","0.0"
"CURVE 1","0.08207544628353028","28.07403901303753","19.807186878527073","0.042288330704418585","0.11484416591587351","23.551165044234665","1","0.0","0.0","0.0"
"CURVE 1","0.08207544628353028","28.07403901303753","19.807186878527073","0.0423930526254189","0.11479283481094968","23.555683677436882","1","0.0","0.0","0.0"
"CURVE 1","0.08207544628353028","28.07403901303753","19.807186878527073","0.04249738474983481","0.11474133923279113","23.5570536205049","1","0.0","0.0","0.0"
"CURVE 1","0.08207544628353028","28.07403901303753","19.807186878527073","0.04260133056498285","0.11468967996426485","23.55524782807847","1","0.0","0.0","0.0"
"CURVE 1","0.08207544628353028","28.07403901303753","19.807186878527073","0.042704893558179566","0.11463785778823776","23.550240314942144","1","0.0","0.0","0.0"
"CURVE 1","0.08207544628353028","28.07403901303753","19.807186878527073","0.04280807721674145","0.11458587348757691","23.54200615719095","1","0.0","0.0","0.0"
"CURVE 1","0.08207544628353028","28.07403901303753","19.807186878527073","0.042910885027985075","0.11453372784514926","23.530521535997494","1","0.0","0.0","0.0"
"CURVE 1","0.08207544628353028","28.07403901303753","19.807186878527073","0.043013320479226944","0.11448142164382176","23.515763737232604","1","0.0","0.0","0.0"
"CURVE 1","0.08207544628353028","28.07403901303753","19.807186878527073","0.04311538705778359","0.11442895566646138","23.497711197456976","1","0.0","0.0","0.0"
"CURVE 1","0.08207544628353028","28.07403901303753","19.807186878527073","0.04321708825097154","0.11437633069593514","23.476343486460912","1","0.0","0.0","0.0"
"CURVE 1","0.08207544628353028","28.07403901303753","19.807186878527073","0.04331842754610735","0.11432354751511","23.45164139063716","1","0.0","0.0","0.0"
"CURVE 1","0.08207544628353028","28.07403901303753","19.807186878527073","0.04341940843050753","0.11427060690685291","23.42358683564006","1","0.0","0.0","0.0"
"CURVE 1","0.08207544628353028","28.07403901303753","19.807186878527073","0.043520034391488605","0.11421750965403087","23.39216300086666","1","0.0","0.0","0.0"
"CURVE 1","0.08207544628353028","28.07403901303753","19.807186878527073","0.04362030891636711","0.11416425653951086","23.35735425902654","1","0.0","0.0","0.0"
"CURVE 1","0.08207544628353028","28.07403901303753","19.807186878527073","0.04372023549245958","0.11411084834615982","23.31914625503955","1","0.0","0.0","0.0"
"CURVE 1","0.08207544628353028","28.07403901303753","19.807186878527073","0.04381981760708254","0.11405728585684477","23.27752585606667","1","0.0","0.0","0.0"
"CURVE 1","0.08207544628353028","28.07403901303753","19.807186878527073","0.043919058747552524","0.11400356985443268","23.2324812236987","1","0.0","0.0","0.0"
"CURVE 1","0.08207544628353028","28.07403901303753","19.807186878527073","0.044017962401186064","0.1139497011217905","23.184001775903795","1","0.0","0.0","0.0"
"CURVE 1","0.08207544628353028","28.07403901303753","19.807186878527073","0.044116532055299675","0.11389568044178522","23.132078243254714","1","0.0","0.0","0.0"
"CURVE 1","0.08207544628353028","28.07403901303753","19.807186878527073","0.0442147711972099","0.11384150859728383","23.076702630031377","1","0.0","0.0","0.0"
"CURVE 1","0.08207544628353028","28.07403901303753","19.807186878527073","0.04431268331423328","0.11378718637115327","23.017868291520863","1","0.0","0.0","0.0"
"CURVE 1","0.08207544628353028","28.07403901303753","19.807186878527073","0.04441027189368632","0.11373271454626055","22.95556984671051","1","0.0","0.0","0.0"
"CURVE 1","0.08207544628353028","28.07403901303753","19.807186878527073","0.04450754042288557","0.11367809390547264","22.889803278369197","1","0.0","0.0","0.0"
"CURVE 1","0.08207544628353028","28.07403901303753","19.807186878527073","0.04460449238914754","0.11362332523165651","22.820565874333873","1","0.0","0.0","0.0"
"CURVE 1","0.08207544628353028","28.07403901303753","19.807186878527073","0.044701131279788794","0.11356840930767914","22.747856281908422","1","0.0","0.0","0.0"
"CURVE 1","0.08207544628353028","28.07403901303753","19.807186878527073","0.04479746058212584","0.1135133469164075","22.671674452042907","1","0.0","0.0","0.0"
"CURVE 1","0.08207544628353028","28.07403901303753","19.807186878527073","0.044893483783475206","0.11345813884070856","22.59202170554469","1","0.0","0.0","0.0"
"CURVE 1","0.08207544628353028","28.07403901303753","19.807186878527073","0.04498920437115342","0.11340278586344932","22.508900677592287","1","0.0","0.0","0.0"
"CURVE 1","0.08207544628353028","28.07403901303753","19.807186878527073","0.045084625832477014","0.11334728876749674","22.422315372827427","1","0.0","0.0","0.0"
"CURVE 1","0.08207544628353028","28.07403901303753","19.807186878527073","0.045179751654762526","0.11329164833571781","22.332271102346812","1","0.0","0.0","0.0"
"CURVE 1","0.08207544628353028","28.07403901303753","19.807186878527073","0.045274585325326494","0.11323586535097949","22.23877454491284","1","0.0","0.0","0.0"
"CURVE 1","0.08207544628353028","28.07403901303753","19.807186878527073","0.04536913033148542","0.11317994059614876","22.141833690983763","1","0.0","0.0","0.0"
"CURVE 1","0.08207544628353028","28.07403901303753","19.807186878527073","0.04546339016055586","0.11312387485409257","22.041457878471114","1","0.0","0.0","0.0"
"CURVE 1","0.08207544628353028","28.07403901303753","19.807186878527073","0.04555736829985433","0.11306766890767796","21.937657755381775","1","0.0","0.0","0.0"
"CURVE 1","0.08207544628353028","28.07403901303753","19.807186878527073","0.04565106823669737","0.11301132353977184","21.830445310918865","1","0.0","0.0","0.0"
"CURVE 1","0.08207544628353028","28.07403901303753","19.807186878527073","0.0457444934584015","0.11295483953324123","21.719833811145996","1","0.0","0.0","0.0"
"CURVE 1","0.08207544628353028","28.07403901303753","19.807186878527073","0.04583764745228325","0.1128982176709531","21.605837865358822","1","0.0","0.0","0.0"
"CURVE 1","0.08207544628353028","28.07403901303753","19.807186878527073","0.045930533705659166","0.1128414587357744","21.488473341981894","1","0.0","0.0","0.0"
"CURVE 1","0.08207544628353028","28.07403901303753","19.807186878527073","0.04602315570584577","0.11278456351057214","21.367757423972616","1","0.0","0.0","0.0"
"CURVE 1","0.08207544628353028","28.07403901303753","19.807186878527073","0.04611551694015958","0.11272753277821329","21.243708536014914","1","0.0","0.0","0.0"
"CURVE 1","0.08207544628353028","28.07403901303753","19.807186878527073","0.04620762089591714","0.1126703673215648","21.116346392261512","1","0.0","0.0","0.0"
"CURVE 1","0.08207544628353028","28.07403901303753","19.807186878527073","0.04629947106043498","0.11261306792349368","20.985691932313692","1","0.0","0.0","0.0"
"CURVE 1","0.08207544628353028","28.07403901303753","19.807186878527073","0.04639107092102962","0.11255563536686686","20.851767347818225","1","0.0","0.0","0.0"
"CURVE 1","0.08207544628353028","28.07403901303753","19.807186878527073","0.04648242396501759","0.11249807043455136","20.71459602833659","1","0.0","0.0","0.0"
"CURVE 1","0.08207544628353028","28.07403901303753","19.807186878527073","0.04657353367971542","0.11244037390941412","20.574202594560802","1","0.0","0.0","0.0"
"CURVE 1","0.08207544628353028","28.07403901303753","19.807186878527073","0.046664403552439664","0.11238254657432216","20.430612821368378","1","0.0","0.0","0.0"
"CURVE 1","0.08207544628353028","28.07403901303753","19.807186878527073","0.046755037070506836","0.11232458921214243","20.283853685961798","1","0.0","0.0","0.0"
"CURVE 1","0.08207544628353028","28.07403901303753","19.807186878527073","0.046845437721233466","0.11226650260574189","20.13395328430278","1","0.0","0.0","0.0"
"CURVE 1","0.08207544628353028","28.07403901303753","19.807186878527073","0.04693560899193607","0.11220828753798756","19.9809408818361","1","0.0","0.0","0.0"
"CURVE 1","0.08207544628353028","28.07403901303753","19.807186878527073","0.047025554369931194","0.11214994479174638","19.824846822544256","1","0.0","0.0","0.0"
"CURVE 1","0.08207544628353028","28.07403901303753","19.807186878527073","0.047115277342535365","0.11209147514988534","19.66570256619083","1","0.0","0.0","0.0"
"CURVE 1","0.08207544628353028","28.07403901303753","19.807186878527073","0.04720478139706512","0.11203287939527141","19.503540630399307","1","0.0","0.0","0.0"
"CURVE 1","0.08207544628353028","28.07403901303753","19.807186878527073","0.04729407002083698","0.1119741583107716","19.338394609768102","1","0.0","0.0","0.0"
"CURVE 1","0.08207544628353028","28.07403901303753","19.807186878527073","0.04738314670116747","0.11191531267925282","19.17029908896313","1","0.0","0.0","0.0"
"CURVE 1","0.08207544628353028","28.07403901303753","19.807186878527073","0.04747201492537313","0.1118563432835821","18.99928969841295","1","0.0","0.0","0.0"
"CURVE 1","0.08207544628353028","28.07403901303753","19.807186878527073","0.04756067818077049","0.11179725090662639","18.825403021834106","1","0.0","0.0","0.0"
"CURVE 1","0.08207544628353028","28.07403901303753","19.807186878527073","0.04764913995467608","0.11173803633125269","18.64867663243541","1","0.0","0.0","0.0"
"CURVE 1","0.08207544628353028","28.07403901303753","19.807186878527073","0.04773740373440643","0.11167870034032794","18.469149009288518","1","0.0","0.0","0.0"
"CURVE 1","0.08207544628353028","28.07403901303753","19.807186878527073","0.04782547300727807","0.11161924371671912","18.286859574142795","1","0.0","0.0","0.0"
"CURVE 1","0.08207544628353028","28.07403901303753","19.807186878527073","0.047913351260607515","0.11155966724329326","18.101848608151553","1","0.0","0.0","0.0"
"CURVE 1","0.08207544628353028","28.07403901303753","19.807186878527073","0.04800104198171131","0.1114999717029173","17.914157276751432","1","0.0","0.0","0.0"
"CURVE 1","0.08207544628353028","28.07403901303753","19.807186878527073","0.048088548657905995","0.1114401578784582","17.723827567010158","1","0.0","0.0","0.0"
"CURVE 1","0.08207544628353028","28.07403901303753","19.807186878527073","0.04817587477650808","0.11138022655278296","17.530902295012606","1","0.0","0.0","0.0"
"CURVE 1","0.08207544628353028","28.07403901303753","19.807186878527073","0.048263023824834106","0.11132017850875854","17.335425038242537","1","0.0","0.0","0.0"
"CURVE 1","0.08207544628353028","28.07403901303753","19.807186878527073","0.048349999290200604","0.11126001452925195","17.13744016064898","1","0.0","0.0","0.0"
"CURVE 1","0.08207544628353028","28.07403901303753","19.807186878527073","0.048436804659924095","0.11119973539713011","16.936992735050683","1","0.0","0.0","0.0"
"CURVE 1","0.08207544628353028","28.07403901303753","19.807186878527073","0.048523443421321116","0.11113934189526004","16.734128551773093","1","0.0","0.0","0.0"
"CURVE 1","0.08207544628353028","28.07403901303753","19.807186878527073","0.0486099190617082","0.1110788348065087","16.528894079026482","1","0.0","0.0","0.0"
"CURVE 1","0.08207544628353028","28.07403901303753","19.807186878527073","0.048696235068401886","0.11101821491374307","16.3213364499062","1","0.0","0.0","0.0"
"CURVE 1","0.08207544628353028","28.07403901303753","19.807186878527073","0.04878239492871867","0.11095748299983012","16.111503398849568","1","0.0","0.0","0.0"
"CURVE 1","0.08207544628353028","28.07403901303753","19.807186878527073","0.048868402129975126","0.11089663984763683","15.89944328135929","1","0.0","0.0","0.0"
"CURVE 1","0.08207544628353028","28.07403901303753","19.807186878527073","0.048954260159487756","0.11083568624003018","15.685205013578674","1","0.0","0.0","0.0"
"CURVE 1","0.08207544628353028","28.07403901303753","19.807186878527073","0.049039972504573086","0.11077462295987714","15.468838053707543","1","0.0","0.0","0.0"
"CURVE 1","0.08207544628353028","28.07403901303753","19.807186878527073","0.04912554265254765","0.1107134507900447","15.250392397789431","1","0.0","0.0","0.0"
"CURVE 1","0.08207544628353028","28.07403901303753","19.807186878527073","0.049210974090728","0.11065217051339982","15.029918506246142","1","0.0","0.0","0.0"
"CURVE 1","0.08207544628353028","28.07403901303753","19.807186878527073","0.04929627030643065","0.11059078291280948","14.807467323956294","1","0.0","0.0","0.0"
"CURVE 1","0.08207544628353028","28.07403901303753","19.807186878527073","0.04938143478697212","0.11052928877114064","14.583090237381878","1","0.0","0.0","0.0"
"CURVE 1","0.08207544628353028","28.07403901303753","19.807186878527073","0.04946647101966896","0.11046768887126032","14.356839016451374","1","0.0","0.0","0.0"
"CURVE 1","0.08207544628353028","28.07403901303753","19.807186878527073","0.049551382491837694","0.11040598399603546","14.128765853310833","1","0.0","0.0","0.0"
"CURVE 1","0.08207544628353028","28.07403901303753","19.807186878527073","0.04963617269079485","0.11034417492833305","13.898923265694533","1","0.0","0.0","0.0"
"CURVE 1","0.08207544628353028","28.07403901303753","19.807186878527073","0.049720845103856944","0.11028226245102006","13.667364137069256","1","0.0","0.0","0.0"
"CURVE 1","0.08207544628353028","28.07403901303753","19.807186878527073","0.049805403218340524","0.11022024734696347","13.43414162822926","1","0.0","0.0","0.0"
"CURVE 1","0.08207544628353028","28.07403901303753","19.807186878527073","0.04988985052156212","0.11015813039903025","13.19930919384576","1","0.0","0.0","0.0"
"CURVE 1","0.08207544628353028","28.07403901303753","19.807186878527073","0.04997419050083825","0.1100959123900874","12.962920554027486","1","0.0","0.0","0.0"
"CURVE 1","0.08207544628353028","28.07403901303753","19.807186878527073","0.05005842664348546","0.11003359410300184","12.725029642682117","1","0.0","0.0","0.0"
"CURVE 1","0.08207544628353028","28.07403901303753","19.807186878527073","0.05014256243682027","0.10997117632064063","12.485690615631839","1","0.0","0.0","0.0"
"CURVE 1","0.08207544628353028","28.07403901303753","19.807186878527073","0.05022660136815921","0.10990865982587066","12.2449578082581","1","0.0","0.0","0.0"
"CURVE 1","0.08207544628353028","28.07403901303753","19.807186878527073","0.05031054692481881","0.10984604540155897","12.00288570838384","1","0.0","0.0","0.0"
"CURVE 1","0.08207544628353028","28.07403901303753","19.807186878527073","0.0503944025941156","0.1097833338305725","11.759528934634474","1","0.0","0.0","0.0"
"CURVE 1","0.08207544628353028","28.07403901303753","19.807186878527073","0.05047817186336613","0.10972052589577824","11.514942225480581","1","0.0","0.0","0.0"
"CURVE 1","0.08207544628353028","28.07403901303753","19.807186878527073","0.050561858219886895","0.10965762238004317","11.269180418805611","1","0.0","0.0","0.0"
"CURVE 1","0.08207544628353028","28.07403901303753","19.807186878527073","0.05064546515099445","0.10959462406623424","11.02229838307452","1","0.0","0.0","0.0"
"CURVE 1","0.08207544628353028","28.07403901303753","19.807186878527073","0.050728996144005306","0.10953153173721845","10.774351068249286","1","0.0","0.0","0.0"
"CURVE 1","0.08207544628353028","28.07403901303753","19.807186878527073","0.050812454686236026","0.10946834617586279","10.525393415273122","1","0.0","0.0","0.0"
"CURVE 1","0.08207544628353028","28.07403901303753","19.807186878527073","0.050895844265003105","0.10940506816503422","10.275480382869853","1","0.0","0.0","0.0"
"CURVE 1","0.08207544628353028","28.07403901303753","19.807186878527073","0.05097916836762309","0.1093416984875997","10.024666892151156","1","0.0","0.0","0.0"
"CURVE 1","0.08207544628353028","28.07403901303753","19.807186878527073","0.05106243048141252","0.10927823792642623","9.773007844796867","1","0.0","0.0","0.0"
"CURVE 1","0.08207544628353028","28.07403901303753","19.807186878527073","0.05114563409368791","0.10921468726438077","9.520558056692847","1","0.0","0.0","0.0"
"CURVE 1","0.08207544628353028","28.07403901303753","19.807186878527073","0.051228782691765784","0.10915104728433032","9.267372264773526","1","0.0","0.0","0.0"
"CURVE 1","0.08207544628353028","28.07403901303753","19.807186878527073","0.051311879762962684","0.10908731876914184","9.013505111879253","1","0.0","0.0","0.0"
"CURVE 1","0.08207544628353028","28.07403901303753","19.807186878527073","0.05139492879459514","0.10902350250168227","8.759011122843628","1","0.0","0.0","0.0"
"CURVE 1","0.08207544628353028","28.07403901303753","19.807186878527073","0.051477933273979676","0.10895959926481866","8.503944659750209","1","0.0","0.0","0.0"
"CURVE 1","0.08207544628353028","28.07403901303753","19.807186878527073","0.05156089668843283","0.10889560984141793","8.248359958954772","1","0.0","0.0","0.0"
"CURVE 1","0.08207544628353028","28.07403901303753","19.807186878527073","0.05164382252527113","0.10883153501434707","7.992311047486708","1","0.0","0.0","0.0"
"CURVE 1","0.08207544628353028","28.07403901303753","19.807186878527073","0.051726714271811115","0.10876737556647306","7.735851774219344","1","0.0","0.0","0.0"
"CURVE 1","0.08207544628353028","28.07403901303753","19.807186878527073","0.0518095754153693","0.10870313228066289","7.479035778799359","1","0.0","0.0","0.0"
"CURVE 1","0.08207544628353028","28.07403901303753","19.807186878527073","0.05189240944326221","0.1086388059397835","7.221916470090626","1","0.0","0.0","0.0"
"CURVE 1","0.08207544628353028","28.07403901303753","19.807186878527073","0.05197521984280638","0.1085743973267019","6.964547020848399","1","0.0","0.0","0.0"
"CURVE 1","0.08207544628353028","28.07403901303753","19.807186878527073","0.05205801010131836","0.10850990722428507","6.706980311477592","1","1.0","1.0","1.0"
"CURVE 1","0.08207544628353028","28.07403901303753","19.807186878527073","0.05214078370611466","0.10844533641539995","6.449268996258175","1","1.0","1.0","1.0"
"CURVE 1","0.08207544628353028","28.07403901303753","19.807186878527073","0.05222354414451182","0.10838068568291355","6.191465409034882","1","1.0","1.0","1.0"
"CURVE 1","0.08207544628353028","28.07403901303753","19.807186878527073","0.05230629490382636","0.10831595580969285","5.933621582466553","1","1.0","1.0","1.0"
"CURVE 1","0.08207544628353028","28.07403901303753","19.807186878527073","0.05238903947137482","0.10825114757860477","5.675789243552689","1","1.0","1.0","1.0"
"CURVE 1","0.08207544628353028","28.07403901303753","19.807186878527073","0.05247178133447373","0.10818626177251633","5.41801978017239","1","1.0","1.0","1.0"
"CURVE 1","0.08207544628353028","28.07403901303753","19.807186878527073","0.0525545239804396","0.10812129917429454","5.160364205554138","1","1.0","1.0","1.0"
"CURVE 1","0.08207544628353028","28.07403901303753","19.807186878527073","0.05263727089658899","0.10805626056680631","4.902873222762175","1","1.0","1.0","1.0"
"CURVE 1","0.08207544628353028","28.07403901303753","19.807186878527073","0.052720025570238416","0.10799114673291865","4.645597156281956","1","1.0","1.0","1.0"
"CURVE 1","0.08207544628353028","28.07403901303753","19.807186878527073","0.052802791488704405","0.10792595845549853","4.388585911354401","1","1.0","1.0","1.0"
"CURVE 1","0.08207544628353028","28.07403901303753","19.807186878527073","0.052885572139303484","0.10786069651741294","4.13188902585895","1","1.0","1.0","1.0"
"CURVE 1","0.08207544628353028","28.07403901303753","19.807186878527073","0.05296837016717711","0.10779536197434611","4.0415620892963915","1","1.0","1.0","1.0"
"CURVE 1","0.08207544628353028","28.07403901303753","19.807186878527073","0.053051184848766426","0.10772995697325143","3.9518894931142308","1","1.0","1.0","1.0"
"CURVE 1","0.08207544628353028","28.07403901303753","19.807186878527073","0.053134014618337444","0.10766448393389953","3.8628490303621033","1","1.0","1.0","1.0"
"CURVE 1","0.08207544628353028","28.07403901303753","19.807186878527073","0.05321685791015625","0.1075989452760611","3.774418757919318","1","1.0","1.0","1.0"
"CURVE 1","0.08207544628353028","28.07403901303753","19.807186878527073","0.05329971315848887","0.10753334341950677","3.686577005271557","1","1.0","1.0","1.0"
"CURVE 1","0.08207544628353028","28.07403901303753","19.807186878527073","0.05338257879760134","0.1074676807840072","3.5993023542007965","1","1.0","1.0","1.0"
"CURVE 1","0.08207544628353028","28.07403901303753","19.807186878527073","0.053465453261759735","0.10740195978933306","3.5125736268275554","1","1.0","1.0","1.0"
"CURVE 1","0.08207544628353028","28.07403901303753","19.807186878527073","0.0535483349852301","0.10733618285525498","3.426369870125159","1","1.0","1.0","1.0"
"CURVE 1","0.08207544628353028","28.07403901303753","19.807186878527073","0.05363122240227845","0.10727035240154362","3.340670370429889","1","1.0","1.0","1.0"
"CURVE 1","0.08207544628353028","28.07403901303753","19.807186878527073","0.05371411394717087","0.10720447084796962","3.2554546039940266","1","1.0","1.0","1.0"
"CURVE 1","0.08207544628353028","28.07403901303753","19.807186878527073","0.0537970080541734","0.10713854061430365","3.170702253247754","1","1.0","1.0","1.0"
"CURVE 1","0.08207544628353028","28.07403901303753","19.807186878527073","0.05387990315755208","0.10707256412031638","3.0863932080285332","1","1.0","1.0","1.0"
"CURVE 1","0.08207544628353028","28.07403901303753","19.807186878527073","0.05396279769157296","0.10700654378577844","3.002507505817485","1","1.0","1.0","1.0"
"CURVE 1","0.08207544628353028","28.07403901303753","19.807186878527073","0.05404569009050208","0.10694048203046048","2.9190253577050944","1","0.0","0.0","0.0"
"CURVE 1","0.08207544628353028","28.07403901303753","19.807186878527073","0.05412857878860549","0.10687438127413319","2.835927155773228","1","0.0","0.0","0.0"
"CURVE 1","0.08207544628353028","28.07403901303753","19.807186878527073","0.054211462220149255","0.10680824393656715","2.75319343333842","1","0.0","0.0","0.0"
"CURVE 1","0.08207544628353028","28.07403901303753","19.807186878527073","0.0542943388193994","0.10674207243753309","2.670804847885338","1","0.0","0.0","0.0"
"CURVE 1","0.08207544628353028","28.07403901303753","19.807186878527073","0.05437720702062199","0.10667586919680161","2.588742179154813","1","0.0","0.0","0.0"
"CURVE 1","0.08207544628353028","28.07403901303753","19.807186878527073","0.05446006525808306","0.10660963663414341","2.5069863662283374","1","0.0","0.0","0.0"
"CURVE 1","0.08207544628353028","28.07403901303753","19.807186878527073","0.054542911966048664","0.10654337716932913","2.425518417036728","1","0.0","0.0","0.0"
"CURVE 1","0.08207544628353028","28.07403901303753","19.807186878527073","0.05462574557878484","0.10647709322212942","2.3443194672095653","1","0.0","0.0","0.0"
"CURVE 1","0.08207544628353028","28.07403901303753","19.807186878527073","0.05470856453055767","0.1064107872123149","2.2633707221174992","1","0.0","0.0","0.0"
"CURVE 1","0.08207544628353028","28.07403901303753","19.807186878527073","0.05479136725563315","0.10634446155965625","2.1826534842198275","1","0.0","0.0","0.0"
"CURVE 1","0.08207544628353028","28.07403901303753","19.807186878527073","0.05487415218827737","0.10627811868392413","2.1021491260530336","1","0.0","0.0","0.0"
"CURVE 1","0.08207544628353028","28.07403901303753","19.807186878527073","0.05495691776275635","0.1062117610048892","2.0218390831427375","1","0.0","0.0","0.0"
"CURVE 1","0.08207544628353028","28.07403901303753","19.807186878527073","0.05503966241333615","0.10614539094232209","1.941704826239024","1","0.0","0.0","0.0"
"CURVE 1","0.08207544628353028","28.07403901303753","19.807186878527073","0.05512238457428282","0.10607901091599345","1.8617279061312133","1","0.0","0.0","0.0"
"CURVE 1","0.08207544628353028","28.07403901303753","19.807186878527073","0.0552050826798624","0.10601262334567398","1.7818898744973766","1","0.0","0.0","0.0"
"CURVE 1","0.08207544628353028","28.07403901303753","19.807186878527073","0.05528775516434095","0.10594623065113427","1.7021723380524987","1","0.0","0.0","0.0"
"CURVE 1","0.08207544628353028","28.07403901303753","19.807186878527073","0.055370400461984506","0.10587983525214503","1.622556897137569","1","0.0","0.0","0.0"
"CURVE 1","0.08207544628353028","28.07403901303753","19.807186878527073","0.05545301700705912","0.1058134395684769","1.5430251769657237","1","0.0","0.0","0.0"
"CURVE 1","0.08207544628353028","28.07403901303753","19.807186878527073","0.055535603233830846","0.1057470460199005","1.4635587914780581","1","0.0","0.0","0.0"
"CURVE 1","0.08207544628353028","28.07403901303753","19.807186878527073","0.05561815757656572","0.10568065702618651","1.3841393484383266","1","0.0","0.0","0.0"
"CURVE 1","0.08207544628353028","28.07403901303753","19.807186878527073","0.0557006784695298","0.10561427500710559","1.3047484366094484","1","0.0","0.0","0.0"
"CURVE 1","0.08207544628353028","28.07403901303753","19.807186878527073","0.05578316434698912","0.10554790238242837","1.2253676141118048","1","0.0","0.0","0.0"
"CURVE 1","0.08207544628353028","28.07403901303753","19.807186878527073","0.055865613643209744","0.10548154157192552","1.1459783969034858","1","0.0","0.0","0.0"
"CURVE 1","0.08207544628353028","28.07403901303753","19.807186878527073","0.0559480247924577","0.1054151949953677","1.066562262986686","1","0.0","0.0","0.0"
"CURVE 1","0.08207544628353028","28.07403901303753","19.807186878527073","0.05603039622899905","0.10534886507252554","0.987100621720015","1","0.0","0.0","0.0"
"CURVE 1","0.08207544628353028","28.07403901303753","19.807186878527073","0.05611272638709984","0.10528255422316975","0.9075748232084612","1","0.0","0.0","0.0"
"CURVE 1","0.08207544628353028","28.07403901303753","19.807186878527073","0.05619501370102613","0.10521626486707089","0.8279661412826321","1","0.0","0.0","0.0"
"CURVE 1","0.08207544628353028","28.07403901303753","19.807186878527073","0.056277256605043936","0.10514999942399968","0.748255755838373","1","0.0","0.0","0.0"
"CURVE 1","0.08207544628353028","28.07403901303753","19.807186878527073","0.05635945353341933","0.10508376031372678","0.6684247708855318","1","0.0","0.0","0.0"
"CURVE 1","0.08207544628353028","28.07403901303753","19.807186878527073","0.05644160292041836","0.10501754995602279","0.588454155300742","1","0.0","0.0","0.0"
"CURVE 1","0.08207544628353028","28.07403901303753","19.807186878527073","0.056523703200307064","0.10495137077065841","0.5083247843610894","1","0.0","0.0","0.0"
"CURVE 1","0.08207544628353028","28.07403901303753","19.807186878527073","0.05660575280735149","0.1048852251774043","0.42801739580504583","1","0.0","0.0","0.0"
"CURVE 1","0.08207544628353028","28.07403901303753","19.807186878527073","0.05668775017581769","0.10481911559603106","0.34751260935937134","1","0.0","0.0","0.0"
"CURVE 1","0.08207544628353028","28.07403901303753","19.807186878527073","0.05676969373997172","0.1047530444463094","0.266790872027262","1","0.0","0.0","0.0"
"CURVE 1","0.08207544628353028","28.07403901303753","19.807186878527073","0.056851581934079604","0.10468701414800993","0.18583248603767782","1","0.0","0.0","0.0"
"CURVE 1","0.08207544628353028","28.07403901303753","19.807186878527073","0.05693341319240742","0.10462102712090336","0.10461759115721139","1","0.0","0.0","0.0"
"CURVE 1","0.08207544628353028","28.07403901303753","19.807186878527073","0.057015185949221184","0.10455508578476028","0.023126144107779353","1","0.0","0.0","0.0"
"CURVE 1","0.08207544628353028","28.07403901303753","19.807186878527073","0.05709689863878697","0.10448919255935137","0.05866208651334323","-1","0.0","0.0","0.0"
"CURVE 1","0.08207544628353028","28.07403901303753","19.807186878527073","0.057178549695370805","0.10442334986444729","0.14076754718294196","-1","0.0","0.0","0.0"
"CURVE 1","0.08207544628353028","28.07403901303753","19.807186878527073","0.05726013755323875","0.10435756011981867","0.22321087547542465","-1","0.0","0.0","0.0"
"CURVE 1","0.08207544628353028","28.07403901303753","19.807186878527073","0.057341660646656856","0.10429182574523621","0.30601294691366804","-1","0.0","0.0","0.0"
"CURVE 1","0.08207544628353028","28.07403901303753","19.807186878527073","0.057423117409891165","0.10422614916047053","0.38919487570559","-1","0.0","0.0","0.0"
"CURVE 1","0.08207544628353028","28.07403901303753","19.807186878527073","0.05750450627720771","0.10416053278529228","0.47277799950715227","-1","0.0","0.0","0.0"
"CURVE 1","0.08207544628353028","28.07403901303753","19.807186878527073","0.05758582568287257","0.10409497903947212","0.5567839565736752","-1","0.0","0.0","0.0"
"CURVE 1","0.08207544628353028","28.07403901303753","19.807186878527073","0.05766707406115177","0.10402949034278071","0.6412346305898419","-1","0.0","0.0","0.0"
"CURVE 1","0.08207544628353028","28.07403901303753","19.807186878527073","0.057748249846311356","0.10396406911498869","0.7261521949919725","-1","0.0","0.0","0.0"
"CURVE 1","0.08207544628353028","28.07403901303753","19.807186878527073","0.05782935147261739","0.10389871777586675","0.8115591461992684","-1","0.0","0.0","0.0"
"CURVE 1","0.08207544628353028","28.07403901303753","19.807186878527073","0.05791037737433591","0.10383343874518551","0.8974782622384351","-1","0.0","0.0","0.0"
"CURVE 1","0.08207544628353028","28.07403901303753","19.807186878527073","0.05799132598573296","0.10376823444271562","0.9839326502314937","-1","0.0","0.0","0.0"
"CURVE 1","0.08207544628353028","28.07403901303753","19.807186878527073","0.058072195741074605","0.10370310728822775","1.070945792115914","-1","0.0","0.0","0.0"
"CURVE 1","0.08207544628353028","28.07403901303753","19.807186878527073","0.05815298507462687","0.10363805970149254","1.1585414893079946","-1","0.0","0.0","0.0"
"CURVE 1","0.08207544628353028","28.07403901303753","19.807186878527073","0.05823369242065582","0.10357309410228065","1.2467439419288573","-1","0.0","0.0","0.0"
"CURVE 1","0.08207544628353028","28.07403901303753","19.807186878527073","0.058314316213427496","0.10350821291036275","1.3355777101011101","-1","0.0","0.0","0.0"
"CURVE 1","0.08207544628353028","28.07403901303753","19.807186878527073","0.05839485488720795","0.10344341854550947","1.4250677765319988","-1","0.0","0.0","0.0"
"CURVE 1","0.08207544628353028","28.07403901303753","19.807186878527073","0.05847530687626322","0.10337871342749147","1.515239548474448","-1","0.0","0.0","0.0"
"CURVE 1","0.08207544628353028","28.07403901303753","19.807186878527073","0.05855567061485937","0.1033140999760794","1.6061188393994834","-1","0.0","0.0","0.0"
"CURVE 1","0.08207544628353028","28.07403901303753","19.807186878527073","0.058635944537262424","0.10324958061104392","1.6977319325455262","-1","0.0","0.0","0.0"
"CURVE 1","0.08207544628353028","28.07403901303753","19.807186878527073","0.058716127077738454","0.10318515775215567","1.7901055870402593","-1","0.0","0.0","0.0"
"CURVE 1","0.08207544628353028","28.07403901303753","19.807186878527073","0.058796216670553486","0.10312083381918534","1.883267035274634","-1","0.0","0.0","0.0"
"CURVE 1","0.08207544628353028","28.07403901303753","19.807186878527073","0.05887621174997359","0.10305661123190354","1.9772440202045685","-1","0.0","0.0","0.0"
"CURVE 1","0.08207544628353028","28.07403901303753","19.807186878527073","0.058956110750264794","0.10299249241008096","2.0720648251058007","-1","0.0","0.0","0.0"
"CURVE 1","0.08207544628353028","28.07403901303753","19.807186878527073","0.05903591210569316","0.10292847977348822","2.1677582573588814","-1","0.0","0.0","0.0"
"CURVE 1","0.08207544628353028","28.07403901303753","19.807186878527073","0.05911561425052472","0.102864575741896","2.264353683770476","-1","0.0","0.0","0.0"
"CURVE 1","0.08207544628353028","28.07403901303753","19.807186878527073","0.05919521561902555","0.10280078273507494","2.3618810813167035","-1","0.0","0.0","0.0"
"CURVE 1","0.08207544628353028","28.07403901303753","19.807186878527073","0.059274714645461656","0.1027371031727957","2.4603710393978133","-1","0.0","0.0","0.0"
"CURVE 1","0.08207544628353028","28.07403901303753","19.807186878527073","0.05935410976409912","0.10267353947482893","2.5598547502098685","-1","0.0","0.0","0.0"
"CURVE 1","0.08207544628353028","28.07403901303753","19.807186878527073","0.05943339940920398","0.10261009406094529","2.660364045915325","-1","0.0","0.0","0.0"
"CURVE 1","0.08207544628353028","28.07403901303753","19.807186878527073","0.05951258201504229","0.10254676935091543","2.761931494697104","-1","0.0","0.0","0.0"
"CURVE 1","0.08207544628353028","28.07403901303753","19.807186878527073","0.05959165601588007","0.10248356776450998","2.864590301384547","-1","0.0","0.0","0.0"
"CURVE 1","0.08207544628353028","28.07403901303753","19.807186878527073","0.0596706198459834","0.10242049172149963","2.9683744409900115","-1","0.0","0.0","0.0"
"CURVE 1","0.08207544628353028","28.07403901303753","19.807186878527073","0.05974947193961832","0.10235754364165503","3.0733186205037155","-1","0.0","0.0","0.0"
"CURVE 1","0.08207544628353028","28.07403901303753","19.807186878527073","0.059828210731050865","0.10229472594474681","3.1794583239250147","-1","0.0","0.0","0.0"
"CURVE 1","0.08207544628353028","28.07403901303753","19.807186878527073","0.05990683465454709","0.10223204105054563","3.2868298458578113","-1","0.0","0.0","0.0"
"CURVE 1","0.08207544628353028","28.07403901303753","19.807186878527073","0.05998534214437305","0.10216949137882216","3.395470318285053","-1","0.0","0.0","0.0"
"CURVE 1","0.08207544628353028","28.07403901303753","19.807186878527073","0.06006373163479478","0.10210707934934704","3.5054177270828437","-1","0.0","0.0","0.0"
"CURVE 1","0.08207544628353028","28.07403901303753","19.807186878527073","0.06014200156007833","0.10204480738189092","3.6167109626458425","-1","0.0","0.0","0.0"
"CURVE 1","0.08207544628353028","28.07403901303753","19.807186878527073","0.06022015035448976","0.10198267789622446","3.7293898495503957","-1","0.0","0.0","0.0"
"CURVE 1","0.08207544628353028","28.07403901303753","19.807186878527073","0.0602981764522951","0.10192069331211832","3.8434951505598587","-1","0.0","0.0","0.0"
"CURVE 1","0.08207544628353028","28.07403901303753","19.807186878527073","0.06037607828776041","0.10185885604934314","3.959068631468871","-1","0.0","0.0","0.0"
"CURVE 1","0.08207544628353028","28.07403901303753","19.807186878527073","0.060453854295151745","0.10179716852766957","4.076153097888134","-1","0.0","0.0","0.0"
"CURVE 1","0.08207544628353028","28.07403901303753","19.807186878527073","0.06053150290873514","0.1017356331668683","4.194792396777547","-1","0.0","0.0","0.0"
"CURVE 1","0.08207544628353028","28.07403901303753","19.807186878527073","0.06060902256277663","0.10167425238670995","4.315031497077638","-1","0.0","0.0","0.0"
"CURVE 1","0.08207544628353028","28.07403901303753","19.807186878527073","0.06068641169154229","0.10161302860696518","4.436916505741206","-1","0.0","0.0","0.0"
"CURVE 1","0.08207544628353028","28.07403901303753","19.807186878527073","0.06076366872929816","0.10155196424740465","4.560494705223954","-1","0.0","0.0","0.0"
"CURVE 1","0.08207544628353028","28.07403901303753","19.807186878527073","0.06084079211031028","0.101491061727799","4.685814602378652","-1","0.0","0.0","0.0"
"CURVE 1","0.08207544628353028","28.07403901303753","19.807186878527073","0.06091778026884469","0.1014303234679189","4.812925975899036","-1","0.0","0.0","0.0"
"CURVE 1","0.08207544628353028","28.07403901303753","19.807186878527073","0.06099463163916745","0.10136975188753498","4.94187991305766","-1","0.0","0.0","0.0"
"CURVE 1","0.08207544628353028","28.07403901303753","19.807186878527073","0.061071344655544604","0.10130934940641792","5.072728859079165","-1","0.0","0.0","0.0"
"CURVE 1","0.08207544628353028","28.07403901303753","19.807186878527073","0.06114791775224221","0.10124911844433837","5.205526673117798","-1","0.0","0.0","0.0"
"CURVE 1","0.08207544628353028","28.07403901303753","19.807186878527073","0.061224349363526304","0.10118906142106697","5.340328673693062","-1","0.0","0.0","0.0"
"CURVE 1","0.08207544628353028","28.07403901303753","19.807186878527073","0.061300637923662936","0.10112918075637438","5.477191651287618","-1","0.0","0.0","0.0"
"CURVE 1","0.08207544628353028","28.07403901303753","19.807186878527073","0.061376781866918154","0.10106947887003126","5.616174024382465","-1","0.0","0.0","0.0"
"CURVE 1","0.08207544628353028","28.07403901303753","19.807186878527073","0.061452779627558005","0.10100995818180826","5.7573357812134365","-1","0.0","0.0","0.0"
"CURVE 1","0.08207544628353028","28.07403901303753","19.807186878527073","0.061528629639848544","0.10095062111147603","5.900738613200398","-1","0.0","0.0","0.0"
"CURVE 1","0.08207544628353028","28.07403901303753","19.807186878527073","0.06160433033805581","0.10089147007880521","6.046445940477982","-1","0.0","0.0","0.0"
"CURVE 1","0.08207544628353028","28.07403901303753","19.807186878527073","0.061679880156445856","0.10083250750356648","6.194522997375499","-1","0.0","0.0","0.0"
"CURVE 1","0.08207544628353028","28.07403901303753","19.807186878527073","0.061755277529284724","0.10077373580553046","6.3450368501872045","-1","0.0","0.0","0.0"
"CURVE 1","0.08207544628353028","28.07403901303753","19.807186878527073","0.06183052089083847","0.10071515740446785","6.498056554168878","-1","0.0","0.0","0.0"
"CURVE 1","0.08207544628353028","28.07403901303753","19.807186878527073","0.06190560867537313","0.10065677472014926","6.653653134398866","-1","0.0","0.0","0.0"
"CURVE 1","0.08207544628353028","28.07403901303753","19.807186878527073","0.06198053931715477","0.10059859017234536","6.8118997085828905","-1","0.0","0.0","0.0"
"CURVE 1","0.08207544628353028","28.07403901303753","19.807186878527073","0.062055311250449406","0.10054060618082682","6.972871552200456","-1","0.0","0.0","0.0"
"CURVE 1","0.08207544628353028","28.07403901303753","19.807186878527073","0.06212992290952312","0.10048282516536428","7.136646174475574","-1","0.0","0.0","0.0"
"CURVE 1","0.08207544628353028","28.07403901303753","19.807186878527073","0.062204372728641946","0.10042524954572839","7.303303390038836","-1","0.0","0.0","0.0"
"CURVE 1","0.08207544628353028","28.07403901303753","19.807186878527073","0.062278659142071924","0.10036788174168981","7.472925454585025","-1","0.0","0.0","0.0"
"CURVE 1","0.08207544628353028","28.07403901303753","19.807186878527073","0.06235278058407912","0.1003107241730192","7.645597078660703","-1","0.0","0.0","0.0"
"CURVE 1","0.08207544628353028","28.07403901303753","19.807186878527073","0.06242673548892957","0.10025377925948718","7.821405593964277","-1","0.0","0.0","0.0"
"CURVE 1","0.08207544628353028","28.07403901303753","19.807186878527073","0.06250052229088932","0.10019704942086444","8.000441011313931","-1","0.0","0.0","0.0"
"CURVE 1","0.08207544628353028","28.07403901303753","19.807186878527073","0.0625741394242244","0.10014053707692161","8.182796116259778","-1","0.0","0.0","0.0"
"CURVE 1","0.08207544628353028","28.07403901303753","19.807186878527073","0.0626475853232009","0.10008424464742936","8.368566586492536","-1","0.0","0.0","0.0"
"CURVE 1","0.08207544628353028","28.07403901303753","19.807186878527073","0.06272085842208483","0.10002817455215833","8.557851123505236","-1","0.0","0.0","0.0"
"CURVE 1","0.08207544628353028","28.07403901303753","19.807186878527073","0.06279395715514226","0.0999723292108792","8.75075154824273","-1","0.0","0.0","0.0"
"CURVE 1","0.08207544628353028","28.07403901303753","19.807186878527073","0.06286687995663923","0.0999167110433626","8.947372898101627","-1","0.0","0.0","0.0"
"CURVE 1","0.08207544628353028","28.07403901303753","19.807186878527073","0.06293962526084178","0.09986132246937919","9.147823578155293","-1","0.0","0.0","0.0"
"CURVE 1","0.08207544628353028","28.07403901303753","19.807186878527073","0.06301219150201598","0.0998061659086996","9.35221550010419","-1","0.0","0.0","0.0"
"CURVE 1","0.08207544628353028","28.07403901303753","19.807186878527073","0.06308457711442786","0.09975124378109453","9.560664204085818","-1","0.0","0.0","0.0"
"CURVE 1","0.08207544628353028","28.07403901303753","19.807186878527073","0.06315678169478231","0.09969655809117788","10.044672359242886","-1","0.0","0.0","0.0"
"CURVE 1","0.08207544628353028","28.07403901303753","19.807186878527073","0.0632288094895396","0.09964210918293663","10.534061255503909","-1","0.0","0.0","0.0"
"CURVE 1","0.08207544628353028","28.07403901303753","19.807186878527073","0.06330066590759884","0.0995878969852011","11.028705089075373","-1","0.0","0.0","0.0"
"CURVE 1","0.08207544628353028","28.07403901303753","19.807186878527073","0.06337235635785914","0.09953392142680155","11.528471177498286","-1","0.0","0.0","0.0"
"CURVE 1","0.08207544628353028","28.07403901303753","19.807186878527073","0.0634438862492196","0.09948018243656824","12.033219859760054","-1","0.0","0.0","0.0"
"CURVE 1","0.08207544628353028","28.07403901303753","19.807186878527073","0.06351526099057932","0.09942667994333144","12.542804484357553","-1","0.0","0.0","0.0"
"CURVE 1","0.08207544628353028","28.07403901303753","19.807186878527073","0.06358648599083742","0.09937341387592145","13.057071305427854","-1","0.0","0.0","0.0"
"CURVE 1","0.08207544628353028","28.07403901303753","19.807186878527073","0.06365756665889302","0.09932038416316855","13.575859500687578","-1","0.0","0.0","0.0"
"CURVE 1","0.08207544628353028","28.07403901303753","19.807186878527073","0.06372850840364522","0.09926759073390297","14.099001030023352","-1","0.0","0.0","0.0"
"CURVE 1","0.08207544628353028","28.07403901303753","19.807186878527073","0.0637993166339931","0.099215033516955","14.626320668499284","-1","0.0","0.0","0.0"
"CURVE 1","0.08207544628353028","28.07403901303753","19.807186878527073","0.06386999675883581","0.09916271244115496","15.157636014119431","-1","0.0","0.0","0.0"
"CURVE 1","0.08207544628353028","28.07403901303753","19.807186878527073","0.06394055418707244","0.0991106274353331","15.692757389438983","-1","0.0","0.0","0.0"
"CURVE 1","0.08207544628353028","28.07403901303753","19.807186878527073","0.06401099432760209","0.09905877842831969","16.23148790628265","-1","0.0","0.0","0.0"
"CURVE 1","0.08207544628353028","28.07403901303753","19.807186878527073","0.06408132258932388","0.09900716534894496","16.77362348043198","-1","0.0","0.0","0.0"
"CURVE 1","0.08207544628353028","28.07403901303753","19.807186878527073","0.0641515443811369","0.09895578812603927","17.318952771630528","-1","0.0","0.0","0.0"
"CURVE 1","0.08207544628353028","28.07403901303753","19.807186878527073","0.0642216651119403","0.09890464668843284","17.86725732360792","-1","0.0","0.0","0.0"
"CURVE 1","0.08207544628353028","28.07403901303753","19.807186878527073","0.06429169019063313","0.09885374096495596","18.418311528558643","-1","0.0","0.0","0.0"
"CURVE 1","0.08207544628353028","28.07403901303753","19.807186878527073","0.06436162502611453","0.0988030708844389","18.971882725734844","-1","0.0","0.0","0.0"
"CURVE 1","0.08207544628353028","28.07403901303753","19.807186878527073","0.06443147502728362","0.09875263637571194","19.52773127199401","-1","0.0","0.0","0.0"
"CURVE 1","0.08207544628353028","28.07403901303753","19.807186878527073","0.06450124560303948","0.09870243736760534","20.08561059402617","-1","0.0","0.0","0.0"
"CURVE 1","0.08207544628353028","28.07403901303753","19.807186878527073","0.06457094216228122","0.09865247378894941","20.645267337106255","-1","0.0","0.0","0.0"
"CURVE 1","0.08207544628353028","28.07403901303753","19.807186878527073","0.06464057011390799","0.09860274556857437","21.20644145769418","-1","0.0","0.0","0.0"
"CURVE 1","0.08207544628353028","28.07403901303753","19.807186878527073","0.06471013486681886","0.09855325263531055","21.76886631883259","-1","0.0","0.0","0.0"
"CURVE 1","0.08207544628353028","28.07403901303753","19.807186878527073","0.06477964182991292","0.0985039949179882","22.33226888107786","-1","0.0","0.0","0.0"
"CURVE 1","0.08207544628353028","28.07403901303753","19.807186878527073","0.06484909641208933","0.0984549723454376","22.89636985670572","-1","0.0","0.0","0.0"
"CURVE 1","0.08207544628353028","28.07403901303753","19.807186878527073","0.06491850402224715","0.098406184846489","23.460883853594698","-1","0.0","0.0","0.0"
"CURVE 1","0.08207544628353028","28.07403901303753","19.807186878527073","0.06498787006928552","0.0983576323499727","24.025519622131778","-1","0.0","0.0","0.0"
"CURVE 1","0.08207544628353028","28.07403901303753","19.807186878527073","0.06505719996210355","0.09830931478471899","24.58998015351931","-1","0.0","0.0","0.0"
"CURVE 1","0.08207544628353028","28.07403901303753","19.807186878527073","0.0651264991096003","0.09826123207955811","25.153963056725285","-1","0.0","0.0","0.0"
"CURVE 1","0.08207544628353028","28.07403901303753","19.807186878527073","0.06519577292067494","0.09821338416332037","25.717160728130352","-1","0.0","0.0","0.0"
"CURVE 1","0.08207544628353028","28.07403901303753","19.807186878527073","0.06526502680422655","0.09816577096483602","26.279260518054148","-1","0.0","0.0","0.0"
"CURVE 1","0.08207544628353028","28.07403901303753","19.807186878527073","0.06533426616915422","0.09811839241293532","26.839945137154118","-1","0.0","0.0","0.0"
"CURVE 1","0.08207544628353028","28.07403901303753","19.807186878527073","0.06540349642435708","0.09807124843644857","27.39889292166054","-1","0.0","0.0","0.0"
"CURVE 1","0.08207544628353028","28.07403901303753","19.807186878527073","0.06547272297873424","0.09802433896420606","27.955778056962885","-1","0.0","0.0","0.0"
"CURVE 1","0.08207544628353028","28.07403901303753","19.807186878527073","0.06554195124118481","0.09797766392503805","28.510271004206167","-1","0.0","0.0","0.0"
"CURVE 1","0.08207544628353028","28.07403901303753","19.807186878527073","0.06561118662060789","0.0979312232477748","29.062038804687898","-1","0.0","0.0","0.0"
"CURVE 1","0.08207544628353028","28.07403901303753","19.807186878527073","0.06568043452590257","0.09788501686124658","29.61074536218726","-1","0.0","0.0","0.0"
"CURVE 1","0.08207544628353028","28.07403901303753","19.807186878527073","0.06574970036596799","0.0978390446942837","30.15605195387207","-1","0.0","0.0","0.0"
"CURVE 1","0.08207544628353028","28.07403901303753","19.807186878527073","0.06581898954970325","0.09779330667571641","30.69761748230075","-1","0.0","0.0","0.0"
"CURVE 1","0.08207544628353028","28.07403901303753","19.807186878527073","0.06588830748600745","0.097747802734375","31.23509891696584","-1","0.0","0.0","0.0"
"CURVE 1","0.08207544628353028","28.07403901303753","19.807186878527073","0.06595765958377971","0.0977025327990897","31.76815178650881","-1","0.0","0.0","0.0"
"CURVE 1","0.08207544628353028","28.07403901303753","19.807186878527073","0.0660270512519191","0.09765749679869086","32.29643051800547","-1","0.0","0.0","0.0"
"CURVE 1","0.08207544628353028","28.07403901303753","19.807186878527073","0.06609648789932478","0.09761269466200871","32.81958888373326","-1","0.0","0.0","0.0"
"CURVE 1","0.08207544628353028","28.07403901303753","19.807186878527073","0.06616597493489582","0.09756812631787352","33.337280462183195","-1","0.0","0.0","0.0"
"CURVE 1","0.08207544628353028","28.07403901303753","19.807186878527073","0.06623551776753135","0.09752379169511557","33.84915915558506","-1","0.0","0.0","0.0"
"CURVE 1","0.08207544628353028","28.07403901303753","19.807186878527073","0.06630512180613048","0.09747969072256515","34.3548796136077","-1","0.0","0.0","0.0"
"CURVE 1","0.08207544628353028","28.07403901303753","19.807186878527073","0.06637479245959228","0.09743582332905253","34.85409769610176","-1","0.0","0.0","0.0"
"CURVE 1","0.08207544628353028","28.07403901303753","19.807186878527073","0.0664445351368159","0.09739218944340795","35.346471023157676","-1","0.0","0.0","0.0"
"CURVE 1","0.08207544628353028","28.07403901303753","19.807186878527073","0.06651435524670044","0.09734878899446173","35.831659440356795","-1","0.0","0.0","0.0"
"CURVE 1","0.08207544628353028","28.07403901303753","19.807186878527073","0.066584258198145","0.09730562191104414","36.30932554961586","-1","0.0","0.0","0.0"
"CURVE 1","0.08207544628353028","28.07403901303753","19.807186878527073","0.06665424940004867","0.09726268812198545","36.779135173928736","-1","0.0","0.0","0.0"
"CURVE 1","0.08207544628353028","28.07403901303753","19.807186878527073","0.06672433426131061","0.09721998755611591","37.24075795815138","-1","0.0","0.0","0.0"
"CURVE 1","0.08207544628353028","28.07403901303753","19.807186878527073","0.06679451819082988","0.09717752014226583","37.69386777798713","-1","0.0","0.0","0.0"
"CURVE 1","0.08207544628353028","28.07403901303753","19.807186878527073","0.06686480659750561","0.09713528580926545","38.13814336895839","-1","0.0","0.0","0.0"
"CURVE 1","0.08207544628353028","28.07403901303753","19.807186878527073","0.0669352048902369","0.09709328448594508","38.57326877180039","-1","0.0","0.0","0.0"
"CURVE 1","0.08207544628353028","28.07403901303753","19.807186878527073","0.06700571847792287","0.09705151610113495","38.99893387528542","-1","0.0","0.0","0.0"
"CURVE 1","0.08207544628353028","28.07403901303753","19.807186878527073","0.0670763527694626","0.09700998058366539","39.414834951615454","-1","0.0","0.0","0.0"
"CURVE 1","0.08207544628353028","28.07403901303753","19.807186878527073","0.06714711317375523","0.09696867786236664","39.82067512826956","-1","0.0","0.0","0.0"
"CURVE 1","0.08207544628353028","28.07403901303753","19.807186878527073","0.06721800509969984","0.09692760786606897","40.21616495654289","-1","0.0","0.0","0.0"
"CURVE 1","0.08207544628353028","28.07403901303753","19.807186878527073","0.06728903395619557","0.09688677052360269","40.60102282335753","-1","0.0","0.0","0.0"
"CURVE 1","0.08207544628353028","28.07403901303753","19.807186878527073","0.0673602051521415","0.09684616576379804","40.97497553361744","-1","0.0","0.0","0.0"
"CURVE 1","0.08207544628353028","28.07403901303753","19.807186878527073","0.06743152409643675","0.09680579351548532","41.337758709414864","-1","0.0","0.0","0.0"
"CURVE 1","0.08207544628353028","28.07403901303753","19.807186878527073","0.06750299619798042","0.09676565370749478","41.689117330092955","-1","0.0","0.0","0.0"
"CURVE 1","0.08207544628353028","28.07403901303753","19.807186878527073","0.06757462686567163","0.09672574626865671","42.02880614283356","-1","0.0","0.0","0.0"
"CURVE 1","0.08207544628353028","28.07403901303753","19.807186878527073","0.06764642150840948","0.09668607112780137","42.35659010765409","-1","0.0","0.0","0.0"
"CURVE 1","0.08207544628353028","28.07403901303753","19.807186878527073","0.06771838553509309","0.09664662821375908","42.672244810232826","-1","0.0","0.0","0.0"
"CURVE 1","0.08207544628353028","28.07403901303753","19.807186878527073","0.06779052435462155","0.09660741745536007","42.97555693722192","-1","0.0","0.0","0.0"
"CURVE 1","0.08207544628353028","28.07403901303753","19.807186878527073","0.06786284337589396","0.09656843878143462","43.2663245443214","-1","0.0","0.0","0.0"
"CURVE 1","0.08207544628353028","28.07403901303753","19.807186878527073","0.06793534800780945","0.09652969212081301","43.54435756162468","-1","0.0","0.0","0.0"
"CURVE 1","0.08207544628353028","28.07403901303753","19.807186878527073","0.06800804365926715","0.09649117740232552","43.8094780046173","-1","0.0","0.0","0.0"
"CURVE 1","0.08207544628353028","28.07403901303753","19.807186878527073","0.06808093573916611","0.09645289455480241","44.06152040822945","-1","0.0","0.0","0.0"
"CURVE 1","0.08207544628353028","28.07403901303753","19.807186878527073","0.06815402965640548","0.096414843507074","44.30033206078314","-1","0.0","0.0","0.0"
"CURVE 1","0.08207544628353028","28.07403901303753","19.807186878527073","0.06822733081988434","0.0963770241879705","44.52577328420582","-1","0.0","0.0","0.0"
"CURVE 1","0.08207544628353028","28.07403901303753","19.807186878527073","0.06830084463850182","0.09633943652632224","44.73771769842696","-1","0.0","0.0","0.0"
"CURVE 1","0.08207544628353028","28.07403901303753","19.807186878527073","0.06837457652115703","0.09630208045095945","44.93605244400529","-1","0.0","0.0","0.0"
"CURVE 1","0.08207544628353028","28.07403901303753","19.807186878527073","0.06844853187674906","0.09626495589071245","45.12067835039461","-1","0.0","0.0","0.0"
"CURVE 1","0.08207544628353028","28.07403901303753","19.807186878527073","0.06852271611417703","0.09622806277441147","45.29151015235958","-1","0.0","0.0","0.0"
"CURVE 1","0.08207544628353028","28.07403901303753","19.807186878527073","0.06859713464234006","0.09619140103088683","45.44847650857418","-1","0.0","0.0","0.0"
"CURVE 1","0.08207544628353028","28.07403901303753","19.807186878527073","0.06867179287013721","0.09615497058896877","45.591520290373396","-1","0.0","0.0","0.0"
"CURVE 1","0.08207544628353028","28.07403901303753","19.807186878527073","0.06874669620646764","0.09611877137748756","45.720598487258734","-1","0.0","0.0","0.0"
"CURVE 1","0.08207544628353028","28.07403901303753","19.807186878527073","0.06882185006023045","0.09608280332527352","45.83568234457874","-1","0.0","0.0","0.0"
"CURVE 1","0.08207544628353028","28.07403901303753","19.807186878527073","0.06889725984032473","0.09604706636115688","45.93675733872946","-1","0.0","0.0","0.0"
"CURVE 1","0.08207544628353028","28.07403901303753","19.807186878527073","0.0689729309556496","0.09601156041396793","46.0238231864551","-1","0.0","0.0","0.0"
"CURVE 1","0.08207544628353028","28.07403901303753","19.807186878527073","0.06904886881510416","0.09597628541253694","46.096893809041056","-1","0.0","0.0","0.0"
"CURVE 1","0.08207544628353028","28.07403901303753","19.807186878527073","0.06912507882758752","0.09594124128569419","46.155997186803276","-1","0.0","0.0","0.0"
"CURVE 1","0.08207544628353028","28.07403901303753","19.807186878527073","0.06920156640199877","0.09590642796226996","46.201175373071194","-1","0.0","0.0","0.0"
"CURVE 1","0.08207544628353028","28.07403901303753","19.807186878527073","0.06927833694723708","0.09587184537109453","46.2324842280735","-1","0.0","0.0","0.0"
"CURVE 1","0.08207544628353028","28.07403901303753","19.807186878527073","0.06935539587220149","0.09583749344099815","46.24999331371392","-1","0.0","0.0","0.0"
"CURVE 1","0.08207544628353028","28.07403901303753","19.807186878527073","0.06943274858579113","0.09580337210081111","46.25378576243902","-1","0.0","0.0","0.0"
"CURVE 1","0.08207544628353028","28.07403901303753","19.807186878527073","0.06951040049690513","0.09576948127936367","46.24395794204379","-1","0.0","0.0","0.0"
"CURVE 1","0.08207544628353028","28.07403901303753","19.807186878527073","0.06958835701444255","0.09573582090548614","46.22061928674341","-1","0.0","0.0","0.0"
"CURVE 1","0.08207544628353028","28.07403901303753","19.807186878527073","0.06966662354730255","0.09570239090800876","46.18389197886989","-1","0.0","0.0","0.0"
"CURVE 1","0.08207544628353028","28.07403901303753","19.807186878527073","0.06974520550438422","0.09566919121576184","46.13391070398241","-1","0.0","0.0","0.0"
"CURVE 1","0.08207544628353028","28.07403901303753","19.807186878527073","0.06982410829458664","0.09563622175757565","46.070822234535015","-1","0.0","0.0","0.0"
"CURVE 1","0.08207544628353028","28.07403901303753","19.807186878527073","0.06990333732680895","0.09560348246228043","45.99478522934081","-1","0.0","0.0","0.0"
"CURVE 1","0.08207544628353028","28.07403901303753","19.807186878527073","0.06998289800995025","0.09557097325870646","45.90596969745586","-1","0.0","0.0","0.0"
"CURVE 1","0.08207544628353028","28.07403901303753","19.807186878527073","0.07006279575290963","0.09553869407568405","45.804556754553026","-1","0.0","0.0","0.0"
"CURVE 1","0.08207544628353028","28.07403901303753","19.807186878527073","0.07014303596458624","0.09550664484204345","45.69073813986542","-1","0.0","0.0","0.0"
"CURVE 1","0.08207544628353028","28.07403901303753","19.807186878527073","0.07022362405387915","0.09547482548661493","45.56471581509328","-1","0.0","0.0","0.0"
"CURVE 1","0.08207544628353028","28.07403901303753","19.807186878527073","0.0703045654296875","0.09544323593822879","45.42670149352783","-1","0.0","0.0","0.0"
"CURVE 1","0.08207544628353028","28.07403901303753","19.807186878527073","0.07038586550091036","0.09541187612571526","45.27691624875083","-1","0.0","0.0","0.0"
"CURVE 1","0.08207544628353028","28.07403901303753","19.807186878527073","0.07046752967644686","0.09538074597790466","45.11559004332108","-1","0.0","0.0","0.0"
"CURVE 1","0.08207544628353028","28.07403901303753","19.807186878527073","0.0705495633651961","0.09534984542362727","44.942961143772024","-1","0.0","0.0","0.0"
"CURVE 1","0.08207544628353028","28.07403901303753","19.807186878527073","0.07063197197605721","0.09531917439171332","44.75927577448525","-1","0.0","0.0","0.0"
"CURVE 1","0.08207544628353028","28.07403901303753","19.807186878527073","0.07071476091792928","0.09528873281099311","44.56478753338722","-1","0.0","0.0","0.0"
"CURVE 1","0.08207544628353028","28.07403901303753","19.807186878527073","0.0707979355997114","0.0952585206102969","44.359756914472314","-1","0.0","0.0","0.0"
"CURVE 1","0.08207544628353028","28.07403901303753","19.807186878527073","0.07088150143030271","0.09522853771845499","44.1444508167536","-1","0.0","0.0","0.0"
"CURVE 1","0.08207544628353028","28.07403901303753","19.807186878527073","0.0709654638186023","0.09519878406429766","43.919142022342996","-1","0.0","0.0","0.0"
"CURVE 1","0.08207544628353028","28.07403901303753","19.807186878527073","0.07104982817350929","0.09516925957665515","43.68410864430512","-1","0.0","0.0","0.0"
"CURVE 1","0.08207544628353028","28.07403901303753","19.807186878527073","0.07113459990392276","0.09513996418435776","43.4396336784258","-1","0.0","0.0","0.0"
"CURVE 1","0.08207544628353028","28.07403901303753","19.807186878527073","0.07121978441874185","0.09511089781623575","43.18600444486143","-1","0.0","0.0","0.0"
"CURVE 1","0.08207544628353028","28.07403901303753","19.807186878527073","0.07130538712686567","0.09508206040111941","42.923512106166505","-1","0.0","0.0","0.0"
"CURVE 1","0.08207544628353028","28.07403901303753","19.807186878527073","0.07139141343719331","0.095053451867839","42.65245112666283","-1","0.0","0.0","0.0"
"CURVE 1","0.08207544628353028","28.07403901303753","19.807186878527073","0.07147786875862389","0.09502507214522482","42.37311879633566","-1","0.0","0.0","0.0"
"CURVE 1","0.08207544628353028","28.07403901303753","19.807186878527073","0.07156475850005649","0.0949969211621071","42.08581472877951","-1","0.0","0.0","0.0"
"CURVE 1","0.08207544628353028","28.07403901303753","19.807186878527073","0.07165208807039024","0.09496899884731616","41.79084037954032","-1","0.0","0.0","0.0"
"CURVE 1","0.08207544628353028","28.07403901303753","19.807186878527073","0.07173986287852425","0.09494130512968225","41.48849854286409","-1","0.0","0.0","0.0"
"CURVE 1","0.08207544628353028","28.07403901303753","19.807186878527073","0.07182808833335763","0.09491383993803565","41.179092917319444","-1","0.0","0.0","0.0"
"CURVE 1","0.08207544628353028","28.07403901303753","19.807186878527073","0.07191676984378947","0.09488660320120665","40.86292760115387","-1","0.0","0.0","0.0"
"CURVE 1","0.08207544628353028","28.07403901303753","19.807186878527073","0.07200591281871892","0.0948595948480255","40.540306695918126","-1","0.0","0.0","0.0"
"CURVE 1","0.08207544628353028","28.07403901303753","19.807186878527073","0.07209552266704504","0.09483281480732247","40.211533827906436","-1","0.0","0.0","0.0"
"CURVE 1","0.08207544628353028","28.07403901303753","19.807186878527073","0.07218560479766695","0.09480626300792787","39.87691172289523","-1","0.0","0.0","0.0"
"CURVE 1","0.08207544628353028","28.07403901303753","19.807186878527073","0.07227616461948377","0.09477993937867196","39.53674185250483","-1","0.0","0.0","0.0"
"CURVE 1","0.08207544628353028","28.07403901303753","19.807186878527073","0.07236720754139458","0.094753843848385","39.19132401345402","-1","0.0","0.0","0.0"
"CURVE 1","0.08207544628353028","28.07403901303753","19.807186878527073","0.07245873897229854","0.09472797634589729","38.84095589141068","-1","0.0","0.0","0.0"
"CURVE 1","0.08207544628353028","28.07403901303753","19.807186878527073","0.07255076432109472","0.09470233680003909","38.48593276911816","-1","0.0","0.0","0.0"
"CURVE 1","0.08207544628353028","28.07403901303753","19.807186878527073","0.07264328899668224","0.09467692513964067","38.12654716710539","-1","0.0","0.0","0.0"
"CURVE 1","0.08207544628353028","28.07403901303753","19.807186878527073","0.0727363184079602","0.09465174129353232","37.76308849281568","-1","0.0","0.0","0.0"
"CURVE 1","0.08207544628353028","28.07403901303753","19.807186878527073","0.07282986066827726","0.09462678825084249","39.71248682962955","-1","0.0","0.0","0.0"
"CURVE 1","0.08207544628353028","28.07403901303753","19.807186878527073","0.07292393470878031","0.09460208124189234","41.58653597047347","-1","0.0","0.0","0.0"
"CURVE 1","0.08207544628353028","28.07403901303753","19.807186878527073","0.07301856216506579","0.09457763855730122","43.383659770681554","-1","0.0","0.0","0.0"
"CURVE 1","0.08207544628353028","28.07403901303753","19.807186878527073","0.0731137646727301","0.0945534784876885","45.10244985148413","-1","0.0","0.0","0.0"
"CURVE 1","0.08207544628353028","28.07403901303753","19.807186878527073","0.0732095638673697","0.09452961932367353","46.741668148201555","-1","0.0","0.0","0.0"
"CURVE 1","0.08207544628353028","28.07403901303753","19.807186878527073","0.073305981384581","0.09450607935587564","48.30024945231055","-1","0.0","0.0","0.0"
"CURVE 1","0.08207544628353028","28.07403901303753","19.807186878527073","0.07340303885996047","0.09448287687491422","49.77730363193385","-1","0.0","0.0","0.0"
"CURVE 1","0.08207544628353028","28.07403901303753","19.807186878527073","0.07350075792910449","0.09446003017140858","51.17211731186096","-1","0.0","0.0","0.0"
"CURVE 1","0.08207544628353028","28.07403901303753","19.807186878527073","0.07359916022760951","0.0944375575359781","52.48415527166592","-1","0.0","0.0","0.0"
"CURVE 1","0.08207544628353028","28.07403901303753","19.807186878527073","0.07369826739107199","0.09441547725924213","53.713061379518514","-1","0.0","0.0","0.0"
"CURVE 1","0.08207544628353028","28.07403901303753","19.807186878527073","0.07379810105508834","0.09439380763182","54.858658831584926","-1","0.0","0.0","0.0"
"CURVE 1","0.08207544628353028","28.07403901303753","19.807186878527073","0.07389868285525497","0.09437256694433109","55.92094996562365","-1","0.0","0.0","0.0"
"CURVE 1","0.08207544628353028","28.07403901303753","19.807186878527073","0.07400003442716836","0.09435177348739472","56.9001154366424","-1","0.0","0.0","0.0"
"CURVE 1","0.08207544628353028","28.07403901303753","19.807186878527073","0.07410217740642491","0.09433144555163028","57.79651262924294","-1","0.0","0.0","0.0"
"CURVE 1","0.08207544628353028","28.07403901303753","19.807186878527073","0.07420513342862106","0.09431160142765711","58.6106734485606","-1","0.0","0.0","0.0"
"CURVE 1","0.08207544628353028","28.07403901303753","19.807186878527073","0.07430892412935323","0.09429225940609454","59.34330144080234","-1","0.0","0.0","0.0"
"CURVE 1","0.08207544628353028","28.07403901303753","19.807186878527073","0.07441357114421787","0.09427343777756192","59.99526812468371","-1","0.0","0.0","0.0"
"CURVE 1","0.08207544628353028","28.07403901303753","19.807186878527073","0.0745190961088114","0.09425515483267864","60.56760860110644","-1","0.0","0.0","0.0"
"CURVE 1","0.08207544628353028","28.07403901303753","19.807186878527073","0.07462552065873027","0.09423742886206404","61.06151655157531","-1","0.0","0.0","0.0"
"CURVE 1","0.08207544628353028","28.07403901303753","19.807186878527073","0.07473286642957089","0.09422027815633746","61.47833838598972","-1","0.0","0.0","0.0"
"CURVE 1","0.08207544628353028","28.07403901303753","19.807186878527073","0.07484115505692969","0.09420372100611826","61.81956678680945","-1","0.0","0.0","0.0"
"CURVE 1","0.08207544628353028","28.07403901303753","19.807186878527073","0.07495040817640314","0.09418777570202576","62.086833610375436","-1","0.0","0.0","0.0"
"CURVE 1","0.08207544628353028","28.07403901303753","19.807186878527073","0.07506064742358763","0.09417246053467937","62.281902210075025","-1","0.0","0.0","0.0"
"CURVE 1","0.08207544628353028","28.07403901303753","19.807186878527073","0.07517189443407961","0.0941577937946984","62.40665909340297","-1","0.0","0.0","0.0"
"CURVE 1","0.08207544628353028","28.07403901303753","19.807186878527073","0.0752841708434755","0.0941437937727022","62.463105196422376","-1","0.0","0.0","0.0"
"CURVE 1","0.08207544628353028","28.07403901303753","19.807186878527073","0.07539749828737174","0.09413047875931013","62.45334666899722","-1","0.0","0.0","0.0"
"CURVE 1","0.08207544628353028","28.07403901303753","19.807186878527073","0.07551189840136477","0.09411786704514156","62.37958523045209","-1","0.0","0.0","0.0"
"CURVE 1","0.08207544628353028","28.07403901303753","19.807186878527073","0.07562739282105099","0.09410597692081585","62.24410836254166","-1","0.0","0.0","0.0"
"CURVE 1","0.08207544628353028","28.07403901303753","19.807186878527073","0.07574400318202687","0.09409482667695232","62.049279065166985","-1","0.0","0.0","0.0"
"CURVE 1","0.08207544628353028","28.07403901303753","19.807186878527073","0.07586175111988883","0.09408443460417033","61.79752566094139","-1","0.0","0.0","0.0"
"CURVE 1","0.08207544628353028","28.07403901303753","19.807186878527073","0.07598065827023331","0.09407481899308923","61.491331373857776","-1","0.0","0.0","0.0"
"CURVE 1","0.08207544628353028","28.07403901303753","19.807186878527073","0.0761007462686567","0.09406599813432837","61.13322395686419","-1","0.0","0.0","0.0"
"CURVE 1","0.08207544628353028","28.07403901303753","19.807186878527073","0.07622203675075549","0.09405799031850712","60.725765379752055","-1","0.0","0.0","0.0"
"CURVE 1","0.08207544628353028","28.07403901303753","19.807186878527073","0.07634455135212609","0.09405081383624482","60.27154167337487","-1","0.0","0.0","0.0"
"CURVE 1","0.08207544628353028","28.07403901303753","19.807186878527073","0.07646831170836492","0.09404448697816083","59.77315289494764","-1","0.0","0.0","0.0"
"CURVE 1","0.08207544628353028","28.07403901303753","19.807186878527073","0.07659333945506842","0.09403902803487446","59.23320349034667","-1","0.0","0.0","0.0"
"CURVE 1","0.08207544628353028","28.07403901303753","19.807186878527073","0.07671965622783301","0.09403445529700512","58.65429289424901","-1","0.0","0.0","0.0"
"CURVE 1","0.08207544628353028","28.07403901303753","19.807186878527073","0.07684728366225514","0.09403078705517215","58.039006536447644","-1","0.0","0.0","0.0"
"CURVE 1","0.08207544628353028","28.07403901303753","19.807186878527073","0.07697624339393125","0.09402804159999488","57.38990729846491","-1","0.0","0.0","0.0"
"CURVE 1","0.08207544628353028","28.07403901303753","19.807186878527073","0.07710655705845773","0.09402623722209268","56.709527423120726","-1","0.0","0.0","0.0"
"CURVE 1","0.08207544628353028","28.07403901303753","19.807186878527073","0.07723824629143104","0.09402539221208488","56.000360930838184","-1","0.0","0.0","0.0"
"CURVE 1","0.08207544628353028","28.07403901303753","19.807186878527073","0.07737133272844761","0.09402552486059088","55.26485660184745","-1","0.0","0.0","0.0"
"CURVE 1","0.08207544628353028","28.07403901303753","19.807186878527073","0.07750583800510388","0.09402665345822996","54.505411495791755","-1","0.0","0.0","0.0"
"CURVE 1","0.08207544628353028","28.07403901303753","19.807186878527073","0.07764178375699628","0.09402879629562153","53.724365048238305","-1","0.0","0.0","0.0"
"CURVE 1","0.08207544628353028","28.07403901303753","19.807186878527073","0.07777919161972122","0.09403197166338491","52.92399377966656","-1","0.0","0.0","0.0"
"CURVE 1","0.08207544628353028","28.07403901303753","19.807186878527073","0.07791808322887517","0.09403619785213947","52.10650657401838","-1","0.0","0.0","0.0"
"CURVE 1","0.08207544628353028","28.07403901303753","19.807186878527073","0.07805848022005452","0.09404149315250454","51.27404054627871","-1","0.0","0.0","0.0"
"CURVE 1","0.08207544628353028","28.07403901303753","19.807186878527073","0.07820040422885571","0.09404787585509951","50.428657499156756","-1","0.0","0.0","0.0"
"CURVE 1","0.08207544628353028","28.07403901303753","19.807186878527073","0.07834387689087523","0.0940553642505437","49.572340985439375","-1","0.0","0.0","0.0"
"CURVE 1","0.08207544628353028","28.07403901303753","19.807186878527073","0.07848891984170941","0.09406397662945648","48.70699385041924","-1","0.0","0.0","0.0"
"CURVE 1","0.08207544628353028","28.07403901303753","19.807186878527073","0.07863555471695477","0.09407373128245718","47.834436387232394","-1","0.0","0.0","0.0"
"CURVE 1","0.08207544628353028","28.07403901303753","19.807186878527073","0.0787838031522077","0.09408464650016518","46.95640496128637","-1","0.0","0.0","0.0"
"CURVE 1","0.08207544628353028","28.07403901303753","19.807186878527073","0.07893368678306464","0.0940967405731998","46.07455112683967","-1","0.0","0.0","0.0"
"CURVE 1","0.08207544628353028","28.07403901303753","19.807186878527073","0.07908522724512204","0.09411003179218046","45.19044122399113","-1","0.0","0.0","0.0"
"CURVE 1","0.08207544628353028","28.07403901303753","19.807186878527073","0.07923844617397631","0.0941245384477264","44.30555637717573","-1","0.0","0.0","0.0"
"CURVE 1","0.08207544628353028","28.07403901303753","19.807186878527073","0.07939336520522387","0.09414027883045709","43.421292914613446","-1","0.0","0.0","0.0"
"CURVE 1","0.08207544628353028","28.07403901303753","19.807186878527073","0.07955000597446119","0.09415727123099178","42.53896314128742","-1","0.0","0.0","0.0"
"CURVE 1","0.08207544628353028","28.07403901303753","19.807186878527073","0.07970839011728467","0.0941755339399499","41.65979643923798","-1","0.0","0.0","0.0"
"CURVE 1","0.08207544628353028","28.07403901303753","19.807186878527073","0.07986853926929074","0.09419508524795077","40.78494069700302","-1","0.0","0.0","0.0"
"CURVE 1","0.08207544628353028","28.07403901303753","19.807186878527073","0.08003047506607587","0.09421594344561374","39.91546396162586","-1","0.0","0.0","0.0"
"CURVE 1","0.08207544628353028","28.07403901303753","19.807186878527073","0.08019421914323645","0.09423812682355813","39.05235638796892","-1","0.0","0.0","0.0"
"CURVE 1","0.08207544628353028","28.07403901303753","19.807186878527073","0.08035979313636896","0.09426165367240336","38.196532340963984","-1","0.0","0.0","0.0"
"CURVE 1","0.08207544628353028","28.07403901303753","19.807186878527073","0.08052721868106975","0.09428654228276874","37.34883269209234","-1","0.0","0.0","0.0"
"CURVE 1","0.08207544628353028","28.07403901303753","19.807186878527073","0.08069651741293532","0.09431281094527363","36.51002728656506","-1","0.0","0.0","0.0"
"CURVE 1","0.08207544628353028","28.07403901303753","19.807186878527073","0.0808677109675621","0.09434047795053738","35.68081750049633","-1","0.0","0.0","0.0"
"CURVE 1","0.08207544628353028","28.07403901303753","19.807186878527073","0.08104082098054649","0.09436956158917935","34.86183890747977","-1","0.0","0.0","0.0"
"CURVE 1","0.08207544628353028","28.07403901303753","19.807186878527073","0.08121586908748493","0.09440008015181886","34.053664033524896","-1","0.0","0.0","0.0"
"CURVE 1","0.08207544628353028","28.07403901303753","19.807186878527073","0.08139287692397387","0.09443205192907532","33.25680513992585","-1","0.0","0.0","0.0"
"CURVE 1","0.08207544628353028","28.07403901303753","19.807186878527073","0.08157186612560975","0.09446549521156804","32.471717030188124","-1","0.0","0.0","0.0"
"CURVE 1","0.08207544628353028","28.07403901303753","19.807186878527073","0.08175285832798898","0.09450042828991638","31.69879991175345","-1","0.0","0.0","0.0"
"CURVE 1","0.08207544628353028","28.07403901303753","19.807186878527073","0.08193587516670797","0.09453686945473967","30.938402200344413","-1","0.0","0.0","0.0"
"CURVE 1","0.08207544628353028","28.07403901303753","19.807186878527073","0.08212093827736318","0.09457483699665732","30.190823347096515","-1","0.0","0.0","0.0"
"CURVE 1","0.08207544628353028","28.07403901303753","19.807186878527073","0.08230806929555104","0.09461434920628865","29.456316600990977","-1","0.0","0.0","0.0"
"CURVE 1","0.08207544628353028","28.07403901303753","19.807186878527073","0.082497289856868","0.09465542437425299","28.735091753096178","-1","0.0","0.0","0.0"
"CURVE 1","0.08207544628353028","28.07403901303753","19.807186878527073","0.08268862159691047","0.0946980807911697","28.027317796768845","-1","0.0","0.0","0.0"
"CURVE 1","0.08207544628353028","28.07403901303753","19.807186878527073","0.08288208615127488","0.09474233674765817","27.33312554794766","-1","0.0","0.0","0.0"
"CURVE 1","0.08207544628353028","28.07403901303753","19.807186878527073","0.08307770515555765","0.09478821053433772","26.652610185709865","-1","0.0","0.0","0.0"
"CURVE 1","0.08207544628353028","28.07403901303753","19.807186878527073","0.08327550024535525","0.09483572044182771","25.985833699094687","-1","0.0","0.0","0.0"
"CURVE 1","0.08207544628353028","28.07403901303753","19.807186878527073","0.08347549305626409","0.09488488476074748","25.3328272854289","-1","0.0","0.0","0.0"
"CURVE 1","0.08207544628353028","28.07403901303753","19.807186878527073","0.0836777052238806","0.0949357217817164","24.693593618630594","-1","0.0","0.0","0.0"
"CURVE 1","0.08207544628353028","28.07403901303753","19.807186878527073","0.08388215838380121","0.0949882497953538","24.068109059019104","-1","0.0","0.0","0.0"
"CURVE 1","0.08207544628353028","28.07403901303753","19.807186878527073","0.08408887417162236","0.09504248709227907","23.456325754926443","-1","0.0","0.0","0.0"
"CURVE 1","0.08207544628353028","28.07403901303753","19.807186878527073","0.08429787422294048","0.09509845196311151","22.85817365569057","-1","0.0","0.0","0.0"
"CURVE 1","0.08207544628353028","28.07403901303753","19.807186878527073","0.08450918017335199","0.09515616269847052","22.273562430688514","-1","0.0","0.0","0.0"
"CURVE 1","0.08207544628353028","28.07403901303753","19.807186878527073","0.08472281365845334","0.09521563758897542","21.702383284312212","-1","0.0","0.0","0.0"
"CURVE 1","0.08207544628353028","28.07403901303753","19.807186878527073","0.08493879631384095","0.09527689492524559","21.14451069174753","-1","0.0","0.0","0.0"
"CURVE 1","0.08207544628353028","28.07403901303753","19.807186878527073","0.08515714977511125","0.09533995299790035","20.599804028127572","-1","0.0","0.0","0.0"
"CURVE 1","0.08207544628353028","28.07403901303753","19.807186878527073","0.0853778956778607","0.09540483009755905","20.068109112654557","-1","0.0","0.0","0.0"
"CURVE 1","0.08207544628353028","28.07403901303753","19.807186878527073","0.08560105565768569","0.09547154451484108","19.549259667117312","-1","0.0","0.0","0.0"
"CURVE 1","0.08207544628353028","28.07403901303753","19.807186878527073","0.08582665135018269","0.09554011454036578","19.04307867294033","-1","0.0","0.0","0.0"
"CURVE 1","0.08207544628353028","28.07403901303753","19.807186878527073","0.0860547043909481","0.09561055846475247","18.549379663327233","-1","0.0","0.0","0.0"
"CURVE 1","0.08207544628353028","28.07403901303753","19.807186878527073","0.08628523641557836","0.09568289457862054","18.067967917749797","-1","0.0","0.0","0.0"
"CURVE 1","0.08207544628353028","28.07403901303753","19.807186878527073","0.08651826905966992","0.09575714117258935","17.59864157684864","-1","0.0","0.0","0.0"
"CURVE 1","0.08207544628353028","28.07403901303753","19.807186878527073","0.08675382395881918","0.0958333165372782","17.14119269389076","-1","0.0","0.0","0.0"
"CURVE 1","0.08207544628353028","28.07403901303753","19.807186878527073","0.08699192274862262","0.09591143896330646","16.69540820304448","-1","0.0","0.0","0.0"
"CURVE 1","0.08207544628353028","28.07403901303753","19.807186878527073","0.08723258706467661","0.09599152674129352","16.26107082255625","-1","0.0","0.0","0.0"
"CURVE 1","0.08207544628353028","28.07403901303753","19.807186878527073","0.08747583854257762","0.09607359816185869","15.837959880226752","-1","0.0","0.0","0.0"
"CURVE 1","0.08207544628353028","28.07403901303753","19.807186878527073","0.08772169881792209","0.09615767151562134","15.425852093116726","-1","0.0","0.0","0.0"
"CURVE 1","0.08207544628353028","28.07403901303753","19.807186878527073","0.08797018952630646","0.0962437650932008","15.024522270389802","-1","0.0","0.0","0.0"
"CURVE 1","0.08207544628353028","28.07403901303753","19.807186878527073","0.0882213323033271","0.09633189718521647","14.63374397351318","-1","0.0","0.0","0.0"
"CURVE 1","0.08207544628353028","28.07403901303753","19.807186878527073","0.0884751487845805","0.09642208608228765","14.253290103655155","-1","0.0","0.0","0.0"
"CURVE 1","0.08207544628353028","28.07403901303753","19.807186878527073","0.08873166060566308","0.09651435007503374","13.882933455557378","-1","0.0","0.0","0.0"
"CURVE 1","0.08207544628353028","28.07403901303753","19.807186878527073","0.08899088940217126","0.09660870745407407","13.522447217035179","-1","0.0","0.0","0.0"
"CURVE 1","0.08207544628353028","28.07403901303753","19.807186878527073","0.08925285680970149","0.09670517651002797","13.171605420149435","-1","0.0","0.0","0.0"
"CURVE 1","0.08207544628353028","28.07403901303753","19.807186878527073","0.08951758446385018","0.09680377553351482","12.830183347467296","-1","0.0","0.0","0.0"
"CURVE 1","0.08207544628353028","28.07403901303753","19.807186878527073","0.08978509400021378","0.09690452281515394","12.497957908766193","-1","0.0","0.0","0.0"
"CURVE 1","0.08207544628353028","28.07403901303753","19.807186878527073","0.0900554070543887","0.09700743664556473","12.174707973731838","-1","0.0","0.0","0.0"
"CURVE 1","0.08207544628353028","28.07403901303753","19.807186878527073","0.0903285452619714","0.0971125353153665","11.860214664650606","-1","0.0","0.0","0.0"
"CURVE 1","0.08207544628353028","28.07403901303753","19.807186878527073","0.0906045302585583","0.09721983711517862","11.55426162847037","-1","0.0","0.0","0.0"
"CURVE 1","0.08207544628353028","28.07403901303753","19.807186878527073","0.09088338367974581","0.09732936033562047","11.2566352716091","-1","0.0","0.0","0.0"
"CURVE 1","0.08207544628353028","28.07403901303753","19.807186878527073","0.09116512716113037","0.09744112326731136","10.967124959399873","-1","0.0","0.0","0.0"
"CURVE 1","0.08207544628353028","28.07403901303753","19.807186878527073","0.09144978233830846","0.09755514420087064","10.68552320650962","-1","0.0","0.0","0.0"
"CURVE 1","0.08207544628353028","28.07403901303753","19.807186878527073","0.09173737084687646","0.09767144142691767","10.411625830279963","-1","0.0","0.0","0.0"
"CURVE 1","0.08207544628353028","28.07403901303753","19.807186878527073","0.0920279143224308","0.09779003323607184","10.145232082034372","-1","0.0","0.0","0.0"
"CURVE 1","0.08207544628353028","28.07403901303753","19.807186878527073","0.09232143440056793","0.09791093791895246","9.886144768788062","-1","0.0","0.0","0.0"
"CURVE 1","0.08207544628353028","28.07403901303753","19.807186878527073","0.09261795271688432","0.09803417376617887","9.634170339425141","-1","0.0","0.0","0.0"
"CURVE 1","0.08207544628353028","28.07403901303753","19.807186878527073","0.09291749090697635","0.09815975906837045","9.389118967708214","-1","0.0","0.0","0.0"
"CURVE 1","0.08207544628353028","28.07403901303753","19.807186878527073","0.09322007060644046","0.09828771211614656","9.150804611516417","-1","0.0","0.0","0.0"
"CURVE 1","0.08207544628353028","28.07403901303753","19.807186878527073","0.09352571345087307","0.09841805120012655","8.919045060040206","-1","0.0","0.0","0.0"
"CURVE 1","0.08207544628353028","28.07403901303753","19.807186878527073","0.09383444107587065","0.09855079461092973","8.6936619697817","-1","0.0","0.0","0.0"
"CURVE 1","0.08207544628353028","28.07403901303753","19.807186878527073","0.09414627511702961","0.0986859606391755","8.474480878958246","-1","0.0","0.0","0.0"
"CURVE 1","0.08207544628353028","28.07403901303753","19.807186878527073","0.09446123720994636","0.09882356757548318","8.261331225351542","-1","0.0","0.0","0.0"
"CURVE 1","0.08207544628353028","28.07403901303753","19.807186878527073","0.09477934899021737","0.09896363371047213","8.054046341570432","-1","0.0","0.0","0.0"
"CURVE 1","0.08207544628353028","28.07403901303753","19.807186878527073","0.09510063209343905","0.09910617733476174","7.852463445730154","-1","1.0","1.0","1.0"
"CURVE 1","0.08207544628353028","28.07403901303753","19.807186878527073","0.09542510815520784","0.09925121673897132","7.656423629482717","-1","1.0","1.0","1.0"
"CURVE 1","0.08207544628353028","28.07403901303753","19.807186878527073","0.09575279881112017","0.09939877021372022","7.465771826450075","-1","1.0","1.0","1.0"
"CURVE 1","0.08207544628353028","28.07403901303753","19.807186878527073","0.0960837256967725","0.0995488560496278","7.28035678486259","-1","1.0","1.0","1.0"
