"Curve Name","Curve Length (um)","Average Curvature (um-1)","Curvature Std (um-1)","X-Coordinate (um)","Y-Coordinate (um)","Point Curvature (um-1)","Point Curvature Sign","Red Intensity","Green Intensity","Blue Intensity"
"CURVE 1","0.08319986312392211","29.86046952386448","23.301569357680528","0.02208955223880597","0.1","58.59916211221795","1","1.0","1.0","1.0"
"CURVE 1","0.08319986312392211","29.86046952386448","23.301569357680528","0.022222970753759886","0.10015263627417645","59.17033635925474","1","1.0","1.0","1.0"
"CURVE 1","0.08319986312392211","29.86046952386448","23.301569357680528","0.02235735803101193","0.1003027206155198","59.723577539364","1","1.0","1.0","1.0"
"CURVE 1","0.08319986312392211","29.86046952386448","23.301569357680528","0.022492698982580384","0.1004502700335944","60.25806217168235","1","1.0","1.0","1.0"
"CURVE 1","0.08319986312392211","29.86046952386448","23.301569357680528","0.02262897852048352","0.10059530153796448","60.77299620536787","1","1.0","1.0","1.0"
"CURVE 1","0.08319986312392211","29.86046952386448","23.301569357680528","0.022766181556739616","0.10073783213819437","61.267618272635914","1","1.0","1.0","1.0"
"CURVE 1","0.08319986312392211","29.86046952386448","23.301569357680528","0.02290429300336695","0.10087787884384838","61.7412028319106","1","1.0","1.0","1.0"
"CURVE 1","0.08319986312392211","29.86046952386448","23.301569357680528","0.023043297772383804","0.10101545866449081","62.19306316816419","1","2.0","2.0","2.0"
"CURVE 1","0.08319986312392211","29.86046952386448","23.301569357680528","0.023183180775808453","0.10115058860968594","62.622554257049934","1","2.0","2.0","2.0"
"CURVE 1","0.08319986312392211","29.86046952386448","23.301569357680528","0.023323926925659176","0.1012832856889981","63.029075432094224","1","2.0","2.0","2.0"
"CURVE 1","0.08319986312392211","29.86046952386448","23.301569357680528","0.023465521133954247","0.10141356691199155","63.412072872513214","1","2.0","2.0","2.0"
"CURVE 1","0.08319986312392211","29.86046952386448","23.301569357680528","0.023607948312711947","0.10154144928823063","63.771041842291474","1","2.0","2.0","2.0"
"CURVE 1","0.08319986312392211","29.86046952386448","23.301569357680528","0.02375119337395056","0.10166694982727961","64.10552873066631","1","2.0","2.0","2.0"
"CURVE 1","0.08319986312392211","29.86046952386448","23.301569357680528","0.023895241229688346","0.10179008553870281","64.41513281519653","1","2.0","2.0","2.0"
"CURVE 1","0.08319986312392211","29.86046952386448","23.301569357680528","0.024040076791943598","0.10191087343206452","64.69950776854786","1","1.0","1.0","1.0"
"CURVE 1","0.08319986312392211","29.86046952386448","23.301569357680528","0.02418568497273459","0.10202933051692907","64.95836288590681","1","0.0","0.0","0.0"
"CURVE 1","0.08319986312392211","29.86046952386448","23.301569357680528","0.024332050684079596","0.1021454738028607","65.19146402676444","1","0.0","0.0","0.0"
"CURVE 1","0.08319986312392211","29.86046952386448","23.301569357680528","0.0244791588379969","0.10225932029942375","65.39863428070998","1","0.0","0.0","0.0"
"CURVE 1","0.08319986312392211","29.86046952386448","23.301569357680528","0.024626994346504776","0.10237088701618251","65.57975431455706","1","0.0","0.0","0.0"
"CURVE 1","0.08319986312392211","29.86046952386448","23.301569357680528","0.024775542121621506","0.10248019096270129","65.73476244517649","1","0.0","0.0","0.0"
"CURVE 1","0.08319986312392211","29.86046952386448","23.301569357680528","0.02492478707536536","0.10258724914854438","65.86365441411762","1","0.0","0.0","0.0"
"CURVE 1","0.08319986312392211","29.86046952386448","23.301569357680528","0.025074714119754617","0.10269207858327607","65.96648287178134","1","0.0","0.0","0.0"
"CURVE 1","0.08319986312392211","29.86046952386448","23.301569357680528","0.02522530816680756","0.10279469627646072","66.04335658667772","1","0.0","0.0","0.0"
"CURVE 1","0.08319986312392211","29.86046952386448","23.301569357680528","0.025376554128542467","0.10289511923766255","66.09443938659315","1","0.0","0.0","0.0"
"CURVE 1","0.08319986312392211","29.86046952386448","23.301569357680528","0.02552843691697761","0.10299336447644589","66.11994884041027","1","0.0","0.0","0.0"
"CURVE 1","0.08319986312392211","29.86046952386448","23.301569357680528","0.02568094144413127","0.10308944900237506","66.12015468011056","1","0.0","0.0","0.0"
"CURVE 1","0.08319986312392211","29.86046952386448","23.301569357680528","0.025834052622021722","0.10318338982501433","66.0953770342798","1","0.0","0.0","0.0"
"CURVE 1","0.08319986312392211","29.86046952386448","23.301569357680528","0.02598775536266725","0.10327520395392803","66.04598440338202","1","0.0","0.0","0.0"
"CURVE 1","0.08319986312392211","29.86046952386448","23.301569357680528","0.02614203457808613","0.10336490839868043","65.97239148840325","1","0.0","0.0","0.0"
"CURVE 1","0.08319986312392211","29.86046952386448","23.301569357680528","0.026296875180296636","0.10345252016883584","65.8750568153044","1","0.0","0.0","0.0"
"CURVE 1","0.08319986312392211","29.86046952386448","23.301569357680528","0.026452262081317044","0.10353805627395858","65.75448023024146","1","0.0","0.0","0.0"
"CURVE 1","0.08319986312392211","29.86046952386448","23.301569357680528","0.02660818019316564","0.10362153372361292","65.61120025281109","1","0.0","0.0","0.0"
"CURVE 1","0.08319986312392211","29.86046952386448","23.301569357680528","0.026764614427860694","0.10370296952736319","65.44579133071743","1","0.0","0.0","0.0"
"CURVE 1","0.08319986312392211","29.86046952386448","23.301569357680528","0.026921549697420485","0.10378238069477365","65.25886101379456","1","0.0","0.0","0.0"
"CURVE 1","0.08319986312392211","29.86046952386448","23.301569357680528","0.027078970913863295","0.10385978423540866","65.05104705078723","1","0.0","0.0","0.0"
"CURVE 1","0.08319986312392211","29.86046952386448","23.301569357680528","0.027236862989207404","0.10393519715883247","64.82301445485797","1","0.0","0.0","0.0"
"CURVE 1","0.08319986312392211","29.86046952386448","23.301569357680528","0.027395210835471077","0.10400863647460938","64.57545255252549","1","0.0","0.0","0.0"
"CURVE 1","0.08319986312392211","29.86046952386448","23.301569357680528","0.027553999364672607","0.1040801191923037","64.30907201363434","1","0.0","0.0","0.0"
"CURVE 1","0.08319986312392211","29.86046952386448","23.301569357680528","0.02771321348883026","0.10414966232147975","64.02460191934775","1","0.0","0.0","0.0"
"CURVE 1","0.08319986312392211","29.86046952386448","23.301569357680528","0.027872838119962322","0.10421728287170183","63.72278685518119","1","0.0","0.0","0.0"
"CURVE 1","0.08319986312392211","29.86046952386448","23.301569357680528","0.02803285817008706","0.10428299785253421","63.40438406924356","1","0.0","0.0","0.0"
"CURVE 1","0.08319986312392211","29.86046952386448","23.301569357680528","0.028193258551222768","0.10434682427354121","63.07016065926535","1","0.0","0.0","0.0"
"CURVE 1","0.08319986312392211","29.86046952386448","23.301569357680528","0.028354024175387706","0.10440877914428712","62.72089089830678","1","0.0","0.0","0.0"
"CURVE 1","0.08319986312392211","29.86046952386448","23.301569357680528","0.028515139954600165","0.10446887947433624","62.357353617640314","1","0.0","0.0","0.0"
"CURVE 1","0.08319986312392211","29.86046952386448","23.301569357680528","0.028676590800878417","0.10452714227325288","61.9803296882783","1","0.0","0.0","0.0"
"CURVE 1","0.08319986312392211","29.86046952386448","23.301569357680528","0.02883836162624074","0.10458358455060134","61.59059965667977","1","0.0","0.0","0.0"
"CURVE 1","0.08319986312392211","29.86046952386448","23.301569357680528","0.02900043734270541","0.10463822331594591","61.188941456106264","1","0.0","0.0","0.0"
"CURVE 1","0.08319986312392211","29.86046952386448","23.301569357680528","0.029162802862290716","0.1046910755788509","60.776128268715894","1","0.0","0.0","0.0"
"CURVE 1","0.08319986312392211","29.86046952386448","23.301569357680528","0.029325443097014924","0.10474215834888059","60.35292653633592","1","0.0","0.0","0.0"
"CURVE 1","0.08319986312392211","29.86046952386448","23.301569357680528","0.029488342958896314","0.10479148863559931","59.92009406481772","1","0.0","0.0","0.0"
"CURVE 1","0.08319986312392211","29.86046952386448","23.301569357680528","0.02965148735995316","0.10483908344857136","59.47837832319839","1","0.0","0.0","0.0"
"CURVE 1","0.08319986312392211","29.86046952386448","23.301569357680528","0.029814861212203753","0.10488495979736101","59.02851483528071","1","0.0","0.0","0.0"
"CURVE 1","0.08319986312392211","29.86046952386448","23.301569357680528","0.029978449427666354","0.10492913469153257","58.571225740510585","1","0.0","0.0","0.0"
"CURVE 1","0.08319986312392211","29.86046952386448","23.301569357680528","0.030142236918359253","0.10497162514065037","58.10721848893004","1","0.0","0.0","0.0"
"CURVE 1","0.08319986312392211","29.86046952386448","23.301569357680528","0.030306208596300722","0.10501244815427865","57.63718466644825","1","0.0","0.0","0.0"
"CURVE 1","0.08319986312392211","29.86046952386448","23.301569357680528","0.03047034937350904","0.1050516207419818","57.1617989584032","1","0.0","0.0","0.0"
"CURVE 1","0.08319986312392211","29.86046952386448","23.301569357680528","0.030634644162002487","0.10508915991332402","56.681718260186564","1","0.0","0.0","0.0"
"CURVE 1","0.08319986312392211","29.86046952386448","23.301569357680528","0.030799077873799343","0.10512508267786966","56.19758087987421","1","0.0","0.0","0.0"
"CURVE 1","0.08319986312392211","29.86046952386448","23.301569357680528","0.030963635420917873","0.10515940604518303","55.71000591320689","1","0.0","0.0","0.0"
"CURVE 1","0.08319986312392211","29.86046952386448","23.301569357680528","0.031128301715376363","0.10519214702482842","55.21959267463259","1","0.0","0.0","0.0"
"CURVE 1","0.08319986312392211","29.86046952386448","23.301569357680528","0.031293061669193094","0.1052233226263701","54.726920316415615","1","0.0","0.0","0.0"
"CURVE 1","0.08319986312392211","29.86046952386448","23.301569357680528","0.031457900194386344","0.1052529498593724","54.232547463224435","1","0.0","0.0","0.0"
"CURVE 1","0.08319986312392211","29.86046952386448","23.301569357680528","0.031622802202974386","0.10528104573339965","53.73701204073052","1","0.0","0.0","0.0"
"CURVE 1","0.08319986312392211","29.86046952386448","23.301569357680528","0.03178775260697549","0.1053076272580161","53.24083111530527","1","0.0","0.0","0.0"
"CURVE 1","0.08319986312392211","29.86046952386448","23.301569357680528","0.031952736318407955","0.10533271144278607","52.74450089300415","1","0.0","0.0","0.0"
"CURVE 1","0.08319986312392211","29.86046952386448","23.301569357680528","0.03211773824929005","0.10535631529727385","52.248496725574306","1","0.0","0.0","0.0"
"CURVE 1","0.08319986312392211","29.86046952386448","23.301569357680528","0.03228274331164004","0.10537845583104374","51.75327327037611","1","0.0","0.0","0.0"
"CURVE 1","0.08319986312392211","29.86046952386448","23.301569357680528","0.03244773641747622","0.10539915005366007","51.259264644231294","1","0.0","0.0","0.0"
"CURVE 1","0.08319986312392211","29.86046952386448","23.301569357680528","0.03261270247881685","0.1054184149746871","50.76688471098276","1","0.0","0.0","0.0"
"CURVE 1","0.08319986312392211","29.86046952386448","23.301569357680528","0.03277762640768023","0.10543626760368915","50.276527353497485","1","0.0","0.0","0.0"
"CURVE 1","0.08319986312392211","29.86046952386448","23.301569357680528","0.03294249311608461","0.10545272495023052","49.788566851352755","1","0.0","0.0","0.0"
"CURVE 1","0.08319986312392211","29.86046952386448","23.301569357680528","0.033107287516048294","0.1054678040238755","49.30335829524808","1","0.0","0.0","0.0"
"CURVE 1","0.08319986312392211","29.86046952386448","23.301569357680528","0.03327199451958955","0.10548152183418844","48.821238017614704","1","0.0","0.0","0.0"
"CURVE 1","0.08319986312392211","29.86046952386448","23.301569357680528","0.03343659903872665","0.10549389539073357","48.34252406831542","1","0.0","0.0","0.0"
"CURVE 1","0.08319986312392211","29.86046952386448","23.301569357680528","0.03360108598547788","0.1055049417030752","47.86751674235621","1","0.0","0.0","0.0"
"CURVE 1","0.08319986312392211","29.86046952386448","23.301569357680528","0.03376544027186151","0.10551467778077768","47.396499107608854","1","0.0","0.0","0.0"
"CURVE 1","0.08319986312392211","29.86046952386448","23.301569357680528","0.03392964680989583","0.10552312063340523","46.92973755878711","1","0.0","0.0","0.0"
"CURVE 1","0.08319986312392211","29.86046952386448","23.301569357680528","0.0340936905115991","0.10553028727052224","46.467482411138825","1","0.0","0.0","0.0"
"CURVE 1","0.08319986312392211","29.86046952386448","23.301569357680528","0.03425755628898961","0.10553619470169295","46.00996847342677","1","0.0","0.0","0.0"
"CURVE 1","0.08319986312392211","29.86046952386448","23.301569357680528","0.03442122905408564","0.10554085993648167","45.55741566354273","1","0.0","0.0","0.0"
"CURVE 1","0.08319986312392211","29.86046952386448","23.301569357680528","0.03458469371890547","0.10554429998445272","45.11002961552508","1","0.0","0.0","0.0"
"CURVE 1","0.08319986312392211","29.86046952386448","23.301569357680528","0.034747935195467365","0.10554653185517038","44.66800229378155","1","0.0","0.0","0.0"
"CURVE 1","0.08319986312392211","29.86046952386448","23.301569357680528","0.0349109383957896","0.10554757255819898","44.2315126122229","1","0.0","0.0","0.0"
"CURVE 1","0.08319986312392211","29.86046952386448","23.301569357680528","0.03507368823189047","0.1055474391031028","43.80072706433775","1","0.0","0.0","0.0"
"CURVE 1","0.08319986312392211","29.86046952386448","23.301569357680528","0.035236169615788245","0.10554614849944612","43.37580032845882","1","0.0","0.0","0.0"
"CURVE 1","0.08319986312392211","29.86046952386448","23.301569357680528","0.035398367459501194","0.10554371775679326","42.956875890471686","1","0.0","0.0","0.0"
"CURVE 1","0.08319986312392211","29.86046952386448","23.301569357680528","0.035560266675047615","0.10554016388470853","42.544086658841444","1","0.0","0.0","0.0"
"CURVE 1","0.08319986312392211","29.86046952386448","23.301569357680528","0.035721852174445776","0.10553550389275623","42.137555556417354","1","0.0","0.0","0.0"
"CURVE 1","0.08319986312392211","29.86046952386448","23.301569357680528","0.03588310886971394","0.10552975479050063","41.73739614158073","1","0.0","0.0","0.0"
"CURVE 1","0.08319986312392211","29.86046952386448","23.301569357680528","0.036044021672870394","0.10552293358750603","41.343713168788454","1","0.0","0.0","0.0"
"CURVE 1","0.08319986312392211","29.86046952386448","23.301569357680528","0.03620457549593343","0.10551505729333678","40.956603199754966","1","0.0","0.0","0.0"
"CURVE 1","0.08319986312392211","29.86046952386448","23.301569357680528","0.036364755250921296","0.10550614291755712","40.576155153155035","1","0.0","0.0","0.0"
"CURVE 1","0.08319986312392211","29.86046952386448","23.301569357680528","0.036524545849852305","0.10549620746973142","40.202450890392484","1","0.0","0.0","0.0"
"CURVE 1","0.08319986312392211","29.86046952386448","23.301569357680528","0.03668393220474471","0.10548526795942391","39.83556574236496","1","0.0","0.0","0.0"
"CURVE 1","0.08319986312392211","29.86046952386448","23.301569357680528","0.036842899227616806","0.10547334139619892","39.47556907490552","1","0.0","0.0","0.0"
"CURVE 1","0.08319986312392211","29.86046952386448","23.301569357680528","0.037001431830486854","0.10546044478962077","39.12252480702851","1","0.0","0.0","0.0"
"CURVE 1","0.08319986312392211","29.86046952386448","23.301569357680528","0.03715951492537314","0.10544659514925372","38.77649195205668","1","0.0","0.0","0.0"
"CURVE 1","0.08319986312392211","29.86046952386448","23.301569357680528","0.03731713342429393","0.10543180948466212","38.43752510949149","1","0.0","0.0","0.0"
"CURVE 1","0.08319986312392211","29.86046952386448","23.301569357680528","0.037474272239267525","0.10541610480541021","38.10567498350238","1","0.0","0.0","0.0"
"CURVE 1","0.08319986312392211","29.86046952386448","23.301569357680528","0.03763091628231219","0.1053994981210623","37.78098888247038","1","0.0","0.0","0.0"
"CURVE 1","0.08319986312392211","29.86046952386448","23.301569357680528","0.037787050465446205","0.10538200644118274","37.463511196119505","1","0.0","0.0","0.0"
"CURVE 1","0.08319986312392211","29.86046952386448","23.301569357680528","0.03794265970068785","0.10536364677533579","37.153283882678686","1","0.0","0.0","0.0"
"CURVE 1","0.08319986312392211","29.86046952386448","23.301569357680528","0.038097728900055396","0.10534443613308576","36.85034694038706","1","0.0","0.0","0.0"
"CURVE 1","0.08319986312392211","29.86046952386448","23.301569357680528","0.03825224297556711","0.10532439152399697","36.55473888118392","1","0.0","0.0","0.0"
"CURVE 1","0.08319986312392211","29.86046952386448","23.301569357680528","0.0384061868392413","0.10530352995763369","36.26649719139585","1","0.0","0.0","0.0"
"CURVE 1","0.08319986312392211","29.86046952386448","23.301569357680528","0.038559545403096224","0.10528186844356023","35.98565878839741","1","0.0","0.0","0.0"
"CURVE 1","0.08319986312392211","29.86046952386448","23.301569357680528","0.03871230357915016","0.1052594239913409","35.71226048815358","1","0.0","0.0","0.0"
"CURVE 1","0.08319986312392211","29.86046952386448","23.301569357680528","0.03886444627942138","0.10523621361053997","35.44633944658128","1","0.0","0.0","0.0"
"CURVE 1","0.08319986312392211","29.86046952386448","23.301569357680528","0.039015958415928184","0.10521225431072176","35.187933640928925","1","0.0","0.0","0.0"
"CURVE 1","0.08319986312392211","29.86046952386448","23.301569357680528","0.039166824900688825","0.10518756310145058","34.937082294796106","1","0.0","0.0","0.0"
"CURVE 1","0.08319986312392211","29.86046952386448","23.301569357680528","0.039317030645721604","0.10516215699229073","34.69382637305593","1","0.0","0.0","0.0"
"CURVE 1","0.08319986312392211","29.86046952386448","23.301569357680528","0.03946656056304477","0.1051360529928065","34.45820902377027","1","0.0","0.0","0.0"
"CURVE 1","0.08319986312392211","29.86046952386448","23.301569357680528","0.03961539956467662","0.10510926811256217","34.230276076147234","1","0.0","0.0","0.0"
"CURVE 1","0.08319986312392211","29.86046952386448","23.301569357680528","0.039763532562635436","0.10508181936112208","34.01007649287538","1","0.0","0.0","0.0"
"CURVE 1","0.08319986312392211","29.86046952386448","23.301569357680528","0.03991094446893949","0.10505372374805051","33.7976628899465","1","0.0","0.0","0.0"
"CURVE 1","0.08319986312392211","29.86046952386448","23.301569357680528","0.04005762019560705","0.10502499828291176","33.593092027058866","1","0.0","0.0","0.0"
"CURVE 1","0.08319986312392211","29.86046952386448","23.301569357680528","0.04020354465465641","0.10499565997527012","33.396425344017615","1","0.0","0.0","0.0"
"CURVE 1","0.08319986312392211","29.86046952386448","23.301569357680528","0.04034870275810583","0.10496572583468992","33.20772947815432","1","0.0","0.0","0.0"
"CURVE 1","0.08319986312392211","29.86046952386448","23.301569357680528","0.040493079417973615","0.10493521287073543","33.02707685917848","1","0.0","0.0","0.0"
"CURVE 1","0.08319986312392211","29.86046952386448","23.301569357680528","0.040636659546278014","0.10490413809297096","32.85454626019747","1","0.0","0.0","0.0"
"CURVE 1","0.08319986312392211","29.86046952386448","23.301569357680528","0.040779428055037314","0.10487251851096081","32.69022342538303","1","0.0","0.0","0.0"
"CURVE 1","0.08319986312392211","29.86046952386448","23.301569357680528","0.04092136985626979","0.10484037113426929","32.53420173189754","1","0.0","0.0","0.0"
"CURVE 1","0.08319986312392211","29.86046952386448","23.301569357680528","0.04106246986199375","0.10480771297246069","32.38658285139614","1","0.0","0.0","0.0"
"CURVE 1","0.08319986312392211","29.86046952386448","23.301569357680528","0.04120271298422742","0.10477456103509931","32.24747746338148","1","0.0","0.0","0.0"
"CURVE 1","0.08319986312392211","29.86046952386448","23.301569357680528","0.041342084134989125","0.10474093233174946","32.11700604149321","1","0.0","0.0","0.0"
"CURVE 1","0.08319986312392211","29.86046952386448","23.301569357680528","0.04148056822629711","0.10470684387197543","31.995299653781526","1","0.0","0.0","0.0"
"CURVE 1","0.08319986312392211","29.86046952386448","23.301569357680528","0.04161815017016967","0.10467231266534151","31.882500846896686","1","0.0","0.0","0.0"
"CURVE 1","0.08319986312392211","29.86046952386448","23.301569357680528","0.04175481487862507","0.10463735572141201","31.77876456284201","1","0.0","0.0","0.0"
"CURVE 1","0.08319986312392211","29.86046952386448","23.301569357680528","0.0418905472636816","0.10460199004975124","31.684259154353718","1","0.0","0.0","0.0"
"CURVE 1","0.08319986312392211","29.86046952386448","23.301569357680528","0.04202533605679943","0.10456623024015284","32.013439498503374","1","0.0","0.0","0.0"
"CURVE 1","0.08319986312392211","29.86046952386448","23.301569357680528","0.04215918526720645","0.10453008120332782","32.34063477592488","1","0.0","0.0","0.0"
"CURVE 1","0.08319986312392211","29.86046952386448","23.301569357680528","0.04229210272357239","0.1044935454302166","32.665612267376595","1","0.0","0.0","0.0"
"CURVE 1","0.08319986312392211","29.86046952386448","23.301569357680528","0.042424096254567015","0.10445662541175955","32.9881343954172","1","0.0","0.0","0.0"
"CURVE 1","0.08319986312392211","29.86046952386448","23.301569357680528","0.04255517368886008","0.10441932363889703","33.307958870202285","1","0.0","0.0","0.0"
"CURVE 1","0.08319986312392211","29.86046952386448","23.301569357680528","0.042685342855121364","0.10438164260256944","33.62483887238208","1","0.0","0.0","0.0"
"CURVE 1","0.08319986312392211","29.86046952386448","23.301569357680528","0.04281461158202063","0.10434358479371711","33.93852323104786","1","0.0","0.0","0.0"
"CURVE 1","0.08319986312392211","29.86046952386448","23.301569357680528","0.04294298769822761","0.10430515270328047","34.24875666004334","1","0.0","0.0","0.0"
"CURVE 1","0.08319986312392211","29.86046952386448","23.301569357680528","0.043070479032412096","0.10426634882219989","34.5552799393174","1","0.0","0.0","0.0"
"CURVE 1","0.08319986312392211","29.86046952386448","23.301569357680528","0.04319709341324385","0.10422717564141573","34.857830203218015","1","0.0","0.0","0.0"
"CURVE 1","0.08319986312392211","29.86046952386448","23.301569357680528","0.04332283866939261","0.1041876356518684","35.15614114865548","1","0.0","0.0","0.0"
"CURVE 1","0.08319986312392211","29.86046952386448","23.301569357680528","0.043447722629528146","0.10414773134449823","35.44994333283856","1","0.0","0.0","0.0"
"CURVE 1","0.08319986312392211","29.86046952386448","23.301569357680528","0.043571753122320235","0.10410746521024562","35.73896444544179","1","0.0","0.0","0.0"
"CURVE 1","0.08319986312392211","29.86046952386448","23.301569357680528","0.043694937976438614","0.10406683974005097","36.02292960319952","1","0.0","0.0","0.0"
"CURVE 1","0.08319986312392211","29.86046952386448","23.301569357680528","0.04381728502055306","0.10402585742485464","36.3015616703693","1","0.0","0.0","0.0"
"CURVE 1","0.08319986312392211","29.86046952386448","23.301569357680528","0.04393880208333334","0.10398452075559703","36.57458158348172","1","0.0","0.0","0.0"
"CURVE 1","0.08319986312392211","29.86046952386448","23.301569357680528","0.0440594969934492","0.10394283222321847","36.84170867530917","1","0.0","0.0","0.0"
"CURVE 1","0.08319986312392211","29.86046952386448","23.301569357680528","0.04417937757957041","0.1039007943186594","37.10266104677123","1","0.0","0.0","0.0"
"CURVE 1","0.08319986312392211","29.86046952386448","23.301569357680528","0.04429845167036673","0.10385840953286016","37.35715591974065","1","0.0","0.0","0.0"
"CURVE 1","0.08319986312392211","29.86046952386448","23.301569357680528","0.04441672709450793","0.10381568035676113","37.60491002131032","1","0.0","0.0","0.0"
"CURVE 1","0.08319986312392211","29.86046952386448","23.301569357680528","0.04453421168066376","0.10377260928130269","37.84563995598452","1","0.0","0.0","0.0"
"CURVE 1","0.08319986312392211","29.86046952386448","23.301569357680528","0.04465091325750399","0.10372919879742523","38.079062603874064","1","0.0","0.0","0.0"
"CURVE 1","0.08319986312392211","29.86046952386448","23.301569357680528","0.04476683965369837","0.10368545139606912","38.30489556130039","1","0.0","0.0","0.0"
"CURVE 1","0.08319986312392211","29.86046952386448","23.301569357680528","0.044881998697916675","0.10364136956817475","38.52285749845508","1","0.0","0.0","0.0"
"CURVE 1","0.08319986312392211","29.86046952386448","23.301569357680528","0.04499639821882866","0.10359695580468249","38.73266863143289","1","0.0","0.0","0.0"
"CURVE 1","0.08319986312392211","29.86046952386448","23.301569357680528","0.04511004604510408","0.10355221259653272","38.93405112045516","1","0.0","0.0","0.0"
"CURVE 1","0.08319986312392211","29.86046952386448","23.301569357680528","0.04522295000541271","0.10350714243466581","39.12672951984729","1","0.0","0.0","0.0"
"CURVE 1","0.08319986312392211","29.86046952386448","23.301569357680528","0.0453351179284243","0.10346174781002217","39.310431200123745","1","0.0","0.0","0.0"
"CURVE 1","0.08319986312392211","29.86046952386448","23.301569357680528","0.04544655764280862","0.10341603121354212","39.484886820187874","1","0.0","0.0","0.0"
"CURVE 1","0.08319986312392211","29.86046952386448","23.301569357680528","0.04555727697723542","0.1033699951361661","39.649830721761276","1","0.0","0.0","0.0"
"CURVE 1","0.08319986312392211","29.86046952386448","23.301569357680528","0.045667283760374475","0.10332364206883446","39.805001435537015","1","0.0","0.0","0.0"
"CURVE 1","0.08319986312392211","29.86046952386448","23.301569357680528","0.04577658582089553","0.10327697450248756","39.95014207201497","1","0.0","0.0","0.0"
"CURVE 1","0.08319986312392211","29.86046952386448","23.301569357680528","0.04588519098746836","0.10322999492806581","40.085000787647324","1","0.0","0.0","0.0"
"CURVE 1","0.08319986312392211","29.86046952386448","23.301569357680528","0.045993107088762725","0.10318270583650958","40.20933123514866","1","0.0","0.0","0.0"
"CURVE 1","0.08319986312392211","29.86046952386448","23.301569357680528","0.04610034195344839","0.10313510971875925","40.32289296995947","1","0.0","0.0","0.0"
"CURVE 1","0.08319986312392211","29.86046952386448","23.301569357680528","0.04620690341019512","0.1030872090657552","40.42545188979948","1","0.0","0.0","0.0"
"CURVE 1","0.08319986312392211","29.86046952386448","23.301569357680528","0.046312799287672665","0.1030390063684378","40.51678068611022","1","0.0","0.0","0.0"
"CURVE 1","0.08319986312392211","29.86046952386448","23.301569357680528","0.046418037414550785","0.10299050411774743","40.59665921686186","1","0.0","0.0","0.0"
"CURVE 1","0.08319986312392211","29.86046952386448","23.301569357680528","0.04652262561949924","0.1029417048046245","40.664874934820034","1","0.0","0.0","0.0"
"CURVE 1","0.08319986312392211","29.86046952386448","23.301569357680528","0.04662657173118781","0.10289261092000933","40.721223282291184","1","0.0","0.0","0.0"
"CURVE 1","0.08319986312392211","29.86046952386448","23.301569357680528","0.04672988357828624","0.10284322495484233","40.76550805873737","1","0.0","0.0","0.0"
"CURVE 1","0.08319986312392211","29.86046952386448","23.301569357680528","0.04683256898946429","0.10279354940006388","40.797541803703844","1","0.0","0.0","0.0"
"CURVE 1","0.08319986312392211","29.86046952386448","23.301569357680528","0.04693463579339175","0.10274358674661437","40.81714614199476","1","0.0","0.0","0.0"
"CURVE 1","0.08319986312392211","29.86046952386448","23.301569357680528","0.04703609181873834","0.10269333948543416","40.82415215521843","1","0.0","0.0","0.0"
"CURVE 1","0.08319986312392211","29.86046952386448","23.301569357680528","0.047136944894173846","0.10264281010746362","40.81840063254819","1","0.0","0.0","0.0"
"CURVE 1","0.08319986312392211","29.86046952386448","23.301569357680528","0.04723720284836803","0.10259200110364315","40.799742448527596","1","0.0","0.0","0.0"
"CURVE 1","0.08319986312392211","29.86046952386448","23.301569357680528","0.04733687350999064","0.10254091496491313","40.768038816651504","1","0.0","0.0","0.0"
"CURVE 1","0.08319986312392211","29.86046952386448","23.301569357680528","0.04743596470771145","0.10248955418221392","40.72316156607962","1","0.0","0.0","0.0"
"CURVE 1","0.08319986312392211","29.86046952386448","23.301569357680528","0.04753448427020021","0.1024379212464859","40.66499336628502","1","0.0","0.0","0.0"
"CURVE 1","0.08319986312392211","29.86046952386448","23.301569357680528","0.0476324400261267","0.10238601864866947","40.59342798662958","1","0.0","0.0","0.0"
"CURVE 1","0.08319986312392211","29.86046952386448","23.301569357680528","0.047729839804160665","0.10233384887970502","40.50837047030943","1","0.0","0.0","0.0"
"CURVE 1","0.08319986312392211","29.86046952386448","23.301569357680528","0.047826691432971864","0.10228141443053287","40.40973733253436","1","0.0","0.0","0.0"
"CURVE 1","0.08319986312392211","29.86046952386448","23.301569357680528","0.04792300274123007","0.10222871779209346","40.297456716860054","1","0.0","0.0","0.0"
"CURVE 1","0.08319986312392211","29.86046952386448","23.301569357680528","0.04801878155760505","0.10217576145532713","40.17146852682877","1","0.0","0.0","0.0"
"CURVE 1","0.08319986312392211","29.86046952386448","23.301569357680528","0.04811403571076654","0.10212254791117427","40.03172453736951","1","0.0","0.0","0.0"
"CURVE 1","0.08319986312392211","29.86046952386448","23.301569357680528","0.04820877302938433","0.10206907965057525","39.878188481453265","1","0.0","0.0","0.0"
"CURVE 1","0.08319986312392211","29.86046952386448","23.301569357680528","0.04830300134212817","0.10201535916447045","39.710836126576844","1","0.0","0.0","0.0"
"CURVE 1","0.08319986312392211","29.86046952386448","23.301569357680528","0.048396728477667815","0.10196138894380029","39.52965529306236","1","0.0","0.0","0.0"
"CURVE 1","0.08319986312392211","29.86046952386448","23.301569357680528","0.04848996226467303","0.1019071714795051","39.33464590031292","1","0.0","0.0","0.0"
"CURVE 1","0.08319986312392211","29.86046952386448","23.301569357680528","0.04858271053181359","0.10185270926252527","39.12581991083248","1","0.0","0.0","0.0"
"CURVE 1","0.08319986312392211","29.86046952386448","23.301569357680528","0.04867498110775924","0.10179800478380119","38.9032013633961","1","0.0","0.0","0.0"
"CURVE 1","0.08319986312392211","29.86046952386448","23.301569357680528","0.04876678182117975","0.10174306053427322","38.6668262738543","1","0.0","0.0","0.0"
"CURVE 1","0.08319986312392211","29.86046952386448","23.301569357680528","0.048858120500744874","0.10168787900488176","38.41674255925544","1","0.0","0.0","0.0"
"CURVE 1","0.08319986312392211","29.86046952386448","23.301569357680528","0.04894900497512438","0.10163246268656717","38.15300994670194","1","0.0","0.0","0.0"
"CURVE 1","0.08319986312392211","29.86046952386448","23.301569357680528","0.049039443072988034","0.10157681407026983","37.875699874676236","1","0.0","0.0","0.0"
"CURVE 1","0.08319986312392211","29.86046952386448","23.301569357680528","0.04912944262300559","0.10152093564693015","37.58489530626462","1","0.0","0.0","0.0"
"CURVE 1","0.08319986312392211","29.86046952386448","23.301569357680528","0.04921901145384681","0.10146482990748848","37.280690599250484","1","0.0","0.0","0.0"
"CURVE 1","0.08319986312392211","29.86046952386448","23.301569357680528","0.04930815739418144","0.10140849934288519","36.96319132034685","1","0.0","0.0","0.0"
"CURVE 1","0.08319986312392211","29.86046952386448","23.301569357680528","0.049396888272679275","0.10135194644406069","36.632514023181514","1","0.0","0.0","0.0"
"CURVE 1","0.08319986312392211","29.86046952386448","23.301569357680528","0.04948521191801005","0.10129517370195533","36.28878605012667","1","0.0","0.0","0.0"
"CURVE 1","0.08319986312392211","29.86046952386448","23.301569357680528","0.049573136158843546","0.10123818360750948","35.93214529718695","1","0.0","0.0","0.0"
"CURVE 1","0.08319986312392211","29.86046952386448","23.301569357680528","0.04966066882384951","0.10118097865166356","35.562739929468776","1","0.0","0.0","0.0"
"CURVE 1","0.08319986312392211","29.86046952386448","23.301569357680528","0.0497478177416977","0.10112356132535792","35.18072817730628","1","0.0","0.0","0.0"
"CURVE 1","0.08319986312392211","29.86046952386448","23.301569357680528","0.049834590741057894","0.10106593411953296","34.786277971340425","1","0.0","0.0","0.0"
"CURVE 1","0.08319986312392211","29.86046952386448","23.301569357680528","0.04992099565059985","0.10100809952512904","34.37956672877294","1","0.0","0.0","0.0"
"CURVE 1","0.08319986312392211","29.86046952386448","23.301569357680528","0.05000704029899332","0.10095006003308653","33.96078101995684","1","0.0","0.0","0.0"
"CURVE 1","0.08319986312392211","29.86046952386448","23.301569357680528","0.05009273251490807","0.10089181813434582","33.53011621122005","1","0.0","0.0","0.0"
"CURVE 1","0.08319986312392211","29.86046952386448","23.301569357680528","0.05017808012701386","0.1008333763198473","33.08777619837777","1","0.0","0.0","0.0"
"CURVE 1","0.08319986312392211","29.86046952386448","23.301569357680528","0.050263090963980454","0.10077473708053133","32.63397305235845","1","0.0","0.0","0.0"
"CURVE 1","0.08319986312392211","29.86046952386448","23.301569357680528","0.05034777285447761","0.10071590290733833","32.16892666517108","1","0.0","0.0","0.0"
"CURVE 1","0.08319986312392211","29.86046952386448","23.301569357680528","0.050432133627175094","0.10065687629120862","31.692864421502655","1","0.0","0.0","0.0"
"CURVE 1","0.08319986312392211","29.86046952386448","23.301569357680528","0.05051618111074268","0.1005976597230826","31.206020850386473","1","0.0","0.0","0.0"
"CURVE 1","0.08319986312392211","29.86046952386448","23.301569357680528","0.050599923133850096","0.10053825569390065","30.708637240664103","1","0.0","0.0","0.0"
"CURVE 1","0.08319986312392211","29.86046952386448","23.301569357680528","0.050683367525167146","0.10047866669460316","30.200961315741214","1","0.0","0.0","0.0"
"CURVE 1","0.08319986312392211","29.86046952386448","23.301569357680528","0.05076652211336355","0.1004188952161305","29.683246866832274","1","0.0","0.0","0.0"
"CURVE 1","0.08319986312392211","29.86046952386448","23.301569357680528","0.05084939472710909","0.10035894374942304","29.155753370529577","1","0.0","0.0","0.0"
"CURVE 1","0.08319986312392211","29.86046952386448","23.301569357680528","0.05093199319507353","0.1002988147854212","28.618745669498505","1","0.0","0.0","0.0"
"CURVE 1","0.08319986312392211","29.86046952386448","23.301569357680528","0.05101432534592662","0.1002385108150653","28.072493579472287","1","0.0","0.0","0.0"
"CURVE 1","0.08319986312392211","29.86046952386448","23.301569357680528","0.05109639900833814","0.10017803432929577","27.517271543708915","1","0.0","0.0","0.0"
"CURVE 1","0.08319986312392211","29.86046952386448","23.301569357680528","0.05117822201097783","0.10011738781905294","26.953358296163827","1","0.0","0.0","0.0"
"CURVE 1","0.08319986312392211","29.86046952386448","23.301569357680528","0.051259802182515475","0.10005657377527721","26.38103648002548","1","0.0","0.0","0.0"
"CURVE 1","0.08319986312392211","29.86046952386448","23.301569357680528","0.051341147351620806","0.09999559468890898","25.80059233805997","1","0.0","0.0","0.0"
"CURVE 1","0.08319986312392211","29.86046952386448","23.301569357680528","0.05142226534696361","0.0999344530508886","25.212315351049494","1","0.0","0.0","0.0"
"CURVE 1","0.08319986312392211","29.86046952386448","23.301569357680528","0.05150316399721364","0.09987315135215648","24.616497917433943","1","0.0","0.0","0.0"
"CURVE 1","0.08319986312392211","29.86046952386448","23.301569357680528","0.051583851131040664","0.09981169208365295","24.013435013512662","1","0.0","0.0","0.0"
"CURVE 1","0.08319986312392211","29.86046952386448","23.301569357680528","0.05166433457711443","0.09975007773631842","23.40342390014551","1","0.0","0.0","0.0"
"CURVE 1","0.08319986312392211","29.86046952386448","23.301569357680528","0.05174462216410471","0.09968831080109326","22.78676377834144","1","0.0","0.0","0.0"
"CURVE 1","0.08319986312392211","29.86046952386448","23.301569357680528","0.05182472172068127","0.09962639376891788","22.163755512521423","1","0.0","0.0","0.0"
"CURVE 1","0.08319986312392211","29.86046952386448","23.301569357680528","0.051904641075513853","0.0995643291307326","21.534701332821456","1","0.0","0.0","0.0"
"CURVE 1","0.08319986312392211","29.86046952386448","23.301569357680528","0.051984388057272235","0.09950211937747785","20.899904522188546","1","0.0","0.0","0.0"
"CURVE 1","0.08319986312392211","29.86046952386448","23.301569357680528","0.05206397049462617","0.09943976700009399","20.25966919927781","1","0.0","0.0","0.0"
"CURVE 1","0.08319986312392211","29.86046952386448","23.301569357680528","0.05214339621624543","0.0993772744895214","19.614299975803174","1","0.0","0.0","0.0"
"CURVE 1","0.08319986312392211","29.86046952386448","23.301569357680528","0.05222267305079978","0.09931464433670045","18.964101780395183","1","0.0","0.0","0.0"
"CURVE 1","0.08319986312392211","29.86046952386448","23.301569357680528","0.052301808826958965","0.09925187903257154","18.309379533987272","1","0.0","0.0","0.0"
"CURVE 1","0.08319986312392211","29.86046952386448","23.301569357680528","0.05238081137339275","0.09918898106807503","17.650437975766213","1","0.0","0.0","0.0"
"CURVE 1","0.08319986312392211","29.86046952386448","23.301569357680528","0.05245968851877089","0.09912595293415129","16.98758140234928","1","0.0","0.0","0.0"
"CURVE 1","0.08319986312392211","29.86046952386448","23.301569357680528","0.052538448091763175","0.09906279712174071","16.321113455741827","1","0.0","0.0","0.0"
"CURVE 1","0.08319986312392211","29.86046952386448","23.301569357680528","0.05261709792103934","0.09899951612178368","15.65133692012053","1","0.0","0.0","0.0"
"CURVE 1","0.08319986312392211","29.86046952386448","23.301569357680528","0.05269564583526916","0.09893611242522056","14.978553526008223","1","0.0","0.0","0.0"
"CURVE 1","0.08319986312392211","29.86046952386448","23.301569357680528","0.05277409966312238","0.09887258852299174","14.30306376084798","1","0.0","0.0","0.0"
"CURVE 1","0.08319986312392211","29.86046952386448","23.301569357680528","0.052852467233268786","0.0988089469060376","13.62516668392331","1","0.0","0.0","0.0"
"CURVE 1","0.08319986312392211","29.86046952386448","23.301569357680528","0.052930756374378114","0.09874519006529851","12.945159788933237","1","0.0","0.0","0.0"
"CURVE 1","0.08319986312392211","29.86046952386448","23.301569357680528","0.05300897491512014","0.09868132049171487","12.263338774584291","1","0.0","0.0","0.0"
"CURVE 1","0.08319986312392211","29.86046952386448","23.301569357680528","0.05308713068416463","0.09861734067622703","11.579997491451925","1","0.0","0.0","0.0"
"CURVE 1","0.08319986312392211","29.86046952386448","23.301569357680528","0.05316523151018133","0.09855325310977539","10.895427713378627","1","0.0","0.0","0.0"
"CURVE 1","0.08319986312392211","29.86046952386448","23.301569357680528","0.05324328522184002","0.0984890602833003","10.209919032382807","1","0.0","0.0","0.0"
"CURVE 1","0.08319986312392211","29.86046952386448","23.301569357680528","0.05332129964781045","0.09842476468774218","9.523758781821018","1","0.0","0.0","0.0"
"CURVE 1","0.08319986312392211","29.86046952386448","23.301569357680528","0.05339928261676238","0.09836036881404137","8.837231848750942","1","0.0","0.0","0.0"
"CURVE 1","0.08319986312392211","29.86046952386448","23.301569357680528","0.05347724195736557","0.09829587515313826","8.150620590903893","1","0.0","0.0","0.0"
"CURVE 1","0.08319986312392211","29.86046952386448","23.301569357680528","0.0535551854982898","0.09823128619597324","7.464204752809217","1","0.0","0.0","0.0"
"CURVE 1","0.08319986312392211","29.86046952386448","23.301569357680528","0.0536331210682048","0.09816660443348668","6.778261336284419","1","0.0","0.0","0.0"
"CURVE 1","0.08319986312392211","29.86046952386448","23.301569357680528","0.05371105649578037","0.09810183235661898","6.093064527087945","1","0.0","0.0","0.0"
"CURVE 1","0.08319986312392211","29.86046952386448","23.301569357680528","0.05378899960968624","0.0980369724563105","5.40888562794044","1","0.0","0.0","0.0"
"CURVE 1","0.08319986312392211","29.86046952386448","23.301569357680528","0.053866958238592194","0.09797202722350161","4.72599293947477","1","0.0","0.0","0.0"
"CURVE 1","0.08319986312392211","29.86046952386448","23.301569357680528","0.053944940211167976","0.09790699914913271","4.044651727606383","1","0.0","0.0","0.0"
"CURVE 1","0.08319986312392211","29.86046952386448","23.301569357680528","0.05402295335608335","0.09784189072414415","3.365124130742513","1","0.0","0.0","0.0"
"CURVE 1","0.08319986312392211","29.86046952386448","23.301569357680528","0.054101005502008095","0.09777670443947634","2.6876690997980734","1","0.0","0.0","0.0"
"CURVE 1","0.08319986312392211","29.86046952386448","23.301569357680528","0.05417910447761194","0.09771144278606964","2.0125423422441897","1","0.0","0.0","0.0"
"CURVE 1","0.08319986312392211","29.86046952386448","23.301569357680528","0.054257256711893416","0.09764610814810985","1.9058481502589981","1","0.0","0.0","0.0"
"CURVE 1","0.08319986312392211","29.86046952386448","23.301569357680528","0.05433546303516597","0.0975807024827644","1.7997255542567427","1","0.0","0.0","0.0"
"CURVE 1","0.08319986312392211","29.86046952386448","23.301569357680528","0.054413722878071794","0.09751522764044615","1.69415691768077","1","0.0","0.0","0.0"
"CURVE 1","0.08319986312392211","29.86046952386448","23.301569357680528","0.05449203567125311","0.09744968547156793","1.5891248238190563","1","0.0","0.0","0.0"
"CURVE 1","0.08319986312392211","29.86046952386448","23.301569357680528","0.05457040084535209","0.09738407782654264","1.4846120531933933","1","0.0","0.0","0.0"
"CURVE 1","0.08319986312392211","29.86046952386448","23.301569357680528","0.05464881783101096","0.09731840655578308","1.3806015901829172","1","0.0","0.0","0.0"
"CURVE 1","0.08319986312392211","29.86046952386448","23.301569357680528","0.05472728605887191","0.09725267350970215","1.2770765899805638","1","0.0","0.0","0.0"
"CURVE 1","0.08319986312392211","29.86046952386448","23.301569357680528","0.05480580495957712","0.09718688053871267","1.1740203649030934","1","0.0","0.0","0.0"
"CURVE 1","0.08319986312392211","29.86046952386448","23.301569357680528","0.05488437396376881","0.09712102949322751","1.0714164625157916","1","0.0","0.0","0.0"
"CURVE 1","0.08319986312392211","29.86046952386448","23.301569357680528","0.054962992502089164","0.09705512222365952","0.9692485504876827","1","0.0","0.0","0.0"
"CURVE 1","0.08319986312392211","29.86046952386448","23.301569357680528","0.0550416600051804","0.09698916058042156","0.8675004780590787","1","0.0","0.0","0.0"
"CURVE 1","0.08319986312392211","29.86046952386448","23.301569357680528","0.0551203759036847","0.09692314641392645","0.7661562529007819","1","0.0","0.0","0.0"
"CURVE 1","0.08319986312392211","29.86046952386448","23.301569357680528","0.05519913962824428","0.09685708157458707","0.6652000277126321","1","0.0","0.0","0.0"
"CURVE 1","0.08319986312392211","29.86046952386448","23.301569357680528","0.055277950609501324","0.09679096791281629","0.5646161169599365","1","0.0","0.0","0.0"
"CURVE 1","0.08319986312392211","29.86046952386448","23.301569357680528","0.05535680827809804","0.09672480727902692","0.4643889665918499","1","0.0","0.0","0.0"
"CURVE 1","0.08319986312392211","29.86046952386448","23.301569357680528","0.055435712064676616","0.09665860152363183","0.3645031524413692","1","0.0","0.0","0.0"
"CURVE 1","0.08319986312392211","29.86046952386448","23.301569357680528","0.05551466139987926","0.0965923524970439","0.2649433970671989","1","0.0","0.0","0.0"
"CURVE 1","0.08319986312392211","29.86046952386448","23.301569357680528","0.05559365571434818","0.09652606204967593","0.16569456782836606","1","0.0","0.0","0.0"
"CURVE 1","0.08319986312392211","29.86046952386448","23.301569357680528","0.05567269443872556","0.09645973203194082","0.0667416142806046","1","0.0","0.0","0.0"
"CURVE 1","0.08319986312392211","29.86046952386448","23.301569357680528","0.0557517770036536","0.0963933642942514","0.03193038145617835","-1","0.0","0.0","0.0"
"CURVE 1","0.08319986312392211","29.86046952386448","23.301569357680528","0.05583090283977451","0.09632696068702051","0.13033620263329643","-1","0.0","0.0","0.0"
"CURVE 1","0.08319986312392211","29.86046952386448","23.301569357680528","0.055910071377730484","0.09626052306066105","0.22849054928328005","-1","0.0","0.0","0.0"
"CURVE 1","0.08319986312392211","29.86046952386448","23.301569357680528","0.05598928204816372","0.09619405326558582","0.3264080027392575","-1","0.0","0.0","0.0"
"CURVE 1","0.08319986312392211","29.86046952386448","23.301569357680528","0.05606853428171642","0.0961275531522077","0.4241030543827851","-1","0.0","0.0","0.0"
"CURVE 1","0.08319986312392211","29.86046952386448","23.301569357680528","0.05614782750903078","0.09606102457093954","0.5215900902053101","-1","0.0","0.0","0.0"
"CURVE 1","0.08319986312392211","29.86046952386448","23.301569357680528","0.056227161160748995","0.09599446937219418","0.618883412372117","-1","0.0","0.0","0.0"
"CURVE 1","0.08319986312392211","29.86046952386448","23.301569357680528","0.056306534667513265","0.0959278894063845","0.71599724118375","-1","0.0","0.0","0.0"
"CURVE 1","0.08319986312392211","29.86046952386448","23.301569357680528","0.05638594745996579","0.09586128652392333","0.812945690485369","-1","0.0","0.0","0.0"
"CURVE 1","0.08319986312392211","29.86046952386448","23.301569357680528","0.05646539896874879","0.09579466257522352","0.9097428279275432","-1","0.0","0.0","0.0"
"CURVE 1","0.08319986312392211","29.86046952386448","23.301569357680528","0.05654488862450442","0.09572801941069796","1.0064026397708201","-1","0.0","0.0","0.0"
"CURVE 1","0.08319986312392211","29.86046952386448","23.301569357680528","0.056624415857874935","0.09566135888075944","1.1029390263821444","-1","0.0","0.0","0.0"
"CURVE 1","0.08319986312392211","29.86046952386448","23.301569357680528","0.05670398009950249","0.09559468283582088","1.1993658316407614","-1","0.0","0.0","0.0"
"CURVE 1","0.08319986312392211","29.86046952386448","23.301569357680528","0.0567835807800293","0.09552799312629509","1.2956968462851672","-1","0.0","0.0","0.0"
"CURVE 1","0.08319986312392211","29.86046952386448","23.301569357680528","0.05686321733009756","0.09546129160259491","1.391945790102338","-1","0.0","0.0","0.0"
"CURVE 1","0.08319986312392211","29.86046952386448","23.301569357680528","0.05694288918034947","0.09539458011513324","1.4881263492886818","-1","0.0","0.0","0.0"
"CURVE 1","0.08319986312392211","29.86046952386448","23.301569357680528","0.05702259576142724","0.09532786051432289","1.5842521233502735","-1","0.0","0.0","0.0"
"CURVE 1","0.08319986312392211","29.86046952386448","23.301569357680528","0.057102336503973054","0.09526113465057676","1.680336707298542","-1","0.0","0.0","0.0"
"CURVE 1","0.08319986312392211","29.86046952386448","23.301569357680528","0.05718211083862912","0.09519440437430764","1.7763936453891453","-1","0.0","0.0","0.0"
"CURVE 1","0.08319986312392211","29.86046952386448","23.301569357680528","0.057261918196037626","0.09512767153592842","1.872436413548541","-1","0.0","0.0","0.0"
"CURVE 1","0.08319986312392211","29.86046952386448","23.301569357680528","0.05734175800684079","0.09506093798585197","1.96847851296857","-1","0.0","0.0","0.0"
"CURVE 1","0.08319986312392211","29.86046952386448","23.301569357680528","0.057421629701680806","0.0949942055744911","2.0645333488373048","-1","0.0","0.0","0.0"
"CURVE 1","0.08319986312392211","29.86046952386448","23.301569357680528","0.05750153271119986","0.09492747615225869","2.1606143323361224","-1","0.0","0.0","0.0"
"CURVE 1","0.08319986312392211","29.86046952386448","23.301569357680528","0.057581466466040156","0.0948607515695676","2.2567348542062127","-1","0.0","0.0","0.0"
"CURVE 1","0.08319986312392211","29.86046952386448","23.301569357680528","0.0576614303968439","0.09479403367683066","2.3529082977392126","-1","0.0","0.0","0.0"
"CURVE 1","0.08319986312392211","29.86046952386448","23.301569357680528","0.05774142393425328","0.09472732432446074","2.4491480017963356","-1","0.0","0.0","0.0"
"CURVE 1","0.08319986312392211","29.86046952386448","23.301569357680528","0.057821446508910516","0.09466062536287068","2.545467297855647","-1","0.0","0.0","0.0"
"CURVE 1","0.08319986312392211","29.86046952386448","23.301569357680528","0.057901497551457785","0.09459393864247334","2.641879534687296","-1","0.0","0.0","0.0"
"CURVE 1","0.08319986312392211","29.86046952386448","23.301569357680528","0.05798157649253731","0.09452726601368157","2.738398047707407","-1","0.0","0.0","0.0"
"CURVE 1","0.08319986312392211","29.86046952386448","23.301569357680528","0.058061682762791264","0.09446060932690824","2.835036157191001","-1","0.0","0.0","0.0"
"CURVE 1","0.08319986312392211","29.86046952386448","23.301569357680528","0.058141815792861866","0.09439397043256617","2.931807192381706","-1","0.0","0.0","0.0"
"CURVE 1","0.08319986312392211","29.86046952386448","23.301569357680528","0.058221975013391304","0.09432735118106822","3.0287245028026466","-1","0.0","0.0","0.0"
"CURVE 1","0.08319986312392211","29.86046952386448","23.301569357680528","0.05830215985502177","0.09426075342282726","3.1258014306953528","-1","0.0","0.0","0.0"
"CURVE 1","0.08319986312392211","29.86046952386448","23.301569357680528","0.058382369748395474","0.09419417900825613","3.2230513462352954","-1","0.0","0.0","0.0"
"CURVE 1","0.08319986312392211","29.86046952386448","23.301569357680528","0.05846260412415462","0.0941276297877677","3.320487636908587","-1","0.0","0.0","0.0"
"CURVE 1","0.08319986312392211","29.86046952386448","23.301569357680528","0.05854286241294139","0.09406110761177482","3.418123705758353","-1","0.0","0.0","0.0"
"CURVE 1","0.08319986312392211","29.86046952386448","23.301569357680528","0.05862314404539801","0.0939946143306903","3.5159729723693305","-1","0.0","0.0","0.0"
"CURVE 1","0.08319986312392211","29.86046952386448","23.301569357680528","0.05870344845216666","0.09392815179492703","3.6140488947912837","-1","0.0","0.0","0.0"
"CURVE 1","0.08319986312392211","29.86046952386448","23.301569357680528","0.058783775063889536","0.09386172185489787","3.712364991942547","-1","0.0","0.0","0.0"
"CURVE 1","0.08319986312392211","29.86046952386448","23.301569357680528","0.05886412331120884","0.09379532636101565","3.810934762963531","-1","0.0","0.0","0.0"
"CURVE 1","0.08319986312392211","29.86046952386448","23.301569357680528","0.05894449262476678","0.09372896716369325","3.9097717674482295","-1","0.0","0.0","0.0"
"CURVE 1","0.08319986312392211","29.86046952386448","23.301569357680528","0.05902488243520555","0.0936626461133435","4.008889634176988","-1","0.0","0.0","0.0"
"CURVE 1","0.08319986312392211","29.86046952386448","23.301569357680528","0.05910529217316736","0.09359636506037924","4.108302008634013","-1","0.0","0.0","0.0"
"CURVE 1","0.08319986312392211","29.86046952386448","23.301569357680528","0.05918572126929439","0.09353012585521338","4.208022603103081","-1","0.0","0.0","0.0"
"CURVE 1","0.08319986312392211","29.86046952386448","23.301569357680528","0.05926616915422885","0.0934639303482587","4.308065171305543","-1","0.0","0.0","0.0"
"CURVE 1","0.08319986312392211","29.86046952386448","23.301569357680528","0.05934663525861294","0.0933977803899281","4.408443536522212","-1","0.0","0.0","0.0"
"CURVE 1","0.08319986312392211","29.86046952386448","23.301569357680528","0.05942711901308884","0.09333167783063442","4.509171569601939","-1","0.0","0.0","0.0"
"CURVE 1","0.08319986312392211","29.86046952386448","23.301569357680528","0.059507619848298776","0.09326562452079051","4.610263224322186","-1","0.0","0.0","0.0"
"CURVE 1","0.08319986312392211","29.86046952386448","23.301569357680528","0.05958813719488495","0.09319962231080924","4.711732495466425","-1","0.0","0.0","0.0"
"CURVE 1","0.08319986312392211","29.86046952386448","23.301569357680528","0.059668670483489526","0.09313367305110343","4.813593481145595","-1","0.0","0.0","0.0"
"CURVE 1","0.08319986312392211","29.86046952386448","23.301569357680528","0.059749219144754735","0.09306777859208594","4.91586034500892","-1","0.0","0.0","0.0"
"CURVE 1","0.08319986312392211","29.86046952386448","23.301569357680528","0.059829782609322764","0.09300194078416965","5.018547311657922","-1","0.0","0.0","0.0"
"CURVE 1","0.08319986312392211","29.86046952386448","23.301569357680528","0.059910360307835815","0.0929361614777674","5.121668724717994","-1","0.0","0.0","0.0"
"CURVE 1","0.08319986312392211","29.86046952386448","23.301569357680528","0.05999095167093609","0.09287044252329205","5.225238977744917","-1","0.0","0.0","0.0"
"CURVE 1","0.08319986312392211","29.86046952386448","23.301569357680528","0.060071556129265784","0.09280478577115642","5.3292725728132915","-1","0.0","0.0","0.0"
"CURVE 1","0.08319986312392211","29.86046952386448","23.301569357680528","0.060152173113467086","0.09273919307177339","5.433784109963215","-1","0.0","0.0","0.0"
"CURVE 1","0.08319986312392211","29.86046952386448","23.301569357680528","0.060232802054182216","0.0926736662755558","5.538788281548604","-1","0.0","0.0","0.0"
"CURVE 1","0.08319986312392211","29.86046952386448","23.301569357680528","0.060313442382053356","0.09260820723291653","5.644299888544174","-1","0.0","0.0","0.0"
"CURVE 1","0.08319986312392211","29.86046952386448","23.301569357680528","0.060394093527722716","0.09254281779426839","5.750333820803401","-1","0.0","0.0","0.0"
"CURVE 1","0.08319986312392211","29.86046952386448","23.301569357680528","0.060474754921832484","0.09247749981002427","5.856905095271796","-1","0.0","0.0","0.0"
"CURVE 1","0.08319986312392211","29.86046952386448","23.301569357680528","0.06055542599502488","0.09241225513059702","5.964028858831407","-1","0.0","0.0","0.0"
"CURVE 1","0.08319986312392211","29.86046952386448","23.301569357680528","0.06063610617794209","0.09234708560639948","6.071720338949685","-1","0.0","0.0","0.0"
"CURVE 1","0.08319986312392211","29.86046952386448","23.301569357680528","0.06071679490122629","0.09228199308784449","6.179994884359666","-1","0.0","0.0","0.0"
"CURVE 1","0.08319986312392211","29.86046952386448","23.301569357680528","0.060797491595519726","0.0922169794253449","6.288868013919496","-1","0.0","0.0","0.0"
"CURVE 1","0.08319986312392211","29.86046952386448","23.301569357680528","0.060878195691464555","0.0921520464693136","6.398355340766532","-1","0.0","0.0","0.0"
"CURVE 1","0.08319986312392211","29.86046952386448","23.301569357680528","0.060958906619703004","0.09208719607016341","6.5084726215350175","-1","0.0","0.0","0.0"
"CURVE 1","0.08319986312392211","29.86046952386448","23.301569357680528","0.06103962381087725","0.0920224300783072","6.619235744334621","-1","0.0","0.0","0.0"
"CURVE 1","0.08319986312392211","29.86046952386448","23.301569357680528","0.06112034669562951","0.09195775034415783","6.730660750363947","-1","0.0","0.0","0.0"
"CURVE 1","0.08319986312392211","29.86046952386448","23.301569357680528","0.06120107470460199","0.09189315871812813","6.842763830316023","-1","0.0","0.0","0.0"
"CURVE 1","0.08319986312392211","29.86046952386448","23.301569357680528","0.061281807268436864","0.09182865705063094","6.955561306295842","-1","0.0","0.0","0.0"
"CURVE 1","0.08319986312392211","29.86046952386448","23.301569357680528","0.06136254381777636","0.09176424719207915","7.069069666398618","-1","0.0","0.0","0.0"
"CURVE 1","0.08319986312392211","29.86046952386448","23.301569357680528","0.061443283783262644","0.09169993099288562","7.183305571157265","-1","0.0","0.0","0.0"
"CURVE 1","0.08319986312392211","29.86046952386448","23.301569357680528","0.061524026595537934","0.09163571030346315","7.2982858093243435","-1","0.0","0.0","0.0"
"CURVE 1","0.08319986312392211","29.86046952386448","23.301569357680528","0.06160477168524443","0.09157158697422463","7.414027378238938","-1","0.0","0.0","0.0"
"CURVE 1","0.08319986312392211","29.86046952386448","23.301569357680528","0.061685518483024324","0.09150756285558292","7.530547424838407","-1","0.0","0.0","0.0"
"CURVE 1","0.08319986312392211","29.86046952386448","23.301569357680528","0.06176626641951983","0.09144363979795085","7.647863282283182","-1","0.0","0.0","0.0"
"CURVE 1","0.08319986312392211","29.86046952386448","23.301569357680528","0.06184701492537313","0.09137981965174129","7.765992443011698","-1","0.0","0.0","0.0"
"CURVE 1","0.08319986312392211","29.86046952386448","23.301569357680528","0.06192776343122643","0.09131610426736707","7.884952615385857","-1","0.0","0.0","0.0"
"CURVE 1","0.08319986312392211","29.86046952386448","23.301569357680528","0.06200851136772194","0.09125249549524106","8.00476169256142","-1","0.0","0.0","0.0"
"CURVE 1","0.08319986312392211","29.86046952386448","23.301569357680528","0.062089258165501836","0.09118899518577613","8.12543775120919","-1","0.0","0.0","0.0"
"CURVE 1","0.08319986312392211","29.86046952386448","23.301569357680528","0.06217000325520833","0.0911256051893851","8.24699905726029","-1","0.0","0.0","0.0"
"CURVE 1","0.08319986312392211","29.86046952386448","23.301569357680528","0.06225074606748362","0.09106232735648084","8.36946410792818","-1","0.0","0.0","0.0"
"CURVE 1","0.08319986312392211","29.86046952386448","23.301569357680528","0.06233148603296991","0.0909991635374762","8.492851616376","-1","0.0","0.0","0.0"
"CURVE 1","0.08319986312392211","29.86046952386448","23.301569357680528","0.0624122225823094","0.09093611558278401","8.617180470592585","-1","0.0","0.0","0.0"
"CURVE 1","0.08319986312392211","29.86046952386448","23.301569357680528","0.06249295514614428","0.09087318534281716","8.74246980061078","-1","0.0","0.0","0.0"
"CURVE 1","0.08319986312392211","29.86046952386448","23.301569357680528","0.06257368315511676","0.09081037466798847","8.868738973743541","-1","0.0","0.0","0.0"
"CURVE 1","0.08319986312392211","29.86046952386448","23.301569357680528","0.06265440603986902","0.09074768540871082","8.996007558068513","-1","0.0","0.0","0.0"
"CURVE 1","0.08319986312392211","29.86046952386448","23.301569357680528","0.06273512323104326","0.09068511941539706","9.124295383372313","-1","0.0","0.0","0.0"
"CURVE 1","0.08319986312392211","29.86046952386448","23.301569357680528","0.06281583415928171","0.09062267853846004","9.253622509036378","-1","0.0","0.0","0.0"
"CURVE 1","0.08319986312392211","29.86046952386448","23.301569357680528","0.06289653825522654","0.0905603646283126","9.384009229698103","-1","0.0","0.0","0.0"
"CURVE 1","0.08319986312392211","29.86046952386448","23.301569357680528","0.06297723494951997","0.0904981795353676","9.515476105333626","-1","0.0","0.0","0.0"
"CURVE 1","0.08319986312392211","29.86046952386448","23.301569357680528","0.06305792367280418","0.09043612511003787","9.648043933819507","-1","0.0","0.0","0.0"
"CURVE 1","0.08319986312392211","29.86046952386448","23.301569357680528","0.06313860385572138","0.09037420320273631","9.781733801783936","-1","0.0","0.0","0.0"
"CURVE 1","0.08319986312392211","29.86046952386448","23.301569357680528","0.06321927492891377","0.09031241566387575","9.916567040540617","-1","0.0","0.0","0.0"
"CURVE 1","0.08319986312392211","29.86046952386448","23.301569357680528","0.06329993632302354","0.09025076434386903","10.052565238529786","-1","0.0","0.0","0.0"
"CURVE 1","0.08319986312392211","29.86046952386448","23.301569357680528","0.0633805874686929","0.090189251093129","10.189750308447476","-1","0.0","0.0","0.0"
"CURVE 1","0.08319986312392211","29.86046952386448","23.301569357680528","0.06346122779656405","0.09012787776206856","10.328144407031468","-1","0.0","0.0","0.0"
"CURVE 1","0.08319986312392211","29.86046952386448","23.301569357680528","0.06354185673727918","0.0900666462011005","10.467769996749727","-1","0.0","0.0","0.0"
"CURVE 1","0.08319986312392211","29.86046952386448","23.301569357680528","0.06362247372148049","0.09000555826063772","10.608649829967108","-1","0.0","0.0","0.0"
"CURVE 1","0.08319986312392211","29.86046952386448","23.301569357680528","0.06370307817981018","0.08994461579109304","10.7508069624052","-1","1.0","1.0","1.0"
"CURVE 1","0.08319986312392211","29.86046952386448","23.301569357680528","0.06378366954291044","0.08988382064287935","10.894264749169478","-1","1.0","1.0","1.0"
"CURVE 1","0.08319986312392211","29.86046952386448","23.301569357680528","0.0638642472414235","0.08982317466640947","11.03904687501567","-1","1.0","1.0","1.0"
"CURVE 1","0.08319986312392211","29.86046952386448","23.301569357680528","0.06394481070599153","0.08976267971209625","11.185177320590526","-1","1.0","1.0","1.0"
"CURVE 1","0.08319986312392211","29.86046952386448","23.301569357680528","0.06402535936725673","0.08970233763035257","11.332680402507243","-1","1.0","1.0","1.0"
"CURVE 1","0.08319986312392211","29.86046952386448","23.301569357680528","0.06410589265586131","0.08964215027159127","11.481580800462428","-1","1.0","1.0","1.0"
"CURVE 1","0.08319986312392211","29.86046952386448","23.301569357680528","0.06418641000244747","0.08958211948622519","11.63190346429692","-1","1.0","1.0","1.0"
"CURVE 1","0.08319986312392211","29.86046952386448","23.301569357680528","0.06426691083765743","0.08952224712466719","11.783673742592253","-1","1.0","1.0","1.0"
"CURVE 1","0.08319986312392211","29.86046952386448","23.301569357680528","0.06434739459213333","0.08946253503733013","11.93691731482519","-1","1.0","1.0","1.0"
"CURVE 1","0.08319986312392211","29.86046952386448","23.301569357680528","0.06442786069651742","0.08940298507462686","12.09166020678073","-1","1.0","1.0","1.0"
"CURVE 1","0.08319986312392211","29.86046952386448","23.301569357680528","0.06450830935245723","0.0893435983159649","12.149130669084402","-1","1.0","1.0","1.0"
"CURVE 1","0.08319986312392211","29.86046952386448","23.301569357680528","0.06458874384562176","0.08928437275673026","12.20441903035082","-1","1.0","1.0","1.0"
"CURVE 1","0.08319986312392211","29.86046952386448","23.301569357680528","0.06466916823268531","0.08922530562130374","12.257489595525668","-1","1.0","1.0","1.0"
"CURVE 1","0.08319986312392211","29.86046952386448","23.301569357680528","0.06474958657032222","0.089166394134066","12.308307946446247","-1","1.0","1.0","1.0"
"CURVE 1","0.08319986312392211","29.86046952386448","23.301569357680528","0.06483000291520684","0.0891076355193978","12.356841035687712","-1","1.0","1.0","1.0"
"CURVE 1","0.08319986312392211","29.86046952386448","23.301569357680528","0.06491042132401346","0.08904902700167984","12.403057199798994","-1","1.0","1.0","1.0"
"CURVE 1","0.08319986312392211","29.86046952386448","23.301569357680528","0.06499084585341648","0.08899056580529285","12.446926194722902","-1","0.0","0.0","0.0"
"CURVE 1","0.08319986312392211","29.86046952386448","23.301569357680528","0.06507128056009018","0.08893224915461756","12.488419273123549","-1","1.0","1.0","1.0"
"CURVE 1","0.08319986312392211","29.86046952386448","23.301569357680528","0.06515172950070888","0.08887407427403465","12.527509173494693","-1","1.0","1.0","1.0"
"CURVE 1","0.08319986312392211","29.86046952386448","23.301569357680528","0.06523219673194694","0.08881603838792489","12.564170190564635","-1","1.0","1.0","1.0"
"CURVE 1","0.08319986312392211","29.86046952386448","23.301569357680528","0.0653126863104787","0.08875813872066897","12.598378204525464","-1","1.0","1.0","1.0"
"CURVE 1","0.08319986312392211","29.86046952386448","23.301569357680528","0.06539320229297846","0.08870037249664764","12.630110711355886","-1","1.0","1.0","1.0"
"CURVE 1","0.08319986312392211","29.86046952386448","23.301569357680528","0.06547374873612057","0.08864273694024158","12.659346839956768","-1","1.0","1.0","1.0"
"CURVE 1","0.08319986312392211","29.86046952386448","23.301569357680528","0.06555432969657936","0.08858522927583155","12.686067378556785","-1","1.0","1.0","1.0"
"CURVE 1","0.08319986312392211","29.86046952386448","23.301569357680528","0.06563494923102914","0.08852784672779825","12.710254849717499","-1","1.0","1.0","1.0"
"CURVE 1","0.08319986312392211","29.86046952386448","23.301569357680528","0.06571561139614428","0.0884705865205224","12.731893467537493","-1","1.0","1.0","1.0"
"CURVE 1","0.08319986312392211","29.86046952386448","23.301569357680528","0.06579632024859908","0.08841344587838472","12.750969189860708","-1","1.0","1.0","1.0"
"CURVE 1","0.08319986312392211","29.86046952386448","23.301569357680528","0.06587707984506787","0.08835642202576596","12.767469762368401","-1","1.0","1.0","1.0"
"CURVE 1","0.08319986312392211","29.86046952386448","23.301569357680528","0.065957894242225","0.08829951218704682","12.781384664043086","-1","1.0","1.0","1.0"
"CURVE 1","0.08319986312392211","29.86046952386448","23.301569357680528","0.06603876749674478","0.08824271358660801","12.792705200821455","-1","1.0","1.0","1.0"
"CURVE 1","0.08319986312392211","29.86046952386448","23.301569357680528","0.06611970366530155","0.08818602344883024","12.801424463817188","-1","1.0","1.0","1.0"
"CURVE 1","0.08319986312392211","29.86046952386448","23.301569357680528","0.06620070680456967","0.08812943899809428","12.807537365011365","-1","1.0","1.0","1.0"
"CURVE 1","0.08319986312392211","29.86046952386448","23.301569357680528","0.06628178097122345","0.0880729574587808","12.811040635482426","-1","1.0","1.0","1.0"
"CURVE 1","0.08319986312392211","29.86046952386448","23.301569357680528","0.06636293022193718","0.08801657605527055","12.811932804981119","-1","1.0","1.0","1.0"
"CURVE 1","0.08319986312392211","29.86046952386448","23.301569357680528","0.06644415861338525","0.08796029201194423","12.810214269799587","-1","0.0","0.0","0.0"
"CURVE 1","0.08319986312392211","29.86046952386448","23.301569357680528","0.06652547020224196","0.0879041025531826","12.805887208373932","-1","0.0","0.0","0.0"
"CURVE 1","0.08319986312392211","29.86046952386448","23.301569357680528","0.06660686904518165","0.08784800490336633","12.798955637107571","-1","0.0","0.0","0.0"
"CURVE 1","0.08319986312392211","29.86046952386448","23.301569357680528","0.06668835919887864","0.08779199628687619","12.78942539394404","-1","0.0","0.0","0.0"
"CURVE 1","0.08319986312392211","29.86046952386448","23.301569357680528","0.06676994472000727","0.08773607392809285","12.777304089429627","-1","0.0","0.0","0.0"
"CURVE 1","0.08319986312392211","29.86046952386448","23.301569357680528","0.06685162966524189","0.08768023505139709","12.762601177733812","-1","0.0","0.0","0.0"
"CURVE 1","0.08319986312392211","29.86046952386448","23.301569357680528","0.06693341809125682","0.08762447688116959","12.745327826924038","-1","0.0","0.0","0.0"
"CURVE 1","0.08319986312392211","29.86046952386448","23.301569357680528","0.06701531405472637","0.08756879664179106","12.725497024042228","-1","0.0","0.0","0.0"
"CURVE 1","0.08319986312392211","29.86046952386448","23.301569357680528","0.06709732161232487","0.08751319155764224","12.70312346177884","-1","0.0","0.0","0.0"
"CURVE 1","0.08319986312392211","29.86046952386448","23.301569357680528","0.06717944482072669","0.08745765885310387","12.678223583533276","-1","0.0","0.0","0.0"
"CURVE 1","0.08319986312392211","29.86046952386448","23.301569357680528","0.06726168773660612","0.08740219575255666","12.650815513113194","-1","0.0","0.0","0.0"
"CURVE 1","0.08319986312392211","29.86046952386448","23.301569357680528","0.06734405441663752","0.08734679948038129","12.6209190621863","-1","0.0","0.0","0.0"
"CURVE 1","0.08319986312392211","29.86046952386448","23.301569357680528","0.06742654891749521","0.08729146726095854","12.58855567792817","-1","0.0","0.0","0.0"
"CURVE 1","0.08319986312392211","29.86046952386448","23.301569357680528","0.0675091752958535","0.08723619631866911","12.553748424839954","-1","0.0","0.0","0.0"
"CURVE 1","0.08319986312392211","29.86046952386448","23.301569357680528","0.06759193760838676","0.0871809838778937","12.516521965197546","-1","0.0","0.0","0.0"
"CURVE 1","0.08319986312392211","29.86046952386448","23.301569357680528","0.06767483991176929","0.08712582716301308","12.476902492796281","-1","0.0","0.0","0.0"
"CURVE 1","0.08319986312392211","29.86046952386448","23.301569357680528","0.06775788626267541","0.0870707233984079","12.434917729730408","-1","0.0","0.0","0.0"
"CURVE 1","0.08319986312392211","29.86046952386448","23.301569357680528","0.0678410807177795","0.08701566980845894","12.390596881261017","-1","0.0","0.0","0.0"
"CURVE 1","0.08319986312392211","29.86046952386448","23.301569357680528","0.06792442733375587","0.08696066361754688","12.343970563322717","-1","0.0","0.0","0.0"
"CURVE 1","0.08319986312392211","29.86046952386448","23.301569357680528","0.06800793016727882","0.08690570205005249","12.295070827088102","-1","0.0","0.0","0.0"
"CURVE 1","0.08319986312392211","29.86046952386448","23.301569357680528","0.06809159327502275","0.08685078233035642","12.243931037747371","-1","0.0","0.0","0.0"
"CURVE 1","0.08319986312392211","29.86046952386448","23.301569357680528","0.06817542071366192","0.08679590168283947","12.190585897262265","-1","0.0","0.0","0.0"
"CURVE 1","0.08319986312392211","29.86046952386448","23.301569357680528","0.0682594165398707","0.08674105733188232","12.13507136727069","-1","0.0","0.0","0.0"
"CURVE 1","0.08319986312392211","29.86046952386448","23.301569357680528","0.06834358481032338","0.08668624650186568","12.077424603123385","-1","0.0","0.0","0.0"
"CURVE 1","0.08319986312392211","29.86046952386448","23.301569357680528","0.06842792958169433","0.08663146641717029","12.017683973307639","-1","0.0","0.0","0.0"
"CURVE 1","0.08319986312392211","29.86046952386448","23.301569357680528","0.06851245491065788","0.08657671430217687","11.955888919814614","-1","0.0","0.0","0.0"
"CURVE 1","0.08319986312392211","29.86046952386448","23.301569357680528","0.06859716485388836","0.08652198738126614","11.892079997845453","-1","0.0","0.0","0.0"
"CURVE 1","0.08319986312392211","29.86046952386448","23.301569357680528","0.06868206346806008","0.0864672828788188","11.826298736262524","-1","0.0","0.0","0.0"
"CURVE 1","0.08319986312392211","29.86046952386448","23.301569357680528","0.0687671548098474","0.08641259801921561","11.758587667279611","-1","0.0","0.0","0.0"
"CURVE 1","0.08319986312392211","29.86046952386448","23.301569357680528","0.06885244293592462","0.08635793002683727","11.688990232337398","-1","0.0","0.0","0.0"
"CURVE 1","0.08319986312392211","29.86046952386448","23.301569357680528","0.06893793190296608","0.08630327612606448","11.617550702316036","-1","0.0","0.0","0.0"
"CURVE 1","0.08319986312392211","29.86046952386448","23.301569357680528","0.06902362576764613","0.086248633541278","11.544314201670694","-1","0.0","0.0","0.0"
"CURVE 1","0.08319986312392211","29.86046952386448","23.301569357680528","0.0691095285866391","0.0861939994968585","11.469326569221728","-1","0.0","0.0","0.0"
"CURVE 1","0.08319986312392211","29.86046952386448","23.301569357680528","0.0691956444166193","0.08613937121718677","11.392634370392162","-1","0.0","0.0","0.0"
"CURVE 1","0.08319986312392211","29.86046952386448","23.301569357680528","0.06928197731426107","0.0860847459266435","11.314284797874478","-1","0.0","0.0","0.0"
"CURVE 1","0.08319986312392211","29.86046952386448","23.301569357680528","0.06936853133623873","0.08603012084960937","11.234325647026765","-1","0.0","0.0","0.0"
"CURVE 1","0.08319986312392211","29.86046952386448","23.301569357680528","0.06945531053922661","0.08597549321046517","11.152805234416363","-1","0.0","0.0","0.0"
"CURVE 1","0.08319986312392211","29.86046952386448","23.301569357680528","0.06954231897989908","0.08592086023359156","11.069772376960408","-1","0.0","0.0","0.0"
"CURVE 1","0.08319986312392211","29.86046952386448","23.301569357680528","0.06962956071493044","0.08586621914336931","10.985276295695835","-1","0.0","0.0","0.0"
"CURVE 1","0.08319986312392211","29.86046952386448","23.301569357680528","0.06971703980099503","0.0858115671641791","10.899366614236044","-1","0.0","0.0","0.0"
"CURVE 1","0.08319986312392211","29.86046952386448","23.301569357680528","0.06980476029476716","0.08575690152040169","10.812093247811115","-1","0.0","0.0","0.0"
"CURVE 1","0.08319986312392211","29.86046952386448","23.301569357680528","0.0698927262529212","0.08570221943641777","10.723506392511435","-1","0.0","0.0","0.0"
"CURVE 1","0.08319986312392211","29.86046952386448","23.301569357680528","0.06998094173213143","0.08564751813660809","10.633656461132949","-1","0.0","0.0","0.0"
"CURVE 1","0.08319986312392211","29.86046952386448","23.301569357680528","0.07006941078907221","0.08559279484535333","10.542594010140503","-1","0.0","0.0","0.0"
"CURVE 1","0.08319986312392211","29.86046952386448","23.301569357680528","0.07015813748041788","0.08553804678703424","10.450369731531055","-1","0.0","0.0","0.0"
"CURVE 1","0.08319986312392211","29.86046952386448","23.301569357680528","0.07024712586284278","0.08548327118603154","10.357034377473363","-1","0.0","0.0","0.0"
"CURVE 1","0.08319986312392211","29.86046952386448","23.301569357680528","0.07033637999302121","0.08542846526672594","10.262638693383993","-1","0.0","0.0","0.0"
"CURVE 1","0.08319986312392211","29.86046952386448","23.301569357680528","0.0704259039276275","0.08537362625349815","10.167233382388478","-1","0.0","0.0","0.0"
"CURVE 1","0.08319986312392211","29.86046952386448","23.301569357680528","0.07051570172333602","0.0853187513707289","10.070869100223739","-1","0.0","0.0","0.0"
"CURVE 1","0.08319986312392211","29.86046952386448","23.301569357680528","0.07060577743682105","0.08526383784279895","9.973596326790016","-1","0.0","0.0","0.0"
"CURVE 1","0.08319986312392211","29.86046952386448","23.301569357680528","0.07069613512475693","0.08520888289408898","9.875465409271037","-1","0.0","0.0","0.0"
"CURVE 1","0.08319986312392211","29.86046952386448","23.301569357680528","0.07078677884381804","0.08515388374897973","9.776526427286866","-1","0.0","0.0","0.0"
"CURVE 1","0.08319986312392211","29.86046952386448","23.301569357680528","0.07087771265067866","0.0850988376318519","9.676829244998236","-1","0.0","0.0","0.0"
"CURVE 1","0.08319986312392211","29.86046952386448","23.301569357680528","0.07096894060201316","0.0850437417670862","9.576423363687217","-1","0.0","0.0","0.0"
"CURVE 1","0.08319986312392211","29.86046952386448","23.301569357680528","0.07106046675449582","0.08498859337906339","9.475357994079644","-1","0.0","0.0","0.0"
"CURVE 1","0.08319986312392211","29.86046952386448","23.301569357680528","0.07115229516480101","0.08493338969216419","9.373681937420441","-1","0.0","0.0","0.0"
"CURVE 1","0.08319986312392211","29.86046952386448","23.301569357680528","0.07124442988960304","0.08487812793076929","9.271443559248748","-1","0.0","0.0","0.0"
"CURVE 1","0.08319986312392211","29.86046952386448","23.301569357680528","0.07133687498557627","0.08482280531925941","9.168690786878987","-1","0.0","0.0","0.0"
"CURVE 1","0.08319986312392211","29.86046952386448","23.301569357680528","0.07142963450939502","0.0847674190820153","9.065471032617465","-1","0.0","0.0","0.0"
"CURVE 1","0.08319986312392211","29.86046952386448","23.301569357680528","0.07152271251773361","0.08471196644341768","8.961831197326186","-1","0.0","0.0","0.0"
"CURVE 1","0.08319986312392211","29.86046952386448","23.301569357680528","0.07161611306726638","0.08465644462784724","8.85781760529571","-1","0.0","0.0","0.0"
"CURVE 1","0.08319986312392211","29.86046952386448","23.301569357680528","0.07170984021466766","0.08460085085968473","8.75347600130743","-1","0.0","0.0","0.0"
"CURVE 1","0.08319986312392211","29.86046952386448","23.301569357680528","0.07180389801661174","0.08454518236331086","8.648851507279437","-1","0.0","0.0","0.0"
"CURVE 1","0.08319986312392211","29.86046952386448","23.301569357680528","0.07189829052977302","0.08448943636310635","8.543988572354502","-1","0.0","0.0","0.0"
"CURVE 1","0.08319986312392211","29.86046952386448","23.301569357680528","0.07199302181082579","0.08443361008345193","8.438931013717072","-1","0.0","0.0","0.0"
"CURVE 1","0.08319986312392211","29.86046952386448","23.301569357680528","0.07208809591644438","0.0843777007487283","8.33372190666944","-1","0.0","0.0","0.0"
"CURVE 1","0.08319986312392211","29.86046952386448","23.301569357680528","0.07218351690330316","0.08432170558331618","8.228403630579043","-1","0.0","0.0","0.0"
"CURVE 1","0.08319986312392211","29.86046952386448","23.301569357680528","0.07227928882807642","0.08426562181159632","8.123017810286688","-1","0.0","0.0","0.0"
"CURVE 1","0.08319986312392211","29.86046952386448","23.301569357680528","0.07237541574743851","0.08420944665794942","8.017605293752466","-1","0.0","0.0","0.0"
"CURVE 1","0.08319986312392211","29.86046952386448","23.301569357680528","0.07247190171806374","0.08415317734675622","7.912206168001824","-1","0.0","0.0","0.0"
"CURVE 1","0.08319986312392211","29.86046952386448","23.301569357680528","0.07256875079662645","0.0840968111023974","7.806859691019207","-1","0.0","0.0","0.0"
"CURVE 1","0.08319986312392211","29.86046952386448","23.301569357680528","0.07266596703980101","0.08404034514925374","7.701604318797135","-1","0.0","0.0","0.0"
"CURVE 1","0.08319986312392211","29.86046952386448","23.301569357680528","0.07276355450426171","0.0839837767117059","7.596477667241459","-1","1.0","1.0","1.0"
"CURVE 1","0.08319986312392211","29.86046952386448","23.301569357680528","0.07286151724668287","0.08392710301413464","7.491516516242649","-1","1.0","1.0","1.0"
"CURVE 1","0.08319986312392211","29.86046952386448","23.301569357680528","0.07295985932373884","0.08387032128092067","7.38675677681848","-1","1.0","1.0","1.0"
"CURVE 1","0.08319986312392211","29.86046952386448","23.301569357680528","0.07305858479210396","0.08381342873644473","7.282233482192161","-1","1.0","1.0","1.0"
"CURVE 1","0.08319986312392211","29.86046952386448","23.301569357680528","0.07315769770845254","0.08375642260508752","7.177980818042326","-1","1.0","1.0","1.0"
"CURVE 1","0.08319986312392211","29.86046952386448","23.301569357680528","0.07325720212945894","0.08369930011122975","7.074032045245699","-1","1.0","1.0","1.0"
"CURVE 1","0.08319986312392211","29.86046952386448","23.301569357680528","0.07335710211179745","0.08364205847925214","6.970419565600794","-1","1.0","1.0","1.0"
"CURVE 1","0.08319986312392211","29.86046952386448","23.301569357680528","0.07345740171214243","0.08358469493353544","6.867174870483228","-1","1.0","1.0","1.0"
"CURVE 1","0.08319986312392211","29.86046952386448","23.301569357680528","0.07355810498716821","0.08352720669846037","6.764328538804221","-1","1.0","1.0","1.0"
"CURVE 1","0.08319986312392211","29.86046952386448","23.301569357680528","0.07365921599354912","0.08346959099840763","6.661910262295776","-1","1.0","1.0","1.0"
"CURVE 1","0.08319986312392211","29.86046952386448","23.301569357680528","0.07376073878795948","0.08341184505775795","6.559948811297959","-1","1.0","1.0","1.0"
"CURVE 1","0.08319986312392211","29.86046952386448","23.301569357680528","0.07386267742707363","0.08335396610089202","6.4584720462963485","-1","1.0","1.0","1.0"
"CURVE 1","0.08319986312392211","29.86046952386448","23.301569357680528","0.07396503596756589","0.0832959513521906","6.357506936483103","-1","1.0","1.0","1.0"
"CURVE 1","0.08319986312392211","29.86046952386448","23.301569357680528","0.0740678184661106","0.08323779803603443","6.257079534321955","-1","1.0","1.0","1.0"
"CURVE 1","0.08319986312392211","29.86046952386448","23.301569357680528","0.0741710289793821","0.08317950337680417","6.157214992960113","-1","1.0","1.0","1.0"
"CURVE 1","0.08319986312392211","29.86046952386448","23.301569357680528","0.07427467156405473","0.08312106459888059","6.057937538537495","-1","1.0","1.0","1.0"
"CURVE 1","0.08319986312392211","29.86046952386448","23.301569357680528","0.07437875027680281","0.0830624789266444","5.959270538642846","-1","1.0","1.0","1.0"
"CURVE 1","0.08319986312392211","29.86046952386448","23.301569357680528","0.07448326917430063","0.08300374358447629","5.861236466406685","-1","1.0","1.0","1.0"
"CURVE 1","0.08319986312392211","29.86046952386448","23.301569357680528","0.07458823231322256","0.08294485579675703","5.763856881494446","-1","0.0","0.0","0.0"
"CURVE 1","0.08319986312392211","29.86046952386448","23.301569357680528","0.07469364375024293","0.0828858127878673","5.667152465044877","-1","0.0","0.0","0.0"
"CURVE 1","0.08319986312392211","29.86046952386448","23.301569357680528","0.07479950754203608","0.08282661178218782","5.571143058421539","-1","0.0","0.0","0.0"
"CURVE 1","0.08319986312392211","29.86046952386448","23.301569357680528","0.07490582774527631","0.08276725000409937","5.475847624546384","-1","0.0","0.0","0.0"
"CURVE 1","0.08319986312392211","29.86046952386448","23.301569357680528","0.07501260841663798","0.0827077246779826","5.381284257335064","-1","0.0","0.0","0.0"
"CURVE 1","0.08319986312392211","29.86046952386448","23.301569357680528","0.0751198536127954","0.08264803302821827","5.287470217900299","-1","0.0","0.0","0.0"
"CURVE 1","0.08319986312392211","29.86046952386448","23.301569357680528","0.07522756739042293","0.08258817227918709","5.19442193777137","-1","0.0","0.0","0.0"
"CURVE 1","0.08319986312392211","29.86046952386448","23.301569357680528","0.07533575380619487","0.08252813965526977","5.102155012460596","-1","0.0","0.0","0.0"
"CURVE 1","0.08319986312392211","29.86046952386448","23.301569357680528","0.07544441691678555","0.08246793238084706","5.010684238095979","-1","0.0","0.0","0.0"
"CURVE 1","0.08319986312392211","29.86046952386448","23.301569357680528","0.07555356077886932","0.08240754768029966","4.920023593393292","-1","0.0","0.0","0.0"
"CURVE 1","0.08319986312392211","29.86046952386448","23.301569357680528","0.07566318944912052","0.0823469827780083","4.830186281284772","-1","0.0","0.0","0.0"
"CURVE 1","0.08319986312392211","29.86046952386448","23.301569357680528","0.07577330698421346","0.08228623489835368","4.741184724286444","-1","0.0","0.0","0.0"
"CURVE 1","0.08319986312392211","29.86046952386448","23.301569357680528","0.07588391744082248","0.08222530126571656","4.653030580934436","-1","0.0","0.0","0.0"
"CURVE 1","0.08319986312392211","29.86046952386448","23.301569357680528","0.07599502487562189","0.0821641791044776","4.565734760570596","-1","0.0","0.0","0.0"
"CURVE 1","0.08319986312392211","29.86046952386448","23.301569357680528","0.07610663308433038","0.08210287069206805","6.062644147793623","-1","0.0","0.0","0.0"
"CURVE 1","0.08319986312392211","29.86046952386448","23.301569357680528","0.076218744818844","0.08204139851812105","7.531119166593322","-1","0.0","0.0","0.0"
"CURVE 1","0.08319986312392211","29.86046952386448","23.301569357680528","0.07633136257010313","0.0819797901253202","8.972892253134413","-1","0.0","0.0","0.0"
"CURVE 1","0.08319986312392211","29.86046952386448","23.301569357680528","0.07644448882904811","0.0819180730563491","10.389609515023757","-1","0.0","0.0","0.0"
"CURVE 1","0.08319986312392211","29.86046952386448","23.301569357680528","0.07655812608661937","0.0818562748538914","11.782833963462298","-1","0.0","0.0","0.0"
"CURVE 1","0.08319986312392211","29.86046952386448","23.301569357680528","0.07667227683375724","0.08179442306063066","13.15404859253986","-1","0.0","0.0","0.0"
"CURVE 1","0.08319986312392211","29.86046952386448","23.301569357680528","0.07678694356140213","0.08173254521925055","14.504659245320173","-1","0.0","0.0","0.0"
"CURVE 1","0.08319986312392211","29.86046952386448","23.301569357680528","0.0769021287604944","0.08167066887243468","15.835997282181372","-1","0.0","0.0","0.0"
"CURVE 1","0.08319986312392211","29.86046952386448","23.301569357680528","0.07701783492197445","0.08160882156286665","17.149322053654384","-1","0.0","0.0","0.0"
"CURVE 1","0.08319986312392211","29.86046952386448","23.301569357680528","0.07713406453678265","0.08154703083323007","18.44582321004137","-1","0.0","0.0","0.0"
"CURVE 1","0.08319986312392211","29.86046952386448","23.301569357680528","0.07725082009585937","0.08148532422620855","19.72662276586896","-1","0.0","0.0","0.0"
"CURVE 1","0.08319986312392211","29.86046952386448","23.301569357680528","0.07736810409014498","0.08142372928448574","20.992777052561824","-1","0.0","0.0","0.0"
"CURVE 1","0.08319986312392211","29.86046952386448","23.301569357680528","0.0774859190105799","0.08136227355074524","22.24527843995765","-1","0.0","0.0","0.0"
"CURVE 1","0.08319986312392211","29.86046952386448","23.301569357680528","0.07760426734810445","0.08130098456767065","23.485056897963645","-1","0.0","0.0","0.0"
"CURVE 1","0.08319986312392211","29.86046952386448","23.301569357680528","0.07772315159365906","0.0812398898779456","24.71298140931115","-1","0.0","0.0","0.0"
"CURVE 1","0.08319986312392211","29.86046952386448","23.301569357680528","0.07784257423818408","0.08117901702425372","25.929861179959122","-1","0.0","0.0","0.0"
"CURVE 1","0.08319986312392211","29.86046952386448","23.301569357680528","0.0779625377726199","0.08111839354927858","27.13644673978605","-1","0.0","0.0","0.0"
"CURVE 1","0.08319986312392211","29.86046952386448","23.301569357680528","0.07808304468790689","0.08105804699570383","28.33343084455109","-1","0.0","0.0","0.0"
"CURVE 1","0.08319986312392211","29.86046952386448","23.301569357680528","0.07820409747498545","0.08099800490621309","29.52144926690664","-1","0.0","0.0","0.0"
"CURVE 1","0.08319986312392211","29.86046952386448","23.301569357680528","0.07832569862479594","0.08093829482348995","30.701081426265283","-1","0.0","0.0","0.0"
"CURVE 1","0.08319986312392211","29.86046952386448","23.301569357680528","0.07844785062827875","0.08087894429021805","31.87285092119624","-1","0.0","0.0","0.0"
"CURVE 1","0.08319986312392211","29.86046952386448","23.301569357680528","0.07857055597637425","0.080819980849081","33.03722589723151","-1","0.0","0.0","0.0"
"CURVE 1","0.08319986312392211","29.86046952386448","23.301569357680528","0.07869381716002279","0.08076143204276241","34.19461932113223","-1","0.0","0.0","0.0"
"CURVE 1","0.08319986312392211","29.86046952386448","23.301569357680528","0.07881763667016481","0.0807033254139459","35.34538914798191","-1","0.0","0.0","0.0"
"CURVE 1","0.08319986312392211","29.86046952386448","23.301569357680528","0.07894201699774064","0.08064568850531506","36.489838389640944","-1","0.0","0.0","0.0"
"CURVE 1","0.08319986312392211","29.86046952386448","23.301569357680528","0.07906696063369069","0.08058854885955354","37.62821511629474","-1","0.0","0.0","0.0"
"CURVE 1","0.08319986312392211","29.86046952386448","23.301569357680528","0.07919247006895531","0.08053193401934496","38.76071228754918","-1","0.0","0.0","0.0"
"CURVE 1","0.08319986312392211","29.86046952386448","23.301569357680528","0.07931854779447489","0.08047587152737289","39.887467651280744","-1","0.0","0.0","0.0"
"CURVE 1","0.08319986312392211","29.86046952386448","23.301569357680528","0.07944519630118983","0.08042038892632099","41.0085635073563","-1","0.0","0.0","0.0"
"CURVE 1","0.08319986312392211","29.86046952386448","23.301569357680528","0.07957241808004048","0.08036551375887285","42.12402639743705","-1","0.0","0.0","0.0"
"CURVE 1","0.08319986312392211","29.86046952386448","23.301569357680528","0.07970021562196723","0.0803112735677121","43.23382686180735","-1","0.0","0.0","0.0"
"CURVE 1","0.08319986312392211","29.86046952386448","23.301569357680528","0.07982859141791045","0.08025769589552238","44.33787906957294","-1","0.0","0.0","0.0"
"CURVE 1","0.08319986312392211","29.86046952386448","23.301569357680528","0.07995754795881052","0.08020480828498726","45.436040526029664","-1","0.0","0.0","0.0"
"CURVE 1","0.08319986312392211","29.86046952386448","23.301569357680528","0.08008708773560784","0.08015263827879036","46.528111743132136","-1","0.0","0.0","0.0"
"CURVE 1","0.08319986312392211","29.86046952386448","23.301569357680528","0.08021721323924277","0.0801012134196153","47.613835965164235","-1","0.0","0.0","0.0"
"CURVE 1","0.08319986312392211","29.86046952386448","23.301569357680528","0.0803479269606557","0.08005056125014573","48.69289893113841","-1","0.0","0.0","0.0"
"CURVE 1","0.08319986312392211","29.86046952386448","23.301569357680528","0.080479231390787","0.08000070931306524","49.76492868070065","-1","0.0","0.0","0.0"
"CURVE 1","0.08319986312392211","29.86046952386448","23.301569357680528","0.08061112902057704","0.07995168515105745","50.82949546585012","-1","0.0","0.0","0.0"
"CURVE 1","0.08319986312392211","29.86046952386448","23.301569357680528","0.08074362234096623","0.07990351630680595","51.88611175955233","-1","0.0","0.0","0.0"
"CURVE 1","0.08319986312392211","29.86046952386448","23.301569357680528","0.08087671384289491","0.0798562303229944","52.93423236385673","-1","0.0","0.0","0.0"
"CURVE 1","0.08319986312392211","29.86046952386448","23.301569357680528","0.08101040601730347","0.07980985474230637","53.97325467027447","-1","0.0","0.0","0.0"
"CURVE 1","0.08319986312392211","29.86046952386448","23.301569357680528","0.0811447013551323","0.07976441710742552","55.002519099317375","-1","0.0","0.0","0.0"
"CURVE 1","0.08319986312392211","29.86046952386448","23.301569357680528","0.08127960234732177","0.07971994496103542","56.021309674251874","-1","0.0","0.0","0.0"
"CURVE 1","0.08319986312392211","29.86046952386448","23.301569357680528","0.08141511148481227","0.07967646584581972","57.028854821160174","-1","0.0","0.0","0.0"
"CURVE 1","0.08319986312392211","29.86046952386448","23.301569357680528","0.08155123125854417","0.07963400730446203","58.024328452829884","-1","0.0","0.0","0.0"
"CURVE 1","0.08319986312392211","29.86046952386448","23.301569357680528","0.08168796415945785","0.07959259687964595","59.00685118184297","-1","0.0","0.0","0.0"
"CURVE 1","0.08319986312392211","29.86046952386448","23.301569357680528","0.08182531267849369","0.07955226211405511","59.97549185856721","-1","0.0","0.0","0.0"
"CURVE 1","0.08319986312392211","29.86046952386448","23.301569357680528","0.08196327930659204","0.07951303055037312","60.929269431674435","-1","0.0","0.0","0.0"
"CURVE 1","0.08319986312392211","29.86046952386448","23.301569357680528","0.08210186653469331","0.0794749297312836","61.86715502069149","-1","0.0","0.0","0.0"
"CURVE 1","0.08319986312392211","29.86046952386448","23.301569357680528","0.0822410768537379","0.07943798719947018","62.78807438421488","-1","0.0","0.0","0.0"
"CURVE 1","0.08319986312392211","29.86046952386448","23.301569357680528","0.08238091275466615","0.07940223049761642","63.69091068183125","-1","0.0","0.0","0.0"
"CURVE 1","0.08319986312392211","29.86046952386448","23.301569357680528","0.08252137672841844","0.079367687168406","64.5745075935126","-1","0.0","0.0","0.0"
"CURVE 1","0.08319986312392211","29.86046952386448","23.301569357680528","0.08266247126593518","0.07933438475452252","65.43767278092163","-1","0.0","0.0","0.0"
"CURVE 1","0.08319986312392211","29.86046952386448","23.301569357680528","0.08280419885815671","0.07930235079864957","66.27918173325078","-1","0.0","0.0","0.0"
"CURVE 1","0.08319986312392211","29.86046952386448","23.301569357680528","0.08294656199602345","0.0792716128434708","67.09778196687117","-1","0.0","0.0","0.0"
"CURVE 1","0.08319986312392211","29.86046952386448","23.301569357680528","0.08308956317047575","0.07924219843166978","67.89219757291495","-1","0.0","0.0","0.0"
"CURVE 1","0.08319986312392211","29.86046952386448","23.301569357680528","0.08323320487245398","0.07921413510593016","68.66113417760064","-1","0.0","0.0","0.0"
"CURVE 1","0.08319986312392211","29.86046952386448","23.301569357680528","0.08337748959289855","0.07918745040893554","69.40328421632572","-1","0.0","0.0","0.0"
"CURVE 1","0.08319986312392211","29.86046952386448","23.301569357680528","0.08352241982274981","0.07916217188336955","70.11733251766333","-1","0.0","0.0","0.0"
"CURVE 1","0.08319986312392211","29.86046952386448","23.301569357680528","0.08366799805294815","0.07913832707191583","70.80196231455504","-1","0.0","0.0","0.0"
"CURVE 1","0.08319986312392211","29.86046952386448","23.301569357680528","0.08381422677443397","0.07911594351725794","71.45586143831014","-1","0.0","0.0","0.0"
"CURVE 1","0.08319986312392211","29.86046952386448","23.301569357680528","0.0839611084781476","0.0790950487620795","72.07772887065813","-1","0.0","0.0","0.0"
"CURVE 1","0.08319986312392211","29.86046952386448","23.301569357680528","0.08410864565502946","0.07907567034906415","72.66628147572018","-1","0.0","0.0","0.0"
"CURVE 1","0.08319986312392211","29.86046952386448","23.301569357680528","0.0842568407960199","0.07905783582089553","73.22026097180176","-1","0.0","0.0","0.0"
"CURVE 1","0.08319986312392211","29.86046952386448","23.301569357680528","0.08440569639205933","0.07904157272025719","73.73844104373629","-1","0.0","0.0","0.0"
"CURVE 1","0.08319986312392211","29.86046952386448","23.301569357680528","0.08455521493408812","0.0790269085898328","74.21963454698877","-1","0.0","0.0","0.0"
"CURVE 1","0.08319986312392211","29.86046952386448","23.301569357680528","0.08470539891304663","0.07901387097230597","74.66270080447053","-1","0.0","0.0","0.0"
"CURVE 1","0.08319986312392211","29.86046952386448","23.301569357680528","0.08485625081987525","0.0790024874103603","75.0665528510949","-1","0.0","0.0","0.0"
"CURVE 1","0.08319986312392211","29.86046952386448","23.301569357680528","0.08500777314551435","0.07899278544667943","75.43016466895943","-1","0.0","0.0","0.0"
"CURVE 1","0.08319986312392211","29.86046952386448","23.301569357680528","0.08515996838090434","0.07898479262394692","75.75257823222952","-1","0.0","0.0","0.0"
"CURVE 1","0.08319986312392211","29.86046952386448","23.301569357680528","0.08531283901698555","0.07897853648484641","76.03291044129715","-1","0.0","0.0","0.0"
"CURVE 1","0.08319986312392211","29.86046952386448","23.301569357680528","0.08546638754469839","0.07897404457206156","76.27035971207907","-1","0.0","0.0","0.0"
"CURVE 1","0.08319986312392211","29.86046952386448","23.301569357680528","0.08562061645498324","0.07897134442827594","76.46421229688454","-1","0.0","0.0","0.0"
"CURVE 1","0.08319986312392211","29.86046952386448","23.301569357680528","0.08577552823878047","0.07897046359617317","76.6138481926796","-1","0.0","0.0","0.0"
"CURVE 1","0.08319986312392211","29.86046952386448","23.301569357680528","0.08593112538703046","0.0789714296184369","76.71874658966804","-1","0.0","0.0","0.0"
"CURVE 1","0.08319986312392211","29.86046952386448","23.301569357680528","0.08608741039067358","0.07897427003775069","76.77849082363926","-1","0.0","0.0","0.0"
"CURVE 1","0.08319986312392211","29.86046952386448","23.301569357680528","0.08624438574065023","0.07897901239679819","76.79277269748295","-1","0.0","0.0","0.0"
"CURVE 1","0.08319986312392211","29.86046952386448","23.301569357680528","0.08640205392790078","0.07898568423826302","76.76139623095408","-1","0.0","0.0","0.0"
"CURVE 1","0.08319986312392211","29.86046952386448","23.301569357680528","0.0865604174433656","0.07899431310482878","76.6842807202805","-1","0.0","0.0","0.0"
"CURVE 1","0.08319986312392211","29.86046952386448","23.301569357680528","0.08671947877798508","0.0790049265391791","76.56146302234394","-1","0.0","0.0","0.0"
"CURVE 1","0.08319986312392211","29.86046952386448","23.301569357680528","0.0868792404226996","0.07901755208399758","76.39309917030762","-1","0.0","0.0","0.0"
"CURVE 1","0.08319986312392211","29.86046952386448","23.301569357680528","0.0870397048684495","0.07903221728196784","76.17946514608457","-1","0.0","0.0","0.0"
"CURVE 1","0.08319986312392211","29.86046952386448","23.301569357680528","0.0872008746061752","0.0790489496757735","75.92095687701385","-1","0.0","0.0","0.0"
"CURVE 1","0.08319986312392211","29.86046952386448","23.301569357680528","0.0873627521268171","0.07906777680809818","75.61808943512774","-1","0.0","0.0","0.0"
"CURVE 1","0.08319986312392211","29.86046952386448","23.301569357680528","0.08752533992131552","0.07908872622162548","75.27149543890754","-1","0.0","0.0","0.0"
"CURVE 1","0.08319986312392211","29.86046952386448","23.301569357680528","0.08768864048061087","0.07911182545903903","74.88192263553631","-1","0.0","0.0","0.0"
"CURVE 1","0.08319986312392211","29.86046952386448","23.301569357680528","0.08785265629564352","0.07913710206302244","74.4502307565259","-1","0.0","0.0","0.0"
"CURVE 1","0.08319986312392211","29.86046952386448","23.301569357680528","0.08801738985735387","0.07916458357625931","73.97738757585651","-1","0.0","0.0","0.0"
"CURVE 1","0.08319986312392211","29.86046952386448","23.301569357680528","0.08818284365668229","0.07919429754143328","73.46446434372456","-1","0.0","0.0","0.0"
"CURVE 1","0.08319986312392211","29.86046952386448","23.301569357680528","0.08834902018456911","0.07922627150122799","72.91263048077299","-1","0.0","0.0","0.0"
"CURVE 1","0.08319986312392211","29.86046952386448","23.301569357680528","0.08851592193195476","0.079260532998327","72.3231477234815","-1","0.0","0.0","0.0"
"CURVE 1","0.08319986312392211","29.86046952386448","23.301569357680528","0.08868355138977962","0.07929710957541394","71.69736370595176","-1","0.0","0.0","0.0"
"CURVE 1","0.08319986312392211","29.86046952386448","23.301569357680528","0.08885191104898406","0.07933602877517243","71.03670508679811","-1","0.0","0.0","0.0"
"CURVE 1","0.08319986312392211","29.86046952386448","23.301569357680528","0.08902100340050845","0.0793773181402861","70.3426702203928","-1","0.0","0.0","0.0"
"CURVE 1","0.08319986312392211","29.86046952386448","23.301569357680528","0.08919083093529317","0.07942100521343856","69.61682155662385","-1","0.0","0.0","0.0"
"CURVE 1","0.08319986312392211","29.86046952386448","23.301569357680528","0.08936139614427861","0.07946711753731343","68.86077772785671","-1","0.0","0.0","0.0"
"CURVE 1","0.08319986312392211","29.86046952386448","23.301569357680528","0.08953270151840514","0.07951568265459429","68.07620548026262","-1","0.0","0.0","0.0"
"CURVE 1","0.08319986312392211","29.86046952386448","23.301569357680528","0.08970474954861314","0.07956672810796481","67.26481148496381","-1","0.0","0.0","0.0"
"CURVE 1","0.08319986312392211","29.86046952386448","23.301569357680528","0.089877542725843","0.07962028144010856","66.42833413795086","-1","0.0","0.0","0.0"
"CURVE 1","0.08319986312392211","29.86046952386448","23.301569357680528","0.09005108354103507","0.07967637019370917","65.5685353582675","-1","0.0","0.0","0.0"
"CURVE 1","0.08319986312392211","29.86046952386448","23.301569357680528","0.09022537448512975","0.07973502191145028","64.68719254311915","-1","0.0","0.0","0.0"
"CURVE 1","0.08319986312392211","29.86046952386448","23.301569357680528","0.09040041804906741","0.07979626413601545","63.78609066259508","-1","0.0","0.0","0.0"
"CURVE 1","0.08319986312392211","29.86046952386448","23.301569357680528","0.09057621672378845","0.07986012441008836","62.86701458943882","-1","0.0","0.0","0.0"
"CURVE 1","0.08319986312392211","29.86046952386448","23.301569357680528","0.09075277300023323","0.07992663027635259","61.93174173994959","-1","0.0","0.0","0.0"
"CURVE 1","0.08319986312392211","29.86046952386448","23.301569357680528","0.09093008936934212","0.07999580927749177","60.98203503357866","-1","0.0","0.0","0.0"
"CURVE 1","0.08319986312392211","29.86046952386448","23.301569357680528","0.09110816832205551","0.0800676889561895","60.01963623722826","-1","0.0","0.0","0.0"
"CURVE 1","0.08319986312392211","29.86046952386448","23.301569357680528","0.09128701234931379","0.08014229685512941","59.046259720847274","-1","0.0","0.0","0.0"
"CURVE 1","0.08319986312392211","29.86046952386448","23.301569357680528","0.09146662394205732","0.08021966051699511","58.063586675494854","-1","0.0","0.0","0.0"
"CURVE 1","0.08319986312392211","29.86046952386448","23.301569357680528","0.09164700559122647","0.08029980748447021","57.07325977386624","-1","0.0","0.0","0.0"
"CURVE 1","0.08319986312392211","29.86046952386448","23.301569357680528","0.09182815978776165","0.08038276530023832","56.07687835023848","-1","0.0","0.0","0.0"
"CURVE 1","0.08319986312392211","29.86046952386448","23.301569357680528","0.09201008902260321","0.08046856150698306","55.075994044133836","-1","0.0","0.0","0.0"
"CURVE 1","0.08319986312392211","29.86046952386448","23.301569357680528","0.09219279578669157","0.08055722364738806","54.07210697434585","-1","0.0","0.0","0.0"
"CURVE 1","0.08319986312392211","29.86046952386448","23.301569357680528","0.09237628257096706","0.08064877926413692","53.06666239165354","-1","0.0","0.0","0.0"
"CURVE 1","0.08319986312392211","29.86046952386448","23.301569357680528","0.09256055186637008","0.08074325589991327","52.061047833236266","-1","0.0","0.0","0.0"
"CURVE 1","0.08319986312392211","29.86046952386448","23.301569357680528","0.09274560616384102","0.08084068109740072","51.05659077793023","-1","0.0","0.0","0.0"
"CURVE 1","0.08319986312392211","29.86046952386448","23.301569357680528","0.09293144795432022","0.08094108239928288","50.05455675181575","-1","0.0","0.0","0.0"
"CURVE 1","0.08319986312392211","29.86046952386448","23.301569357680528","0.09311807972874808","0.08104448734824336","49.05614787896809","-1","1.0","1.0","1.0"
"CURVE 1","0.08319986312392211","29.86046952386448","23.301569357680528","0.093305503978065","0.08115092348696581","48.06250189819045","-1","1.0","1.0","1.0"
"CURVE 1","0.08319986312392211","29.86046952386448","23.301569357680528","0.09349372319321135","0.08126041835813379","47.07469155591796","-1","1.0","1.0","1.0"
"CURVE 1","0.08319986312392211","29.86046952386448","23.301569357680528","0.0936827398651275","0.08137299950443097","46.093724398307955","-1","1.0","1.0","1.0"
"CURVE 1","0.08319986312392211","29.86046952386448","23.301569357680528","0.09387255648475383","0.08148869446854093","45.12054290305168","-1","1.0","1.0","1.0"
"CURVE 1","0.08319986312392211","29.86046952386448","23.301569357680528","0.0940631755430307","0.0816075307931473","44.156024957537134","-1","0.0","0.0","0.0"
"CURVE 1","0.08319986312392211","29.86046952386448","23.301569357680528","0.09425459953089851","0.08172953602093369","43.20098462447514","-1","0.0","0.0","0.0"
"CURVE 1","0.08319986312392211","29.86046952386448","23.301569357680528","0.09444683093929766","0.08185473769458372","42.256173178779264","-1","0.0","0.0","0.0"
"CURVE 1","0.08319986312392211","29.86046952386448","23.301569357680528","0.09463987225916849","0.081983163356781","41.322280384482795","-1","0.0","0.0","0.0"
"CURVE 1","0.08319986312392211","29.86046952386448","23.301569357680528","0.0948337259814514","0.08211484055020916","40.39993598881359","-1","1.0","1.0","1.0"
"CURVE 1","0.08319986312392211","29.86046952386448","23.301569357680528","0.09502839459708674","0.08224979681755182","39.48971139909797","-1","0.0","0.0","0.0"
