"Curve Name","Curve Length (um)","Average Curvature (um-1)","Curvature Std (um-1)","X-Coordinate (um)","Y-Coordinate (um)","Point Curvature (um-1)","Point Curvature Sign","Red Intensity","Green Intensity","Blue Intensity"
"CURVE 1","0.08329764632282496","25.684667662409055","18.894330524269826","0.022686567164179102","0.1035820895522388","55.02982478742574","1","1.0","1.0","1.0"
"CURVE 1","0.08329764632282496","25.684667662409055","18.894330524269826","0.022826845598458052","0.10369318441372014","54.97032506845657","1","1.0","1.0","1.0"
"CURVE 1","0.08329764632282496","25.684667662409055","18.894330524269826","0.022967821282533864","0.10380259547067519","54.89760347643266","1","1.0","1.0","1.0"
"CURVE 1","0.08329764632282496","25.684667662409055","18.894330524269826","0.02310948090766793","0.10391033332739304","54.811922628177925","1","1.0","1.0","1.0"
"CURVE 1","0.08329764632282496","25.684667662409055","18.894330524269826","0.02325181116512166","0.10401640858816269","54.713559519223004","1","1.0","1.0","1.0"
"CURVE 1","0.08329764632282496","25.684667662409055","18.894330524269826","0.023394798746156457","0.10412083185727324","54.60280459048988","1","1.0","1.0","1.0"
"CURVE 1","0.08329764632282496","25.684667662409055","18.894330524269826","0.023538430342033727","0.10422361373901368","54.47996075244725","1","1.0","1.0","1.0"
"CURVE 1","0.08329764632282496","25.684667662409055","18.894330524269826","0.023682692644014878","0.10432476483767304","54.34534238565267","1","1.0","1.0","1.0"
"CURVE 1","0.08329764632282496","25.684667662409055","18.894330524269826","0.023827572343361317","0.10442429575754042","54.19927438118364","1","1.0","1.0","1.0"
"CURVE 1","0.08329764632282496","25.684667662409055","18.894330524269826","0.023973056131334446","0.10452221710290482","54.0420911186651","1","1.0","1.0","1.0"
"CURVE 1","0.08329764632282496","25.684667662409055","18.894330524269826","0.02411913069919567","0.10461853947805527","53.87413549329358","1","0.0","0.0","0.0"
"CURVE 1","0.08329764632282496","25.684667662409055","18.894330524269826","0.024265782738206395","0.10471327348728085","53.69575792471555","1","0.0","0.0","0.0"
"CURVE 1","0.08329764632282496","25.684667662409055","18.894330524269826","0.02441299893962803","0.10480642973487056","53.50731538350535","1","0.0","0.0","0.0"
"CURVE 1","0.08329764632282496","25.684667662409055","18.894330524269826","0.024560765994721977","0.10489801882511347","53.30917042519398","1","0.0","0.0","0.0"
"CURVE 1","0.08329764632282496","25.684667662409055","18.894330524269826","0.02470907059474964","0.1049880513622986","53.10169025758178","1","0.0","0.0","0.0"
"CURVE 1","0.08329764632282496","25.684667662409055","18.894330524269826","0.024857899430972424","0.10507653795071502","52.885245808613874","1","0.0","0.0","0.0"
"CURVE 1","0.08329764632282496","25.684667662409055","18.894330524269826","0.02500723919465174","0.10516348919465174","52.66021083758766","1","0.0","0.0","0.0"
"CURVE 1","0.08329764632282496","25.684667662409055","18.894330524269826","0.025157076577048985","0.10524891569839781","52.426961060689756","1","0.0","0.0","0.0"
"CURVE 1","0.08329764632282496","25.684667662409055","18.894330524269826","0.025307398269425574","0.10533282806624228","52.18587330873135","1","0.0","0.0","0.0"
"CURVE 1","0.08329764632282496","25.684667662409055","18.894330524269826","0.025458190963042904","0.10541523690247416","51.93732473014818","1","0.0","0.0","0.0"
"CURVE 1","0.08329764632282496","25.684667662409055","18.894330524269826","0.02560944134916239","0.10549615281138253","51.681691998224956","1","0.0","0.0","0.0"
"CURVE 1","0.08329764632282496","25.684667662409055","18.894330524269826","0.02576113611904543","0.10557558639725644","51.41935058955122","1","0.0","0.0","0.0"
"CURVE 1","0.08329764632282496","25.684667662409055","18.894330524269826","0.025913261963953424","0.10565354826438488","51.15067407377473","1","0.0","0.0","0.0"
"CURVE 1","0.08329764632282496","25.684667662409055","18.894330524269826","0.02606580557514779","0.1057300490170569","50.87603344490014","1","0.0","0.0","0.0"
"CURVE 1","0.08329764632282496","25.684667662409055","18.894330524269826","0.026218753643889925","0.10580509925956157","50.595796505517846","1","0.0","0.0","0.0"
"CURVE 1","0.08329764632282496","25.684667662409055","18.894330524269826","0.026372092861441234","0.1058787095961879","50.31032727666822","1","0.0","0.0","0.0"
"CURVE 1","0.08329764632282496","25.684667662409055","18.894330524269826","0.026525809919063132","0.10595089063122497","50.01998543774436","1","0.0","0.0","0.0"
"CURVE 1","0.08329764632282496","25.684667662409055","18.894330524269826","0.026679891508017015","0.10602165296896181","49.72512584936131","1","0.0","0.0","0.0"
"CURVE 1","0.08329764632282496","25.684667662409055","18.894330524269826","0.026834324319564288","0.10609100721368742","49.42609806166373","1","0.0","0.0","0.0"
"CURVE 1","0.08329764632282496","25.684667662409055","18.894330524269826","0.02698909504496636","0.10615896396969089","49.1232458862185","1","0.0","0.0","0.0"
"CURVE 1","0.08329764632282496","25.684667662409055","18.894330524269826","0.02714419037548464","0.10622553384126121","48.816907022612334","1","0.0","0.0","0.0"
"CURVE 1","0.08329764632282496","25.684667662409055","18.894330524269826","0.027299597002380525","0.10629072743268748","48.50741269290937","1","0.0","0.0","0.0"
"CURVE 1","0.08329764632282496","25.684667662409055","18.894330524269826","0.027455301616915423","0.1063545553482587","48.195087335161794","1","0.0","0.0","0.0"
"CURVE 1","0.08329764632282496","25.684667662409055","18.894330524269826","0.027611290910350746","0.10641702819226392","47.88024832269076","1","0.0","0.0","0.0"
"CURVE 1","0.08329764632282496","25.684667662409055","18.894330524269826","0.02776755157394789","0.1064781565689922","47.56320572511373","1","0.0","0.0","0.0"
"CURVE 1","0.08329764632282496","25.684667662409055","18.894330524269826","0.027924070298968266","0.10653795108273255","47.24426209789398","1","0.0","0.0","0.0"
"CURVE 1","0.08329764632282496","25.684667662409055","18.894330524269826","0.028080833776673274","0.10659642233777403","46.9237123097791","1","0.0","0.0","0.0"
"CURVE 1","0.08329764632282496","25.684667662409055","18.894330524269826","0.02823782869832432","0.10665358093840567","46.60184340475174","1","0.0","0.0","0.0"
"CURVE 1","0.08329764632282496","25.684667662409055","18.894330524269826","0.028395041755182825","0.10670943748891651","46.27893446587615","1","0.0","0.0","0.0"
"CURVE 1","0.08329764632282496","25.684667662409055","18.894330524269826","0.02855245963851018","0.1067640025935956","45.9552565777816","1","0.0","0.0","0.0"
"CURVE 1","0.08329764632282496","25.684667662409055","18.894330524269826","0.028710069039567784","0.10681728685673197","45.63107271905004","1","0.0","0.0","0.0"
"CURVE 1","0.08329764632282496","25.684667662409055","18.894330524269826","0.028867856649617055","0.10686930088261468","45.306637771360975","1","0.0","0.0","0.0"
"CURVE 1","0.08329764632282496","25.684667662409055","18.894330524269826","0.029025809159919397","0.10692005527553275","44.98219850289996","1","0.0","0.0","0.0"
"CURVE 1","0.08329764632282496","25.684667662409055","18.894330524269826","0.029183913261736208","0.10696956063977524","44.65799356365466","1","0.0","0.0","0.0"
"CURVE 1","0.08329764632282496","25.684667662409055","18.894330524269826","0.029342155646328905","0.10701782757963116","44.33425357202472","1","0.0","0.0","0.0"
"CURVE 1","0.08329764632282496","25.684667662409055","18.894330524269826","0.029500523004958888","0.10706486669938955","44.01120112751814","1","0.0","0.0","0.0"
"CURVE 1","0.08329764632282496","25.684667662409055","18.894330524269826","0.02965900202888755","0.1071106886033395","43.68905092703168","1","0.0","0.0","0.0"
"CURVE 1","0.08329764632282496","25.684667662409055","18.894330524269826","0.029817579409376314","0.10715530389577003","43.36800983416994","1","0.0","0.0","0.0"
"CURVE 1","0.08329764632282496","25.684667662409055","18.894330524269826","0.029976241837686574","0.10719872318097015","43.04827701480598","1","0.0","0.0","0.0"
"CURVE 1","0.08329764632282496","25.684667662409055","18.894330524269826","0.030134976005079736","0.10724095706322893","42.730044046943085","1","0.0","0.0","0.0"
"CURVE 1","0.08329764632282496","25.684667662409055","18.894330524269826","0.03029376860281722","0.10728201614683539","42.41349507485533","1","0.0","0.0","0.0"
"CURVE 1","0.08329764632282496","25.684667662409055","18.894330524269826","0.030452606322160413","0.1073219110360786","42.09880695642601","1","0.0","0.0","0.0"
"CURVE 1","0.08329764632282496","25.684667662409055","18.894330524269826","0.030611475854370733","0.10736065233524758","41.786149430499314","1","0.0","0.0","0.0"
"CURVE 1","0.08329764632282496","25.684667662409055","18.894330524269826","0.030770363890709574","0.10739825064863137","41.47568529453256","1","0.0","0.0","0.0"
"CURVE 1","0.08329764632282496","25.684667662409055","18.894330524269826","0.030929257122438353","0.10743471658051902","41.167570581651404","1","0.0","0.0","0.0"
"CURVE 1","0.08329764632282496","25.684667662409055","18.894330524269826","0.031088142240818465","0.10747006073519959","40.861954768158775","1","0.0","0.0","0.0"
"CURVE 1","0.08329764632282496","25.684667662409055","18.894330524269826","0.031247005937111327","0.10750429371696206","40.55898095175473","1","0.0","0.0","0.0"
"CURVE 1","0.08329764632282496","25.684667662409055","18.894330524269826","0.03140583490257833","0.10753742613009551","40.25878608195055","1","0.0","0.0","0.0"
"CURVE 1","0.08329764632282496","25.684667662409055","18.894330524269826","0.03156461582848089","0.10756946857888901","39.96150115417739","1","0.0","0.0","0.0"
"CURVE 1","0.08329764632282496","25.684667662409055","18.894330524269826","0.03172333540608041","0.10760043166763154","39.667251429285216","1","0.0","0.0","0.0"
"CURVE 1","0.08329764632282496","25.684667662409055","18.894330524269826","0.0318819803266383","0.10763032600061218","39.37615666877957","1","0.0","0.0","0.0"
"CURVE 1","0.08329764632282496","25.684667662409055","18.894330524269826","0.032040537281415954","0.10765916218211995","39.08833132848981","1","0.0","0.0","0.0"
"CURVE 1","0.08329764632282496","25.684667662409055","18.894330524269826","0.03219899296167479","0.1076869508164439","38.8038848228096","1","0.0","0.0","0.0"
"CURVE 1","0.08329764632282496","25.684667662409055","18.894330524269826","0.032357334058676204","0.10771370250787307","38.522921717783","1","0.0","0.0","0.0"
"CURVE 1","0.08329764632282496","25.684667662409055","18.894330524269826","0.032515547263681596","0.10773942786069651","38.24554199328808","1","0.0","0.0","0.0"
"CURVE 1","0.08329764632282496","25.684667662409055","18.894330524269826","0.032673619267952383","0.10776413747920324","37.97184124823133","1","0.0","0.0","0.0"
"CURVE 1","0.08329764632282496","25.684667662409055","18.894330524269826","0.03283153676274997","0.10778784196768235","37.70191095598573","1","0.0","0.0","0.0"
"CURVE 1","0.08329764632282496","25.684667662409055","18.894330524269826","0.03298928643933576","0.10781055193042281","37.43583868358864","1","0.0","0.0","0.0"
"CURVE 1","0.08329764632282496","25.684667662409055","18.894330524269826","0.03314685498897116","0.1078322779717137","37.173708332597904","1","0.0","0.0","0.0"
"CURVE 1","0.08329764632282496","25.684667662409055","18.894330524269826","0.033304229102917575","0.10785303069584404","36.915600377129564","1","0.0","0.0","0.0"
"CURVE 1","0.08329764632282496","25.684667662409055","18.894330524269826","0.03346139547243641","0.10787282070710291","36.66159207727058","1","0.0","0.0","0.0"
"CURVE 1","0.08329764632282496","25.684667662409055","18.894330524269826","0.03361834078878906","0.10789165860977931","36.411757756260755","1","0.0","0.0","0.0"
"CURVE 1","0.08329764632282496","25.684667662409055","18.894330524269826","0.033775051743236945","0.10790955500816231","36.166168988310496","1","0.0","0.0","0.0"
"CURVE 1","0.08329764632282496","25.684667662409055","18.894330524269826","0.033931515027041455","0.10792652050654093","35.92489486836702","1","0.0","0.0","0.0"
"CURVE 1","0.08329764632282496","25.684667662409055","18.894330524269826","0.03408771733146402","0.10794256570920421","35.688002216687195","1","0.0","0.0","0.0"
"CURVE 1","0.08329764632282496","25.684667662409055","18.894330524269826","0.03424364534776602","0.10795770122044121","35.455555846756035","1","0.0","0.0","0.0"
"CURVE 1","0.08329764632282496","25.684667662409055","18.894330524269826","0.03439928576720888","0.10797193764454097","35.22761876932517","1","0.0","0.0","0.0"
"CURVE 1","0.08329764632282496","25.684667662409055","18.894330524269826","0.034554625281054","0.1079852855857925","35.0042524382602","1","0.0","0.0","0.0"
"CURVE 1","0.08329764632282496","25.684667662409055","18.894330524269826","0.034709650580562766","0.10799775564848488","34.78551699965824","1","0.0","0.0","0.0"
"CURVE 1","0.08329764632282496","25.684667662409055","18.894330524269826","0.03486434835699661","0.10800935843690711","34.57147149560829","1","1.0","1.0","1.0"
"CURVE 1","0.08329764632282496","25.684667662409055","18.894330524269826","0.035018705301616916","0.10802010455534826","34.36217412574821","1","1.0","1.0","1.0"
"CURVE 1","0.08329764632282496","25.684667662409055","18.894330524269826","0.03517270810568511","0.10803000460809736","34.15768247608337","1","1.0","1.0","1.0"
"CURVE 1","0.08329764632282496","25.684667662409055","18.894330524269826","0.03532634346046258","0.10803906919944345","33.9580537747422","1","1.0","1.0","1.0"
"CURVE 1","0.08329764632282496","25.684667662409055","18.894330524269826","0.035479598057210744","0.1080473089336756","33.76334508390086","1","1.0","1.0","1.0"
"CURVE 1","0.08329764632282496","25.684667662409055","18.894330524269826","0.035632458587190996","0.10805473441508277","33.573613602716556","1","1.0","1.0","1.0"
"CURVE 1","0.08329764632282496","25.684667662409055","18.894330524269826","0.03578491174166476","0.10806135624795411","33.38891687298347","1","1.0","1.0","1.0"
"CURVE 1","0.08329764632282496","25.684667662409055","18.894330524269826","0.03593694421189342","0.10806718503657858","33.20931304452278","1","1.0","1.0","1.0"
"CURVE 1","0.08329764632282496","25.684667662409055","18.894330524269826","0.03608854268913838","0.10807223138524526","33.03486112601637","1","1.0","1.0","1.0"
"CURVE 1","0.08329764632282496","25.684667662409055","18.894330524269826","0.03623969386466107","0.10807650589824316","32.86562123447642","1","1.0","1.0","1.0"
"CURVE 1","0.08329764632282496","25.684667662409055","18.894330524269826","0.03639038442972288","0.10808001917986132","32.70165487333589","1","1.0","1.0","1.0"
"CURVE 1","0.08329764632282496","25.684667662409055","18.894330524269826","0.03654060107558521","0.10808278183438884","32.543025181330634","1","1.0","1.0","1.0"
"CURVE 1","0.08329764632282496","25.684667662409055","18.894330524269826","0.036690330493509477","0.10808480446611471","32.38979722390609","1","1.0","1.0","1.0"
"CURVE 1","0.08329764632282496","25.684667662409055","18.894330524269826","0.036839559374757073","0.10808609767932796","32.24203827509374","1","1.0","1.0","1.0"
"CURVE 1","0.08329764632282496","25.684667662409055","18.894330524269826","0.03698827441058941","0.10808667207831767","32.09981809855003","1","1.0","1.0","1.0"
"CURVE 1","0.08329764632282496","25.684667662409055","18.894330524269826","0.037136462292267906","0.10808653826737284","31.963209244306913","1","1.0","1.0","1.0"
"CURVE 1","0.08329764632282496","25.684667662409055","18.894330524269826","0.03728410971105396","0.10808570685078255","31.8322873914232","1","1.0","1.0","1.0"
"CURVE 1","0.08329764632282496","25.684667662409055","18.894330524269826","0.03743120335820896","0.10808418843283582","31.707131633923858","1","1.0","1.0","1.0"
"CURVE 1","0.08329764632282496","25.684667662409055","18.894330524269826","0.03757772992499432","0.10808199361782168","31.587824842043624","1","1.0","1.0","1.0"
"CURVE 1","0.08329764632282496","25.684667662409055","18.894330524269826","0.03772367610267146","0.10807913301002918","31.47445399564474","1","1.0","1.0","1.0"
"CURVE 1","0.08329764632282496","25.684667662409055","18.894330524269826","0.03786902858250177","0.10807561721374738","31.367110568810418","1","1.0","1.0","1.0"
"CURVE 1","0.08329764632282496","25.684667662409055","18.894330524269826","0.03801377405574666","0.1080714568332653","31.265890905950194","1","1.0","1.0","1.0"
"CURVE 1","0.08329764632282496","25.684667662409055","18.894330524269826","0.03815789921366754","0.108066662472872","31.17089662091363","1","1.0","1.0","1.0"
"CURVE 1","0.08329764632282496","25.684667662409055","18.894330524269826","0.0383013907475258","0.10806124473685648","31.08223501974188","1","1.0","1.0","1.0"
"CURVE 1","0.08329764632282496","25.684667662409055","18.894330524269826","0.038444235348582864","0.10805521422950783","31.000019576731994","1","1.0","1.0","1.0"
"CURVE 1","0.08329764632282496","25.684667662409055","18.894330524269826","0.038586419708100124","0.10804858155511506","30.924370372302313","1","1.0","1.0","1.0"
"CURVE 1","0.08329764632282496","25.684667662409055","18.894330524269826","0.038727930517339","0.1080413573179672","30.855414619427027","1","1.0","1.0","1.0"
"CURVE 1","0.08329764632282496","25.684667662409055","18.894330524269826","0.03886875446756088","0.10803355212235331","30.793287181750966","1","1.0","1.0","1.0"
"CURVE 1","0.08329764632282496","25.684667662409055","18.894330524269826","0.039008878250027176","0.10802517657256243","30.738131160067507","1","0.0","0.0","0.0"
"CURVE 1","0.08329764632282496","25.684667662409055","18.894330524269826","0.0391482885559993","0.10801624127288362","30.690098467957935","1","0.0","0.0","0.0"
"CURVE 1","0.08329764632282496","25.684667662409055","18.894330524269826","0.039286972076738653","0.10800675682760588","30.649350508157557","1","0.0","0.0","0.0"
"CURVE 1","0.08329764632282496","25.684667662409055","18.894330524269826","0.03942491550350664","0.10799673384101828","30.616058838864326","1","0.0","0.0","0.0"
"CURVE 1","0.08329764632282496","25.684667662409055","18.894330524269826","0.039562105527564666","0.10798618291740987","30.590405917038904","1","0.0","0.0","0.0"
"CURVE 1","0.08329764632282496","25.684667662409055","18.894330524269826","0.039698528840174135","0.10797511466106964","30.572585890571602","1","0.0","0.0","0.0"
"CURVE 1","0.08329764632282496","25.684667662409055","18.894330524269826","0.03983417213259645","0.10796353967628666","30.562805444175744","1","0.0","0.0","0.0"
"CURVE 1","0.08329764632282496","25.684667662409055","18.894330524269826","0.03996902209609303","0.10795146856735","30.561284726115236","1","0.0","0.0","0.0"
"CURVE 1","0.08329764632282496","25.684667662409055","18.894330524269826","0.040103065421925266","0.10793891193854865","30.56825830000365","1","0.0","0.0","0.0"
"CURVE 1","0.08329764632282496","25.684667662409055","18.894330524269826","0.040236288801354554","0.10792588039417171","30.583976242923363","1","0.0","0.0","0.0"
"CURVE 1","0.08329764632282496","25.684667662409055","18.894330524269826","0.04036867892564233","0.10791238453850818","30.60870525394846","1","0.0","0.0","0.0"
"CURVE 1","0.08329764632282496","25.684667662409055","18.894330524269826","0.04050022248604998","0.10789843497584709","30.642729922570407","1","0.0","0.0","0.0"
"CURVE 1","0.08329764632282496","25.684667662409055","18.894330524269826","0.04063090617383891","0.10788404231047749","30.68635404639331","1","0.0","0.0","0.0"
"CURVE 1","0.08329764632282496","25.684667662409055","18.894330524269826","0.04076071668027053","0.10786921714668843","30.73990207705759","1","0.0","0.0","0.0"
"CURVE 1","0.08329764632282496","25.684667662409055","18.894330524269826","0.040889640696606236","0.10785397008876894","30.803720740229128","1","0.0","0.0","0.0"
"CURVE 1","0.08329764632282496","25.684667662409055","18.894330524269826","0.041017664914107445","0.10783831174100808","30.878180671435032","1","0.0","0.0","0.0"
"CURVE 1","0.08329764632282496","25.684667662409055","18.894330524269826","0.04114477602403555","0.10782225270769487","30.96367836329255","1","0.0","0.0","0.0"
"CURVE 1","0.08329764632282496","25.684667662409055","18.894330524269826","0.041270960717651975","0.10780580359311838","31.060638118206715","1","0.0","0.0","0.0"
"CURVE 1","0.08329764632282496","25.684667662409055","18.894330524269826","0.041396205686218115","0.10778897500156763","31.16951431479855","1","0.0","0.0","0.0"
"CURVE 1","0.08329764632282496","25.684667662409055","18.894330524269826","0.04152049762099537","0.10777177753733165","31.290793777142728","1","0.0","0.0","0.0"
"CURVE 1","0.08329764632282496","25.684667662409055","18.894330524269826","0.041643823213245154","0.10775422180469948","31.42499846443036","1","0.0","0.0","0.0"
"CURVE 1","0.08329764632282496","25.684667662409055","18.894330524269826","0.041766169154228865","0.1077363184079602","31.572688299472603","1","0.0","0.0","0.0"
"CURVE 1","0.08329764632282496","25.684667662409055","18.894330524269826","0.041887525978373065","0.10771807633822238","32.137612761526505","1","0.0","0.0","0.0"
"CURVE 1","0.08329764632282496","25.684667662409055","18.894330524269826","0.04200789959276494","0.10769949813387288","32.70695508208065","1","0.0","0.0","0.0"
"CURVE 1","0.08329764632282496","25.684667662409055","18.894330524269826","0.04212729974765684","0.10768058472011814","33.2804276654769","1","0.0","0.0","0.0"
"CURVE 1","0.08329764632282496","25.684667662409055","18.894330524269826","0.04224573619330108","0.10766133702216459","33.85772444256269","1","0.0","0.0","0.0"
"CURVE 1","0.08329764632282496","25.684667662409055","18.894330524269826","0.04236321867995002","0.10764175596521863","34.438520515298606","1","0.0","0.0","0.0"
"CURVE 1","0.08329764632282496","25.684667662409055","18.894330524269826","0.04247975695785599","0.10762184247448672","35.02247182909339","1","0.0","0.0","0.0"
"CURVE 1","0.08329764632282496","25.684667662409055","18.894330524269826","0.04259536077727133","0.10760159747517525","35.609214861847825","1","0.0","0.0","0.0"
"CURVE 1","0.08329764632282496","25.684667662409055","18.894330524269826","0.042710039888448396","0.10758102189249068","36.19836638171346","1","0.0","0.0","0.0"
"CURVE 1","0.08329764632282496","25.684667662409055","18.894330524269826","0.0428238040416395","0.10756011665163942","36.78952322918502","1","0.0","0.0","0.0"
"CURVE 1","0.08329764632282496","25.684667662409055","18.894330524269826","0.042936662987096995","0.10753888267782791","37.382262160824","1","0.0","0.0","0.0"
"CURVE 1","0.08329764632282496","25.684667662409055","18.894330524269826","0.04304862647507322","0.10751732089626256","37.976139685490146","1","0.0","0.0","0.0"
"CURVE 1","0.08329764632282496","25.684667662409055","18.894330524269826","0.04315970425582052","0.1074954322321498","38.57069207613935","1","0.0","0.0","0.0"
"CURVE 1","0.08329764632282496","25.684667662409055","18.894330524269826","0.04326990607959121","0.10747321761069606","39.16543526451981","1","0.0","0.0","0.0"
"CURVE 1","0.08329764632282496","25.684667662409055","18.894330524269826","0.04337924169663766","0.10745067795710776","39.75986495600634","1","0.0","0.0","0.0"
"CURVE 1","0.08329764632282496","25.684667662409055","18.894330524269826","0.0434877208572122","0.10742781419659136","40.35345672844817","1","0.0","0.0","0.0"
"CURVE 1","0.08329764632282496","25.684667662409055","18.894330524269826","0.043595353311567164","0.10740462725435324","40.94566620436654","1","0.0","0.0","0.0"
"CURVE 1","0.08329764632282496","25.684667662409055","18.894330524269826","0.0437021488099549","0.10738111805559984","41.535929291445754","1","0.0","0.0","0.0"
"CURVE 1","0.08329764632282496","25.684667662409055","18.894330524269826","0.04380811710262773","0.10735728752553761","42.123662543103656","1","0.0","0.0","0.0"
"CURVE 1","0.08329764632282496","25.684667662409055","18.894330524269826","0.04391326793983801","0.10733313658937293","42.70826350119869","1","0.0","0.0","0.0"
"CURVE 1","0.08329764632282496","25.684667662409055","18.894330524269826","0.044017611071838075","0.10730866617231226","43.28911123348843","1","0.0","0.0","0.0"
"CURVE 1","0.08329764632282496","25.684667662409055","18.894330524269826","0.04412115624888027","0.10728387719956203","43.86556686090208","1","0.0","0.0","0.0"
"CURVE 1","0.08329764632282496","25.684667662409055","18.894330524269826","0.044223913221216916","0.10725877059632867","44.43697418708044","1","0.0","0.0","0.0"
"CURVE 1","0.08329764632282496","25.684667662409055","18.894330524269826","0.04432589173910037","0.1072333472878186","45.002660507519835","1","0.0","0.0","0.0"
"CURVE 1","0.08329764632282496","25.684667662409055","18.894330524269826","0.04442710155278297","0.10720760819923819","45.56193731845661","1","0.0","0.0","0.0"
"CURVE 1","0.08329764632282496","25.684667662409055","18.894330524269826","0.04452755241251704","0.10718155425579395","46.114101322173205","1","0.0","0.0","0.0"
"CURVE 1","0.08329764632282496","25.684667662409055","18.894330524269826","0.04462725406855493","0.10715518638269225","46.65843536635961","1","0.0","0.0","0.0"
"CURVE 1","0.08329764632282496","25.684667662409055","18.894330524269826","0.044726216271148984","0.10712850550513954","47.19420955711754","1","0.0","0.0","0.0"
"CURVE 1","0.08329764632282496","25.684667662409055","18.894330524269826","0.04482444877055155","0.10710151254834227","47.72068241491231","1","0.0","0.0","0.0"
"CURVE 1","0.08329764632282496","25.684667662409055","18.894330524269826","0.044921961317014945","0.10707420843750684","48.237102186434264","1","0.0","0.0","0.0"
"CURVE 1","0.08329764632282496","25.684667662409055","18.894330524269826","0.04501876366079151","0.10704659409783966","48.74270812795848","1","0.0","0.0","0.0"
"CURVE 1","0.08329764632282496","25.684667662409055","18.894330524269826","0.04511486555213359","0.10701867045454717","49.2367320372654","1","0.0","0.0","0.0"
"CURVE 1","0.08329764632282496","25.684667662409055","18.894330524269826","0.04521027674129354","0.10699043843283582","49.71839968815157","1","0.0","0.0","0.0"
"CURVE 1","0.08329764632282496","25.684667662409055","18.894330524269826","0.04530500697852368","0.106961898957912","50.186932492218176","1","0.0","0.0","0.0"
"CURVE 1","0.08329764632282496","25.684667662409055","18.894330524269826","0.04539906601407635","0.10693305295498218","50.64154919572042","1","0.0","0.0","0.0"
"CURVE 1","0.08329764632282496","25.684667662409055","18.894330524269826","0.04549246359820391","0.10690390134925272","51.08146756161355","1","0.0","0.0","0.0"
"CURVE 1","0.08329764632282496","25.684667662409055","18.894330524269826","0.04558520948115866","0.10687444506593011","51.505906238972315","1","0.0","0.0","0.0"
"CURVE 1","0.08329764632282496","25.684667662409055","18.894330524269826","0.04567731341319298","0.10684468503022075","51.91408669570272","1","0.0","0.0","0.0"
"CURVE 1","0.08329764632282496","25.684667662409055","18.894330524269826","0.04576878514455919","0.10681462216733106","52.3052350894365","1","0.0","0.0","0.0"
"CURVE 1","0.08329764632282496","25.684667662409055","18.894330524269826","0.045859634425509624","0.1067842574024675","52.678584273240084","1","0.0","0.0","0.0"
"CURVE 1","0.08329764632282496","25.684667662409055","18.894330524269826","0.04594987100629665","0.10675359166083644","53.03337589033577","1","0.0","0.0","0.0"
"CURVE 1","0.08329764632282496","25.684667662409055","18.894330524269826","0.046039504637172574","0.10672262586764436","53.36886235878104","1","0.0","0.0","0.0"
"CURVE 1","0.08329764632282496","25.684667662409055","18.894330524269826","0.046128545068389745","0.10669136094809765","53.684309026856006","1","0.0","0.0","0.0"
"CURVE 1","0.08329764632282496","25.684667662409055","18.894330524269826","0.046217002050200504","0.10665979782740276","53.97899630256746","1","0.0","0.0","0.0"
"CURVE 1","0.08329764632282496","25.684667662409055","18.894330524269826","0.0463048853328572","0.1066279374307661","54.252221704926576","1","0.0","0.0","0.0"
"CURVE 1","0.08329764632282496","25.684667662409055","18.894330524269826","0.04639220466661216","0.1065957806833941","54.50330208551479","1","0.0","0.0","0.0"
"CURVE 1","0.08329764632282496","25.684667662409055","18.894330524269826","0.046478969801717736","0.10656332851049319","54.73157568542639","1","0.0","0.0","0.0"
"CURVE 1","0.08329764632282496","25.684667662409055","18.894330524269826","0.04656519048842625","0.1065305818372698","54.936404214224744","1","0.0","0.0","0.0"
"CURVE 1","0.08329764632282496","25.684667662409055","18.894330524269826","0.04665087647699005","0.10649754158893035","55.11717496685284","1","0.0","0.0","0.0"
"CURVE 1","0.08329764632282496","25.684667662409055","18.894330524269826","0.046736037517661484","0.10646420869068127","55.27330280183413","1","0.0","0.0","0.0"
"CURVE 1","0.08329764632282496","25.684667662409055","18.894330524269826","0.04682068336069288","0.10643058406772897","55.404232158514446","1","0.0","0.0","0.0"
"CURVE 1","0.08329764632282496","25.684667662409055","18.894330524269826","0.046904823756336575","0.10639666864527991","55.509438916880896","1","0.0","0.0","0.0"
"CURVE 1","0.08329764632282496","25.684667662409055","18.894330524269826","0.046988468454844924","0.1063624633485405","55.58843225423006","1","0.0","0.0","0.0"
"CURVE 1","0.08329764632282496","25.684667662409055","18.894330524269826","0.04707162720647025","0.10632796910271716","55.64075644323993","1","0.0","0.0","0.0"
"CURVE 1","0.08329764632282496","25.684667662409055","18.894330524269826","0.047154309761464896","0.1062931868330163","55.66599248199192","1","0.0","0.0","0.0"
"CURVE 1","0.08329764632282496","25.684667662409055","18.894330524269826","0.0472365258700812","0.10625811746464439","55.663759646818704","1","0.0","0.0","0.0"
"CURVE 1","0.08329764632282496","25.684667662409055","18.894330524269826","0.047318285282571516","0.10622276192280784","55.633716967479245","1","0.0","0.0","0.0"
"CURVE 1","0.08329764632282496","25.684667662409055","18.894330524269826","0.04739959774918818","0.10618712113271306","55.575564618089324","1","0.0","0.0","0.0"
"CURVE 1","0.08329764632282496","25.684667662409055","18.894330524269826","0.04748047302018351","0.10615119601956648","55.48904501156663","1","0.0","0.0","0.0"
"CURVE 1","0.08329764632282496","25.684667662409055","18.894330524269826","0.04756092084580985","0.10611498750857454","55.37394403572583","1","0.0","0.0","0.0"
"CURVE 1","0.08329764632282496","25.684667662409055","18.894330524269826","0.047640950976319575","0.10607849652494364","55.230091905651726","1","0.0","0.0","0.0"
"CURVE 1","0.08329764632282496","25.684667662409055","18.894330524269826","0.04772057316196498","0.10604172399388025","55.05736395643998","1","0.0","0.0","0.0"
"CURVE 1","0.08329764632282496","25.684667662409055","18.894330524269826","0.04779979715299843","0.10600467084059075","54.85568135930289","1","0.0","0.0","0.0"
"CURVE 1","0.08329764632282496","25.684667662409055","18.894330524269826","0.04787863269967226","0.1059673379902816","54.62501159759609","1","0.0","0.0","0.0"
"CURVE 1","0.08329764632282496","25.684667662409055","18.894330524269826","0.047957089552238805","0.10592972636815921","54.365368793802354","1","0.0","0.0","0.0"
"CURVE 1","0.08329764632282496","25.684667662409055","18.894330524269826","0.04803517746095041","0.10589183689943","54.0768139638053","1","0.0","0.0","0.0"
"CURVE 1","0.08329764632282496","25.684667662409055","18.894330524269826","0.04811290617605941","0.10585367050930042","53.75945496213245","1","0.0","0.0","0.0"
"CURVE 1","0.08329764632282496","25.684667662409055","18.894330524269826","0.048190285447818136","0.10581522812297688","53.413446471807994","1","0.0","0.0","0.0"
"CURVE 1","0.08329764632282496","25.684667662409055","18.894330524269826","0.04826732502647894","0.1057765106656658","53.03898962132919","1","0.0","0.0","0.0"
"CURVE 1","0.08329764632282496","25.684667662409055","18.894330524269826","0.04834403466229415","0.10573751906257363","52.636331634366805","1","0.0","0.0","0.0"
"CURVE 1","0.08329764632282496","25.684667662409055","18.894330524269826","0.04842042410551612","0.10569825423890677","52.20576515719892","1","0.0","0.0","0.0"
"CURVE 1","0.08329764632282496","25.684667662409055","18.894330524269826","0.048496503106397186","0.10565871711987168","51.74762763392819","1","0.0","0.0","0.0"
"CURVE 1","0.08329764632282496","25.684667662409055","18.894330524269826","0.048572281415189676","0.10561890863067476","51.26230034274205","1","0.0","0.0","0.0"
"CURVE 1","0.08329764632282496","25.684667662409055","18.894330524269826","0.048647768782145946","0.10557882969652242","50.75020741638157","1","0.0","0.0","0.0"
"CURVE 1","0.08329764632282496","25.684667662409055","18.894330524269826","0.04872297495751832","0.10553848124262112","50.21181465951779","1","0.0","0.0","0.0"
"CURVE 1","0.08329764632282496","25.684667662409055","18.894330524269826","0.04879790969155915","0.10549786419417727","49.64762834924916","1","0.0","0.0","0.0"
"CURVE 1","0.08329764632282496","25.684667662409055","18.894330524269826","0.04887258273452076","0.10545697947639729","49.05819374889579","1","0.0","0.0","0.0"
"CURVE 1","0.08329764632282496","25.684667662409055","18.894330524269826","0.0489470038366555","0.10541582801448764","48.44409367332534","1","0.0","0.0","0.0"
"CURVE 1","0.08329764632282496","25.684667662409055","18.894330524269826","0.04902118274821571","0.10537441073365472","47.80594681871277","1","0.0","0.0","0.0"
"CURVE 1","0.08329764632282496","25.684667662409055","18.894330524269826","0.049095129219453734","0.10533272855910497","47.144406134902745","1","0.0","0.0","0.0"
"CURVE 1","0.08329764632282496","25.684667662409055","18.894330524269826","0.04916885300062189","0.10529078241604478","46.46015698284298","1","0.0","0.0","0.0"
"CURVE 1","0.08329764632282496","25.684667662409055","18.894330524269826","0.04924236384197254","0.10524857322968062","45.753915291289594","1","0.0","0.0","0.0"
"CURVE 1","0.08329764632282496","25.684667662409055","18.894330524269826","0.049315671493758005","0.10520610192521887","45.02642560967103","1","0.0","0.0","0.0"
"CURVE 1","0.08329764632282496","25.684667662409055","18.894330524269826","0.04938878570623065","0.105163369427866","44.2784591778107","1","0.0","0.0","0.0"
"CURVE 1","0.08329764632282496","25.684667662409055","18.894330524269826","0.049461716229642794","0.10512037666282843","43.51081180893791","1","0.0","0.0","0.0"
"CURVE 1","0.08329764632282496","25.684667662409055","18.894330524269826","0.049534472814246784","0.10507712455531257","42.724301919045224","1","0.0","0.0","0.0"
"CURVE 1","0.08329764632282496","25.684667662409055","18.894330524269826","0.049607065210294954","0.10503361403052486","41.91976834101428","1","0.0","0.0","0.0"
"CURVE 1","0.08329764632282496","25.684667662409055","18.894330524269826","0.04967950316803965","0.10498984601367173","41.09806828799347","1","0.0","0.0","0.0"
"CURVE 1","0.08329764632282496","25.684667662409055","18.894330524269826","0.049751796437733205","0.10494582142995958","40.26007514694726","1","0.0","0.0","0.0"
"CURVE 1","0.08329764632282496","25.684667662409055","18.894330524269826","0.04982395476962796","0.10490154120459487","39.40667645944081","1","0.0","0.0","0.0"
"CURVE 1","0.08329764632282496","25.684667662409055","18.894330524269826","0.04989598791397626","0.10485700626278399","38.53877170507448","1","0.0","0.0","0.0"
"CURVE 1","0.08329764632282496","25.684667662409055","18.894330524269826","0.04996790562103043","0.1048122175297334","37.657270279059844","1","0.0","0.0","0.0"
"CURVE 1","0.08329764632282496","25.684667662409055","18.894330524269826","0.05003971764104283","0.1047671759306495","36.76308938089206","1","0.0","0.0","0.0"
"CURVE 1","0.08329764632282496","25.684667662409055","18.894330524269826","0.05011143372426578","0.10472188239073874","35.85715196916958","1","0.0","0.0","0.0"
"CURVE 1","0.08329764632282496","25.684667662409055","18.894330524269826","0.050183063620951644","0.10467633783520752","34.940384813615196","1","0.0","0.0","0.0"
"CURVE 1","0.08329764632282496","25.684667662409055","18.894330524269826","0.05025461708135274","0.10463054318926228","34.013716441014935","1","0.0","0.0","0.0"
"CURVE 1","0.08329764632282496","25.684667662409055","18.894330524269826","0.050326103855721394","0.10458449937810946","33.07807534638242","1","0.0","0.0","0.0"
"CURVE 1","0.08329764632282496","25.684667662409055","18.894330524269826","0.05039753369430997","0.10453820732695546","32.13438803475969","1","0.0","0.0","0.0"
"CURVE 1","0.08329764632282496","25.684667662409055","18.894330524269826","0.05046891634737081","0.10449166796100673","31.183577308006804","1","0.0","0.0","0.0"
"CURVE 1","0.08329764632282496","25.684667662409055","18.894330524269826","0.050540261565156244","0.10444488220546969","30.226560496441543","1","0.0","0.0","0.0"
"CURVE 1","0.08329764632282496","25.684667662409055","18.894330524269826","0.05061157909791861","0.10439785098555077","29.26424787382015","1","0.0","0.0","0.0"
"CURVE 1","0.08329764632282496","25.684667662409055","18.894330524269826","0.05068287869591025","0.10435057522645637","28.297540960641108","1","0.0","0.0","0.0"
"CURVE 1","0.08329764632282496","25.684667662409055","18.894330524269826","0.0507541701093835","0.10430305585339293","27.327331103246213","1","0.0","0.0","0.0"
"CURVE 1","0.08329764632282496","25.684667662409055","18.894330524269826","0.0508254630885907","0.10425529379156692","26.35449805300848","1","0.0","0.0","0.0"
"CURVE 1","0.08329764632282496","25.684667662409055","18.894330524269826","0.050896767383784194","0.1042072899661847","25.379908572450038","1","0.0","0.0","0.0"
"CURVE 1","0.08329764632282496","25.684667662409055","18.894330524269826","0.050968092745216326","0.10415904530245271","24.40441516760031","1","0.0","0.0","0.0"
"CURVE 1","0.08329764632282496","25.684667662409055","18.894330524269826","0.05103944892313942","0.10411056072557744","23.428854911685622","1","0.0","0.0","0.0"
"CURVE 1","0.08329764632282496","25.684667662409055","18.894330524269826","0.05111084566780583","0.10406183716076522","22.454048352580447","1","0.0","0.0","0.0"
"CURVE 1","0.08329764632282496","25.684667662409055","18.894330524269826","0.05118229272946789","0.10401287553322254","21.48079847340952","1","0.0","0.0","0.0"
"CURVE 1","0.08329764632282496","25.684667662409055","18.894330524269826","0.05125379985837794","0.10396367676815582","20.509889725440342","1","0.0","0.0","0.0"
"CURVE 1","0.08329764632282496","25.684667662409055","18.894330524269826","0.05132537680478831","0.10391424179077147","19.5420871771553","1","0.0","0.0","0.0"
"CURVE 1","0.08329764632282496","25.684667662409055","18.894330524269826","0.05139703331895136","0.10386457152627593","18.57813575943593","1","0.0","0.0","0.0"
"CURVE 1","0.08329764632282496","25.684667662409055","18.894330524269826","0.0514687791511194","0.10381466689987562","17.61875950121566","1","0.0","0.0","0.0"
"CURVE 1","0.08329764632282496","25.684667662409055","18.894330524269826","0.05154062405154478","0.10376452883677695","16.664660936048715","1","0.0","0.0","0.0"
"CURVE 1","0.08329764632282496","25.684667662409055","18.894330524269826","0.05161257777047987","0.10371415826218637","15.716520502816106","1","0.0","0.0","0.0"
"CURVE 1","0.08329764632282496","25.684667662409055","18.894330524269826","0.05168465005817697","0.1036635561013103","14.774996145269968","1","0.0","0.0","0.0"
"CURVE 1","0.08329764632282496","25.684667662409055","18.894330524269826","0.05175685066488845","0.10361272327935515","13.840722750970214","1","0.0","0.0","0.0"
"CURVE 1","0.08329764632282496","25.684667662409055","18.894330524269826","0.05182918934086662","0.10356166072152738","12.914311956642388","1","0.0","0.0","0.0"
"CURVE 1","0.08329764632282496","25.684667662409055","18.894330524269826","0.05190167583636383","0.10351036935303339","11.99635179158725","1","0.0","0.0","0.0"
"CURVE 1","0.08329764632282496","25.684667662409055","18.894330524269826","0.051974319901632426","0.10345885009907962","11.08740639627723","1","0.0","0.0","0.0"
"CURVE 1","0.08329764632282496","25.684667662409055","18.894330524269826","0.052047131286924744","0.1034071038848725","10.188016012327827","1","0.0","0.0","0.0"
"CURVE 1","0.08329764632282496","25.684667662409055","18.894330524269826","0.05212011974249312","0.10335513163561844","9.298696711129558","1","0.0","0.0","0.0"
"CURVE 1","0.08329764632282496","25.684667662409055","18.894330524269826","0.05219329501858991","0.10330293427652387","8.41994046497644","1","0.0","0.0","0.0"
"CURVE 1","0.08329764632282496","25.684667662409055","18.894330524269826","0.05226666686546743","0.10325051273279522","7.5522150959369885","1","0.0","0.0","0.0"
"CURVE 1","0.08329764632282496","25.684667662409055","18.894330524269826","0.05234024503337802","0.1031978679296389","6.695964353195735","1","0.0","0.0","0.0"
"CURVE 1","0.08329764632282496","25.684667662409055","18.894330524269826","0.05241403927257404","0.10314500079226138","5.851607959142172","1","0.0","0.0","0.0"
"CURVE 1","0.08329764632282496","25.684667662409055","18.894330524269826","0.05248805933330782","0.10309191224586906","5.019541847891906","1","0.0","0.0","0.0"
"CURVE 1","0.08329764632282496","25.684667662409055","18.894330524269826","0.052562314965831705","0.10303860321566834","4.200138210897504","1","0.0","0.0","0.0"
"CURVE 1","0.08329764632282496","25.684667662409055","18.894330524269826","0.05263681592039801","0.10298507462686567","3.3937458271873733","1","0.0","0.0","0.0"
"CURVE 1","0.08329764632282496","25.684667662409055","18.894330524269826","0.052711569966368416","0.1029313274639756","3.381268981619701","1","0.0","0.0","0.0"
"CURVE 1","0.08329764632282496","25.684667662409055","18.894330524269826","0.05278657694954185","0.10287736294874505","3.369244029602399","1","0.0","0.0","0.0"
"CURVE 1","0.08329764632282496","25.684667662409055","18.894330524269826","0.05286183473482654","0.10282318236222909","3.3576613157328374","1","0.0","0.0","0.0"
"CURVE 1","0.08329764632282496","25.684667662409055","18.894330524269826","0.052937341187130754","0.10276878698548275","3.3465115379262715","1","0.0","0.0","0.0"
"CURVE 1","0.08329764632282496","25.684667662409055","18.894330524269826","0.053013094171362726","0.1027141780995611","3.3357857228948298","1","0.0","0.0","0.0"
"CURVE 1","0.08329764632282496","25.684667662409055","18.894330524269826","0.05308909155243072","0.1026593569855192","3.3254752161871846","1","0.0","0.0","0.0"
"CURVE 1","0.08329764632282496","25.684667662409055","18.894330524269826","0.053165331195242964","0.10260432492441206","3.3155716788855383","1","0.0","0.0","0.0"
"CURVE 1","0.08329764632282496","25.684667662409055","18.894330524269826","0.05324181096470771","0.10254908319729478","3.306067060978449","1","0.0","0.0","0.0"
"CURVE 1","0.08329764632282496","25.684667662409055","18.894330524269826","0.053318528725733214","0.10249363308522239","3.2969536032853313","1","0.0","0.0","0.0"
"CURVE 1","0.08329764632282496","25.684667662409055","18.894330524269826","0.05339548234322771","0.10243797586924992","3.288223817818567","1","0.0","0.0","0.0"
"CURVE 1","0.08329764632282496","25.684667662409055","18.894330524269826","0.05347266968209947","0.10238211283043248","3.279870480290755","1","0.0","0.0","0.0"
"CURVE 1","0.08329764632282496","25.684667662409055","18.894330524269826","0.05355008860725669","0.10232604524982508","3.271886651575041","1","0.0","0.0","0.0"
"CURVE 1","0.08329764632282496","25.684667662409055","18.894330524269826","0.05362773698360766","0.1022697744084828","3.2642655900849538","1","0.0","0.0","0.0"
"CURVE 1","0.08329764632282496","25.684667662409055","18.894330524269826","0.05370561267606061","0.10221330158746066","3.2570008425153305","1","0.0","0.0","0.0"
"CURVE 1","0.08329764632282496","25.684667662409055","18.894330524269826","0.0537837135495238","0.1021566280678137","3.2500861571572712","1","0.0","0.0","0.0"
"CURVE 1","0.08329764632282496","25.684667662409055","18.894330524269826","0.05386203746890547","0.10209975513059702","3.243515503013801","1","0.0","0.0","0.0"
"CURVE 1","0.08329764632282496","25.684667662409055","18.894330524269826","0.053940582299113866","0.10204268405686565","3.2372830933926395","1","0.0","0.0","0.0"
"CURVE 1","0.08329764632282496","25.684667662409055","18.894330524269826","0.05401934590505722","0.10198541612767463","3.231383309786595","1","0.0","0.0","0.0"
"CURVE 1","0.08329764632282496","25.684667662409055","18.894330524269826","0.05409832615164382","0.10192795262407901","3.225810780837736","1","0.0","0.0","0.0"
"CURVE 1","0.08329764632282496","25.684667662409055","18.894330524269826","0.05417752090378187","0.10187029482713388","3.2205602900935757","1","0.0","0.0","0.0"
"CURVE 1","0.08329764632282496","25.684667662409055","18.894330524269826","0.054256928026379644","0.10181244401789426","3.215626830039547","1","0.0","0.0","0.0"
"CURVE 1","0.08329764632282496","25.684667662409055","18.894330524269826","0.05433654538434537","0.10175440147741517","3.2110055822377954","1","0.0","0.0","0.0"
"CURVE 1","0.08329764632282496","25.684667662409055","18.894330524269826","0.0544163708425873","0.10169616848675174","3.2066918847255113","1","0.0","0.0","0.0"
"CURVE 1","0.08329764632282496","25.684667662409055","18.894330524269826","0.05449640226601368","0.10163774632695896","3.2026812495988985","1","0.0","0.0","0.0"
"CURVE 1","0.08329764632282496","25.684667662409055","18.894330524269826","0.05457663751953277","0.10157913627909192","3.198969374833383","1","0.0","0.0","0.0"
"CURVE 1","0.08329764632282496","25.684667662409055","18.894330524269826","0.054657074468052805","0.10152033962420563","3.1955521016656045","1","0.0","0.0","0.0"
"CURVE 1","0.08329764632282496","25.684667662409055","18.894330524269826","0.054737710976482036","0.10146135764335518","3.1924254407088286","1","0.0","0.0","0.0"
"CURVE 1","0.08329764632282496","25.684667662409055","18.894330524269826","0.0548185449097287","0.1014021916175956","3.189585524829928","1","0.0","0.0","0.0"
"CURVE 1","0.08329764632282496","25.684667662409055","18.894330524269826","0.054899574132701065","0.10134284282798198","3.187028668605018","1","0.0","0.0","0.0"
"CURVE 1","0.08329764632282496","25.684667662409055","18.894330524269826","0.05498079651030734","0.10128331255556933","3.1847513166910573","1","0.0","0.0","0.0"
"CURVE 1","0.08329764632282496","25.684667662409055","18.894330524269826","0.05506220990745583","0.10122360208141269","3.182750042653207","1","0.0","0.0","0.0"
"CURVE 1","0.08329764632282496","25.684667662409055","18.894330524269826","0.05514381218905473","0.10116371268656715","3.1810215654023413","1","0.0","0.0","0.0"
"CURVE 1","0.08329764632282496","25.684667662409055","18.894330524269826","0.055225601220012306","0.10110364565208775","3.1795627291579747","1","0.0","0.0","0.0"
"CURVE 1","0.08329764632282496","25.684667662409055","18.894330524269826","0.055307574865236804","0.10104340225902954","3.178370505605213","1","0.0","0.0","0.0"
"CURVE 1","0.08329764632282496","25.684667662409055","18.894330524269826","0.05538973098963646","0.10098298378844757","3.177441998589203","1","0.0","0.0","0.0"
"CURVE 1","0.08329764632282496","25.684667662409055","18.894330524269826","0.055472067458119556","0.10092239152139691","3.176774404865486","1","0.0","0.0","0.0"
"CURVE 1","0.08329764632282496","25.684667662409055","18.894330524269826","0.055554582135594305","0.10086162673893259","3.1763650789489417","1","0.0","0.0","0.0"
"CURVE 1","0.08329764632282496","25.684667662409055","18.894330524269826","0.05563727288696896","0.10080069072210965","3.176211455672432","1","0.0","0.0","0.0"
"CURVE 1","0.08329764632282496","25.684667662409055","18.894330524269826","0.055720137577151774","0.10073958475198318","3.176311102361267","1","0.0","0.0","0.0"
"CURVE 1","0.08329764632282496","25.684667662409055","18.894330524269826","0.05580317407105099","0.10067831010960819","3.1766616732283617","1","0.0","0.0","0.0"
"CURVE 1","0.08329764632282496","25.684667662409055","18.894330524269826","0.05588638023357485","0.10061686807603977","3.1772609502548","1","0.0","0.0","0.0"
"CURVE 1","0.08329764632282496","25.684667662409055","18.894330524269826","0.055969753929631626","0.10055525993233294","3.178106797535698","1","0.0","0.0","0.0"
"CURVE 1","0.08329764632282496","25.684667662409055","18.894330524269826","0.05605329302412953","0.1004934869595428","3.179197198611123","1","0.0","0.0","0.0"
"CURVE 1","0.08329764632282496","25.684667662409055","18.894330524269826","0.056136995381976834","0.10043155043872433","3.180530226754528","1","0.0","0.0","0.0"
"CURVE 1","0.08329764632282496","25.684667662409055","18.894330524269826","0.05622085886808177","0.10036945165093264","3.182104051625673","1","0.0","0.0","0.0"
"CURVE 1","0.08329764632282496","25.684667662409055","18.894330524269826","0.05630488134735259","0.10030719187722276","3.1839169121444106","1","0.0","0.0","0.0"
"CURVE 1","0.08329764632282496","25.684667662409055","18.894330524269826","0.056389060684697546","0.10024477239864973","3.185967193513107","1","0.0","0.0","0.0"
"CURVE 1","0.08329764632282496","25.684667662409055","18.894330524269826","0.05647339474502488","0.10018219449626864","3.1882533112326805","1","0.0","0.0","0.0"
"CURVE 1","0.08329764632282496","25.684667662409055","18.894330524269826","0.05655788139324284","0.1001194594511345","3.19077381624195","1","0.0","0.0","0.0"
"CURVE 1","0.08329764632282496","25.684667662409055","18.894330524269826","0.056642518494259664","0.1000565685443024","3.193527309270309","1","0.0","0.0","0.0"
"CURVE 1","0.08329764632282496","25.684667662409055","18.894330524269826","0.056727303912983605","0.09999352305682736","3.196512504121039","1","0.0","0.0","0.0"
"CURVE 1","0.08329764632282496","25.684667662409055","18.894330524269826","0.05681223551432291","0.09993032426976445","3.1997281655305656","1","0.0","0.0","0.0"
"CURVE 1","0.08329764632282496","25.684667662409055","18.894330524269826","0.05689731116318583","0.0998669734641687","3.2031731750569863","1","0.0","0.0","0.0"
"CURVE 1","0.08329764632282496","25.684667662409055","18.894330524269826","0.056982528724480626","0.09980347192109519","3.2068464552319806","1","0.0","0.0","0.0"
"CURVE 1","0.08329764632282496","25.684667662409055","18.894330524269826","0.05706788606311551","0.09973982092159898","3.2107470368380273","1","0.0","0.0","0.0"
"CURVE 1","0.08329764632282496","25.684667662409055","18.894330524269826","0.05715338104399875","0.09967602174673507","3.2148740136104976","1","0.0","0.0","0.0"
"CURVE 1","0.08329764632282496","25.684667662409055","18.894330524269826","0.0572390115320386","0.09961207567755855","3.2192265568239127","1","0.0","0.0","0.0"
"CURVE 1","0.08329764632282496","25.684667662409055","18.894330524269826","0.057324775392143285","0.09954798399512446","3.2238039095092463","1","0.0","0.0","0.0"
"CURVE 1","0.08329764632282496","25.684667662409055","18.894330524269826","0.05741067048922106","0.09948374798048787","3.2286053912994763","1","0.0","0.0","0.0"
"CURVE 1","0.08329764632282496","25.684667662409055","18.894330524269826","0.05749669468818019","0.09941936891470379","3.2336303854418005","1","0.0","0.0","0.0"
"CURVE 1","0.08329764632282496","25.684667662409055","18.894330524269826","0.05758284585392889","0.09935484807882733","3.238878358606051","1","0.0","0.0","0.0"
"CURVE 1","0.08329764632282496","25.684667662409055","18.894330524269826","0.057669121851375446","0.09929018675391352","3.244348824781212","1","0.0","0.0","0.0"
"CURVE 1","0.08329764632282496","25.684667662409055","18.894330524269826","0.05775552054542807","0.0992253862210174","3.2500413948144335","1","0.0","0.0","0.0"
"CURVE 1","0.08329764632282496","25.684667662409055","18.894330524269826","0.057842039800995025","0.09916044776119402","3.255955726785504","1","0.0","0.0","0.0"
"CURVE 1","0.08329764632282496","25.684667662409055","18.894330524269826","0.057928677482984546","0.09909537265549843","3.2620915578150815","1","0.0","0.0","0.0"
"CURVE 1","0.08329764632282496","25.684667662409055","18.894330524269826","0.058015431456304896","0.09903016218498571","3.2684486640475","1","0.0","0.0","0.0"
"CURVE 1","0.08329764632282496","25.684667662409055","18.894330524269826","0.05810229958586432","0.09896481763071088","3.2750269308732416","1","0.0","0.0","0.0"
"CURVE 1","0.08329764632282496","25.684667662409055","18.894330524269826","0.05818927973657105","0.09889934027372903","3.2818262639461504","1","0.0","0.0","0.0"
"CURVE 1","0.08329764632282496","25.684667662409055","18.894330524269826","0.05827636977333335","0.09883373139509516","3.2888466673462027","1","0.0","0.0","0.0"
"CURVE 1","0.08329764632282496","25.684667662409055","18.894330524269826","0.058363567561059454","0.09876799227586434","3.296088183035648","1","0.0","0.0","0.0"
"CURVE 1","0.08329764632282496","25.684667662409055","18.894330524269826","0.05845087096465761","0.09870212419709164","3.3035509270376093","1","0.0","0.0","0.0"
"CURVE 1","0.08329764632282496","25.684667662409055","18.894330524269826","0.05853827784903606","0.09863612843983209","3.3112350870123435","1","0.0","0.0","0.0"
"CURVE 1","0.08329764632282496","25.684667662409055","18.894330524269826","0.05862578607910308","0.09857000628514076","3.3191408846715817","1","0.0","0.0","0.0"
"CURVE 1","0.08329764632282496","25.684667662409055","18.894330524269826","0.05871339351976689","0.0985037590140727","3.3272686283934605","1","0.0","0.0","0.0"
"CURVE 1","0.08329764632282496","25.684667662409055","18.894330524269826","0.05880109803593574","0.09843738790768296","3.3356186768765257","1","0.0","0.0","0.0"
"CURVE 1","0.08329764632282496","25.684667662409055","18.894330524269826","0.058888897492517876","0.09837089424702658","3.3441914351867044","1","0.0","0.0","0.0"
"CURVE 1","0.08329764632282496","25.684667662409055","18.894330524269826","0.05897678975442156","0.09830427931315865","3.3529874034982745","1","0.0","0.0","0.0"
"CURVE 1","0.08329764632282496","25.684667662409055","18.894330524269826","0.059064772686555016","0.09823754438713415","3.362007099956506","1","0.0","0.0","0.0"
"CURVE 1","0.08329764632282496","25.684667662409055","18.894330524269826","0.05915284415382651","0.09817069075000821","3.3712511397951985","1","0.0","0.0","0.0"
"CURVE 1","0.08329764632282496","25.684667662409055","18.894330524269826","0.059241002021144275","0.09810371968283582","3.3807201635582116","1","0.0","0.0","0.0"
"CURVE 1","0.08329764632282496","25.684667662409055","18.894330524269826","0.05932924415341657","0.09803663246667207","3.3904148970655257","1","0.0","0.0","0.0"
"CURVE 1","0.08329764632282496","25.684667662409055","18.894330524269826","0.05941756841555164","0.097969430382572","3.400336111489874","1","0.0","0.0","0.0"
"CURVE 1","0.08329764632282496","25.684667662409055","18.894330524269826","0.05950597267245772","0.09790211471159066","3.4104846449366497","1","0.0","0.0","0.0"
"CURVE 1","0.08329764632282496","25.684667662409055","18.894330524269826","0.05959445478904307","0.09783468673478311","3.4208613688187786","1","0.0","0.0","0.0"
"CURVE 1","0.08329764632282496","25.684667662409055","18.894330524269826","0.05968301263021593","0.0977671477332044","3.4314672449458583","1","0.0","0.0","0.0"
"CURVE 1","0.08329764632282496","25.684667662409055","18.894330524269826","0.059771644060884546","0.09769949898790957","3.4423032903118345","1","0.0","0.0","0.0"
"CURVE 1","0.08329764632282496","25.684667662409055","18.894330524269826","0.05986034694595717","0.09763174177995368","3.4533705642266805","1","0.0","0.0","0.0"
"CURVE 1","0.08329764632282496","25.684667662409055","18.894330524269826","0.059949119150342046","0.09756387739039178","3.464670172272153","1","0.0","0.0","0.0"
"CURVE 1","0.08329764632282496","25.684667662409055","18.894330524269826","0.060037958538947424","0.09749590710027893","3.476203313055007","1","0.0","0.0","0.0"
"CURVE 1","0.08329764632282496","25.684667662409055","18.894330524269826","0.06012686297668154","0.09742783219067018","3.4879712355170054","1","0.0","0.0","0.0"
"CURVE 1","0.08329764632282496","25.684667662409055","18.894330524269826","0.06021583032845264","0.09735965394262058","3.4999752247650058","1","0.0","0.0","0.0"
"CURVE 1","0.08329764632282496","25.684667662409055","18.894330524269826","0.060304858459169","0.09729137363718517","3.512216644422069","1","0.0","0.0","0.0"
"CURVE 1","0.08329764632282496","25.684667662409055","18.894330524269826","0.06039394523373883","0.097222992555419","3.5246969088944016","1","0.0","0.0","0.0"
"CURVE 1","0.08329764632282496","25.684667662409055","18.894330524269826","0.06048308851707041","0.09715451197837716","3.5374175039321956","1","0.0","0.0","0.0"
"CURVE 1","0.08329764632282496","25.684667662409055","18.894330524269826","0.06057228617407196","0.09708593318711467","3.5503799542259267","1","0.0","0.0","0.0"
"CURVE 1","0.08329764632282496","25.684667662409055","18.894330524269826","0.06066153606965174","0.09701725746268657","3.5635858626650987","1","0.0","0.0","0.0"
"CURVE 1","0.08329764632282496","25.684667662409055","18.894330524269826","0.060750836068718","0.09694848608614791","3.5770368804146435","1","0.0","0.0","0.0"
"CURVE 1","0.08329764632282496","25.684667662409055","18.894330524269826","0.06084018403617897","0.0968796203385538","3.590734735510798","1","0.0","0.0","0.0"
"CURVE 1","0.08329764632282496","25.684667662409055","18.894330524269826","0.06092957783694291","0.09681066150095924","3.6046811985334855","1","0.0","0.0","0.0"
"CURVE 1","0.08329764632282496","25.684667662409055","18.894330524269826","0.06101901533591807","0.09674161085441929","3.6188781030208026","1","0.0","0.0","0.0"
"CURVE 1","0.08329764632282496","25.684667662409055","18.894330524269826","0.06110849439801268","0.096672469679989","3.633327359661874","1","0.0","0.0","0.0"
"CURVE 1","0.08329764632282496","25.684667662409055","18.894330524269826","0.061198012888135006","0.09660323925872345","3.648030925142435","1","0.0","0.0","0.0"
"CURVE 1","0.08329764632282496","25.684667662409055","18.894330524269826","0.06128756867119329","0.09653392087167766","3.6629908281705164","1","0.0","0.0","0.0"
"CURVE 1","0.08329764632282496","25.684667662409055","18.894330524269826","0.06137715961209577","0.0964645157999067","3.678209159364557","1","0.0","0.0","0.0"
"CURVE 1","0.08329764632282496","25.684667662409055","18.894330524269826","0.0614667835757507","0.0963950253244656","3.6936880698366203","1","0.0","0.0","0.0"
"CURVE 1","0.08329764632282496","25.684667662409055","18.894330524269826","0.061556438427066325","0.09632545072640944","3.7094297805195366","1","0.0","0.0","0.0"
"CURVE 1","0.08329764632282496","25.684667662409055","18.894330524269826","0.06164612203095089","0.09625579328679325","3.725436572097561","1","0.0","0.0","0.0"
"CURVE 1","0.08329764632282496","25.684667662409055","18.894330524269826","0.06173583225231265","0.0961860542866721","3.7417107933362574","1","0.0","0.0","0.0"
"CURVE 1","0.08329764632282496","25.684667662409055","18.894330524269826","0.06182556695605984","0.09611623500710101","3.758254864054127","1","0.0","0.0","0.0"
"CURVE 1","0.08329764632282496","25.684667662409055","18.894330524269826","0.061915324007100724","0.09604633672913507","3.7750712572979515","1","0.0","0.0","0.0"
"CURVE 1","0.08329764632282496","25.684667662409055","18.894330524269826","0.06200510127034353","0.0959763607338293","3.7921625357580258","1","0.0","0.0","0.0"
"CURVE 1","0.08329764632282496","25.684667662409055","18.894330524269826","0.06209489661069652","0.09590630830223879","3.809531311842866","1","0.0","0.0","0.0"
"CURVE 1","0.08329764632282496","25.684667662409055","18.894330524269826","0.062184707893067924","0.09583618071541856","3.8271802801804897","1","0.0","0.0","0.0"
"CURVE 1","0.08329764632282496","25.684667662409055","18.894330524269826","0.06227453298236601","0.09576597925442368","3.8451121938707007","1","0.0","0.0","0.0"
"CURVE 1","0.08329764632282496","25.684667662409055","18.894330524269826","0.06236436974349901","0.09569570520030918","3.863329888865876","1","0.0","0.0","0.0"
"CURVE 1","0.08329764632282496","25.684667662409055","18.894330524269826","0.06245421604137516","0.09562535983413012","3.881836277050643","1","0.0","0.0","0.0"
"CURVE 1","0.08329764632282496","25.684667662409055","18.894330524269826","0.06254406974090274","0.09555494443694156","3.9006343264223284","1","0.0","0.0","0.0"
"CURVE 1","0.08329764632282496","25.684667662409055","18.894330524269826","0.06263392870698996","0.09548446028979857","3.919727091008374","1","0.0","0.0","0.0"
"CURVE 1","0.08329764632282496","25.684667662409055","18.894330524269826","0.06272379080454508","0.09541390867375615","3.939117707892674","1","0.0","0.0","0.0"
"CURVE 1","0.08329764632282496","25.684667662409055","18.894330524269826","0.06281365389847637","0.09534329086986941","3.9588093602806382","1","0.0","0.0","0.0"
"CURVE 1","0.08329764632282496","25.684667662409055","18.894330524269826","0.06290351585369205","0.09527260815919338","3.9788053469360753","1","0.0","0.0","0.0"
"CURVE 1","0.08329764632282496","25.684667662409055","18.894330524269826","0.06299337453510039","0.09520186182278306","3.9991090374773752","1","0.0","0.0","0.0"
"CURVE 1","0.08329764632282496","25.684667662409055","18.894330524269826","0.06308322780760961","0.09513105314169357","4.019723856988534","1","0.0","0.0","0.0"
"CURVE 1","0.08329764632282496","25.684667662409055","18.894330524269826","0.06317307353612796","0.09506018339697996","4.040653332929745","1","0.0","0.0","0.0"
"CURVE 1","0.08329764632282496","25.684667662409055","18.894330524269826","0.0632629095855637","0.09498925386969725","4.061901070973019","1","0.0","0.0","0.0"
"CURVE 1","0.08329764632282496","25.684667662409055","18.894330524269826","0.06335273382082508","0.09491826584090049","4.083470771330811","1","0.0","0.0","0.0"
"CURVE 1","0.08329764632282496","25.684667662409055","18.894330524269826","0.06344254410682033","0.09484722059164474","4.1053662009219565","1","0.0","0.0","0.0"
"CURVE 1","0.08329764632282496","25.684667662409055","18.894330524269826","0.06353233830845771","0.09477611940298508","4.127591218327051","1","0.0","0.0","0.0"
"CURVE 1","0.08329764632282496","25.684667662409055","18.894330524269826","0.06362211490744975","0.09470496374576245","3.9069183993337835","1","0.0","0.0","0.0"
"CURVE 1","0.08329764632282496","25.684667662409055","18.894330524269826","0.06371187485272611","0.09463375584996161","3.6864674593838345","1","0.0","0.0","0.0"
"CURVE 1","0.08329764632282496","25.684667662409055","18.894330524269826","0.06380161971002075","0.0945624981353532","3.4662341281486544","1","0.0","0.0","0.0"
"CURVE 1","0.08329764632282496","25.684667662409055","18.894330524269826","0.06389135104506763","0.09449119302170786","3.246214072035467","1","0.0","0.0","0.0"
"CURVE 1","0.08329764632282496","25.684667662409055","18.894330524269826","0.06398107042360068","0.09441984292879625","3.0264028611645912","1","0.0","0.0","0.0"
"CURVE 1","0.08329764632282496","25.684667662409055","18.894330524269826","0.06407077941135388","0.09434845027638905","2.8067959953113966","1","0.0","0.0","0.0"
"CURVE 1","0.08329764632282496","25.684667662409055","18.894330524269826","0.06416047957406115","0.09427701748425688","2.587388876466672","1","0.0","0.0","0.0"
"CURVE 1","0.08329764632282496","25.684667662409055","18.894330524269826","0.06425017247745647","0.0942055469721704","2.3681768739573004","1","0.0","0.0","0.0"
"CURVE 1","0.08329764632282496","25.684667662409055","18.894330524269826","0.06433985968727379","0.09413404115990028","2.1491552501553755","1","0.0","0.0","0.0"
"CURVE 1","0.08329764632282496","25.684667662409055","18.894330524269826","0.06442954276924703","0.09406250246721715","1.9303192501300634","1","0.0","0.0","0.0"
"CURVE 1","0.08329764632282496","25.684667662409055","18.894330524269826","0.0645192232891102","0.09399093331389166","1.711664045563282","1","0.0","0.0","0.0"
"CURVE 1","0.08329764632282496","25.684667662409055","18.894330524269826","0.06460890281259718","0.0939193361196945","1.4931847740141715","1","0.0","0.0","0.0"
"CURVE 1","0.08329764632282496","25.684667662409055","18.894330524269826","0.06469858290544198","0.09384771330439629","1.2748765263284854","1","0.0","0.0","0.0"
"CURVE 1","0.08329764632282496","25.684667662409055","18.894330524269826","0.06478826513337853","0.09377606728776769","1.0567343863848722","1","0.0","0.0","0.0"
"CURVE 1","0.08329764632282496","25.684667662409055","18.894330524269826","0.06487795106214078","0.09370440048957937","0.8387533740780324","1","0.0","0.0","0.0"
"CURVE 1","0.08329764632282496","25.684667662409055","18.894330524269826","0.0649676422574627","0.09363271532960198","0.6209285227206541","1","0.0","0.0","0.0"
"CURVE 1","0.08329764632282496","25.684667662409055","18.894330524269826","0.06505734028507823","0.09356101422760617","0.40325483033890297","1","0.0","0.0","0.0"
"CURVE 1","0.08329764632282496","25.684667662409055","18.894330524269826","0.06514704671072132","0.09348929960336257","0.18572729622930098","1","0.0","0.0","0.0"
"CURVE 1","0.08329764632282496","25.684667662409055","18.894330524269826","0.06523676310012591","0.09341757387664186","0.031659083592765445","-1","0.0","0.0","0.0"
"CURVE 1","0.08329764632282496","25.684667662409055","18.894330524269826","0.06532649101902596","0.09334583946721468","0.24890930457400454","-1","0.0","0.0","0.0"
"CURVE 1","0.08329764632282496","25.684667662409055","18.894330524269826","0.06541623203315544","0.09327409879485173","0.4660283586415574","-1","0.0","0.0","0.0"
"CURVE 1","0.08329764632282496","25.684667662409055","18.894330524269826","0.06550598770824831","0.0932023542793236","0.6830212356831006","-1","0.0","0.0","0.0"
"CURVE 1","0.08329764632282496","25.684667662409055","18.894330524269826","0.0655957596100385","0.09313060834040096","0.8998928811921929","-1","0.0","0.0","0.0"
"CURVE 1","0.08329764632282496","25.684667662409055","18.894330524269826","0.06568554930425995","0.09305886339785446","1.1166482018878139","-1","0.0","0.0","0.0"
"CURVE 1","0.08329764632282496","25.684667662409055","18.894330524269826","0.06577535835664665","0.09298712187145479","1.3332921228939076","-1","0.0","0.0","0.0"
"CURVE 1","0.08329764632282496","25.684667662409055","18.894330524269826","0.06586518833293252","0.09291538618097256","1.5498294822613965","-1","0.0","0.0","0.0"
"CURVE 1","0.08329764632282496","25.684667662409055","18.894330524269826","0.06595504079885153","0.09284365874617845","1.7662650977381444","-1","0.0","0.0","0.0"
"CURVE 1","0.08329764632282496","25.684667662409055","18.894330524269826","0.06604491732013762","0.09277194198684312","1.9826037336235645","-1","0.0","0.0","0.0"
"CURVE 1","0.08329764632282496","25.684667662409055","18.894330524269826","0.06613481946252474","0.09270023832273719","2.1988500871229655","-1","0.0","0.0","0.0"
"CURVE 1","0.08329764632282496","25.684667662409055","18.894330524269826","0.06622474879174685","0.09262855017363134","2.415008819053063","-1","0.0","0.0","0.0"
"CURVE 1","0.08329764632282496","25.684667662409055","18.894330524269826","0.0663147068735379","0.09255687995929622","2.6310844904970674","-1","0.0","0.0","0.0"
"CURVE 1","0.08329764632282496","25.684667662409055","18.894330524269826","0.06640469527363187","0.09248523009950248","2.847081609052489","-1","0.0","0.0","0.0"
"CURVE 1","0.08329764632282496","25.684667662409055","18.894330524269826","0.06649471555776265","0.09241360301402077","3.063004602948276","-1","0.0","0.0","0.0"
"CURVE 1","0.08329764632282496","25.684667662409055","18.894330524269826","0.06658476929166426","0.09234200112262173","3.278857817427346","-1","0.0","0.0","0.0"
"CURVE 1","0.08329764632282496","25.684667662409055","18.894330524269826","0.0666748580410706","0.09227042684507607","3.494645492847587","-1","0.0","0.0","0.0"
"CURVE 1","0.08329764632282496","25.684667662409055","18.894330524269826","0.06676498337171566","0.09219888260115437","3.710371800533612","-1","0.0","0.0","0.0"
"CURVE 1","0.08329764632282496","25.684667662409055","18.894330524269826","0.06685514684933337","0.09212737081062733","3.9260407887528066","-1","0.0","0.0","0.0"
"CURVE 1","0.08329764632282496","25.684667662409055","18.894330524269826","0.06694535003965768","0.09205589389326559","4.14165638620586","-1","0.0","0.0","0.0"
"CURVE 1","0.08329764632282496","25.684667662409055","18.894330524269826","0.06703559450842254","0.09198445426883982","4.357222451477464","-1","0.0","0.0","0.0"
"CURVE 1","0.08329764632282496","25.684667662409055","18.894330524269826","0.06712588182136196","0.09191305435712063","4.5727426925861705","-1","0.0","0.0","0.0"
"CURVE 1","0.08329764632282496","25.684667662409055","18.894330524269826","0.06721621354420981","0.0918416965778787","4.788220696757382","-1","0.0","0.0","0.0"
"CURVE 1","0.08329764632282496","25.684667662409055","18.894330524269826","0.06730659124270008","0.09177038335088472","5.0036599262858745","-1","0.0","0.0","0.0"
"CURVE 1","0.08329764632282496","25.684667662409055","18.894330524269826","0.06739701648256673","0.09169911709590929","5.219063712239712","-1","0.0","0.0","0.0"
"CURVE 1","0.08329764632282496","25.684667662409055","18.894330524269826","0.06748749082954371","0.09162790023272308","5.434435227387997","-1","0.0","0.0","0.0"
"CURVE 1","0.08329764632282496","25.684667662409055","18.894330524269826","0.06757801584936493","0.09155673518109675","5.649777508744777","-1","0.0","0.0","0.0"
"CURVE 1","0.08329764632282496","25.684667662409055","18.894330524269826","0.0676685931077644","0.09148562436080096","5.865093456145179","-1","0.0","0.0","0.0"
"CURVE 1","0.08329764632282496","25.684667662409055","18.894330524269826","0.06775922417047604","0.09141457019160634","6.080385777742252","-1","0.0","0.0","0.0"
"CURVE 1","0.08329764632282496","25.684667662409055","18.894330524269826","0.06784991060323384","0.09134357509328356","6.295657034911899","-1","0.0","0.0","0.0"
"CURVE 1","0.08329764632282496","25.684667662409055","18.894330524269826","0.0679406539717717","0.09127264148560328","6.51090962133481","-1","0.0","0.0","0.0"
"CURVE 1","0.08329764632282496","25.684667662409055","18.894330524269826","0.0680314558418236","0.09120177178833612","6.726145742157583","-1","0.0","0.0","0.0"
"CURVE 1","0.08329764632282496","25.684667662409055","18.894330524269826","0.06812231777912348","0.09113096842125278","6.9413674373000385","-1","0.0","0.0","0.0"
"CURVE 1","0.08329764632282496","25.684667662409055","18.894330524269826","0.06821324134940533","0.09106023380412388","7.156576538522781","-1","0.0","0.0","0.0"
"CURVE 1","0.08329764632282496","25.684667662409055","18.894330524269826","0.06830422811840305","0.09098957035672009","7.371774703012942","-1","0.0","0.0","0.0"
"CURVE 1","0.08329764632282496","25.684667662409055","18.894330524269826","0.06839527965185063","0.09091898049881206","7.586963376194655","-1","0.0","0.0","0.0"
"CURVE 1","0.08329764632282496","25.684667662409055","18.894330524269826","0.068486397515482","0.09084846665017045","7.802143797483825","-1","0.0","0.0","0.0"
"CURVE 1","0.08329764632282496","25.684667662409055","18.894330524269826","0.06857758327503112","0.09077803123056591","8.01731700928183","-1","0.0","0.0","0.0"
"CURVE 1","0.08329764632282496","25.684667662409055","18.894330524269826","0.06866883849623193","0.09070767665976906","8.232483814709887","-1","0.0","0.0","0.0"
"CURVE 1","0.08329764632282496","25.684667662409055","18.894330524269826","0.06876016474481841","0.0906374053575506","8.447644812265832","-1","0.0","0.0","0.0"
"CURVE 1","0.08329764632282496","25.684667662409055","18.894330524269826","0.06885156358652447","0.09056721974368118","8.662800363462152","-1","0.0","0.0","0.0"
"CURVE 1","0.08329764632282496","25.684667662409055","18.894330524269826","0.06894303658708413","0.09049712223793142","8.87795058429853","-1","0.0","0.0","0.0"
"CURVE 1","0.08329764632282496","25.684667662409055","18.894330524269826","0.06903458531223128","0.09042711526007201","9.093095379007616","-1","0.0","0.0","0.0"
"CURVE 1","0.08329764632282496","25.684667662409055","18.894330524269826","0.0691262113276999","0.09035720122987356","9.308234364231216","-1","0.0","0.0","0.0"
"CURVE 1","0.08329764632282496","25.684667662409055","18.894330524269826","0.06921791619922393","0.09028738256710678","9.523366947078417","-1","0.0","0.0","0.0"
"CURVE 1","0.08329764632282496","25.684667662409055","18.894330524269826","0.06930970149253733","0.09021766169154227","9.738492240739404","-1","0.0","0.0","0.0"
"CURVE 1","0.08329764632282496","25.684667662409055","18.894330524269826","0.06940156877337404","0.09014804102295072","9.953609118859104","-1","0.0","0.0","0.0"
"CURVE 1","0.08329764632282496","25.684667662409055","18.894330524269826","0.06949351960746805","0.09007852298110276","10.168716160804129","-1","0.0","0.0","0.0"
"CURVE 1","0.08329764632282496","25.684667662409055","18.894330524269826","0.06958555556055325","0.09000910998576907","10.383811685503787","-1","0.0","0.0","0.0"
"CURVE 1","0.08329764632282496","25.684667662409055","18.894330524269826","0.06967767819836367","0.08993980445672028","10.598893736462392","-1","0.0","0.0","0.0"
"CURVE 1","0.08329764632282496","25.684667662409055","18.894330524269826","0.0697698890866332","0.08987060881372706","10.813960043402982","-1","0.0","0.0","0.0"
"CURVE 1","0.08329764632282496","25.684667662409055","18.894330524269826","0.06986218979109582","0.08980152547656005","11.029008069781565","-1","0.0","0.0","0.0"
"CURVE 1","0.08329764632282496","25.684667662409055","18.894330524269826","0.06995458187748545","0.0897325568649899","11.244034956019265","-1","0.0","0.0","0.0"
"CURVE 1","0.08329764632282496","25.684667662409055","18.894330524269826","0.07004706691153609","0.0896637053987873","11.459037541575514","-1","0.0","0.0","0.0"
"CURVE 1","0.08329764632282496","25.684667662409055","18.894330524269826","0.07013964645898166","0.08959497349772286","11.674012367670361","-1","0.0","0.0","0.0"
"CURVE 1","0.08329764632282496","25.684667662409055","18.894330524269826","0.07023232208555612","0.08952636358156725","11.888955644499761","-1","0.0","0.0","0.0"
"CURVE 1","0.08329764632282496","25.684667662409055","18.894330524269826","0.07032509535699343","0.08945787807009115","12.103863259456379","-1","0.0","0.0","0.0"
"CURVE 1","0.08329764632282496","25.684667662409055","18.894330524269826","0.07041796783902754","0.08938951938306514","12.318730779939644","-1","0.0","0.0","0.0"
"CURVE 1","0.08329764632282496","25.684667662409055","18.894330524269826","0.0705109410973924","0.08932128994025994","12.533553421578027","-1","0.0","0.0","0.0"
"CURVE 1","0.08329764632282496","25.684667662409055","18.894330524269826","0.07060401669782193","0.08925319216144618","12.748326081533127","-1","0.0","0.0","0.0"
"CURVE 1","0.08329764632282496","25.684667662409055","18.894330524269826","0.07069719620605014","0.08918522846639454","12.963043290396229","-1","0.0","0.0","0.0"
"CURVE 1","0.08329764632282496","25.684667662409055","18.894330524269826","0.07079048118781095","0.08911740127487562","13.177699230769887","-1","0.0","0.0","0.0"
"CURVE 1","0.08329764632282496","25.684667662409055","18.894330524269826","0.07088387320883834","0.08904971300666012","13.392287724240191","-1","0.0","0.0","0.0"
"CURVE 1","0.08329764632282496","25.684667662409055","18.894330524269826","0.07097737383486621","0.08898216608151867","13.606802267427026","-1","0.0","0.0","0.0"
"CURVE 1","0.08329764632282496","25.684667662409055","18.894330524269826","0.07107098463162856","0.08891476291922194","13.82123592330566","-1","0.0","0.0","0.0"
"CURVE 1","0.08329764632282496","25.684667662409055","18.894330524269826","0.07116470716485931","0.08884750593954058","14.035581424868605","-1","0.0","0.0","0.0"
"CURVE 1","0.08329764632282496","25.684667662409055","18.894330524269826","0.07125854300029243","0.08878039756224523","14.249831117662803","-1","0.0","0.0","0.0"
"CURVE 1","0.08329764632282496","25.684667662409055","18.894330524269826","0.07135249370366187","0.08871344020710654","14.463976945045124","-1","0.0","0.0","0.0"
"CURVE 1","0.08329764632282496","25.684667662409055","18.894330524269826","0.07144656084070158","0.0886466362938952","14.678010480016667","-1","0.0","0.0","0.0"
"CURVE 1","0.08329764632282496","25.684667662409055","18.894330524269826","0.07154074597714553","0.08857998824238184","14.8919229135013","-1","0.0","0.0","0.0"
"CURVE 1","0.08329764632282496","25.684667662409055","18.894330524269826","0.07163505067872765","0.0885134984723371","15.105704992438472","-1","0.0","0.0","0.0"
"CURVE 1","0.08329764632282496","25.684667662409055","18.894330524269826","0.0717294765111819","0.08844716940353164","15.319347093888883","-1","0.0","0.0","0.0"
"CURVE 1","0.08329764632282496","25.684667662409055","18.894330524269826","0.07182402504024224","0.08838100345573614","15.532839167244767","-1","0.0","0.0","0.0"
"CURVE 1","0.08329764632282496","25.684667662409055","18.894330524269826","0.07191869783164259","0.08831500304872122","15.746170768509561","-1","0.0","0.0","0.0"
"CURVE 1","0.08329764632282496","25.684667662409055","18.894330524269826","0.07201349645111692","0.08824917060225758","15.959331012611981","-1","0.0","0.0","0.0"
"CURVE 1","0.08329764632282496","25.684667662409055","18.894330524269826","0.0721084224643992","0.08818350853611581","16.172308585027828","-1","0.0","0.0","0.0"
"CURVE 1","0.08329764632282496","25.684667662409055","18.894330524269826","0.07220347743722337","0.0881180192700666","16.385091777969254","-1","0.0","0.0","0.0"
"CURVE 1","0.08329764632282496","25.684667662409055","18.894330524269826","0.07229866293532339","0.08805270522388059","16.597668412047415","-1","0.0","0.0","0.0"
"CURVE 1","0.08329764632282496","25.684667662409055","18.894330524269826","0.0723939805244332","0.08798756881732846","16.810025896650973","-1","0.0","0.0","0.0"
"CURVE 1","0.08329764632282496","25.684667662409055","18.894330524269826","0.07248943177028676","0.08792261247018082","17.02215120363832","-1","0.0","0.0","0.0"
"CURVE 1","0.08329764632282496","25.684667662409055","18.894330524269826","0.072585018238618","0.08785783860220837","17.23403083854153","-1","0.0","0.0","0.0"
"CURVE 1","0.08329764632282496","25.684667662409055","18.894330524269826","0.07268074149516092","0.08779324963318175","17.44565086970435","-1","0.0","0.0","0.0"
"CURVE 1","0.08329764632282496","25.684667662409055","18.894330524269826","0.07277660310564943","0.0877288479828716","17.65699692155742","-1","0.0","0.0","0.0"
"CURVE 1","0.08329764632282496","25.684667662409055","18.894330524269826","0.0728726046358175","0.08766463607104856","17.868054158157033","-1","0.0","0.0","0.0"
"CURVE 1","0.08329764632282496","25.684667662409055","18.894330524269826","0.07296874765139907","0.08760061631748331","18.07880728638027","-1","0.0","0.0","0.0"
"CURVE 1","0.08329764632282496","25.684667662409055","18.894330524269826","0.07306503371812811","0.08753679114194651","18.2892405620962","-1","0.0","0.0","0.0"
"CURVE 1","0.08329764632282496","25.684667662409055","18.894330524269826","0.07316146440173855","0.0874731629642088","18.499337754779695","-1","0.0","0.0","0.0"
"CURVE 1","0.08329764632282496","25.684667662409055","18.894330524269826","0.07325804126796437","0.08740973420404083","18.70908219887969","-1","0.0","0.0","0.0"
"CURVE 1","0.08329764632282496","25.684667662409055","18.894330524269826","0.07335476588253952","0.08734650728121325","18.918456743189363","-1","0.0","0.0","0.0"
"CURVE 1","0.08329764632282496","25.684667662409055","18.894330524269826","0.07345163981119791","0.08728348461549672","19.127443761991845","-1","0.0","0.0","0.0"
"CURVE 1","0.08329764632282496","25.684667662409055","18.894330524269826","0.07354866461967353","0.0872206686266619","19.336025179780375","-1","0.0","0.0","0.0"
"CURVE 1","0.08329764632282496","25.684667662409055","18.894330524269826","0.07364584187370034","0.08715806173447944","19.544182435413422","-1","0.0","0.0","0.0"
"CURVE 1","0.08329764632282496","25.684667662409055","18.894330524269826","0.07374317313901227","0.08709566635872","19.751896495864884","-1","0.0","0.0","0.0"
"CURVE 1","0.08329764632282496","25.684667662409055","18.894330524269826","0.07384065998134329","0.08703348491915422","19.959147852527053","-1","0.0","0.0","0.0"
"CURVE 1","0.08329764632282496","25.684667662409055","18.894330524269826","0.07393830396642732","0.08697151983555276","20.165916526981952","-1","0.0","0.0","0.0"
"CURVE 1","0.08329764632282496","25.684667662409055","18.894330524269826","0.07403610665999835","0.08690977352768627","20.372182069540298","-1","0.0","0.0","0.0"
"CURVE 1","0.08329764632282496","25.684667662409055","18.894330524269826","0.07413406962779032","0.0868482484153254","20.577923533577604","-1","0.0","0.0","0.0"
"CURVE 1","0.08329764632282496","25.684667662409055","18.894330524269826","0.07423219443553716","0.08678694691824082","20.78311953807796","-1","0.0","0.0","0.0"
"CURVE 1","0.08329764632282496","25.684667662409055","18.894330524269826","0.07433048264897286","0.08672587145620317","20.987748187353642","-1","0.0","0.0","0.0"
"CURVE 1","0.08329764632282496","25.684667662409055","18.894330524269826","0.07442893583383134","0.08666502444898311","21.19178713130174","-1","0.0","0.0","0.0"
"CURVE 1","0.08329764632282496","25.684667662409055","18.894330524269826","0.07452755555584656","0.08660440831635129","21.39521355077186","-1","0.0","0.0","0.0"
"CURVE 1","0.08329764632282496","25.684667662409055","18.894330524269826","0.07462634338075248","0.08654402547807835","21.59800415791014","-1","0.0","0.0","0.0"
"CURVE 1","0.08329764632282496","25.684667662409055","18.894330524269826","0.07472530087428307","0.08648387835393498","21.800135181074477","-1","0.0","0.0","0.0"
"CURVE 1","0.08329764632282496","25.684667662409055","18.894330524269826","0.07482442960217224","0.08642396936369182","22.001582417785777","-1","0.0","0.0","0.0"
"CURVE 1","0.08329764632282496","25.684667662409055","18.894330524269826","0.07492373113015398","0.08636430092711947","22.202321160005837","-1","0.0","0.0","0.0"
"CURVE 1","0.08329764632282496","25.684667662409055","18.894330524269826","0.07502320702396222","0.08630487546398866","22.402326270241556","-1","0.0","0.0","0.0"
"CURVE 1","0.08329764632282496","25.684667662409055","18.894330524269826","0.07512285884933093","0.08624569539407","22.601572147534032","-1","0.0","0.0","0.0"
"CURVE 1","0.08329764632282496","25.684667662409055","18.894330524269826","0.07522268817199404","0.08618676313713414","22.80003274860111","-1","0.0","0.0","0.0"
"CURVE 1","0.08329764632282496","25.684667662409055","18.894330524269826","0.07532269655768552","0.08612808111295178","22.997681566648673","-1","0.0","0.0","0.0"
"CURVE 1","0.08329764632282496","25.684667662409055","18.894330524269826","0.0754228855721393","0.08606965174129352","23.194491664323607","-1","0.0","0.0","0.0"
"CURVE 1","0.08329764632282496","25.684667662409055","18.894330524269826","0.07552326026840589","0.08601147869926186","24.649942469715025","-1","0.0","0.0","0.0"
"CURVE 1","0.08329764632282496","25.684667662409055","18.894330524269826","0.07562383964880189","0.08595357069328649","26.0896784487508","-1","0.0","0.0","0.0"
"CURVE 1","0.08329764632282496","25.684667662409055","18.894330524269826","0.07572464620296042","0.08589593768712891","27.51188718621568","-1","0.0","0.0","0.0"
"CURVE 1","0.08329764632282496","25.684667662409055","18.894330524269826","0.0758257024205146","0.08583858964455067","28.914761498173434","-1","0.0","0.0","0.0"
"CURVE 1","0.08329764632282496","25.684667662409055","18.894330524269826","0.07592703079109761","0.08578153652931327","30.29650352067704","-1","0.0","0.0","0.0"
"CURVE 1","0.08329764632282496","25.684667662409055","18.894330524269826","0.07602865380434255","0.0857247883051782","31.65532898089781","-1","0.0","0.0","0.0"
"CURVE 1","0.08329764632282496","25.684667662409055","18.894330524269826","0.07613059394988256","0.08566835493590699","32.98947170785389","-1","0.0","0.0","0.0"
"CURVE 1","0.08329764632282496","25.684667662409055","18.894330524269826","0.07623287371735074","0.08561224638526119","34.29718826953649","-1","0.0","0.0","0.0"
"CURVE 1","0.08329764632282496","25.684667662409055","18.894330524269826","0.07633551559638027","0.08555647261700228","35.57676282168408","-1","0.0","0.0","0.0"
"CURVE 1","0.08329764632282496","25.684667662409055","18.894330524269826","0.07643854207660428","0.08550104359489175","36.82651204167317","-1","0.0","0.0","0.0"
"CURVE 1","0.08329764632282496","25.684667662409055","18.894330524269826","0.07654197564765587","0.08544596928269116","38.04479024199596","-1","0.0","0.0","0.0"
"CURVE 1","0.08329764632282496","25.684667662409055","18.894330524269826","0.07664583879916823","0.085391259644162","39.22999454149693","-1","0.0","0.0","0.0"
"CURVE 1","0.08329764632282496","25.684667662409055","18.894330524269826","0.07675015402077442","0.08533692464306579","40.38057007216843","-1","0.0","0.0","0.0"
"CURVE 1","0.08329764632282496","25.684667662409055","18.894330524269826","0.07685494380210761","0.08528297424316407","41.495015290818785","-1","0.0","0.0","0.0"
"CURVE 1","0.08329764632282496","25.684667662409055","18.894330524269826","0.07696023063280095","0.08522941840821831","42.57188724624664","-1","0.0","0.0","0.0"
"CURVE 1","0.08329764632282496","25.684667662409055","18.894330524269826","0.07706603700248756","0.08517626710199006","43.60980679252694","-1","0.0","0.0","0.0"
"CURVE 1","0.08329764632282496","25.684667662409055","18.894330524269826","0.07717238540080056","0.08512353028824081","44.60746377199202","-1","0.0","0.0","0.0"
"CURVE 1","0.08329764632282496","25.684667662409055","18.894330524269826","0.07727929831737308","0.08507121793073208","45.563622058396675","-1","0.0","0.0","0.0"
"CURVE 1","0.08329764632282496","25.684667662409055","18.894330524269826","0.07738679824183828","0.0850193399932254","46.477124411526916","-1","0.0","0.0","0.0"
"CURVE 1","0.08329764632282496","25.684667662409055","18.894330524269826","0.07749490766382928","0.08496790643948228","47.34689721598257","-1","0.0","0.0","0.0"
"CURVE 1","0.08329764632282496","25.684667662409055","18.894330524269826","0.07760364907297922","0.08491692723326423","48.17195490257069","-1","0.0","0.0","0.0"
"CURVE 1","0.08329764632282496","25.684667662409055","18.894330524269826","0.07771304495892119","0.08486641233833277","48.95140412183336","-1","0.0","0.0","0.0"
"CURVE 1","0.08329764632282496","25.684667662409055","18.894330524269826","0.0778231178112884","0.08481637171844938","49.684447621513996","-1","0.0","0.0","0.0"
"CURVE 1","0.08329764632282496","25.684667662409055","18.894330524269826","0.07793389011971392","0.08476681533737564","50.37038771093583","-1","0.0","0.0","0.0"
"CURVE 1","0.08329764632282496","25.684667662409055","18.894330524269826","0.07804538437383092","0.084717753158873","51.00862937050833","-1","0.0","0.0","0.0"
"CURVE 1","0.08329764632282496","25.684667662409055","18.894330524269826","0.0781576230632725","0.08466919514670303","51.59868294312027","-1","0.0","0.0","0.0"
"CURVE 1","0.08329764632282496","25.684667662409055","18.894330524269826","0.07827062867767183","0.0846211512646272","52.14016628395024","-1","0.0","0.0","0.0"
"CURVE 1","0.08329764632282496","25.684667662409055","18.894330524269826","0.078384423706662","0.08457363147640705","52.63280656059437","-1","0.0","0.0","0.0"
"CURVE 1","0.08329764632282496","25.684667662409055","18.894330524269826","0.07849903063987619","0.08452664574580408","53.07644138671343","-1","0.0","0.0","0.0"
"CURVE 1","0.08329764632282496","25.684667662409055","18.894330524269826","0.0786144719669475","0.08448020403657981","53.471019563249016","-1","0.0","0.0","0.0"
"CURVE 1","0.08329764632282496","25.684667662409055","18.894330524269826","0.07873077017750905","0.08443431631249576","53.816601192024066","-1","0.0","0.0","0.0"
"CURVE 1","0.08329764632282496","25.684667662409055","18.894330524269826","0.07884794776119404","0.08438899253731344","54.11335723596873","-1","0.0","0.0","0.0"
"CURVE 1","0.08329764632282496","25.684667662409055","18.894330524269826","0.07896602720763554","0.08434424267479437","54.36156862114989","-1","0.0","0.0","0.0"
"CURVE 1","0.08329764632282496","25.684667662409055","18.894330524269826","0.07908503100646669","0.08430007668870007","54.561624635427854","-1","0.0","0.0","0.0"
"CURVE 1","0.08329764632282496","25.684667662409055","18.894330524269826","0.07920498164732064","0.08425650454279203","54.71402090876588","-1","0.0","0.0","0.0"
"CURVE 1","0.08329764632282496","25.684667662409055","18.894330524269826","0.07932590161983054","0.0842135362008318","54.819356803097556","-1","0.0","0.0","0.0"
"CURVE 1","0.08329764632282496","25.684667662409055","18.894330524269826","0.0794478134136295","0.08417118162658087","54.878332276170184","-1","0.0","0.0","0.0"
"CURVE 1","0.08329764632282496","25.684667662409055","18.894330524269826","0.07957073951835064","0.08412945078380074","54.89174429430758","-1","0.0","0.0","0.0"
"CURVE 1","0.08329764632282496","25.684667662409055","18.894330524269826","0.0796947024236271","0.08408835363625294","54.86048274946371","-1","0.0","0.0","0.0"
"CURVE 1","0.08329764632282496","25.684667662409055","18.894330524269826","0.07981972461909205","0.08404790014769901","54.785525962601184","-1","0.0","0.0","0.0"
"CURVE 1","0.08329764632282496","25.684667662409055","18.894330524269826","0.07994582859437858","0.08400810028190042","54.66793575972238","-1","0.0","0.0","0.0"
"CURVE 1","0.08329764632282496","25.684667662409055","18.894330524269826","0.08007303683911984","0.08396896400261875","54.508852251386834","-1","0.0","0.0","0.0"
"CURVE 1","0.08329764632282496","25.684667662409055","18.894330524269826","0.08020137184294894","0.08393050127361545","54.30948822205557","-1","0.0","0.0","0.0"
"CURVE 1","0.08329764632282496","25.684667662409055","18.894330524269826","0.08033085609549906","0.08389272205865206","54.07112331558251","-1","0.0","0.0","0.0"
"CURVE 1","0.08329764632282496","25.684667662409055","18.894330524269826","0.0804615120864033","0.0838556363214901","53.79509797184111","-1","0.0","0.0","0.0"
"CURVE 1","0.08329764632282496","25.684667662409055","18.894330524269826","0.0805933623052948","0.08381925402589108","53.48280716092307","-1","0.0","0.0","0.0"
"CURVE 1","0.08329764632282496","25.684667662409055","18.894330524269826","0.08072642924180672","0.0837835851356165","53.13569406919556","-1","0.0","0.0","0.0"
"CURVE 1","0.08329764632282496","25.684667662409055","18.894330524269826","0.08086073538557215","0.08374863961442787","52.75524361648049","-1","0.0","0.0","0.0"
"CURVE 1","0.08329764632282496","25.684667662409055","18.894330524269826","0.08099630322622423","0.08371442742608673","52.34297599421185","-1","0.0","0.0","0.0"
"CURVE 1","0.08329764632282496","25.684667662409055","18.894330524269826","0.08113315525339611","0.0836809585343546","51.90044022144297","-1","0.0","0.0","0.0"
"CURVE 1","0.08329764632282496","25.684667662409055","18.894330524269826","0.08127131395672092","0.08364824290299297","51.42920772157176","-1","0.0","0.0","0.0"
"CURVE 1","0.08329764632282496","25.684667662409055","18.894330524269826","0.08141080182583178","0.08361629049576337","50.93086607104189","-1","0.0","0.0","0.0"
"CURVE 1","0.08329764632282496","25.684667662409055","18.894330524269826","0.08155164135036184","0.08358511127642732","50.407012792229786","-1","0.0","0.0","0.0"
"CURVE 1","0.08329764632282496","25.684667662409055","18.894330524269826","0.08169385501994422","0.0835547152087463","49.85924943651844","-1","0.0","0.0","0.0"
"CURVE 1","0.08329764632282496","25.684667662409055","18.894330524269826","0.08183746532421207","0.08352511225648186","49.289175783902586","-1","0.0","0.0","0.0"
"CURVE 1","0.08329764632282496","25.684667662409055","18.894330524269826","0.08198249475279852","0.08349631238339553","48.698384350517415","-1","0.0","0.0","0.0"
"CURVE 1","0.08329764632282496","25.684667662409055","18.894330524269826","0.08212896579533667","0.08346832555324878","48.088455136470145","-1","0.0","0.0","0.0"
"CURVE 1","0.08329764632282496","25.684667662409055","18.894330524269826","0.0822769009414597","0.08344116172980313","47.46095066696","-1","0.0","0.0","0.0"
"CURVE 1","0.08329764632282496","25.684667662409055","18.894330524269826","0.0824263226808007","0.08341483087682011","46.81741136596723","-1","0.0","0.0","0.0"
"CURVE 1","0.08329764632282496","25.684667662409055","18.894330524269826","0.08257725350299285","0.08338934295806125","46.15935121722073","-1","0.0","0.0","0.0"
"CURVE 1","0.08329764632282496","25.684667662409055","18.894330524269826","0.08272971589766924","0.08336470793728805","45.4882538148836","-1","0.0","0.0","0.0"
"CURVE 1","0.08329764632282496","25.684667662409055","18.894330524269826","0.08288373235446303","0.08334093577826202","44.805568716961425","-1","0.0","0.0","0.0"
"CURVE 1","0.08329764632282496","25.684667662409055","18.894330524269826","0.08303932536300736","0.08331803644474467","44.112708169688524","-1","0.0","0.0","0.0"
"CURVE 1","0.08329764632282496","25.684667662409055","18.894330524269826","0.08319651741293532","0.08329601990049751","43.41104418128739","-1","0.0","0.0","0.0"
"CURVE 1","0.08329764632282496","25.684667662409055","18.894330524269826","0.0833553309938801","0.08327489610928207","42.701905948606296","-1","0.0","0.0","0.0"
"CURVE 1","0.08329764632282496","25.684667662409055","18.894330524269826","0.08351578859547479","0.08325467503485988","41.9865776156301","-1","0.0","0.0","0.0"
"CURVE 1","0.08329764632282496","25.684667662409055","18.894330524269826","0.08367791270735253","0.08323536664099243","41.266296393576056","-1","0.0","0.0","0.0"
"CURVE 1","0.08329764632282496","25.684667662409055","18.894330524269826","0.08384172581914646","0.08321698089144122","40.5422509884548","-1","0.0","0.0","0.0"
"CURVE 1","0.08329764632282496","25.684667662409055","18.894330524269826","0.08400725042048973","0.08319952774996782","39.81558035050104","-1","0.0","0.0","0.0"
"CURVE 1","0.08329764632282496","25.684667662409055","18.894330524269826","0.08417450900101543","0.08318301718033368","39.08737272568352","-1","0.0","0.0","0.0"
"CURVE 1","0.08329764632282496","25.684667662409055","18.894330524269826","0.08434352405035674","0.08316745914630036","38.358665024515304","-1","0.0","0.0","0.0"
"CURVE 1","0.08329764632282496","25.684667662409055","18.894330524269826","0.08451431805814676","0.08315286361162935","37.630442404569116","-1","0.0","0.0","0.0"
"CURVE 1","0.08329764632282496","25.684667662409055","18.894330524269826","0.08468691351401865","0.08313924054008219","36.90363817118916","-1","0.0","0.0","0.0"
"CURVE 1","0.08329764632282496","25.684667662409055","18.894330524269826","0.08486133290760552","0.08312659989542036","36.17913386486823","-1","0.0","0.0","0.0"
"CURVE 1","0.08329764632282496","25.684667662409055","18.894330524269826","0.08503759872854051","0.08311495164140541","35.4577596201073","-1","0.0","0.0","0.0"
"CURVE 1","0.08329764632282496","25.684667662409055","18.894330524269826","0.08521573346645678","0.0831043057417988","34.7402946723441","-1","0.0","0.0","0.0"
"CURVE 1","0.08329764632282496","25.684667662409055","18.894330524269826","0.08539575961098743","0.08309467216036212","34.02746808986189","-1","0.0","0.0","0.0"
"CURVE 1","0.08329764632282496","25.684667662409055","18.894330524269826","0.08557769965176559","0.08308606086085685","33.3199596493285","-1","0.0","0.0","0.0"
"CURVE 1","0.08329764632282496","25.684667662409055","18.894330524269826","0.08576157607842441","0.08307848180704448","32.61840087159661","-1","0.0","0.0","0.0"
"CURVE 1","0.08329764632282496","25.684667662409055","18.894330524269826","0.08594741138059703","0.08307194496268656","31.923376179471997","-1","0.0","0.0","0.0"
"CURVE 1","0.08329764632282496","25.684667662409055","18.894330524269826","0.08613522804791657","0.08306646029154459","31.23542416695291","-1","0.0","0.0","0.0"
"CURVE 1","0.08329764632282496","25.684667662409055","18.894330524269826","0.08632504857001615","0.0830620377573801","30.555038969399636","-1","0.0","0.0","0.0"
"CURVE 1","0.08329764632282496","25.684667662409055","18.894330524269826","0.08651689543652892","0.08305868732395456","29.882671731618","-1","0.0","0.0","0.0"
"CURVE 1","0.08329764632282496","25.684667662409055","18.894330524269826","0.086710791137088","0.08305641895502955","29.218732105914352","-1","0.0","0.0","0.0"
"CURVE 1","0.08329764632282496","25.684667662409055","18.894330524269826","0.08690675816132654","0.08305524261436653","28.563589840062033","-1","0.0","0.0","0.0"
"CURVE 1","0.08329764632282496","25.684667662409055","18.894330524269826","0.08710481899887768","0.08305516826572704","27.91757638035741","-1","0.0","0.0","0.0"
"CURVE 1","0.08329764632282496","25.684667662409055","18.894330524269826","0.08730499613937454","0.08305620587287259","27.2809865238792","-1","0.0","0.0","0.0"
"CURVE 1","0.08329764632282496","25.684667662409055","18.894330524269826","0.08750731207245026","0.08305836539956468","26.654080072522838","-1","0.0","0.0","0.0"
"CURVE 1","0.08329764632282496","25.684667662409055","18.894330524269826","0.08771178928773796","0.08306165680956486","26.0370834998008","-1","0.0","0.0","0.0"
"CURVE 1","0.08329764632282496","25.684667662409055","18.894330524269826","0.08791845027487077","0.0830660900666346","25.43019161070497","-1","0.0","0.0","0.0"
"CURVE 1","0.08329764632282496","25.684667662409055","18.894330524269826","0.08812731752348185","0.08307167513453546","24.833569214751456","-1","0.0","0.0","0.0"
"CURVE 1","0.08329764632282496","25.684667662409055","18.894330524269826","0.08833841352320432","0.08307842197702893","24.247352748133864","-1","0.0","0.0","0.0"
"CURVE 1","0.08329764632282496","25.684667662409055","18.894330524269826","0.08855176076367127","0.08308634055787653","23.67165188867288","-1","0.0","0.0","0.0"
"CURVE 1","0.08329764632282496","25.684667662409055","18.894330524269826","0.08876738173451591","0.08309544084083977","23.106551141601816","-1","0.0","0.0","0.0"
"CURVE 1","0.08329764632282496","25.684667662409055","18.894330524269826","0.08898529892537131","0.08310573278968014","22.552111398175533","-1","0.0","0.0","0.0"
"CURVE 1","0.08329764632282496","25.684667662409055","18.894330524269826","0.08920553482587064","0.08311722636815921","22.008371430396878","-1","0.0","0.0","0.0"
"CURVE 1","0.08329764632282496","25.684667662409055","18.894330524269826","0.08942811192564705","0.08312993154003846","21.475349367806423","-1","0.0","0.0","0.0"
"CURVE 1","0.08329764632282496","25.684667662409055","18.894330524269826","0.08965305271433363","0.08314385826907941","20.953044113999788","-1","0.0","0.0","0.0"
"CURVE 1","0.08329764632282496","25.684667662409055","18.894330524269826","0.08988037968156351","0.08315901651904357","20.441436724083925","-1","0.0","0.0","0.0"
"CURVE 1","0.08329764632282496","25.684667662409055","18.894330524269826","0.09011011531696986","0.08317541625369249","19.94049172066935","-1","0.0","0.0","0.0"
"CURVE 1","0.08329764632282496","25.684667662409055","18.894330524269826","0.09034228211018577","0.08319306743678763","19.450158372407287","-1","0.0","0.0","0.0"
"CURVE 1","0.08329764632282496","25.684667662409055","18.894330524269826","0.09057690255084443","0.08321198003209054","18.970371911115212","-1","0.0","0.0","0.0"
"CURVE 1","0.08329764632282496","25.684667662409055","18.894330524269826","0.09081399912857892","0.08323216400336271","18.50105468641532","-1","0.0","0.0","0.0"
"CURVE 1","0.08329764632282496","25.684667662409055","18.894330524269826","0.0910535943330224","0.08325362931436568","18.04211729109393","-1","0.0","0.0","0.0"
"CURVE 1","0.08329764632282496","25.684667662409055","18.894330524269826","0.09129571065380798","0.08327638592886095","17.593459613278643","-1","0.0","0.0","0.0"
"CURVE 1","0.08329764632282496","25.684667662409055","18.894330524269826","0.09154037058056884","0.08330044381061005","17.15497184398424","-1","0.0","0.0","0.0"
"CURVE 1","0.08329764632282496","25.684667662409055","18.894330524269826","0.09178759660293809","0.08332581292337449","16.72653542704007","-1","0.0","0.0","0.0"
"CURVE 1","0.08329764632282496","25.684667662409055","18.894330524269826","0.09203741121054883","0.08335250323091574","16.308023960020964","-1","0.0","0.0","0.0"
"CURVE 1","0.08329764632282496","25.684667662409055","18.894330524269826","0.09228983689303423","0.08338052469699536","15.899304055875165","-1","0.0","0.0","0.0"
"CURVE 1","0.08329764632282496","25.684667662409055","18.894330524269826","0.09254489614002742","0.08340988728537489","15.500236131520506","-1","0.0","0.0","0.0"
"CURVE 1","0.08329764632282496","25.684667662409055","18.894330524269826","0.09280261144116152","0.08344060095981581","15.110675172869904","-1","0.0","0.0","0.0"
"CURVE 1","0.08329764632282496","25.684667662409055","18.894330524269826","0.09306300528606966","0.08347267568407961","14.730471433321501","-1","0.0","0.0","0.0"
"CURVE 1","0.08329764632282496","25.684667662409055","18.894330524269826","0.09332610016438499","0.08350612142192784","14.35947110717035","-1","0.0","0.0","0.0"
"CURVE 1","0.08329764632282496","25.684667662409055","18.894330524269826","0.09359191856574063","0.083540948137122","13.99751694282251","-1","0.0","0.0","0.0"
"CURVE 1","0.08329764632282496","25.684667662409055","18.894330524269826","0.09386048297976973","0.08357716579342363","13.644448821595871","-1","0.0","0.0","0.0"
"CURVE 1","0.08329764632282496","25.684667662409055","18.894330524269826","0.0941318158961054","0.08361478435459421","13.300104297581422","-1","0.0","0.0","0.0"
"CURVE 1","0.08329764632282496","25.684667662409055","18.894330524269826","0.0944059398043808","0.08365381378439528","12.964319097882615","-1","0.0","0.0","0.0"
"CURVE 1","0.08329764632282496","25.684667662409055","18.894330524269826","0.09468287719422905","0.08369426404658836","12.636927587866706","-1","0.0","0.0","0.0"
"CURVE 1","0.08329764632282496","25.684667662409055","18.894330524269826","0.09496265055528327","0.08373614510493493","12.31776319338058","-1","0.0","0.0","0.0"
"CURVE 1","0.08329764632282496","25.684667662409055","18.894330524269826","0.09524528237717661","0.08377946692319653","12.006658804960797","-1","0.0","0.0","0.0"
"CURVE 1","0.08329764632282496","25.684667662409055","18.894330524269826","0.0955307951495422","0.08382423946513468","11.703447137584492","-1","0.0","0.0","0.0"
"CURVE 1","0.08329764632282496","25.684667662409055","18.894330524269826","0.09581921136201317","0.08387047269451085","11.40796106169288","-1","0.0","0.0","0.0"
"CURVE 1","0.08329764632282496","25.684667662409055","18.894330524269826","0.09611055350422265","0.0839181765750866","11.120033920240761","-1","0.0","0.0","0.0"
"CURVE 1","0.08329764632282496","25.684667662409055","18.894330524269826","0.09640484406580378","0.08396736107062344","10.839499797288495","-1","0.0","0.0","0.0"
"CURVE 1","0.08329764632282496","25.684667662409055","18.894330524269826","0.0967021055363897","0.08401803614488289","10.566193779056265","-1","0.0","0.0","0.0"
"CURVE 1","0.08329764632282496","25.684667662409055","18.894330524269826","0.09700236040561354","0.08407021176162643","10.299952179432314","-1","0.0","0.0","0.0"
"CURVE 1","0.08329764632282496","25.684667662409055","18.894330524269826","0.09730563116310842","0.08412389788461562","10.04061275746275","-1","0.0","0.0","0.0"
