"Curve Name","Curve Length (um)","Average Curvature (um-1)","Curvature Std (um-1)","X-Coordinate (um)","Y-Coordinate (um)","Point Curvature (um-1)","Point Curvature Sign","Red Intensity","Green Intensity","Blue Intensity"
"CURVE 1","0.08540175771508345","30.34094312149336","24.81696867836524","0.022686567164179102","0.1035820895522388","53.826431904705885","1","1.0","1.0","1.0"
"CURVE 1","0.08540175771508345","30.34094312149336","24.81696867836524","0.022791783252165687","0.10373475300138862","54.9281567347039","1","1.0","1.0","1.0"
"CURVE 1","0.08540175771508345","30.34094312149336","24.81696867836524","0.02289753852198966","0.10388491825084782","56.03982305319102","1","1.0","1.0","1.0"
"CURVE 1","0.08540175771508345","30.34094312149336","24.81696867836524","0.02300382557199962","0.10403260138497425","57.16058774018141","1","0.0","0.0","0.0"
"CURVE 1","0.08540175771508345","30.34094312149336","24.81696867836524","0.02311063700054415","0.10417781848812578","58.28954670127549","1","0.0","0.0","0.0"
"CURVE 1","0.08540175771508345","30.34094312149336","24.81696867836524","0.02321796540597185","0.1043205856446603","59.42573429843097","1","0.0","0.0","0.0"
"CURVE 1","0.08540175771508345","30.34094312149336","24.81696867836524","0.0233258033866313","0.10446091893893569","60.56812305067086","1","0.0","0.0","0.0"
"CURVE 1","0.08540175771508345","30.34094312149336","24.81696867836524","0.02343414354087109","0.1045988344553098","61.71562362560674","1","0.0","0.0","0.0"
"CURVE 1","0.08540175771508345","30.34094312149336","24.81696867836524","0.023542978467039802","0.10473434827814054","62.86708514572712","1","0.0","0.0","0.0"
"CURVE 1","0.08540175771508345","30.34094312149336","24.81696867836524","0.02365230076348604","0.10486747649178577","64.02129583461178","1","0.0","0.0","0.0"
"CURVE 1","0.08540175771508345","30.34094312149336","24.81696867836524","0.02376210302855838","0.10499823518060333","65.17698401913665","1","0.0","0.0","0.0"
"CURVE 1","0.08540175771508345","30.34094312149336","24.81696867836524","0.023872377860605424","0.10512664042895112","66.33281951946194","1","1.0","1.0","1.0"
"CURVE 1","0.08540175771508345","30.34094312149336","24.81696867836524","0.023983117857975748","0.10525270832118705","67.48741542442862","1","1.0","1.0","1.0"
"CURVE 1","0.08540175771508345","30.34094312149336","24.81696867836524","0.024094315619017946","0.10537645494166893","68.63933027473378","1","1.0","1.0","1.0"
"CURVE 1","0.08540175771508345","30.34094312149336","24.81696867836524","0.024205963742080613","0.10549789637475465","69.78707069429328","1","1.0","1.0","1.0"
"CURVE 1","0.08540175771508345","30.34094312149336","24.81696867836524","0.02431805482551233","0.10561704870480211","70.9290944197313","1","1.0","1.0","1.0"
"CURVE 1","0.08540175771508345","30.34094312149336","24.81696867836524","0.024430581467661694","0.10573392801616914","72.06381379180921","1","1.0","1.0","1.0"
"CURVE 1","0.08540175771508345","30.34094312149336","24.81696867836524","0.024543536266877285","0.10584855039321366","73.18959968941063","1","1.0","1.0","1.0"
"CURVE 1","0.08540175771508345","30.34094312149336","24.81696867836524","0.0246569118215077","0.10596093192029353","74.30478587062855","1","1.0","1.0","1.0"
"CURVE 1","0.08540175771508345","30.34094312149336","24.81696867836524","0.02477070072990152","0.10607108868176662","75.4076737877451","1","1.0","1.0","1.0"
"CURVE 1","0.08540175771508345","30.34094312149336","24.81696867836524","0.024884895590407338","0.10617903676199081","76.49653777078642","1","1.0","1.0","1.0"
"CURVE 1","0.08540175771508345","30.34094312149336","24.81696867836524","0.024999489001373748","0.10628479224532396","77.56963066695293","1","1.0","1.0","1.0"
"CURVE 1","0.08540175771508345","30.34094312149336","24.81696867836524","0.025114473561149334","0.10638837121612396","78.62518979086204","1","1.0","1.0","1.0"
"CURVE 1","0.08540175771508345","30.34094312149336","24.81696867836524","0.02522984186808268","0.10648978975874868","79.66144330418749","1","1.0","1.0","1.0"
"CURVE 1","0.08540175771508345","30.34094312149336","24.81696867836524","0.02534558652052239","0.10658906395755596","80.67661683734157","1","1.0","1.0","1.0"
"CURVE 1","0.08540175771508345","30.34094312149336","24.81696867836524","0.025461700116817042","0.10668620989690374","81.66894044303662","1","1.0","1.0","1.0"
"CURVE 1","0.08540175771508345","30.34094312149336","24.81696867836524","0.025578175255315222","0.10678124366114983","82.63665576923808","1","1.0","1.0","1.0"
"CURVE 1","0.08540175771508345","30.34094312149336","24.81696867836524","0.025695004534365525","0.10687418133465214","83.57802341036792","1","1.0","1.0","1.0"
"CURVE 1","0.08540175771508345","30.34094312149336","24.81696867836524","0.02581218055231654","0.1069650390017685","84.49133041513247","1","1.0","1.0","1.0"
"CURVE 1","0.08540175771508345","30.34094312149336","24.81696867836524","0.02592969590751686","0.10705383274685684","85.37489787924376","1","0.0","0.0","0.0"
"CURVE 1","0.08540175771508345","30.34094312149336","24.81696867836524","0.02604754319831506","0.10714057865427502","86.22708854032312","1","0.0","0.0","0.0"
"CURVE 1","0.08540175771508345","30.34094312149336","24.81696867836524","0.026165715023059748","0.1072252928083809","87.04631435405925","1","0.0","0.0","0.0"
"CURVE 1","0.08540175771508345","30.34094312149336","24.81696867836524","0.0262842039800995","0.10730799129353234","87.8310439555288","1","0.0","0.0","0.0"
"CURVE 1","0.08540175771508345","30.34094312149336","24.81696867836524","0.026403002667782914","0.10738869019408723","88.5798099959223","1","0.0","0.0","0.0"
"CURVE 1","0.08540175771508345","30.34094312149336","24.81696867836524","0.026522103684458568","0.10746740559440346","89.29121618841592","1","0.0","0.0","0.0"
"CURVE 1","0.08540175771508345","30.34094312149336","24.81696867836524","0.02664149962847506","0.10754415357883888","89.96394411869964","1","0.0","0.0","0.0"
"CURVE 1","0.08540175771508345","30.34094312149336","24.81696867836524","0.02676118309818097","0.1076189502317514","90.5967596734325","1","0.0","0.0","0.0"
"CURVE 1","0.08540175771508345","30.34094312149336","24.81696867836524","0.026881146691924897","0.10769181163749883","91.18851907130923","1","0.0","0.0","0.0"
"CURVE 1","0.08540175771508345","30.34094312149336","24.81696867836524","0.027001383008055425","0.10776275388043911","91.73817440961808","1","0.0","0.0","0.0"
"CURVE 1","0.08540175771508345","30.34094312149336","24.81696867836524","0.027121884644921143","0.10783179304493007","92.2447787162736","1","0.0","0.0","0.0"
"CURVE 1","0.08540175771508345","30.34094312149336","24.81696867836524","0.027242644200870643","0.10789894521532961","92.70749039877651","1","0.0","0.0","0.0"
"CURVE 1","0.08540175771508345","30.34094312149336","24.81696867836524","0.02736365427425251","0.10796422647599556","93.12557713685743","1","0.0","0.0","0.0"
"CURVE 1","0.08540175771508345","30.34094312149336","24.81696867836524","0.02748490746341534","0.10802765291128584","93.49841906659034","1","0.0","0.0","0.0"
"CURVE 1","0.08540175771508345","30.34094312149336","24.81696867836524","0.02760639636670772","0.10808924060555831","93.82551136529072","1","0.0","0.0","0.0"
"CURVE 1","0.08540175771508345","30.34094312149336","24.81696867836524","0.02772811358247823","0.10814900564317086","94.10646608438203","1","0.0","0.0","0.0"
"CURVE 1","0.08540175771508345","30.34094312149336","24.81696867836524","0.02785005170907547","0.10820696410848134","94.34101331120118","1","0.0","0.0","0.0"
"CURVE 1","0.08540175771508345","30.34094312149336","24.81696867836524","0.027972203344848026","0.10826313208584762","94.52900160907947","1","0.0","0.0","0.0"
"CURVE 1","0.08540175771508345","30.34094312149336","24.81696867836524","0.028094561088144482","0.1083175256596276","94.67039775227515","1","0.0","0.0","0.0"
"CURVE 1","0.08540175771508345","30.34094312149336","24.81696867836524","0.028217117537313433","0.10837016091417911","94.76528575399803","1","0.0","0.0","0.0"
"CURVE 1","0.08540175771508345","30.34094312149336","24.81696867836524","0.028339865290703464","0.10842105393386006","94.81386521972503","1","0.0","0.0","0.0"
"CURVE 1","0.08540175771508345","30.34094312149336","24.81696867836524","0.02846279694666317","0.10847022080302833","94.81644904672078","1","0.0","0.0","0.0"
"CURVE 1","0.08540175771508345","30.34094312149336","24.81696867836524","0.02858590510354113","0.10851767760604177","94.77346044932891","1","0.0","0.0","0.0"
"CURVE 1","0.08540175771508345","30.34094312149336","24.81696867836524","0.028709182359685947","0.10856344042725824","94.68542949608764","1","0.0","0.0","0.0"
"CURVE 1","0.08540175771508345","30.34094312149336","24.81696867836524","0.0288326213134462","0.10860752535103567","94.5529889394397","1","0.0","0.0","0.0"
"CURVE 1","0.08540175771508345","30.34094312149336","24.81696867836524","0.028956214563170476","0.10864994846173189","94.37686970386747","1","0.0","0.0","0.0"
"CURVE 1","0.08540175771508345","30.34094312149336","24.81696867836524","0.02907995470720737","0.10869072584370477","94.15789579945357","1","0.0","0.0","0.0"
"CURVE 1","0.08540175771508345","30.34094312149336","24.81696867836524","0.02920383434390547","0.1087298735813122","93.89697889641413","1","0.0","0.0","0.0"
"CURVE 1","0.08540175771508345","30.34094312149336","24.81696867836524","0.029327846071613366","0.10876740775891204","93.59511252236015","1","0.0","0.0","0.0"
"CURVE 1","0.08540175771508345","30.34094312149336","24.81696867836524","0.029451982488679643","0.10880334446086219","93.25336598732625","1","0.0","0.0","0.0"
"CURVE 1","0.08540175771508345","30.34094312149336","24.81696867836524","0.029576236193452902","0.10883769977152051","92.87287807310854","1","0.0","0.0","0.0"
"CURVE 1","0.08540175771508345","30.34094312149336","24.81696867836524","0.029700599784281714","0.10887048977524488","92.45485053206805","1","0.0","0.0","0.0"
"CURVE 1","0.08540175771508345","30.34094312149336","24.81696867836524","0.02982506585951468","0.10890173055639316","92.00054149745152","1","0.0","0.0","0.0"
"CURVE 1","0.08540175771508345","30.34094312149336","24.81696867836524","0.029949627017500386","0.10893143819932323","91.51125879682323","1","0.0","0.0","0.0"
"CURVE 1","0.08540175771508345","30.34094312149336","24.81696867836524","0.030074275856587424","0.10895962878839294","90.98835328701051","1","0.0","0.0","0.0"
"CURVE 1","0.08540175771508345","30.34094312149336","24.81696867836524","0.030199004975124375","0.1089863184079602","90.43321221023182","1","0.0","0.0","0.0"
"CURVE 1","0.08540175771508345","30.34094312149336","24.81696867836524","0.030323806971459834","0.10901152314238285","89.84725262647238","1","0.0","0.0","0.0"
"CURVE 1","0.08540175771508345","30.34094312149336","24.81696867836524","0.030448674443942395","0.10903525907601883","89.23191499999456","1","0.0","0.0","0.0"
"CURVE 1","0.08540175771508345","30.34094312149336","24.81696867836524","0.030573599990920637","0.10905754229322594","88.58865696555257","1","0.0","0.0","0.0"
"CURVE 1","0.08540175771508345","30.34094312149336","24.81696867836524","0.030698576210743157","0.10907838887836209","87.91894725542906","1","0.0","0.0","0.0"
"CURVE 1","0.08540175771508345","30.34094312149336","24.81696867836524","0.030823595701758542","0.10909781491578514","87.2242599066453","1","0.0","0.0","0.0"
"CURVE 1","0.08540175771508345","30.34094312149336","24.81696867836524","0.030948651062315376","0.10911583648985297","86.50606869519089","1","0.0","0.0","0.0"
"CURVE 1","0.08540175771508345","30.34094312149336","24.81696867836524","0.031073734890762254","0.10913246968492346","85.76584193496298","1","0.0","0.0","0.0"
"CURVE 1","0.08540175771508345","30.34094312149336","24.81696867836524","0.03119883978544776","0.10914773058535449","85.00503745111979","1","0.0","0.0","0.0"
"CURVE 1","0.08540175771508345","30.34094312149336","24.81696867836524","0.03132395834472049","0.10916163527550389","84.22509803729696","1","0.0","0.0","0.0"
"CURVE 1","0.08540175771508345","30.34094312149336","24.81696867836524","0.03144908316692903","0.10917419983972956","83.42744709340323","1","0.0","0.0","0.0"
"CURVE 1","0.08540175771508345","30.34094312149336","24.81696867836524","0.03157420685042196","0.10918544036238942","82.61348470074694","1","0.0","0.0","0.0"
"CURVE 1","0.08540175771508345","30.34094312149336","24.81696867836524","0.031699321993547885","0.10919537292784126","81.7845840236634","1","0.0","0.0","0.0"
"CURVE 1","0.08540175771508345","30.34094312149336","24.81696867836524","0.03182442119465538","0.10920401362044302","80.94208799286311","1","0.0","0.0","0.0"
"CURVE 1","0.08540175771508345","30.34094312149336","24.81696867836524","0.031949497052093045","0.10921137852455254","80.08730642897468","1","0.0","0.0","0.0"
"CURVE 1","0.08540175771508345","30.34094312149336","24.81696867836524","0.03207454216420946","0.10921748372452768","79.22151339702758","1","0.0","0.0","0.0"
"CURVE 1","0.08540175771508345","30.34094312149336","24.81696867836524","0.03219954912935323","0.10922234530472637","78.34594498000449","1","0.0","0.0","0.0"
"CURVE 1","0.08540175771508345","30.34094312149336","24.81696867836524","0.032324510545872924","0.10922597934950642","77.4617972878473","1","0.0","0.0","0.0"
"CURVE 1","0.08540175771508345","30.34094312149336","24.81696867836524","0.03244941901211715","0.10922840194322575","76.57022483317745","1","0.0","0.0","0.0"
"CURVE 1","0.08540175771508345","30.34094312149336","24.81696867836524","0.03257426712643447","0.10922962917024222","75.67233915836884","1","0.0","0.0","0.0"
"CURVE 1","0.08540175771508345","30.34094312149336","24.81696867836524","0.032699047487173505","0.1092296771149137","74.76920775794426","1","0.0","0.0","0.0"
"CURVE 1","0.08540175771508345","30.34094312149336","24.81696867836524","0.03282375269268282","0.10922856186159806","73.86185325766881","1","0.0","0.0","0.0"
"CURVE 1","0.08540175771508345","30.34094312149336","24.81696867836524","0.032948375341311016","0.10922629949465319","72.95125283263572","1","0.0","0.0","0.0"
"CURVE 1","0.08540175771508345","30.34094312149336","24.81696867836524","0.03307290803140668","0.10922290609843693","72.03833786807564","1","0.0","0.0","0.0"
"CURVE 1","0.08540175771508345","30.34094312149336","24.81696867836524","0.0331973433613184","0.1092183977573072","71.12399380364462","1","0.0","0.0","0.0"
"CURVE 1","0.08540175771508345","30.34094312149336","24.81696867836524","0.03332167392939477","0.10921279055562184","70.20906021443535","1","0.0","0.0","0.0"
"CURVE 1","0.08540175771508345","30.34094312149336","24.81696867836524","0.033445892333984366","0.10920610057773875","69.29433100992583","1","0.0","0.0","0.0"
"CURVE 1","0.08540175771508345","30.34094312149336","24.81696867836524","0.033569991173435794","0.10919834390801575","68.38055486035941","1","0.0","0.0","0.0"
"CURVE 1","0.08540175771508345","30.34094312149336","24.81696867836524","0.03369396304609764","0.10918953663081078","67.46843571596267","1","0.0","0.0","0.0"
"CURVE 1","0.08540175771508345","30.34094312149336","24.81696867836524","0.03381780055031847","0.10917969483048168","66.55863345616706","1","0.0","0.0","0.0"
"CURVE 1","0.08540175771508345","30.34094312149336","24.81696867836524","0.0339414962844469","0.10916883459138634","65.65176471652005","1","0.0","0.0","0.0"
"CURVE 1","0.08540175771508345","30.34094312149336","24.81696867836524","0.03406504284683152","0.1091569719978826","64.74840368437555","1","0.0","0.0","0.0"
"CURVE 1","0.08540175771508345","30.34094312149336","24.81696867836524","0.03418843283582089","0.10914412313432835","63.849083132660176","1","0.0","0.0","0.0"
"CURVE 1","0.08540175771508345","30.34094312149336","24.81696867836524","0.03431165884976362","0.1091303040850815","62.95429540166481","1","0.0","0.0","0.0"
"CURVE 1","0.08540175771508345","30.34094312149336","24.81696867836524","0.03443471348700831","0.10911553093449985","62.06449352053018","1","0.0","0.0","0.0"
"CURVE 1","0.08540175771508345","30.34094312149336","24.81696867836524","0.034557589345903535","0.10909981976694136","61.18009228855582","1","0.0","0.0","0.0"
"CURVE 1","0.08540175771508345","30.34094312149336","24.81696867836524","0.03468027902479789","0.10908318666676382","60.301469509597645","1","0.0","0.0","0.0"
"CURVE 1","0.08540175771508345","30.34094312149336","24.81696867836524","0.03480277512203995","0.10906564771832518","59.42896711870359","1","0.0","0.0","0.0"
"CURVE 1","0.08540175771508345","30.34094312149336","24.81696867836524","0.03492507023597831","0.10904721900598327","58.562892456377504","1","0.0","0.0","0.0"
"CURVE 1","0.08540175771508345","30.34094312149336","24.81696867836524","0.035047156964961565","0.10902791661409596","57.70351942483238","1","0.0","0.0","0.0"
"CURVE 1","0.08540175771508345","30.34094312149336","24.81696867836524","0.03516902790733831","0.10900775662702114","56.85108975748627","1","0.0","0.0","0.0"
"CURVE 1","0.08540175771508345","30.34094312149336","24.81696867836524","0.03529067566145712","0.1089867551291167","56.005814185968845","1","0.0","0.0","0.0"
"CURVE 1","0.08540175771508345","30.34094312149336","24.81696867836524","0.03541209282566658","0.10896492820474046","55.16787366706316","1","0.0","0.0","0.0"
"CURVE 1","0.08540175771508345","30.34094312149336","24.81696867836524","0.035533271998315304","0.10894229193825035","54.337420533096484","1","0.0","0.0","0.0"
"CURVE 1","0.08540175771508345","30.34094312149336","24.81696867836524","0.035654205777751864","0.1089188624140042","53.514579664536555","1","0.0","0.0","0.0"
"CURVE 1","0.08540175771508345","30.34094312149336","24.81696867836524","0.035774886762324855","0.10889465571635992","52.69944959772896","1","0.0","0.0","0.0"
"CURVE 1","0.08540175771508345","30.34094312149336","24.81696867836524","0.03589530755038285","0.10886968792967536","51.89210359462627","1","0.0","0.0","0.0"
"CURVE 1","0.08540175771508345","30.34094312149336","24.81696867836524","0.03601546074027446","0.1088439751383084","51.092590743426655","1","0.0","0.0","0.0"
"CURVE 1","0.08540175771508345","30.34094312149336","24.81696867836524","0.03613533893034826","0.1088175334266169","50.30093692628629","1","0.0","0.0","0.0"
"CURVE 1","0.08540175771508345","30.34094312149336","24.81696867836524","0.03625493471895285","0.10879037887895876","49.5171457765096","1","0.0","0.0","0.0"
"CURVE 1","0.08540175771508345","30.34094312149336","24.81696867836524","0.0363742407044368","0.10876252757969186","48.74119964443841","1","0.0","0.0","0.0"
"CURVE 1","0.08540175771508345","30.34094312149336","24.81696867836524","0.03649324948514872","0.10873399561317405","47.973060423943615","1","0.0","0.0","0.0"
"CURVE 1","0.08540175771508345","30.34094312149336","24.81696867836524","0.036611953659437195","0.10870479906376322","47.21267039248836","1","0.0","0.0","0.0"
"CURVE 1","0.08540175771508345","30.34094312149336","24.81696867836524","0.0367303458256508","0.10867495401581723","46.45995300395237","1","0.0","0.0","0.0"
"CURVE 1","0.08540175771508345","30.34094312149336","24.81696867836524","0.03684841858213814","0.10864447655369394","45.71481355849187","1","0.0","0.0","0.0"
"CURVE 1","0.08540175771508345","30.34094312149336","24.81696867836524","0.0369661645272478","0.10861338276175124","44.97713991638406","1","0.0","0.0","0.0"
"CURVE 1","0.08540175771508345","30.34094312149336","24.81696867836524","0.037083576259328364","0.10858168872434701","44.246803095025044","1","0.0","0.0","0.0"
"CURVE 1","0.08540175771508345","30.34094312149336","24.81696867836524","0.03720064637672842","0.10854941052583911","43.52365778661277","1","0.0","0.0","0.0"
"CURVE 1","0.08540175771508345","30.34094312149336","24.81696867836524","0.03731736747779656","0.10851656425058544","42.80754290465147","1","0.0","0.0","0.0"
"CURVE 1","0.08540175771508345","30.34094312149336","24.81696867836524","0.03743373216088139","0.10848316598294384","42.09828200903762","1","0.0","0.0","0.0"
"CURVE 1","0.08540175771508345","30.34094312149336","24.81696867836524","0.037549733024331476","0.10844923180727221","41.395683655458924","1","0.0","0.0","0.0"
"CURVE 1","0.08540175771508345","30.34094312149336","24.81696867836524","0.037665362666495415","0.10841477780792844","40.6995417803327","1","0.0","0.0","0.0"
"CURVE 1","0.08540175771508345","30.34094312149336","24.81696867836524","0.03778061368572179","0.10837982006927033","40.00963591965839","1","0.0","0.0","0.0"
"CURVE 1","0.08540175771508345","30.34094312149336","24.81696867836524","0.03789547868035919","0.10834437467565582","39.325731410611375","1","0.0","0.0","0.0"
"CURVE 1","0.08540175771508345","30.34094312149336","24.81696867836524","0.03800995024875622","0.10830845771144278","38.64757953996474","1","0.0","0.0","0.0"
"CURVE 1","0.08540175771508345","30.34094312149336","24.81696867836524","0.038124022815951064","0.10827208295983462","38.6553310059772","1","0.0","0.0","0.0"
"CURVE 1","0.08540175771508345","30.34094312149336","24.81696867836524","0.03823769811374038","0.10823525499941698","38.65670589414225","1","0.0","0.0","0.0"
"CURVE 1","0.08540175771508345","30.34094312149336","24.81696867836524","0.03835097970061042","0.10819797610762108","38.65168094172333","1","0.0","0.0","0.0"
"CURVE 1","0.08540175771508345","30.34094312149336","24.81696867836524","0.03846387113504742","0.10816024856187811","38.64023675416858","1","0.0","0.0","0.0"
"CURVE 1","0.08540175771508345","30.34094312149336","24.81696867836524","0.038576375975537654","0.10812207463961929","38.62235776194262","1","0.0","0.0","0.0"
"CURVE 1","0.08540175771508345","30.34094312149336","24.81696867836524","0.03868849778056738","0.1080834566182758","38.5980322843193","1","0.0","0.0","0.0"
"CURVE 1","0.08540175771508345","30.34094312149336","24.81696867836524","0.03880024010862284","0.10804439677527887","38.56725248676965","1","0.0","0.0","0.0"
"CURVE 1","0.08540175771508345","30.34094312149336","24.81696867836524","0.0389116065181903","0.1080048973880597","38.53001443836071","1","0.0","0.0","0.0"
"CURVE 1","0.08540175771508345","30.34094312149336","24.81696867836524","0.039022600567756006","0.10796496073404947","38.48631803567351","1","0.0","0.0","0.0"
"CURVE 1","0.08540175771508345","30.34094312149336","24.81696867836524","0.03913322581580622","0.10792458909067941","38.43616704971575","1","0.0","0.0","0.0"
"CURVE 1","0.08540175771508345","30.34094312149336","24.81696867836524","0.03924348582082719","0.1078837847353807","38.37956909145052","1","0.0","0.0","0.0"
"CURVE 1","0.08540175771508345","30.34094312149336","24.81696867836524","0.03935338414130519","0.10784254994558456","38.316535568009776","1","0.0","0.0","0.0"
"CURVE 1","0.08540175771508345","30.34094312149336","24.81696867836524","0.03946292433572646","0.10780088699872219","38.24708169633218","1","0.0","0.0","0.0"
"CURVE 1","0.08540175771508345","30.34094312149336","24.81696867836524","0.03957210996257724","0.1077587981722248","38.17122644098665","1","0.0","0.0","0.0"
"CURVE 1","0.08540175771508345","30.34094312149336","24.81696867836524","0.03968094458034382","0.10771628574352358","38.088992488150595","1","0.0","0.0","0.0"
"CURVE 1","0.08540175771508345","30.34094312149336","24.81696867836524","0.039789431747512434","0.10767335199004974","38.00040617875622","1","0.0","0.0","0.0"
"CURVE 1","0.08540175771508345","30.34094312149336","24.81696867836524","0.03989757502256933","0.10762999918923447","37.905497517603095","1","0.0","0.0","0.0"
"CURVE 1","0.08540175771508345","30.34094312149336","24.81696867836524","0.040005377964000784","0.10758622961850901","37.804300060105206","1","0.0","0.0","0.0"
"CURVE 1","0.08540175771508345","30.34094312149336","24.81696867836524","0.04011284413029305","0.10754204555530453","37.696850899364","1","0.0","0.0","0.0"
"CURVE 1","0.08540175771508345","30.34094312149336","24.81696867836524","0.04021997707993236","0.10749744927705222","37.583190561933584","1","0.0","0.0","0.0"
"CURVE 1","0.08540175771508345","30.34094312149336","24.81696867836524","0.040326780371405","0.10745244306118334","37.463362999597486","1","0.0","0.0","0.0"
"CURVE 1","0.08540175771508345","30.34094312149336","24.81696867836524","0.04043325756319719","0.10740702918512904","37.33741545699886","1","0.0","0.0","0.0"
"CURVE 1","0.08540175771508345","30.34094312149336","24.81696867836524","0.040539412213795215","0.10736120992632055","37.20539845861326","1","0.0","0.0","0.0"
"CURVE 1","0.08540175771508345","30.34094312149336","24.81696867836524","0.04064524788168532","0.10731498756218905","37.06736568131656","1","0.0","0.0","0.0"
"CURVE 1","0.08540175771508345","30.34094312149336","24.81696867836524","0.040750768125353755","0.10726836437016576","36.92337390427696","1","0.0","0.0","0.0"
"CURVE 1","0.08540175771508345","30.34094312149336","24.81696867836524","0.04085597650328678","0.10722134262768189","36.77348291009771","1","0.0","0.0","0.0"
"CURVE 1","0.08540175771508345","30.34094312149336","24.81696867836524","0.040960876573970656","0.10717392461216864","36.61775541281729","1","0.0","0.0","0.0"
"CURVE 1","0.08540175771508345","30.34094312149336","24.81696867836524","0.041065471895891624","0.1071261126010572","36.45625694106493","1","1.0","1.0","1.0"
"CURVE 1","0.08540175771508345","30.34094312149336","24.81696867836524","0.04116976602753595","0.10707790887177879","36.28905577586672","1","1.0","1.0","1.0"
"CURVE 1","0.08540175771508345","30.34094312149336","24.81696867836524","0.041273762527389894","0.1070293157017646","36.11622286197948","1","1.0","1.0","1.0"
"CURVE 1","0.08540175771508345","30.34094312149336","24.81696867836524","0.0413774649539397","0.10698033536844585","35.93783165238011","1","0.0","0.0","0.0"
"CURVE 1","0.08540175771508345","30.34094312149336","24.81696867836524","0.04148087686567164","0.1069309701492537","35.753958055261194","1","0.0","0.0","0.0"
"CURVE 1","0.08540175771508345","30.34094312149336","24.81696867836524","0.04158400182107195","0.10688122232161944","35.564680352728445","1","0.0","0.0","0.0"
"CURVE 1","0.08540175771508345","30.34094312149336","24.81696867836524","0.04168684337862689","0.10683109416297418","35.37007904747754","1","0.0","0.0","0.0"
"CURVE 1","0.08540175771508345","30.34094312149336","24.81696867836524","0.041789405096822704","0.10678058795074918","35.17023679323111","1","0.0","0.0","0.0"
"CURVE 1","0.08540175771508345","30.34094312149336","24.81696867836524","0.04189169053414568","0.10672970596237562","34.965238265018215","1","0.0","0.0","0.0"
"CURVE 1","0.08540175771508345","30.34094312149336","24.81696867836524","0.041993703249082054","0.10667845047528471","34.755170082807155","1","0.0","0.0","0.0"
"CURVE 1","0.08540175771508345","30.34094312149336","24.81696867836524","0.04209544680011807","0.10662682376690764","34.540120682603884","1","0.0","0.0","0.0"
"CURVE 1","0.08540175771508345","30.34094312149336","24.81696867836524","0.042196924745739994","0.10657482811467564","34.320180211172705","1","0.0","0.0","0.0"
"CURVE 1","0.08540175771508345","30.34094312149336","24.81696867836524","0.04229814064443409","0.1065224657960199","34.095440428298325","1","0.0","0.0","0.0"
"CURVE 1","0.08540175771508345","30.34094312149336","24.81696867836524","0.04239909805468659","0.10646973908837162","33.86599459275198","1","0.0","0.0","0.0"
"CURVE 1","0.08540175771508345","30.34094312149336","24.81696867836524","0.04249980053498378","0.10641665026916201","33.631937352885956","1","0.0","0.0","0.0"
"CURVE 1","0.08540175771508345","30.34094312149336","24.81696867836524","0.0426002516438119","0.10636320161582226","33.393364651956254","1","0.0","0.0","0.0"
"CURVE 1","0.08540175771508345","30.34094312149336","24.81696867836524","0.04270045493965719","0.10630939540578359","33.15037359493955","1","0.0","0.0","0.0"
"CURVE 1","0.08540175771508345","30.34094312149336","24.81696867836524","0.042800413981005925","0.10625523391647718","32.9030623863924","1","0.0","0.0","0.0"
"CURVE 1","0.08540175771508345","30.34094312149336","24.81696867836524","0.042900132326344355","0.10620071942533425","32.6515301704339","1","0.0","0.0","0.0"
"CURVE 1","0.08540175771508345","30.34094312149336","24.81696867836524","0.042999613534158744","0.10614585420978602","32.39587697744145","1","0.0","0.0","0.0"
"CURVE 1","0.08540175771508345","30.34094312149336","24.81696867836524","0.04309886116293532","0.10609064054726368","32.13620359654543","1","0.0","0.0","0.0"
"CURVE 1","0.08540175771508345","30.34094312149336","24.81696867836524","0.04319787877116036","0.10603508071519842","31.872611470746506","1","0.0","0.0","0.0"
"CURVE 1","0.08540175771508345","30.34094312149336","24.81696867836524","0.04329666991732013","0.10597917699102145","31.605202607371556","1","0.0","0.0","0.0"
"CURVE 1","0.08540175771508345","30.34094312149336","24.81696867836524","0.04339523815990087","0.10592293165216399","31.334079485493216","1","0.0","0.0","0.0"
"CURVE 1","0.08540175771508345","30.34094312149336","24.81696867836524","0.04349358705738884","0.10586634697605722","31.059344931519327","1","0.0","0.0","0.0"
"CURVE 1","0.08540175771508345","30.34094312149336","24.81696867836524","0.04359172016827029","0.10580942524013236","30.78110206278288","1","0.0","0.0","0.0"
"CURVE 1","0.08540175771508345","30.34094312149336","24.81696867836524","0.043689641051031465","0.10575216872182058","30.49945417735766","1","0.0","0.0","0.0"
"CURVE 1","0.08540175771508345","30.34094312149336","24.81696867836524","0.04378735326415864","0.10569457969855313","30.214504649609516","1","0.0","0.0","0.0"
"CURVE 1","0.08540175771508345","30.34094312149336","24.81696867836524","0.043884860366138055","0.10563666044776118","29.926356857084393","1","0.0","0.0","0.0"
"CURVE 1","0.08540175771508345","30.34094312149336","24.81696867836524","0.04398216591545598","0.10557841324687596","29.635114118704966","1","0.0","0.0","0.0"
"CURVE 1","0.08540175771508345","30.34094312149336","24.81696867836524","0.044079273470598666","0.10551984037332866","29.340879540036383","1","0.0","0.0","0.0"
"CURVE 1","0.08540175771508345","30.34094312149336","24.81696867836524","0.04417618659005236","0.1054609441045505","29.04375602140028","1","0.0","0.0","0.0"
"CURVE 1","0.08540175771508345","30.34094312149336","24.81696867836524","0.04427290883230333","0.10540172671797263","28.743846135091736","1","0.0","0.0","0.0"
"CURVE 1","0.08540175771508345","30.34094312149336","24.81696867836524","0.04436944375583782","0.10534219049102629","28.441252020966033","1","0.0","0.0","0.0"
"CURVE 1","0.08540175771508345","30.34094312149336","24.81696867836524","0.044465794919142085","0.10528233770114272","28.136075360811063","1","0.0","0.0","0.0"
"CURVE 1","0.08540175771508345","30.34094312149336","24.81696867836524","0.04456196588070239","0.10522217062575306","27.82841730349968","1","0.0","0.0","0.0"
"CURVE 1","0.08540175771508345","30.34094312149336","24.81696867836524","0.044657960199004976","0.10516169154228855","27.51837836000592","1","0.0","0.0","0.0"
"CURVE 1","0.08540175771508345","30.34094312149336","24.81696867836524","0.04475378143253612","0.10510090272818037","27.206058386519086","1","0.0","0.0","0.0"
"CURVE 1","0.08540175771508345","30.34094312149336","24.81696867836524","0.04484943313978205","0.10503980646085975","26.891556488126287","1","0.0","0.0","0.0"
"CURVE 1","0.08540175771508345","30.34094312149336","24.81696867836524","0.04494491887922904","0.10497840501775788","26.57497096896775","1","0.0","0.0","0.0"
"CURVE 1","0.08540175771508345","30.34094312149336","24.81696867836524","0.04504024220936334","0.10491670067630597","26.256399282340514","1","0.0","0.0","0.0"
"CURVE 1","0.08540175771508345","30.34094312149336","24.81696867836524","0.045135406688671206","0.1048546957139352","25.93593797297515","1","0.0","0.0","0.0"
"CURVE 1","0.08540175771508345","30.34094312149336","24.81696867836524","0.0452304158756389","0.1047923924080768","25.613682613149024","1","0.0","0.0","0.0"
"CURVE 1","0.08540175771508345","30.34094312149336","24.81696867836524","0.045325273328752656","0.10472979303616196","25.289727774471103","1","0.0","0.0","0.0"
"CURVE 1","0.08540175771508345","30.34094312149336","24.81696867836524","0.04541998260649876","0.1046668998756219","24.96416699494891","1","0.0","0.0","0.0"
"CURVE 1","0.08540175771508345","30.34094312149336","24.81696867836524","0.04551454726736344","0.10460371520388781","24.637092678163384","1","0.0","0.0","0.0"
"CURVE 1","0.08540175771508345","30.34094312149336","24.81696867836524","0.04560897086983297","0.10454024129839087","24.308596095979823","1","0.0","0.0","0.0"
"CURVE 1","0.08540175771508345","30.34094312149336","24.81696867836524","0.04570325697239359","0.10447648043656231","23.97876737431656","1","0.0","0.0","0.0"
"CURVE 1","0.08540175771508345","30.34094312149336","24.81696867836524","0.04579740913353156","0.10441243489583334","23.64769540254743","1","0.0","0.0","0.0"
"CURVE 1","0.08540175771508345","30.34094312149336","24.81696867836524","0.04589143091173314","0.10434810695363514","23.315467843287948","1","0.0","0.0","0.0"
"CURVE 1","0.08540175771508345","30.34094312149336","24.81696867836524","0.04598532586548459","0.10428349888739893","22.982171074059494","1","0.0","0.0","0.0"
"CURVE 1","0.08540175771508345","30.34094312149336","24.81696867836524","0.04607909755327215","0.10421861297455592","22.647890183280623","1","0.0","0.0","0.0"
"CURVE 1","0.08540175771508345","30.34094312149336","24.81696867836524","0.046172749533582094","0.10415345149253731","22.312708942317233","1","0.0","0.0","0.0"
"CURVE 1","0.08540175771508345","30.34094312149336","24.81696867836524","0.046266285364900656","0.1040880167187743","21.976709756705148","1","0.0","0.0","0.0"
"CURVE 1","0.08540175771508345","30.34094312149336","24.81696867836524","0.04635970860571411","0.10402231093069807","21.63997369421832","1","0.0","0.0","0.0"
"CURVE 1","0.08540175771508345","30.34094312149336","24.81696867836524","0.0464530228145087","0.10395633640573985","21.302580410966517","1","0.0","0.0","0.0"
"CURVE 1","0.08540175771508345","30.34094312149336","24.81696867836524","0.04654623154977068","0.10389009542133086","20.964608184462264","1","0.0","0.0","0.0"
"CURVE 1","0.08540175771508345","30.34094312149336","24.81696867836524","0.04663933836998631","0.10382359025490226","20.62613387548432","1","0.0","0.0","0.0"
"CURVE 1","0.08540175771508345","30.34094312149336","24.81696867836524","0.046732346833641844","0.10375682318388528","20.28723291907695","1","0.0","0.0","0.0"
"CURVE 1","0.08540175771508345","30.34094312149336","24.81696867836524","0.04682526049922354","0.1036897964857111","19.947979316864554","1","0.0","0.0","0.0"
"CURVE 1","0.08540175771508345","30.34094312149336","24.81696867836524","0.04691808292521766","0.10362251243781094","19.60844565673226","1","0.0","0.0","0.0"
"CURVE 1","0.08540175771508345","30.34094312149336","24.81696867836524","0.04701081767011044","0.10355497331761603","19.26870304301598","1","0.0","0.0","0.0"
"CURVE 1","0.08540175771508345","30.34094312149336","24.81696867836524","0.04710346829238815","0.10348718140255753","18.92882115344946","1","0.0","0.0","0.0"
"CURVE 1","0.08540175771508345","30.34094312149336","24.81696867836524","0.04719603835053704","0.10341913897006666","18.588868221804724","1","0.0","0.0","0.0"
"CURVE 1","0.08540175771508345","30.34094312149336","24.81696867836524","0.04728853140304337","0.10335084829757463","18.248911022505858","1","0.0","0.0","0.0"
"CURVE 1","0.08540175771508345","30.34094312149336","24.81696867836524","0.047380951008393395","0.10328231166251263","17.90901489383887","1","0.0","0.0","0.0"
"CURVE 1","0.08540175771508345","30.34094312149336","24.81696867836524","0.04747330072507336","0.10321353134231188","17.56924371885363","1","0.0","0.0","0.0"
"CURVE 1","0.08540175771508345","30.34094312149336","24.81696867836524","0.04756558411156954","0.10314450961440358","17.22965994554098","1","0.0","0.0","0.0"
"CURVE 1","0.08540175771508345","30.34094312149336","24.81696867836524","0.047657804726368165","0.10307524875621892","16.890324603719197","1","0.0","0.0","0.0"
"CURVE 1","0.08540175771508345","30.34094312149336","24.81696867836524","0.047749966127955505","0.10300575104518911","16.55129727626571","1","0.0","0.0","0.0"
"CURVE 1","0.08540175771508345","30.34094312149336","24.81696867836524","0.047842071874817815","0.10293601875874535","16.212636143708107","1","0.0","0.0","0.0"
"CURVE 1","0.08540175771508345","30.34094312149336","24.81696867836524","0.047934125525441344","0.10286605417431884","15.874397974858054","1","0.0","0.0","0.0"
"CURVE 1","0.08540175771508345","30.34094312149336","24.81696867836524","0.048026130638312355","0.10279585956934081","15.536638160047247","1","0.0","0.0","0.0"
"CURVE 1","0.08540175771508345","30.34094312149336","24.81696867836524","0.048118090771917095","0.10272543722124243","15.199410680910812","1","0.0","0.0","0.0"
"CURVE 1","0.08540175771508345","30.34094312149336","24.81696867836524","0.048210009484741835","0.10265478940745493","14.86276817168497","1","0.0","0.0","0.0"
"CURVE 1","0.08540175771508345","30.34094312149336","24.81696867836524","0.0483018903352728","0.10258391840540948","14.526761903268225","1","0.0","0.0","0.0"
"CURVE 1","0.08540175771508345","30.34094312149336","24.81696867836524","0.048393736881996274","0.10251282649253732","14.191441816835358","1","0.0","0.0","0.0"
"CURVE 1","0.08540175771508345","30.34094312149336","24.81696867836524","0.04848555268339851","0.10244151594626963","13.8568565257462","1","0.0","0.0","0.0"
"CURVE 1","0.08540175771508345","30.34094312149336","24.81696867836524","0.048577341297965745","0.10236998904403763","13.523053323727193","1","0.0","0.0","0.0"
"CURVE 1","0.08540175771508345","30.34094312149336","24.81696867836524","0.048669106284184256","0.10229824806327249","13.190078243371175","1","0.0","0.0","0.0"
"CURVE 1","0.08540175771508345","30.34094312149336","24.81696867836524","0.04876085120054028","0.10222629528140546","12.85797603845485","1","0.0","0.0","0.0"
"CURVE 1","0.08540175771508345","30.34094312149336","24.81696867836524","0.048852579605520086","0.10215413297586771","12.526790200297985","1","0.0","0.0","0.0"
"CURVE 1","0.08540175771508345","30.34094312149336","24.81696867836524","0.04894429505760991","0.10208176342409048","12.196563011410172","1","0.0","0.0","0.0"
"CURVE 1","0.08540175771508345","30.34094312149336","24.81696867836524","0.049036001115296025","0.10200918890350494","11.867335523031707","1","0.0","0.0","0.0"
"CURVE 1","0.08540175771508345","30.34094312149336","24.81696867836524","0.049127701337064685","0.10193641169154227","11.539147603635547","1","0.0","0.0","0.0"
"CURVE 1","0.08540175771508345","30.34094312149336","24.81696867836524","0.04921939928140214","0.10186343406563374","11.21203796028086","1","0.0","0.0","0.0"
"CURVE 1","0.08540175771508345","30.34094312149336","24.81696867836524","0.04931109850679465","0.10179025830321049","10.886044145526292","1","0.0","0.0","0.0"
"CURVE 1","0.08540175771508345","30.34094312149336","24.81696867836524","0.04940280257172846","0.10171688668170376","10.561202588689875","1","0.0","0.0","0.0"
"CURVE 1","0.08540175771508345","30.34094312149336","24.81696867836524","0.049494515034689844","0.10164332147854477","10.237548613062591","1","0.0","0.0","0.0"
"CURVE 1","0.08540175771508345","30.34094312149336","24.81696867836524","0.04958623945416502","0.10156956497116468","9.915116459832271","1","0.0","0.0","0.0"
"CURVE 1","0.08540175771508345","30.34094312149336","24.81696867836524","0.0496779793886403","0.1014956194369947","9.59393932136226","1","0.0","0.0","0.0"
"CURVE 1","0.08540175771508345","30.34094312149336","24.81696867836524","0.0497697383966019","0.10142148715346605","9.274049342395843","1","0.0","0.0","0.0"
"CURVE 1","0.08540175771508345","30.34094312149336","24.81696867836524","0.04986152003653608","0.10134717039800994","8.955477645916668","1","0.0","0.0","0.0"
"CURVE 1","0.08540175771508345","30.34094312149336","24.81696867836524","0.049953327866929104","0.10127267144805757","8.638254388782128","1","0.0","0.0","0.0"
"CURVE 1","0.08540175771508345","30.34094312149336","24.81696867836524","0.050045165446267206","0.1011979925810401","8.322408745362624","1","0.0","0.0","0.0"
"CURVE 1","0.08540175771508345","30.34094312149336","24.81696867836524","0.050137036333036664","0.10112313607438879","8.007968939179015","1","0.0","0.0","0.0"
"CURVE 1","0.08540175771508345","30.34094312149336","24.81696867836524","0.05022894408572373","0.10104810420553481","7.694962290912405","1","0.0","0.0","0.0"
"CURVE 1","0.08540175771508345","30.34094312149336","24.81696867836524","0.05032089226281466","0.10097289925190939","7.383415201581648","1","0.0","0.0","0.0"
"CURVE 1","0.08540175771508345","30.34094312149336","24.81696867836524","0.0504128844227957","0.10089752349094372","7.073353198552796","1","0.0","0.0","0.0"
"CURVE 1","0.08540175771508345","30.34094312149336","24.81696867836524","0.050504924124153104","0.100821979200069","6.76480097549033","1","0.0","0.0","0.0"
"CURVE 1","0.08540175771508345","30.34094312149336","24.81696867836524","0.05059701492537314","0.10074626865671642","6.457782360583605","1","0.0","0.0","0.0"
"CURVE 1","0.08540175771508345","30.34094312149336","24.81696867836524","0.05068915972069128","0.10067039447044258","6.222372727245082","1","0.0","0.0","0.0"
"CURVE 1","0.08540175771508345","30.34094312149336","24.81696867836524","0.050781358747339966","0.10059436057930563","5.988967836676091","1","0.0","0.0","0.0"
"CURVE 1","0.08540175771508345","30.34094312149336","24.81696867836524","0.05087361157830082","0.10051817125348901","5.757504343268894","1","0.0","0.0","0.0"
"CURVE 1","0.08540175771508345","30.34094312149336","24.81696867836524","0.05096591778655551","0.10044183076317631","5.52791983193019","1","0.0","0.0","0.0"
"CURVE 1","0.08540175771508345","30.34094312149336","24.81696867836524","0.051058276945085676","0.10036534337855096","5.30015279773875","1","0.0","0.0","0.0"
"CURVE 1","0.08540175771508345","30.34094312149336","24.81696867836524","0.05115068862687296","0.10028871336979653","5.074142600586057","1","0.0","0.0","0.0"
"CURVE 1","0.08540175771508345","30.34094312149336","24.81696867836524","0.05124315240489904","0.10021194500709649","4.8498294692982435","1","0.0","0.0","0.0"
"CURVE 1","0.08540175771508345","30.34094312149336","24.81696867836524","0.05133566785214553","0.10013504256063434","4.627154438843286","1","0.0","0.0","0.0"
"CURVE 1","0.08540175771508345","30.34094312149336","24.81696867836524","0.05142823454159409","0.1000580103005936","4.406059354482694","1","0.0","0.0","0.0"
"CURVE 1","0.08540175771508345","30.34094312149336","24.81696867836524","0.0515208520462264","0.09998085249715775","4.186486830631339","1","0.0","0.0","0.0"
"CURVE 1","0.08540175771508345","30.34094312149336","24.81696867836524","0.05161351993902406","0.09990357342051036","3.9683802202185126","1","0.0","0.0","0.0"
"CURVE 1","0.08540175771508345","30.34094312149336","24.81696867836524","0.051706237792968755","0.09982617734083489","3.751683610943418","1","0.0","0.0","0.0"
"CURVE 1","0.08540175771508345","30.34094312149336","24.81696867836524","0.05179900518104212","0.09974866852831485","3.5363417716047176","1","0.0","0.0","0.0"
"CURVE 1","0.08540175771508345","30.34094312149336","24.81696867836524","0.05189182167622581","0.09967105125313376","3.3223001497375098","1","0.0","0.0","0.0"
"CURVE 1","0.08540175771508345","30.34094312149336","24.81696867836524","0.05198468685150147","0.0995933297854751","3.1095048473508853","1","0.0","0.0","0.0"
"CURVE 1","0.08540175771508345","30.34094312149336","24.81696867836524","0.05207760027985075","0.09951550839552241","2.897902578085877","1","0.0","0.0","0.0"
"CURVE 1","0.08540175771508345","30.34094312149336","24.81696867836524","0.0521705615342553","0.09943759135345917","2.687440670789697","1","0.0","0.0","0.0"
"CURVE 1","0.08540175771508345","30.34094312149336","24.81696867836524","0.05226357018769677","0.09935958292946888","2.4780670162600242","1","0.0","0.0","0.0"
"CURVE 1","0.08540175771508345","30.34094312149336","24.81696867836524","0.05235662581315682","0.09928148739373507","2.2697300801190097","1","0.0","0.0","0.0"
"CURVE 1","0.08540175771508345","30.34094312149336","24.81696867836524","0.05244972798361707","0.09920330901644124","2.0623788446481934","1","0.0","0.0","0.0"
"CURVE 1","0.08540175771508345","30.34094312149336","24.81696867836524","0.0525428762720592","0.09912505206777089","1.8559628183762673","1","0.0","0.0","0.0"
"CURVE 1","0.08540175771508345","30.34094312149336","24.81696867836524","0.05263607025146484","0.09904672081790754","1.6504319780221628","1","0.0","0.0","0.0"
"CURVE 1","0.08540175771508345","30.34094312149336","24.81696867836524","0.05272930949481566","0.09896831953703468","1.445736796109449","1","0.0","0.0","0.0"
"CURVE 1","0.08540175771508345","30.34094312149336","24.81696867836524","0.052822593575093287","0.09888985249533583","1.2418281779294298","1","0.0","0.0","0.0"
"CURVE 1","0.08540175771508345","30.34094312149336","24.81696867836524","0.052915922065279376","0.0988113239629945","1.038657453571012","1","0.0","0.0","0.0"
"CURVE 1","0.08540175771508345","30.34094312149336","24.81696867836524","0.05300929453835559","0.09873273821019415","0.836176364604337","1","1.0","1.0","1.0"
"CURVE 1","0.08540175771508345","30.34094312149336","24.81696867836524","0.05310271056730356","0.09865409950711834","0.6343370424805584","1","1.0","1.0","1.0"
"CURVE 1","0.08540175771508345","30.34094312149336","24.81696867836524","0.05319616972510494","0.09857541212395057","0.43309196886483936","1","1.0","1.0","1.0"
"CURVE 1","0.08540175771508345","30.34094312149336","24.81696867836524","0.05328967158474139","0.09849668033087433","0.23239399508445033","1","1.0","1.0","1.0"
"CURVE 1","0.08540175771508345","30.34094312149336","24.81696867836524","0.053383215719194556","0.09841790839807311","0.03219627940209076","1","1.0","1.0","1.0"
"CURVE 1","0.08540175771508345","30.34094312149336","24.81696867836524","0.05347680170144608","0.09833910059573046","0.1675476983798779","-1","1.0","1.0","1.0"
"CURVE 1","0.08540175771508345","30.34094312149336","24.81696867836524","0.05357042910447762","0.09826026119402985","0.3668841771229792","-1","1.0","1.0","1.0"
"CURVE 1","0.08540175771508345","30.34094312149336","24.81696867836524","0.05366409750127082","0.09818139446315478","0.5658591208795873","-1","1.0","1.0","1.0"
"CURVE 1","0.08540175771508345","30.34094312149336","24.81696867836524","0.053757806464807316","0.09810250467328882","0.7645182471524674","-1","1.0","1.0","1.0"
"CURVE 1","0.08540175771508345","30.34094312149336","24.81696867836524","0.05385155556806879","0.09802359609461542","0.9629070403611631","-1","1.0","1.0","1.0"
"CURVE 1","0.08540175771508345","30.34094312149336","24.81696867836524","0.05394534438403686","0.0979446729973181","1.1610707579570527","-1","1.0","1.0","1.0"
"CURVE 1","0.08540175771508345","30.34094312149336","24.81696867836524","0.05403917248569319","0.09786573965158035","1.3590544762791235","-1","1.0","1.0","1.0"
"CURVE 1","0.08540175771508345","30.34094312149336","24.81696867836524","0.054133039446019424","0.09778680032758572","1.556903080392425","-1","1.0","1.0","1.0"
"CURVE 1","0.08540175771508345","30.34094312149336","24.81696867836524","0.05422694483799722","0.09770785929551766","1.7546613062199337","-1","1.0","1.0","1.0"
"CURVE 1","0.08540175771508345","30.34094312149336","24.81696867836524","0.05432088823460822","0.09762892082555971","1.9523737271733308","-1","1.0","1.0","1.0"
"CURVE 1","0.08540175771508345","30.34094312149336","24.81696867836524","0.05441486920883408","0.09754998918789537","2.1500848110399096","-1","1.0","1.0","1.0"
"CURVE 1","0.08540175771508345","30.34094312149336","24.81696867836524","0.054508887333656435","0.09747106865270815","2.347838894271046","-1","1.0","1.0","1.0"
"CURVE 1","0.08540175771508345","30.34094312149336","24.81696867836524","0.054602942182056934","0.09739216349018154","2.5456802365260085","-1","1.0","1.0","1.0"
"CURVE 1","0.08540175771508345","30.34094312149336","24.81696867836524","0.05469703332701726","0.09731327797049906","2.7436530202853553","-1","1.0","1.0","1.0"
"CURVE 1","0.08540175771508345","30.34094312149336","24.81696867836524","0.054791160341519034","0.09723441636384422","2.9418013598370187","-1","1.0","1.0","1.0"
"CURVE 1","0.08540175771508345","30.34094312149336","24.81696867836524","0.05488532279854391","0.09715558294040054","3.1401693290170414","-1","1.0","1.0","1.0"
"CURVE 1","0.08540175771508345","30.34094312149336","24.81696867836524","0.054979520271073536","0.09707678197035151","3.338800982426963","-1","1.0","1.0","1.0"
"CURVE 1","0.08540175771508345","30.34094312149336","24.81696867836524","0.055073752332089554","0.0969980177238806","3.537740357918793","-1","1.0","1.0","1.0"
"CURVE 1","0.08540175771508345","30.34094312149336","24.81696867836524","0.05516801855457362","0.09691929447117137","3.7370315015999873","-1","1.0","1.0","1.0"
"CURVE 1","0.08540175771508345","30.34094312149336","24.81696867836524","0.055262318511507404","0.0968406164824073","3.9367184835009152","-1","1.0","1.0","1.0"
"CURVE 1","0.08540175771508345","30.34094312149336","24.81696867836524","0.05535665177587254","0.0967619880277719","4.136845409980727","-1","1.0","1.0","1.0"
"CURVE 1","0.08540175771508345","30.34094312149336","24.81696867836524","0.05545101792065066","0.0966834133774487","4.337456440633379","-1","1.0","1.0","1.0"
"CURVE 1","0.08540175771508345","30.34094312149336","24.81696867836524","0.05554541651882343","0.09660489680162115","4.538595809431736","-1","1.0","1.0","1.0"
"CURVE 1","0.08540175771508345","30.34094312149336","24.81696867836524","0.055639847143372494","0.09652644257047283","4.740307829770416","-1","1.0","1.0","1.0"
"CURVE 1","0.08540175771508345","30.34094312149336","24.81696867836524","0.05573430936727951","0.09644805495418718","4.942636919648054","-1","1.0","1.0","1.0"
"CURVE 1","0.08540175771508345","30.34094312149336","24.81696867836524","0.05582880276352612","0.09636973822294775","5.145627624065788","-1","1.0","1.0","1.0"
"CURVE 1","0.08540175771508345","30.34094312149336","24.81696867836524","0.055923326905093974","0.09629149664693804","5.349324603857866","-1","1.0","1.0","1.0"
"CURVE 1","0.08540175771508345","30.34094312149336","24.81696867836524","0.056017881364964724","0.09621333449634152","5.553772665866648","-1","1.0","1.0","1.0"
"CURVE 1","0.08540175771508345","30.34094312149336","24.81696867836524","0.05611246571612002","0.09613525604134174","5.759016794947575","-1","1.0","1.0","1.0"
"CURVE 1","0.08540175771508345","30.34094312149336","24.81696867836524","0.05620707953154151","0.09605726555212218","5.965102158954194","-1","1.0","1.0","1.0"
"CURVE 1","0.08540175771508345","30.34094312149336","24.81696867836524","0.05630172238421085","0.09597936729886637","6.172074094839248","-1","0.0","0.0","0.0"
"CURVE 1","0.08540175771508345","30.34094312149336","24.81696867836524","0.05639639384710967","0.0959015655517578","6.3799781578021655","-1","0.0","0.0","0.0"
"CURVE 1","0.08540175771508345","30.34094312149336","24.81696867836524","0.05649109349321964","0.09582386458097997","6.588860138195592","-1","0.0","0.0","0.0"
"CURVE 1","0.08540175771508345","30.34094312149336","24.81696867836524","0.05658582089552239","0.09574626865671641","6.798766048997401","-1","0.0","0.0","0.0"
"CURVE 1","0.08540175771508345","30.34094312149336","24.81696867836524","0.05668057562699959","0.09566878204915062","7.00974216835315","-1","0.0","0.0","0.0"
"CURVE 1","0.08540175771508345","30.34094312149336","24.81696867836524","0.056775357260632875","0.09559140902846608","7.221835029060098","-1","0.0","0.0","0.0"
"CURVE 1","0.08540175771508345","30.34094312149336","24.81696867836524","0.0568701653694039","0.0955141538648463","7.435091457502799","-1","0.0","0.0","0.0"
"CURVE 1","0.08540175771508345","30.34094312149336","24.81696867836524","0.05696499952629431","0.0954370208284748","7.6495585753584745","-1","0.0","0.0","0.0"
"CURVE 1","0.08540175771508345","30.34094312149336","24.81696867836524","0.05705985930428576","0.0953600141895351","7.8652838113808174","-1","0.0","0.0","0.0"
"CURVE 1","0.08540175771508345","30.34094312149336","24.81696867836524","0.057154744276359894","0.0952831382182107","8.082314920676149","-1","0.0","0.0","0.0"
"CURVE 1","0.08540175771508345","30.34094312149336","24.81696867836524","0.057249654015498364","0.09520639718468507","8.300700001234357","-1","0.0","0.0","0.0"
"CURVE 1","0.08540175771508345","30.34094312149336","24.81696867836524","0.05734458809468283","0.09512979535914179","8.520487510114178","-1","0.0","0.0","0.0"
"CURVE 1","0.08540175771508345","30.34094312149336","24.81696867836524","0.05743954608689494","0.09505333701176429","8.74172626385989","-1","0.0","0.0","0.0"
"CURVE 1","0.08540175771508345","30.34094312149336","24.81696867836524","0.05753452756511631","0.09497702641273613","8.96446545828327","-1","0.0","0.0","0.0"
"CURVE 1","0.08540175771508345","30.34094312149336","24.81696867836524","0.05762953210232862","0.09490086783224078","9.188754706176603","-1","0.0","0.0","0.0"
"CURVE 1","0.08540175771508345","30.34094312149336","24.81696867836524","0.057724559271513515","0.09482486554046177","9.41464400369844","-1","0.0","0.0","0.0"
"CURVE 1","0.08540175771508345","30.34094312149336","24.81696867836524","0.05781960864565264","0.09474902380758257","9.64218379953106","-1","0.0","0.0","0.0"
"CURVE 1","0.08540175771508345","30.34094312149336","24.81696867836524","0.05791467979772766","0.09467334690378675","9.871424953176655","-1","0.0","0.0","0.0"
"CURVE 1","0.08540175771508345","30.34094312149336","24.81696867836524","0.0580097723007202","0.09459783909925774","10.102418797514584","-1","0.0","0.0","0.0"
"CURVE 1","0.08540175771508345","30.34094312149336","24.81696867836524","0.05810488572761193","0.09452250466417911","10.335217113841038","-1","0.0","0.0","0.0"
"CURVE 1","0.08540175771508345","30.34094312149336","24.81696867836524","0.05820001965138448","0.09444734786873434","10.569872170499771","-1","0.0","0.0","0.0"
"CURVE 1","0.08540175771508345","30.34094312149336","24.81696867836524","0.058295173645019516","0.09437237298310693","10.806436731463961","-1","0.0","0.0","0.0"
"CURVE 1","0.08540175771508345","30.34094312149336","24.81696867836524","0.05839034728149869","0.0942975842774804","11.044964040047196","-1","0.0","0.0","0.0"
"CURVE 1","0.08540175771508345","30.34094312149336","24.81696867836524","0.058485540133803623","0.09422298602203825","11.285507895731033","-1","0.0","0.0","0.0"
"CURVE 1","0.08540175771508345","30.34094312149336","24.81696867836524","0.058580751774916","0.094148582486964","11.528122589359452","-1","0.0","0.0","0.0"
"CURVE 1","0.08540175771508345","30.34094312149336","24.81696867836524","0.058675981777817444","0.09407437794244114","11.772862961219596","-1","0.0","0.0","0.0"
"CURVE 1","0.08540175771508345","30.34094312149336","24.81696867836524","0.05877122971548961","0.09400037665865316","12.019784417180954","-1","0.0","0.0","0.0"
"CURVE 1","0.08540175771508345","30.34094312149336","24.81696867836524","0.05886649516091417","0.0939265829057836","12.268942929628226","-1","0.0","0.0","0.0"
"CURVE 1","0.08540175771508345","30.34094312149336","24.81696867836524","0.058961777687072746","0.09385300095401593","12.520395020530312","-1","0.0","0.0","0.0"
"CURVE 1","0.08540175771508345","30.34094312149336","24.81696867836524","0.05905707686694699","0.0937796350735337","12.774197835320802","-1","0.0","0.0","0.0"
"CURVE 1","0.08540175771508345","30.34094312149336","24.81696867836524","0.059152392273518574","0.09370648953452039","13.030409082920132","-1","0.0","0.0","0.0"
"CURVE 1","0.08540175771508345","30.34094312149336","24.81696867836524","0.05924772347976912","0.0936335686071595","13.289087101957707","-1","0.0","0.0","0.0"
"CURVE 1","0.08540175771508345","30.34094312149336","24.81696867836524","0.059343070058680294","0.09356087656163456","13.550290840672929","-1","0.0","0.0","0.0"
"CURVE 1","0.08540175771508345","30.34094312149336","24.81696867836524","0.05943843158323373","0.09348841766812907","13.814079887662281","-1","0.0","0.0","0.0"
"CURVE 1","0.08540175771508345","30.34094312149336","24.81696867836524","0.05953380762641109","0.09341619619682655","14.080514453587094","-1","0.0","0.0","0.0"
"CURVE 1","0.08540175771508345","30.34094312149336","24.81696867836524","0.05962919776119402","0.09334421641791045","14.349655399872194","-1","0.0","0.0","0.0"
"CURVE 1","0.08540175771508345","30.34094312149336","24.81696867836524","0.05972460156056418","0.09327248260156432","14.621564251729554","-1","0.0","0.0","0.0"
"CURVE 1","0.08540175771508345","30.34094312149336","24.81696867836524","0.0598200185975032","0.09320099901797166","14.896303183530213","-1","0.0","0.0","0.0"
"CURVE 1","0.08540175771508345","30.34094312149336","24.81696867836524","0.05991544844499274","0.09312976993731598","15.173935053530467","-1","0.0","0.0","0.0"
"CURVE 1","0.08540175771508345","30.34094312149336","24.81696867836524","0.06001089067601446","0.09305879962978078","15.454523383285172","-1","0.0","0.0","0.0"
"CURVE 1","0.08540175771508345","30.34094312149336","24.81696867836524","0.06010634486354999","0.09298809236554959","15.73813238194767","-1","0.0","0.0","0.0"
"CURVE 1","0.08540175771508345","30.34094312149336","24.81696867836524","0.060201810580580974","0.09291765241480586","16.02482696737641","-1","0.0","0.0","0.0"
"CURVE 1","0.08540175771508345","30.34094312149336","24.81696867836524","0.060297287400089085","0.09284748404773313","16.314672710945185","-1","0.0","0.0","0.0"
"CURVE 1","0.08540175771508345","30.34094312149336","24.81696867836524","0.06039277489505596","0.09277759153451492","16.607735905861766","-1","0.0","0.0","0.0"
"CURVE 1","0.08540175771508345","30.34094312149336","24.81696867836524","0.06048827263846326","0.09270797914533474","16.90408354274026","-1","0.0","0.0","0.0"
"CURVE 1","0.08540175771508345","30.34094312149336","24.81696867836524","0.060583780203292616","0.09263865115037605","17.203783316080433","-1","0.0","0.0","0.0"
"CURVE 1","0.08540175771508345","30.34094312149336","24.81696867836524","0.06067929716252569","0.0925696118198224","17.506903618160095","-1","0.0","0.0","0.0"
"CURVE 1","0.08540175771508345","30.34094312149336","24.81696867836524","0.060774823089144114","0.09250086542385727","17.813513542970504","-1","0.0","0.0","0.0"
"CURVE 1","0.08540175771508345","30.34094312149336","24.81696867836524","0.060870357556129566","0.09243241623266418","18.1236829015472","-1","0.0","0.0","0.0"
"CURVE 1","0.08540175771508345","30.34094312149336","24.81696867836524","0.06096590013646368","0.09236426851642665","18.437482182440498","-1","0.0","0.0","0.0"
"CURVE 1","0.08540175771508345","30.34094312149336","24.81696867836524","0.06106145040312809","0.09229642654532816","18.75498259688472","-1","0.0","0.0","0.0"
"CURVE 1","0.08540175771508345","30.34094312149336","24.81696867836524","0.061157007929104466","0.09222889458955223","19.07625604043163","-1","0.0","0.0","0.0"
"CURVE 1","0.08540175771508345","30.34094312149336","24.81696867836524","0.061252572287374456","0.09216167691928237","19.401375095895517","-1","0.0","0.0","0.0"
"CURVE 1","0.08540175771508345","30.34094312149336","24.81696867836524","0.06134814305091971","0.09209477780470206","19.73041302552206","-1","0.0","0.0","0.0"
"CURVE 1","0.08540175771508345","30.34094312149336","24.81696867836524","0.06144371979272186","0.09202820151599483","20.06344377512634","-1","0.0","0.0","0.0"
"CURVE 1","0.08540175771508345","30.34094312149336","24.81696867836524","0.06153930208576258","0.09196195232334421","20.400541932487393","-1","0.0","0.0","0.0"
"CURVE 1","0.08540175771508345","30.34094312149336","24.81696867836524","0.06163488950302351","0.09189603449693365","20.741782767858606","-1","0.0","0.0","0.0"
"CURVE 1","0.08540175771508345","30.34094312149336","24.81696867836524","0.061730481617486295","0.09183045230694668","21.087242154081316","-1","0.0","0.0","0.0"
"CURVE 1","0.08540175771508345","30.34094312149336","24.81696867836524","0.06182607800213258","0.09176521002356683","21.43699661750605","-1","0.0","0.0","0.0"
"CURVE 1","0.08540175771508345","30.34094312149336","24.81696867836524","0.06192167822994402","0.0917003119169776","21.791123277699718","-1","0.0","0.0","0.0"
"CURVE 1","0.08540175771508345","30.34094312149336","24.81696867836524","0.062017281873902264","0.09163576225736247","22.149699832407645","-1","0.0","0.0","0.0"
"CURVE 1","0.08540175771508345","30.34094312149336","24.81696867836524","0.06211288850698898","0.09157156531490496","22.51280455543431","-1","0.0","0.0","0.0"
"CURVE 1","0.08540175771508345","30.34094312149336","24.81696867836524","0.06220849770218578","0.09150772535978859","22.880516251607066","-1","0.0","0.0","0.0"
"CURVE 1","0.08540175771508345","30.34094312149336","24.81696867836524","0.062304109032474346","0.09144424666219682","23.252914253631815","-1","0.0","0.0","0.0"
"CURVE 1","0.08540175771508345","30.34094312149336","24.81696867836524","0.06239972207083631","0.09138113349231321","23.63007836587336","-1","0.0","0.0","0.0"
"CURVE 1","0.08540175771508345","30.34094312149336","24.81696867836524","0.062495336390253314","0.09131839012032124","24.012088849238168","-1","0.0","0.0","0.0"
"CURVE 1","0.08540175771508345","30.34094312149336","24.81696867836524","0.06259095156370702","0.09125602081640442","24.39902640109687","-1","0.0","0.0","0.0"
"CURVE 1","0.08540175771508345","30.34094312149336","24.81696867836524","0.0626865671641791","0.09119402985074626","24.790972063198748","-1","0.0","0.0","0.0"
"CURVE 1","0.08540175771508345","30.34094312149336","24.81696867836524","0.0627821830730533","0.09113242030736819","24.800233698360977","-1","0.0","0.0","0.0"
"CURVE 1","0.08540175771508345","30.34094312149336","24.81696867836524","0.06287780040532201","0.09107119052564326","24.806345194628214","-1","0.0","0.0","0.0"
"CURVE 1","0.08540175771508345","30.34094312149336","24.81696867836524","0.06297342058437973","0.0910103376587825","24.809285941469696","-1","0.0","0.0","0.0"
"CURVE 1","0.08540175771508345","30.34094312149336","24.81696867836524","0.06306904503362096","0.09094985885999689","24.809036577047138","-1","0.0","0.0","0.0"
"CURVE 1","0.08540175771508345","30.34094312149336","24.81696867836524","0.06316467517644017","0.09088975128249742","24.80557900550443","-1","0.0","0.0","0.0"
"CURVE 1","0.08540175771508345","30.34094312149336","24.81696867836524","0.06326031243623191","0.09083001207949509","24.798896427689694","-1","0.0","0.0","0.0"
"CURVE 1","0.08540175771508345","30.34094312149336","24.81696867836524","0.06335595823639067","0.0907706384042009","24.788973319690935","-1","0.0","0.0","0.0"
"CURVE 1","0.08540175771508345","30.34094312149336","24.81696867836524","0.06345161400031094","0.09071162740982586","24.775795506890756","-1","0.0","0.0","0.0"
"CURVE 1","0.08540175771508345","30.34094312149336","24.81696867836524","0.06354728115138722","0.09065297624958094","24.75935011883689","-1","0.0","0.0","0.0"
"CURVE 1","0.08540175771508345","30.34094312149336","24.81696867836524","0.06364296111301403","0.09059468207667713","24.739625656330027","-1","0.0","0.0","0.0"
"CURVE 1","0.08540175771508345","30.34094312149336","24.81696867836524","0.06373865530858584","0.09053674204432545","24.716611959438527","-1","0.0","0.0","0.0"
"CURVE 1","0.08540175771508345","30.34094312149336","24.81696867836524","0.0638343651614972","0.09047915330573691","24.690300263708334","-1","0.0","0.0","0.0"
"CURVE 1","0.08540175771508345","30.34094312149336","24.81696867836524","0.06393009209514257","0.09042191301412249","24.660683161395998","-1","0.0","0.0","0.0"
"CURVE 1","0.08540175771508345","30.34094312149336","24.81696867836524","0.06402583753291646","0.09036501832269314","24.627754648612388","-1","0.0","0.0","0.0"
"CURVE 1","0.08540175771508345","30.34094312149336","24.81696867836524","0.06412160289821338","0.09030846638465993","24.59151012004929","-1","0.0","0.0","0.0"
"CURVE 1","0.08540175771508345","30.34094312149336","24.81696867836524","0.06421738961442784","0.09025225435323381","24.551946373768327","-1","0.0","0.0","0.0"
"CURVE 1","0.08540175771508345","30.34094312149336","24.81696867836524","0.06431319910495434","0.09019637938162578","24.50906161062226","-1","0.0","0.0","0.0"
"CURVE 1","0.08540175771508345","30.34094312149336","24.81696867836524","0.06440903279318737","0.09014083862304685","24.46285546738365","-1","0.0","0.0","0.0"
"CURVE 1","0.08540175771508345","30.34094312149336","24.81696867836524","0.06450489210252144","0.09008562923070801","24.413328971062903","-1","0.0","0.0","0.0"
"CURVE 1","0.08540175771508345","30.34094312149336","24.81696867836524","0.06460077845635104","0.09003074835782024","24.3604845728801","-1","0.0","0.0","0.0"
"CURVE 1","0.08540175771508345","30.34094312149336","24.81696867836524","0.06469669327807068","0.08997619315759457","24.30432615983969","-1","0.0","0.0","0.0"
"CURVE 1","0.08540175771508345","30.34094312149336","24.81696867836524","0.06479263799107489","0.08992196078324197","24.2448590114613","-1","0.0","0.0","0.0"
"CURVE 1","0.08540175771508345","30.34094312149336","24.81696867836524","0.06488861401875813","0.08986804838797344","24.182089845369813","-1","0.0","0.0","0.0"
"CURVE 1","0.08540175771508345","30.34094312149336","24.81696867836524","0.06498462278451493","0.08981445312499997","24.116026766812173","-1","0.0","0.0","0.0"
"CURVE 1","0.08540175771508345","30.34094312149336","24.81696867836524","0.06508066571173977","0.08976117214753258","24.04667929824843","-1","0.0","0.0","0.0"
"CURVE 1","0.08540175771508345","30.34094312149336","24.81696867836524","0.06517674422382717","0.08970820260878225","23.974058371084656","-1","0.0","0.0","0.0"
"CURVE 1","0.08540175771508345","30.34094312149336","24.81696867836524","0.0652728597441716","0.08965554166195998","23.89817627995682","-1","0.0","0.0","0.0"
"CURVE 1","0.08540175771508345","30.34094312149336","24.81696867836524","0.0653690136961676","0.08960318646027673","23.819046731257345","-1","0.0","0.0","0.0"
"CURVE 1","0.08540175771508345","30.34094312149336","24.81696867836524","0.06546520750320965","0.08955113415694355","23.73668478148011","-1","0.0","0.0","0.0"
"CURVE 1","0.08540175771508345","30.34094312149336","24.81696867836524","0.06556144258869227","0.08949938190517139","23.651106868525257","-1","0.0","0.0","0.0"
"CURVE 1","0.08540175771508345","30.34094312149336","24.81696867836524","0.06565772037600995","0.08944792685817128","23.56233075593666","-1","0.0","0.0","0.0"
"CURVE 1","0.08540175771508345","30.34094312149336","24.81696867836524","0.0657540422885572","0.08939676616915421","23.470375568738756","-1","0.0","0.0","0.0"
"CURVE 1","0.08540175771508345","30.34094312149336","24.81696867836524","0.06585040974972853","0.08934589699133116","23.37526173223818","-1","0.0","0.0","0.0"
"CURVE 1","0.08540175771508345","30.34094312149336","24.81696867836524","0.06594682418291842","0.08929531647791314","23.277010963442883","-1","0.0","0.0","0.0"
"CURVE 1","0.08540175771508345","30.34094312149336","24.81696867836524","0.06604328701152137","0.08924502178211113","23.175646309688144","-1","0.0","0.0","0.0"
"CURVE 1","0.08540175771508345","30.34094312149336","24.81696867836524","0.06613979965893191","0.08919501005713616","23.071192053010826","-1","0.0","0.0","0.0"
"CURVE 1","0.08540175771508345","30.34094312149336","24.81696867836524","0.06623636354854451","0.0891452784561992","22.963673734893874","-1","0.0","0.0","0.0"
"CURVE 1","0.08540175771508345","30.34094312149336","24.81696867836524","0.06633298010375369","0.08909582413251124","22.85311812612752","-1","0.0","0.0","0.0"
"CURVE 1","0.08540175771508345","30.34094312149336","24.81696867836524","0.06642965074795394","0.0890466442392833","22.739553203234678","-1","0.0","0.0","0.0"
"CURVE 1","0.08540175771508345","30.34094312149336","24.81696867836524","0.0665263769045398","0.08899773592972633","22.623008146892584","-1","0.0","0.0","0.0"
"CURVE 1","0.08540175771508345","30.34094312149336","24.81696867836524","0.06662315999690574","0.08894909635705138","22.50351328463033","-1","0.0","0.0","0.0"
"CURVE 1","0.08540175771508345","30.34094312149336","24.81696867836524","0.06672000144844625","0.08890072267446943","22.38110006886062","-1","0.0","0.0","0.0"
"CURVE 1","0.08540175771508345","30.34094312149336","24.81696867836524","0.06681690268255586","0.08885261203519144","22.255801105535493","-1","0.0","0.0","0.0"
"CURVE 1","0.08540175771508345","30.34094312149336","24.81696867836524","0.06691386512262903","0.08880476159242846","22.12765007613708","-1","0.0","0.0","0.0"
"CURVE 1","0.08540175771508345","30.34094312149336","24.81696867836524","0.06701089019206032","0.08875716849939146","21.996681715088286","-1","0.0","0.0","0.0"
"CURVE 1","0.08540175771508345","30.34094312149336","24.81696867836524","0.06710797931424421","0.08870982990929141","21.862931798087995","-1","0.0","0.0","0.0"
"CURVE 1","0.08540175771508345","30.34094312149336","24.81696867836524","0.06720513391257518","0.08866274297533935","21.72643711873324","-1","0.0","0.0","0.0"
"CURVE 1","0.08540175771508345","30.34094312149336","24.81696867836524","0.06730235541044777","0.08861590485074626","21.587235453010198","-1","0.0","0.0","0.0"
"CURVE 1","0.08540175771508345","30.34094312149336","24.81696867836524","0.06739964523125644","0.08856931268872312","21.445365522884682","-1","0.0","0.0","0.0"
"CURVE 1","0.08540175771508345","30.34094312149336","24.81696867836524","0.06749700479839571","0.08852296364248094","21.300866960339587","-1","0.0","0.0","0.0"
"CURVE 1","0.08540175771508345","30.34094312149336","24.81696867836524","0.0675944355352601","0.08847685486523073","21.153780320272144","-1","0.0","0.0","0.0"
"CURVE 1","0.08540175771508345","30.34094312149336","24.81696867836524","0.06769193886524408","0.08843098351018344","21.00414701533469","-1","0.0","0.0","0.0"
"CURVE 1","0.08540175771508345","30.34094312149336","24.81696867836524","0.06778951621174219","0.08838534673055011","20.852009262430872","-1","0.0","0.0","0.0"
"CURVE 1","0.08540175771508345","30.34094312149336","24.81696867836524","0.0678871689981489","0.08833994167954172","20.69741012352561","-1","0.0","0.0","0.0"
"CURVE 1","0.08540175771508345","30.34094312149336","24.81696867836524","0.06798489864785873","0.08829476551036927","20.540393396064623","-1","0.0","0.0","0.0"
"CURVE 1","0.08540175771508345","30.34094312149336","24.81696867836524","0.06808270658426617","0.08824981537624377","20.381003616923586","-1","0.0","0.0","0.0"
"CURVE 1","0.08540175771508345","30.34094312149336","24.81696867836524","0.06818059423076574","0.08820508843037618","20.219286056847473","-1","0.0","0.0","0.0"
"CURVE 1","0.08540175771508345","30.34094312149336","24.81696867836524","0.06827856301075191","0.08816058182597752","20.05528663913562","-1","0.0","0.0","0.0"
"CURVE 1","0.08540175771508345","30.34094312149336","24.81696867836524","0.06837661434761921","0.08811629271625879","19.88905193561541","-1","0.0","0.0","0.0"
"CURVE 1","0.08540175771508345","30.34094312149336","24.81696867836524","0.06847474966476214","0.08807221825443097","19.720629120295275","-1","0.0","0.0","0.0"
"CURVE 1","0.08540175771508345","30.34094312149336","24.81696867836524","0.06857297038557518","0.08802835559370506","19.55006595306198","-1","0.0","0.0","0.0"
"CURVE 1","0.08540175771508345","30.34094312149336","24.81696867836524","0.06867127793345286","0.08798470188729206","19.37741074102993","-1","0.0","0.0","0.0"
"CURVE 1","0.08540175771508345","30.34094312149336","24.81696867836524","0.06876967373178966","0.08794125428840296","19.202712281131504","-1","0.0","0.0","0.0"
"CURVE 1","0.08540175771508345","30.34094312149336","24.81696867836524","0.0688681592039801","0.08789800995024875","19.026019879709082","-1","0.0","0.0","0.0"
"CURVE 1","0.08540175771508345","30.34094312149336","24.81696867836524","0.06896673577341869","0.08785496602604044","18.84738325883738","-1","0.0","0.0","0.0"
"CURVE 1","0.08540175771508345","30.34094312149336","24.81696867836524","0.0690654048634999","0.08781211966898902","18.666852574499444","-1","0.0","0.0","0.0"
"CURVE 1","0.08540175771508345","30.34094312149336","24.81696867836524","0.06916416789761823","0.08776946803230551","18.484478359570247","-1","0.0","0.0","0.0"
"CURVE 1","0.08540175771508345","30.34094312149336","24.81696867836524","0.06926302629916822","0.08772700826920087","18.300311477213313","-1","0.0","0.0","0.0"
"CURVE 1","0.08540175771508345","30.34094312149336","24.81696867836524","0.06936198149154434","0.0876847375328861","18.1144031366909","-1","0.0","0.0","0.0"
"CURVE 1","0.08540175771508345","30.34094312149336","24.81696867836524","0.06946103489814112","0.08764265297657221","17.92680480510878","-1","0.0","0.0","0.0"
"CURVE 1","0.08540175771508345","30.34094312149336","24.81696867836524","0.06956018794235305","0.0876007517534702","17.737568225380883","-1","0.0","0.0","0.0"
"CURVE 1","0.08540175771508345","30.34094312149336","24.81696867836524","0.06965944204757463","0.08755903101679104","17.54674534050974","-1","0.0","0.0","0.0"
"CURVE 1","0.08540175771508345","30.34094312149336","24.81696867836524","0.06975879863720036","0.08751748791974574","17.35438829623781","-1","0.0","0.0","0.0"
"CURVE 1","0.08540175771508345","30.34094312149336","24.81696867836524","0.06985825913462472","0.08747611961554531","17.160549396088424","-1","0.0","0.0","0.0"
"CURVE 1","0.08540175771508345","30.34094312149336","24.81696867836524","0.06995782496324227","0.08743492325740074","16.965281069890317","-1","0.0","0.0","0.0"
"CURVE 1","0.08540175771508345","30.34094312149336","24.81696867836524","0.07005749754644745","0.08739389599852301","16.768635846207523","-1","0.0","0.0","0.0"
"CURVE 1","0.08540175771508345","30.34094312149336","24.81696867836524","0.0701572783076348","0.08735303499212313","16.570666323713617","-1","0.0","0.0","0.0"
"CURVE 1","0.08540175771508345","30.34094312149336","24.81696867836524","0.07025716867019881","0.08731233739141209","16.371425155689874","-1","0.0","0.0","0.0"
"CURVE 1","0.08540175771508345","30.34094312149336","24.81696867836524","0.07035717005753397","0.08727180034960087","16.170964979328865","-1","0.0","0.0","0.0"
"CURVE 1","0.08540175771508345","30.34094312149336","24.81696867836524","0.07045728389303482","0.0872314210199005","15.969338434062719","-1","0.0","0.0","0.0"
"CURVE 1","0.08540175771508345","30.34094312149336","24.81696867836524","0.07055751160009584","0.08719119655552195","15.76659811595004","-1","0.0","0.0","0.0"
"CURVE 1","0.08540175771508345","30.34094312149336","24.81696867836524","0.07065785460211152","0.08715112410967622","15.562796542362516","-1","0.0","0.0","0.0"
"CURVE 1","0.08540175771508345","30.34094312149336","24.81696867836524","0.07075831432247637","0.0871112008355743","15.357986136224417","-1","0.0","0.0","0.0"
"CURVE 1","0.08540175771508345","30.34094312149336","24.81696867836524","0.07085889218458491","0.08707142388642723","15.152219197802522","-1","0.0","0.0","0.0"
"CURVE 1","0.08540175771508345","30.34094312149336","24.81696867836524","0.0709595896118316","0.08703179041544595","14.945547882667057","-1","0.0","0.0","0.0"
"CURVE 1","0.08540175771508345","30.34094312149336","24.81696867836524","0.07106040802761097","0.08699229757584148","14.738024145466413","-1","0.0","0.0","0.0"
"CURVE 1","0.08540175771508345","30.34094312149336","24.81696867836524","0.07116134885531755","0.08695294252082482","14.52969977757776","-1","0.0","0.0","0.0"
"CURVE 1","0.08540175771508345","30.34094312149336","24.81696867836524","0.07126241351834578","0.08691372240360694","14.320626338888792","-1","0.0","0.0","0.0"
"CURVE 1","0.08540175771508345","30.34094312149336","24.81696867836524","0.0713636034400902","0.08687463437739885","14.110855120544441","-1","0.0","0.0","0.0"
"CURVE 1","0.08540175771508345","30.34094312149336","24.81696867836524","0.07146492004394532","0.08683567559541157","13.900437180360868","-1","0.0","0.0","0.0"
"CURVE 1","0.08540175771508345","30.34094312149336","24.81696867836524","0.07156636475330562","0.0867968432108561","13.689423254998092","-1","0.0","0.0","0.0"
"CURVE 1","0.08540175771508345","30.34094312149336","24.81696867836524","0.07166793899156562","0.0867581343769434","13.477863788374519","-1","0.0","0.0","0.0"
"CURVE 1","0.08540175771508345","30.34094312149336","24.81696867836524","0.07176964418211981","0.08671954624688445","13.265808882962597","-1","0.0","0.0","0.0"
"CURVE 1","0.08540175771508345","30.34094312149336","24.81696867836524","0.07187148174836268","0.0866810759738903","13.053308301859069","-1","0.0","0.0","0.0"
"CURVE 1","0.08540175771508345","30.34094312149336","24.81696867836524","0.07197345311368875","0.0866427207111719","12.840411417124562","-1","0.0","0.0","0.0"
"CURVE 1","0.08540175771508345","30.34094312149336","24.81696867836524","0.07207555970149254","0.08660447761194029","12.627167235930536","-1","0.0","0.0","0.0"
"CURVE 1","0.08540175771508345","30.34094312149336","24.81696867836524","0.07217780293516851","0.08656634382940644","12.413624340763148","-1","0.0","0.0","0.0"
"CURVE 1","0.08540175771508345","30.34094312149336","24.81696867836524","0.07228018423811121","0.08652831651678132","12.19983087785672","-1","0.0","0.0","0.0"
"CURVE 1","0.08540175771508345","30.34094312149336","24.81696867836524","0.0723827050337151","0.08649039282727596","11.985834584969705","-1","0.0","0.0","0.0"
"CURVE 1","0.08540175771508345","30.34094312149336","24.81696867836524","0.0724853667453747","0.08645256991410136","11.771682714717388","-1","0.0","0.0","0.0"
"CURVE 1","0.08540175771508345","30.34094312149336","24.81696867836524","0.07258817079648452","0.0864148449304685","11.557422049064467","-1","0.0","0.0","0.0"
"CURVE 1","0.08540175771508345","30.34094312149336","24.81696867836524","0.07269111861043905","0.08637721502958837","11.343098911223178","-1","0.0","0.0","0.0"
"CURVE 1","0.08540175771508345","30.34094312149336","24.81696867836524","0.07279421161063278","0.08633967736467199","11.12875906824317","-1","0.0","0.0","0.0"
"CURVE 1","0.08540175771508345","30.34094312149336","24.81696867836524","0.07289745122046021","0.08630222908893033","10.914447820188746","-1","0.0","0.0","0.0"
"CURVE 1","0.08540175771508345","30.34094312149336","24.81696867836524","0.07300083886331588","0.08626486735557441","10.70020991977585","-1","0.0","0.0","0.0"
"CURVE 1","0.08540175771508345","30.34094312149336","24.81696867836524","0.07310437596259427","0.0862275893178152","10.48608956186677","-1","0.0","0.0","0.0"
"CURVE 1","0.08540175771508345","30.34094312149336","24.81696867836524","0.07320806394168987","0.08619039212886372","10.272130421492735","-1","0.0","0.0","0.0"
"CURVE 1","0.08540175771508345","30.34094312149336","24.81696867836524","0.0733119042239972","0.08615327294193095","10.05837559484249","-1","0.0","0.0","0.0"
"CURVE 1","0.08540175771508345","30.34094312149336","24.81696867836524","0.07341589823291077","0.0861162289102279","9.844867606917644","-1","0.0","0.0","0.0"
"CURVE 1","0.08540175771508345","30.34094312149336","24.81696867836524","0.07352004739182506","0.08607925718696555","9.631648375367687","-1","0.0","0.0","0.0"
"CURVE 1","0.08540175771508345","30.34094312149336","24.81696867836524","0.07362435312413458","0.08604235492535492","9.418759271885444","-1","0.0","0.0","0.0"
"CURVE 1","0.08540175771508345","30.34094312149336","24.81696867836524","0.07372881685323383","0.08600551927860696","9.206241030574192","-1","0.0","0.0","0.0"
"CURVE 1","0.08540175771508345","30.34094312149336","24.81696867836524","0.07383344000251732","0.0859687473999327","8.994133788941737","-1","0.0","0.0","0.0"
"CURVE 1","0.08540175771508345","30.34094312149336","24.81696867836524","0.07393822399537954","0.08593203644254314","8.782477062139177","-1","0.0","0.0","0.0"
"CURVE 1","0.08540175771508345","30.34094312149336","24.81696867836524","0.07404317025521501","0.08589538355964925","8.571309752320568","-1","0.0","0.0","0.0"
"CURVE 1","0.08540175771508345","30.34094312149336","24.81696867836524","0.07414828020541822","0.08585878590446205","8.360670114283902","-1","0.0","0.0","0.0"
"CURVE 1","0.08540175771508345","30.34094312149336","24.81696867836524","0.07425355526938367","0.08582224063019255","8.15059578138862","-1","0.0","0.0","0.0"
"CURVE 1","0.08540175771508345","30.34094312149336","24.81696867836524","0.07435899687050586","0.0857857448900517","7.941123754074367","-1","0.0","0.0","0.0"
"CURVE 1","0.08540175771508345","30.34094312149336","24.81696867836524","0.07446460643217932","0.08574929583725051","7.732290349086767","-1","0.0","0.0","0.0"
"CURVE 1","0.08540175771508345","30.34094312149336","24.81696867836524","0.07457038537779852","0.08571289062499998","7.524131284985623","-1","0.0","0.0","0.0"
"CURVE 1","0.08540175771508345","30.34094312149336","24.81696867836524","0.07467633513075797","0.08567652640651113","7.3166815721678224","-1","0.0","0.0","0.0"
"CURVE 1","0.08540175771508345","30.34094312149336","24.81696867836524","0.07478245711445215","0.08564020033499493","7.109975622048203","-1","0.0","0.0","0.0"
"CURVE 1","0.08540175771508345","30.34094312149336","24.81696867836524","0.07488875275227562","0.0856039095636624","6.904047130270438","-1","0.0","0.0","0.0"
"CURVE 1","0.08540175771508345","30.34094312149336","24.81696867836524","0.07499522346762284","0.08556765124572449","6.6989291532381365","-1","0.0","0.0","0.0"
"CURVE 1","0.08540175771508345","30.34094312149336","24.81696867836524","0.07510187068388831","0.08553142253439223","6.494654096619153","-1","0.0","0.0","0.0"
"CURVE 1","0.08540175771508345","30.34094312149336","24.81696867836524","0.07520869582446654","0.08549522058287662","6.2912536730912585","-1","0.0","0.0","0.0"
"CURVE 1","0.08540175771508345","30.34094312149336","24.81696867836524","0.07531570031275205","0.08545904254438864","6.088758952290012","-1","0.0","0.0","0.0"
"CURVE 1","0.08540175771508345","30.34094312149336","24.81696867836524","0.0754228855721393","0.0854228855721393","5.887200314690965","-1","0.0","0.0","0.0"
"CURVE 1","0.08540175771508345","30.34094312149336","24.81696867836524","0.07553025667940208","0.08538674954751237","7.4348520739742145","-1","0.0","0.0","0.0"
"CURVE 1","0.08540175771508345","30.34094312149336","24.81696867836524","0.07563783332483093","0.08535064526458284","8.965219357567715","-1","0.0","0.0","0.0"
"CURVE 1","0.08540175771508345","30.34094312149336","24.81696867836524","0.07574563885209572","0.08531458624559847","10.476275455473424","-1","0.0","0.0","0.0"
"CURVE 1","0.08540175771508345","30.34094312149336","24.81696867836524","0.0758536966048663","0.08527858601280704","11.966045872857187","-1","0.0","0.0","0.0"
"CURVE 1","0.08540175771508345","30.34094312149336","24.81696867836524","0.07596202992681246","0.08524265808845632","13.432612210797878","-1","0.0","0.0","0.0"
"CURVE 1","0.08540175771508345","30.34094312149336","24.81696867836524","0.0760706621616041","0.08520681599479407","14.8741158767828","-1","0.0","0.0","0.0"
"CURVE 1","0.08540175771508345","30.34094312149336","24.81696867836524","0.076179616652911","0.08517107325406807","16.288761697443675","-1","0.0","0.0","0.0"
"CURVE 1","0.08540175771508345","30.34094312149336","24.81696867836524","0.076288916744403","0.0851354433885261","17.674821350316375","-1","0.0","0.0","0.0"
"CURVE 1","0.08540175771508345","30.34094312149336","24.81696867836524","0.07639858577974994","0.08509993992041591","19.03063679006665","-1","0.0","0.0","0.0"
"CURVE 1","0.08540175771508345","30.34094312149336","24.81696867836524","0.07650864710262167","0.08506457637198526","20.354623335657905","-1","0.0","0.0","0.0"
"CURVE 1","0.08540175771508345","30.34094312149336","24.81696867836524","0.07661912405668801","0.08502936626548196","21.64527282128186","-1","0.0","0.0","0.0"
"CURVE 1","0.08540175771508345","30.34094312149336","24.81696867836524","0.0767300399856188","0.08499432312315375","22.90115640989984","-1","0.0","0.0","0.0"
"CURVE 1","0.08540175771508345","30.34094312149336","24.81696867836524","0.07684141823308385","0.08495946046724841","24.120927363810612","-1","0.0","0.0","0.0"
"CURVE 1","0.08540175771508345","30.34094312149336","24.81696867836524","0.07695328214275304","0.0849247918200137","25.30332354941943","-1","0.0","0.0","0.0"
"CURVE 1","0.08540175771508345","30.34094312149336","24.81696867836524","0.07706565505829616","0.08489033070369739","26.44716978247546","-1","0.0","0.0","0.0"
"CURVE 1","0.08540175771508345","30.34094312149336","24.81696867836524","0.07717856032338308","0.08485609064054725","27.55137996959144","-1","0.0","0.0","0.0"
"CURVE 1","0.08540175771508345","30.34094312149336","24.81696867836524","0.07729202128168362","0.08482208515281107","28.614959001855365","-1","0.0","0.0","0.0"
"CURVE 1","0.08540175771508345","30.34094312149336","24.81696867836524","0.07740606127686761","0.0847883277627366","29.637004432821605","-1","0.0","0.0","0.0"
"CURVE 1","0.08540175771508345","30.34094312149336","24.81696867836524","0.07752070365260488","0.08475483199257161","30.616707913038077","-1","0.0","0.0","0.0"
"CURVE 1","0.08540175771508345","30.34094312149336","24.81696867836524","0.0776359717525653","0.08472161136456388","31.553356336710912","-1","0.0","0.0","0.0"
"CURVE 1","0.08540175771508345","30.34094312149336","24.81696867836524","0.07775188892041865","0.08468867940096118","32.446332736531566","-1","0.0","0.0","0.0"
"CURVE 1","0.08540175771508345","30.34094312149336","24.81696867836524","0.07786847849983479","0.08465604962401127","33.29511688718557","-1","0.0","0.0","0.0"
"CURVE 1","0.08540175771508345","30.34094312149336","24.81696867836524","0.07798576383448358","0.08462373555596193","34.099285614162326","-1","0.0","0.0","0.0"
"CURVE 1","0.08540175771508345","30.34094312149336","24.81696867836524","0.07810376826803483","0.08459175071906094","34.85851279449642","-1","0.0","0.0","0.0"
"CURVE 1","0.08540175771508345","30.34094312149336","24.81696867836524","0.07822251514415837","0.08456010863555605","35.57256905501261","-1","0.0","0.0","0.0"
"CURVE 1","0.08540175771508345","30.34094312149336","24.81696867836524","0.07834202780652402","0.08452882282769503","36.2413211678093","-1","0.0","0.0","0.0"
"CURVE 1","0.08540175771508345","30.34094312149336","24.81696867836524","0.07846232959880163","0.08449790681772565","36.86473106035447","-1","0.0","0.0","0.0"
"CURVE 1","0.08540175771508345","30.34094312149336","24.81696867836524","0.07858344386466107","0.08446737412789568","37.44285461489651","-1","0.0","0.0","0.0"
"CURVE 1","0.08540175771508345","30.34094312149336","24.81696867836524","0.07870539394777211","0.08443723828045291","37.97584005359686","-1","0.0","0.0","0.0"
"CURVE 1","0.08540175771508345","30.34094312149336","24.81696867836524","0.07882820319180465","0.08440751279764507","38.46392606974222","-1","0.0","0.0","0.0"
"CURVE 1","0.08540175771508345","30.34094312149336","24.81696867836524","0.07895189494042848","0.08437821120171998","38.90743961119017","-1","0.0","0.0","0.0"
"CURVE 1","0.08540175771508345","30.34094312149336","24.81696867836524","0.07907649253731343","0.08434934701492537","39.30679339730871","-1","0.0","0.0","0.0"
"CURVE 1","0.08540175771508345","30.34094312149336","24.81696867836524","0.07920201932612936","0.08432093375950903","39.66248311869311","-1","0.0","0.0","0.0"
"CURVE 1","0.08540175771508345","30.34094312149336","24.81696867836524","0.0793284986505461","0.08429298495771871","39.975084389926174","-1","0.0","0.0","0.0"
"CURVE 1","0.08540175771508345","30.34094312149336","24.81696867836524","0.07945595385423347","0.08426551413180224","40.24524942185489","-1","0.0","0.0","0.0"
"CURVE 1","0.08540175771508345","30.34094312149336","24.81696867836524","0.07958440828086132","0.08423853480400731","40.47370346170786","-1","0.0","0.0","0.0"
"CURVE 1","0.08540175771508345","30.34094312149336","24.81696867836524","0.07971388527409945","0.08421206049658173","40.661241012257086","-1","0.0","0.0","0.0"
"CURVE 1","0.08540175771508345","30.34094312149336","24.81696867836524","0.07984440817761777","0.08418610473177325","40.80872183153605","-1","0.0","0.0","0.0"
"CURVE 1","0.08540175771508345","30.34094312149336","24.81696867836524","0.07997600033508605","0.08416068103182968","40.9170668104517","-1","0.0","0.0","0.0"
"CURVE 1","0.08540175771508345","30.34094312149336","24.81696867836524","0.08010868509017412","0.08413580291899875","40.98725362036119","-1","0.0","0.0","0.0"
"CURVE 1","0.08540175771508345","30.34094312149336","24.81696867836524","0.08024248578655187","0.08411148391552825","41.02031228458107","-1","0.0","0.0","0.0"
"CURVE 1","0.08540175771508345","30.34094312149336","24.81696867836524","0.08037742576788906","0.08408773754366594","41.01732063901514","-1","0.0","0.0","0.0"
"CURVE 1","0.08540175771508345","30.34094312149336","24.81696867836524","0.08051352837785558","0.0840645773256596","40.97939970025898","-1","0.0","0.0","0.0"
"CURVE 1","0.08540175771508345","30.34094312149336","24.81696867836524","0.08065081696012126","0.08404201678375699","40.907709011068036","-1","0.0","0.0","0.0"
"CURVE 1","0.08540175771508345","30.34094312149336","24.81696867836524","0.08078931485835592","0.08402006944020587","40.80344193048194","-1","0.0","0.0","0.0"
"CURVE 1","0.08540175771508345","30.34094312149336","24.81696867836524","0.0809290454162294","0.08399874881725405","40.66782096447974","-1","0.0","0.0","0.0"
"CURVE 1","0.08540175771508345","30.34094312149336","24.81696867836524","0.08107003197741151","0.08397806843714926","40.50209308680606","-1","0.0","0.0","0.0"
"CURVE 1","0.08540175771508345","30.34094312149336","24.81696867836524","0.08121229788557213","0.0839580418221393","40.307525151570545","-1","0.0","0.0","0.0"
"CURVE 1","0.08540175771508345","30.34094312149336","24.81696867836524","0.08135586648438108","0.0839386824944719","40.08539935016367","-1","0.0","0.0","0.0"
"CURVE 1","0.08540175771508345","30.34094312149336","24.81696867836524","0.08150076111750815","0.08392000397639487","39.837008794549014","-1","0.0","0.0","0.0"
"CURVE 1","0.08540175771508345","30.34094312149336","24.81696867836524","0.08164700512862322","0.08390201979015598","39.563653200573356","-1","0.0","0.0","0.0"
"CURVE 1","0.08540175771508345","30.34094312149336","24.81696867836524","0.08179462186139613","0.08388474345800297","39.26663472854404","-1","0.0","0.0","0.0"
"CURVE 1","0.08540175771508345","30.34094312149336","24.81696867836524","0.0819436346594967","0.0838681885021836","38.947253965685846","-1","0.0","0.0","0.0"
"CURVE 1","0.08540175771508345","30.34094312149336","24.81696867836524","0.08209406686659475","0.08385236844494569","38.60680608316694","-1","0.0","0.0","0.0"
"CURVE 1","0.08540175771508345","30.34094312149336","24.81696867836524","0.08224594182636012","0.08383729680853697","38.24657721378577","-1","0.0","0.0","0.0"
"CURVE 1","0.08540175771508345","30.34094312149336","24.81696867836524","0.08239928288246268","0.08382298711520522","37.86784097115495","-1","0.0","0.0","0.0"
"CURVE 1","0.08540175771508345","30.34094312149336","24.81696867836524","0.08255411337857221","0.08380945288719822","37.47185521925016","-1","0.0","0.0","0.0"
"CURVE 1","0.08540175771508345","30.34094312149336","24.81696867836524","0.08271045665835859","0.08379670764676374","37.059859037711036","-1","0.0","0.0","0.0"
"CURVE 1","0.08540175771508345","30.34094312149336","24.81696867836524","0.08286833606549164","0.08378476491614953","36.633069939032275","-1","0.0","0.0","0.0"
"CURVE 1","0.08540175771508345","30.34094312149336","24.81696867836524","0.08302777494364116","0.08377363821760338","36.19268127124013","-1","0.0","0.0","0.0"
"CURVE 1","0.08540175771508345","30.34094312149336","24.81696867836524","0.08318879663647703","0.08376334107337306","35.73985986680811","-1","0.0","0.0","0.0"
"CURVE 1","0.08540175771508345","30.34094312149336","24.81696867836524","0.08335142448766908","0.08375388700570634","35.27574395254348","-1","0.0","0.0","0.0"
"CURVE 1","0.08540175771508345","30.34094312149336","24.81696867836524","0.08351568184088712","0.08374528953685095","34.801441205626915","-1","0.0","0.0","0.0"
"CURVE 1","0.08540175771508345","30.34094312149336","24.81696867836524","0.083681592039801","0.08373756218905473","34.3180271404812","-1","0.0","0.0","0.0"
"CURVE 1","0.08540175771508345","30.34094312149336","24.81696867836524","0.08384917842808055","0.08373071848456538","33.82654362481928","-1","0.0","0.0","0.0"
"CURVE 1","0.08540175771508345","30.34094312149336","24.81696867836524","0.0840184643493956","0.08372477194563074","33.32799766879255","-1","0.0","0.0","0.0"
"CURVE 1","0.08540175771508345","30.34094312149336","24.81696867836524","0.084189473147416","0.08371973609449851","32.82336038871725","-1","0.0","0.0","0.0"
"CURVE 1","0.08540175771508345","30.34094312149336","24.81696867836524","0.08436222816581157","0.08371562445341652","32.3135661984599","-1","0.0","0.0","0.0"
"CURVE 1","0.08540175771508345","30.34094312149336","24.81696867836524","0.08453675274825216","0.0837124505446325","31.79951216825576","-1","0.0","0.0","0.0"
"CURVE 1","0.08540175771508345","30.34094312149336","24.81696867836524","0.08471307023840757","0.08371022789039423","31.28205759297583","-1","0.0","0.0","0.0"
"CURVE 1","0.08540175771508345","30.34094312149336","24.81696867836524","0.08489120397994768","0.08370897001294947","30.76202370581821","-1","0.0","0.0","0.0"
"CURVE 1","0.08540175771508345","30.34094312149336","24.81696867836524","0.08507117731654229","0.08370869043454601","30.240193595826298","-1","0.0","0.0","0.0"
"CURVE 1","0.08540175771508345","30.34094312149336","24.81696867836524","0.08525301359186124","0.08370940267743163","29.717312215226197","-1","0.0","0.0","0.0"
"CURVE 1","0.08540175771508345","30.34094312149336","24.81696867836524","0.0854367361495744","0.08371112026385408","29.19408660683451","-1","0.0","0.0","0.0"
"CURVE 1","0.08540175771508345","30.34094312149336","24.81696867836524","0.08562236833335155","0.08371385671606112","28.67118619455479","-1","0.0","0.0","0.0"
"CURVE 1","0.08540175771508345","30.34094312149336","24.81696867836524","0.08580993348686257","0.08371762555630054","28.149243243230167","-1","0.0","0.0","0.0"
"CURVE 1","0.08540175771508345","30.34094312149336","24.81696867836524","0.08599945495377724","0.08372244030682009","27.628853387399165","-1","0.0","0.0","0.0"
"CURVE 1","0.08540175771508345","30.34094312149336","24.81696867836524","0.08619095607776546","0.08372831448986756","27.11057630698567","-1","0.0","0.0","0.0"
"CURVE 1","0.08540175771508345","30.34094312149336","24.81696867836524","0.08638446020249704","0.08373526162769071","26.594936424647916","-1","0.0","0.0","0.0"
"CURVE 1","0.08540175771508345","30.34094312149336","24.81696867836524","0.08657999067164178","0.08374329524253732","26.082423759350984","-1","0.0","0.0","0.0"
"CURVE 1","0.08540175771508345","30.34094312149336","24.81696867836524","0.08677757082886955","0.08375242885665514","25.573494781514558","-1","0.0","0.0","0.0"
"CURVE 1","0.08540175771508345","30.34094312149336","24.81696867836524","0.08697722401785021","0.08376267599229198","25.068573370739607","-1","0.0","0.0","0.0"
"CURVE 1","0.08540175771508345","30.34094312149336","24.81696867836524","0.08717897358225352","0.08377405017169554","24.5680517950266","-1","0.0","0.0","0.0"
"CURVE 1","0.08540175771508345","30.34094312149336","24.81696867836524","0.08738284286574938","0.08378656491711366","24.07229175364138","-1","0.0","0.0","0.0"
"CURVE 1","0.08540175771508345","30.34094312149336","24.81696867836524","0.08758885521200759","0.08380023375079407","23.581625430147245","-1","0.0","0.0","0.0"
"CURVE 1","0.08540175771508345","30.34094312149336","24.81696867836524","0.08779703396469798","0.08381507019498455","23.096356606343313","-1","0.0","0.0","0.0"
"CURVE 1","0.08540175771508345","30.34094312149336","24.81696867836524","0.08800740246749043","0.08383108777193288","22.616761737417715","-1","0.0","0.0","0.0"
"CURVE 1","0.08540175771508345","30.34094312149336","24.81696867836524","0.08821998406405474","0.08384830000388681","22.143091109189896","-1","0.0","0.0","0.0"
"CURVE 1","0.08540175771508345","30.34094312149336","24.81696867836524","0.08843480209806072","0.08386672041309413","21.675569941024378","-1","0.0","0.0","0.0"
"CURVE 1","0.08540175771508345","30.34094312149336","24.81696867836524","0.08865187991317824","0.08388636252180261","21.214399529540287","-1","0.0","0.0","0.0"
"CURVE 1","0.08540175771508345","30.34094312149336","24.81696867836524","0.08887124085307715","0.08390723985226001","20.759758360677264","-1","0.0","0.0","0.0"
"CURVE 1","0.08540175771508345","30.34094312149336","24.81696867836524","0.08909290826142724","0.08392936592671409","20.311803234526","-1","0.0","0.0","0.0"
"CURVE 1","0.08540175771508345","30.34094312149336","24.81696867836524","0.08931690548189837","0.08395275426741265","19.870670355997294","-1","0.0","0.0","0.0"
"CURVE 1","0.08540175771508345","30.34094312149336","24.81696867836524","0.08954325585816036","0.08397741839660341","19.436476430073633","-1","0.0","0.0","0.0"
"CURVE 1","0.08540175771508345","30.34094312149336","24.81696867836524","0.08977198273388307","0.0840033718365342","19.00931971593874","-1","0.0","0.0","0.0"
"CURVE 1","0.08540175771508345","30.34094312149336","24.81696867836524","0.09000310945273632","0.08403062810945273","18.589281078570572","-1","0.0","0.0","0.0"
"CURVE 1","0.08540175771508345","30.34094312149336","24.81696867836524","0.09023665935838991","0.08405920073760684","18.17642499339154","-1","0.0","0.0","0.0"
"CURVE 1","0.08540175771508345","30.34094312149336","24.81696867836524","0.09047265579451375","0.08408910324324424","17.770800547277943","-1","0.0","0.0","0.0"
"CURVE 1","0.08540175771508345","30.34094312149336","24.81696867836524","0.09071112210477762","0.08412034914861272","17.37244238610275","-1","0.0","0.0","0.0"
"CURVE 1","0.08540175771508345","30.34094312149336","24.81696867836524","0.09095208163285136","0.08415295197596005","16.98137165577221","-1","0.0","0.0","0.0"
"CURVE 1","0.08540175771508345","30.34094312149336","24.81696867836524","0.09119555772240481","0.08418692524753399","16.597596888825514","-1","0.0","0.0","0.0"
"CURVE 1","0.08540175771508345","30.34094312149336","24.81696867836524","0.09144157371710782","0.08422228248558236","16.221114880044805","-1","0.0","0.0","0.0"
"CURVE 1","0.08540175771508345","30.34094312149336","24.81696867836524","0.0916901529606302","0.08425903721235285","15.851911508957945","-1","0.0","0.0","0.0"
"CURVE 1","0.08540175771508345","30.34094312149336","24.81696867836524","0.09194131879664179","0.0842972029500933","15.489962545218033","-1","0.0","0.0","0.0"
"CURVE 1","0.08540175771508345","30.34094312149336","24.81696867836524","0.09219509456881242","0.08433679322105142","15.135234414627774","-1","0.0","0.0","0.0"
"CURVE 1","0.08540175771508345","30.34094312149336","24.81696867836524","0.09245150362081193","0.08437782154747504","14.787684923224356","-1","0.0","0.0","0.0"
"CURVE 1","0.08540175771508345","30.34094312149336","24.81696867836524","0.09271056929631019","0.08442030145161188","14.447263966976434","-1","0.0","0.0","0.0"
"CURVE 1","0.08540175771508345","30.34094312149336","24.81696867836524","0.09297231493897698","0.08446424645570973","14.113914185558539","-1","0.0","0.0","0.0"
"CURVE 1","0.08540175771508345","30.34094312149336","24.81696867836524","0.09323676389248214","0.08450967008201636","13.787571604502489","-1","0.0","0.0","0.0"
"CURVE 1","0.08540175771508345","30.34094312149336","24.81696867836524","0.09350393950049557","0.08455658585277954","13.468166232377786","-1","0.0","0.0","0.0"
"CURVE 1","0.08540175771508345","30.34094312149336","24.81696867836524","0.09377386510668702","0.08460500729024704","13.155622626923005","-1","0.0","0.0","0.0"
"CURVE 1","0.08540175771508345","30.34094312149336","24.81696867836524","0.09404656405472636","0.08465494791666665","12.849860441467571","-1","0.0","0.0","0.0"
"CURVE 1","0.08540175771508345","30.34094312149336","24.81696867836524","0.09432205968828342","0.08470642125428611","12.550794924654745","-1","0.0","0.0","0.0"
"CURVE 1","0.08540175771508345","30.34094312149336","24.81696867836524","0.09460037535102805","0.08475944082535321","12.258337410243662","-1","0.0","0.0","0.0"
"CURVE 1","0.08540175771508345","30.34094312149336","24.81696867836524","0.09488153438663008","0.08481402015211569","11.972395758955631","-1","0.0","0.0","0.0"
"CURVE 1","0.08540175771508345","30.34094312149336","24.81696867836524","0.09516556013875932","0.08487017275682135","11.692874793533262","-1","0.0","0.0","0.0"
"CURVE 1","0.08540175771508345","30.34094312149336","24.81696867836524","0.09545247595108564","0.08492791216171795","11.419676686561425","-1","0.0","0.0","0.0"
"CURVE 1","0.08540175771508345","30.34094312149336","24.81696867836524","0.09574230516727883","0.08498725188905326","11.152701344763708","-1","0.0","0.0","0.0"
"CURVE 1","0.08540175771508345","30.34094312149336","24.81696867836524","0.09603507113100877","0.08504820546107504","10.891846747140008","-1","0.0","0.0","0.0"
"CURVE 1","0.08540175771508345","30.34094312149336","24.81696867836524","0.09633079718594527","0.08511078640003109","10.63700928239165","-1","0.0","0.0","0.0"
"CURVE 1","0.08540175771508345","30.34094312149336","24.81696867836524","0.09662950667575816","0.08517500822816915","10.388084041727334","-1","0.0","0.0","0.0"
"CURVE 1","0.08540175771508345","30.34094312149336","24.81696867836524","0.09693122294411731","0.085240884467737","10.144965111098927","-1","0.0","0.0","0.0"
"CURVE 1","0.08540175771508345","30.34094312149336","24.81696867836524","0.0972359693346925","0.08530842864098241","9.907545826229665","-1","0.0","0.0","0.0"
"CURVE 1","0.08540175771508345","30.34094312149336","24.81696867836524","0.09754376919115361","0.08537765427015315","9.675719021197422","-1","0.0","0.0","0.0"
"CURVE 1","0.08540175771508345","30.34094312149336","24.81696867836524","0.09785464585717042","0.08544857487749698","9.449377247848796","-1","0.0","0.0","0.0"
"CURVE 1","0.08540175771508345","30.34094312149336","24.81696867836524","0.09816862267641284","0.08552120398526168","9.228412992186968","-1","0.0","0.0","0.0"
"CURVE 1","0.08540175771508345","30.34094312149336","24.81696867836524","0.09848572299255066","0.08559555511569503","9.012718852984523","-1","0.0","0.0","0.0"
