"Curve Name","Curve Length (um)","Average Curvature (um-1)","Curvature Std (um-1)","X-Coordinate (um)","Y-Coordinate (um)","Point Curvature (um-1)","Point Curvature Sign","Red Intensity","Green Intensity","Blue Intensity"
"CURVE 1","0.08481139450044319","27.1362995329456","26.68986922990339","0.022686567164179102","0.1035820895522388","53.826431904705885","1","1.0","1.0","1.0"
"CURVE 1","0.08481139450044319","27.1362995329456","26.68986922990339","0.022791783252165687","0.10373475300138862","54.9281567347039","1","1.0","1.0","1.0"
"CURVE 1","0.08481139450044319","27.1362995329456","26.68986922990339","0.02289753852198966","0.10388491825084782","56.03982305319102","1","1.0","1.0","1.0"
"CURVE 1","0.08481139450044319","27.1362995329456","26.68986922990339","0.02300382557199962","0.10403260138497425","57.16058774018141","1","1.0","1.0","1.0"
"CURVE 1","0.08481139450044319","27.1362995329456","26.68986922990339","0.02311063700054415","0.10417781848812578","58.28954670127549","1","1.0","1.0","1.0"
"CURVE 1","0.08481139450044319","27.1362995329456","26.68986922990339","0.02321796540597185","0.1043205856446603","59.42573429843097","1","1.0","1.0","1.0"
"CURVE 1","0.08481139450044319","27.1362995329456","26.68986922990339","0.0233258033866313","0.10446091893893569","60.56812305067086","1","1.0","1.0","1.0"
"CURVE 1","0.08481139450044319","27.1362995329456","26.68986922990339","0.02343414354087109","0.1045988344553098","61.71562362560674","1","1.0","1.0","1.0"
"CURVE 1","0.08481139450044319","27.1362995329456","26.68986922990339","0.023542978467039802","0.10473434827814054","62.86708514572712","1","1.0","1.0","1.0"
"CURVE 1","0.08481139450044319","27.1362995329456","26.68986922990339","0.02365230076348604","0.10486747649178577","64.02129583461178","1","1.0","1.0","1.0"
"CURVE 1","0.08481139450044319","27.1362995329456","26.68986922990339","0.02376210302855838","0.10499823518060333","65.17698401913665","1","1.0","1.0","1.0"
"CURVE 1","0.08481139450044319","27.1362995329456","26.68986922990339","0.023872377860605424","0.10512664042895112","66.33281951946194","1","1.0","1.0","1.0"
"CURVE 1","0.08481139450044319","27.1362995329456","26.68986922990339","0.023983117857975748","0.10525270832118705","67.48741542442862","1","1.0","1.0","1.0"
"CURVE 1","0.08481139450044319","27.1362995329456","26.68986922990339","0.024094315619017946","0.10537645494166893","68.63933027473378","1","0.0","0.0","0.0"
"CURVE 1","0.08481139450044319","27.1362995329456","26.68986922990339","0.024205963742080613","0.10549789637475465","69.78707069429328","1","0.0","0.0","0.0"
"CURVE 1","0.08481139450044319","27.1362995329456","26.68986922990339","0.02431805482551233","0.10561704870480211","70.9290944197313","1","0.0","0.0","0.0"
"CURVE 1","0.08481139450044319","27.1362995329456","26.68986922990339","0.024430581467661694","0.10573392801616914","72.06381379180921","1","0.0","0.0","0.0"
"CURVE 1","0.08481139450044319","27.1362995329456","26.68986922990339","0.024543536266877285","0.10584855039321366","73.18959968941063","1","0.0","0.0","0.0"
"CURVE 1","0.08481139450044319","27.1362995329456","26.68986922990339","0.0246569118215077","0.10596093192029353","74.30478587062855","1","0.0","0.0","0.0"
"CURVE 1","0.08481139450044319","27.1362995329456","26.68986922990339","0.02477070072990152","0.10607108868176662","75.4076737877451","1","1.0","1.0","1.0"
"CURVE 1","0.08481139450044319","27.1362995329456","26.68986922990339","0.024884895590407338","0.10617903676199081","76.49653777078642","1","1.0","1.0","1.0"
"CURVE 1","0.08481139450044319","27.1362995329456","26.68986922990339","0.024999489001373748","0.10628479224532396","77.56963066695293","1","1.0","1.0","1.0"
"CURVE 1","0.08481139450044319","27.1362995329456","26.68986922990339","0.025114473561149334","0.10638837121612396","78.62518979086204","1","1.0","1.0","1.0"
"CURVE 1","0.08481139450044319","27.1362995329456","26.68986922990339","0.02522984186808268","0.10648978975874868","79.66144330418749","1","1.0","1.0","1.0"
"CURVE 1","0.08481139450044319","27.1362995329456","26.68986922990339","0.02534558652052239","0.10658906395755596","80.67661683734157","1","1.0","1.0","1.0"
"CURVE 1","0.08481139450044319","27.1362995329456","26.68986922990339","0.025461700116817042","0.10668620989690374","81.66894044303662","1","1.0","1.0","1.0"
"CURVE 1","0.08481139450044319","27.1362995329456","26.68986922990339","0.025578175255315222","0.10678124366114983","82.63665576923808","1","1.0","1.0","1.0"
"CURVE 1","0.08481139450044319","27.1362995329456","26.68986922990339","0.025695004534365525","0.10687418133465214","83.57802341036792","1","1.0","1.0","1.0"
"CURVE 1","0.08481139450044319","27.1362995329456","26.68986922990339","0.02581218055231654","0.1069650390017685","84.49133041513247","1","1.0","1.0","1.0"
"CURVE 1","0.08481139450044319","27.1362995329456","26.68986922990339","0.02592969590751686","0.10705383274685684","85.37489787924376","1","1.0","1.0","1.0"
"CURVE 1","0.08481139450044319","27.1362995329456","26.68986922990339","0.02604754319831506","0.10714057865427502","86.22708854032312","1","0.0","0.0","0.0"
"CURVE 1","0.08481139450044319","27.1362995329456","26.68986922990339","0.026165715023059748","0.1072252928083809","87.04631435405925","1","0.0","0.0","0.0"
"CURVE 1","0.08481139450044319","27.1362995329456","26.68986922990339","0.0262842039800995","0.10730799129353234","87.8310439555288","1","0.0","0.0","0.0"
"CURVE 1","0.08481139450044319","27.1362995329456","26.68986922990339","0.026403002667782914","0.10738869019408723","88.5798099959223","1","0.0","0.0","0.0"
"CURVE 1","0.08481139450044319","27.1362995329456","26.68986922990339","0.026522103684458568","0.10746740559440346","89.29121618841592","1","0.0","0.0","0.0"
"CURVE 1","0.08481139450044319","27.1362995329456","26.68986922990339","0.02664149962847506","0.10754415357883888","89.96394411869964","1","0.0","0.0","0.0"
"CURVE 1","0.08481139450044319","27.1362995329456","26.68986922990339","0.02676118309818097","0.1076189502317514","90.5967596734325","1","0.0","0.0","0.0"
"CURVE 1","0.08481139450044319","27.1362995329456","26.68986922990339","0.026881146691924897","0.10769181163749883","91.18851907130923","1","0.0","0.0","0.0"
"CURVE 1","0.08481139450044319","27.1362995329456","26.68986922990339","0.027001383008055425","0.10776275388043911","91.73817440961808","1","0.0","0.0","0.0"
"CURVE 1","0.08481139450044319","27.1362995329456","26.68986922990339","0.027121884644921143","0.10783179304493007","92.2447787162736","1","0.0","0.0","0.0"
"CURVE 1","0.08481139450044319","27.1362995329456","26.68986922990339","0.027242644200870643","0.10789894521532961","92.70749039877651","1","0.0","0.0","0.0"
"CURVE 1","0.08481139450044319","27.1362995329456","26.68986922990339","0.02736365427425251","0.10796422647599556","93.12557713685743","1","0.0","0.0","0.0"
"CURVE 1","0.08481139450044319","27.1362995329456","26.68986922990339","0.02748490746341534","0.10802765291128584","93.49841906659034","1","0.0","0.0","0.0"
"CURVE 1","0.08481139450044319","27.1362995329456","26.68986922990339","0.02760639636670772","0.10808924060555831","93.82551136529072","1","0.0","0.0","0.0"
"CURVE 1","0.08481139450044319","27.1362995329456","26.68986922990339","0.02772811358247823","0.10814900564317086","94.10646608438203","1","0.0","0.0","0.0"
"CURVE 1","0.08481139450044319","27.1362995329456","26.68986922990339","0.02785005170907547","0.10820696410848134","94.34101331120118","1","0.0","0.0","0.0"
"CURVE 1","0.08481139450044319","27.1362995329456","26.68986922990339","0.027972203344848026","0.10826313208584762","94.52900160907947","1","0.0","0.0","0.0"
"CURVE 1","0.08481139450044319","27.1362995329456","26.68986922990339","0.028094561088144482","0.1083175256596276","94.67039775227515","1","0.0","0.0","0.0"
"CURVE 1","0.08481139450044319","27.1362995329456","26.68986922990339","0.028217117537313433","0.10837016091417911","94.76528575399803","1","0.0","0.0","0.0"
"CURVE 1","0.08481139450044319","27.1362995329456","26.68986922990339","0.028339865290703464","0.10842105393386006","94.81386521972503","1","0.0","0.0","0.0"
"CURVE 1","0.08481139450044319","27.1362995329456","26.68986922990339","0.02846279694666317","0.10847022080302833","94.81644904672078","1","0.0","0.0","0.0"
"CURVE 1","0.08481139450044319","27.1362995329456","26.68986922990339","0.02858590510354113","0.10851767760604177","94.77346044932891","1","0.0","0.0","0.0"
"CURVE 1","0.08481139450044319","27.1362995329456","26.68986922990339","0.028709182359685947","0.10856344042725824","94.68542949608764","1","0.0","0.0","0.0"
"CURVE 1","0.08481139450044319","27.1362995329456","26.68986922990339","0.0288326213134462","0.10860752535103567","94.5529889394397","1","0.0","0.0","0.0"
"CURVE 1","0.08481139450044319","27.1362995329456","26.68986922990339","0.028956214563170476","0.10864994846173189","94.37686970386747","1","0.0","0.0","0.0"
"CURVE 1","0.08481139450044319","27.1362995329456","26.68986922990339","0.02907995470720737","0.10869072584370477","94.15789579945357","1","0.0","0.0","0.0"
"CURVE 1","0.08481139450044319","27.1362995329456","26.68986922990339","0.02920383434390547","0.1087298735813122","93.89697889641413","1","0.0","0.0","0.0"
"CURVE 1","0.08481139450044319","27.1362995329456","26.68986922990339","0.029327846071613366","0.10876740775891204","93.59511252236015","1","0.0","0.0","0.0"
"CURVE 1","0.08481139450044319","27.1362995329456","26.68986922990339","0.029451982488679643","0.10880334446086219","93.25336598732625","1","0.0","0.0","0.0"
"CURVE 1","0.08481139450044319","27.1362995329456","26.68986922990339","0.029576236193452902","0.10883769977152051","92.87287807310854","1","0.0","0.0","0.0"
"CURVE 1","0.08481139450044319","27.1362995329456","26.68986922990339","0.029700599784281714","0.10887048977524488","92.45485053206805","1","0.0","0.0","0.0"
"CURVE 1","0.08481139450044319","27.1362995329456","26.68986922990339","0.02982506585951468","0.10890173055639316","92.00054149745152","1","0.0","0.0","0.0"
"CURVE 1","0.08481139450044319","27.1362995329456","26.68986922990339","0.029949627017500386","0.10893143819932323","91.51125879682323","1","0.0","0.0","0.0"
"CURVE 1","0.08481139450044319","27.1362995329456","26.68986922990339","0.030074275856587424","0.10895962878839294","90.98835328701051","1","0.0","0.0","0.0"
"CURVE 1","0.08481139450044319","27.1362995329456","26.68986922990339","0.030199004975124375","0.1089863184079602","90.43321221023182","1","0.0","0.0","0.0"
"CURVE 1","0.08481139450044319","27.1362995329456","26.68986922990339","0.030323806971459834","0.10901152314238285","89.84725262647238","1","0.0","0.0","0.0"
"CURVE 1","0.08481139450044319","27.1362995329456","26.68986922990339","0.030448674443942395","0.10903525907601883","89.23191499999456","1","0.0","0.0","0.0"
"CURVE 1","0.08481139450044319","27.1362995329456","26.68986922990339","0.030573599990920637","0.10905754229322594","88.58865696555257","1","0.0","0.0","0.0"
"CURVE 1","0.08481139450044319","27.1362995329456","26.68986922990339","0.030698576210743157","0.10907838887836209","87.91894725542906","1","0.0","0.0","0.0"
"CURVE 1","0.08481139450044319","27.1362995329456","26.68986922990339","0.030823595701758542","0.10909781491578514","87.2242599066453","1","0.0","0.0","0.0"
"CURVE 1","0.08481139450044319","27.1362995329456","26.68986922990339","0.030948651062315376","0.10911583648985297","86.50606869519089","1","0.0","0.0","0.0"
"CURVE 1","0.08481139450044319","27.1362995329456","26.68986922990339","0.031073734890762254","0.10913246968492346","85.76584193496298","1","0.0","0.0","0.0"
"CURVE 1","0.08481139450044319","27.1362995329456","26.68986922990339","0.03119883978544776","0.10914773058535449","85.00503745111979","1","0.0","0.0","0.0"
"CURVE 1","0.08481139450044319","27.1362995329456","26.68986922990339","0.03132395834472049","0.10916163527550389","84.22509803729696","1","0.0","0.0","0.0"
"CURVE 1","0.08481139450044319","27.1362995329456","26.68986922990339","0.03144908316692903","0.10917419983972956","83.42744709340323","1","0.0","0.0","0.0"
"CURVE 1","0.08481139450044319","27.1362995329456","26.68986922990339","0.03157420685042196","0.10918544036238942","82.61348470074694","1","0.0","0.0","0.0"
"CURVE 1","0.08481139450044319","27.1362995329456","26.68986922990339","0.031699321993547885","0.10919537292784126","81.7845840236634","1","0.0","0.0","0.0"
"CURVE 1","0.08481139450044319","27.1362995329456","26.68986922990339","0.03182442119465538","0.10920401362044302","80.94208799286311","1","0.0","0.0","0.0"
"CURVE 1","0.08481139450044319","27.1362995329456","26.68986922990339","0.031949497052093045","0.10921137852455254","80.08730642897468","1","0.0","0.0","0.0"
"CURVE 1","0.08481139450044319","27.1362995329456","26.68986922990339","0.03207454216420946","0.10921748372452768","79.22151339702758","1","0.0","0.0","0.0"
"CURVE 1","0.08481139450044319","27.1362995329456","26.68986922990339","0.03219954912935323","0.10922234530472637","78.34594498000449","1","0.0","0.0","0.0"
"CURVE 1","0.08481139450044319","27.1362995329456","26.68986922990339","0.032324510545872924","0.10922597934950642","77.4617972878473","1","0.0","0.0","0.0"
"CURVE 1","0.08481139450044319","27.1362995329456","26.68986922990339","0.03244941901211715","0.10922840194322575","76.57022483317745","1","0.0","0.0","0.0"
"CURVE 1","0.08481139450044319","27.1362995329456","26.68986922990339","0.03257426712643447","0.10922962917024222","75.67233915836884","1","0.0","0.0","0.0"
"CURVE 1","0.08481139450044319","27.1362995329456","26.68986922990339","0.032699047487173505","0.1092296771149137","74.76920775794426","1","0.0","0.0","0.0"
"CURVE 1","0.08481139450044319","27.1362995329456","26.68986922990339","0.03282375269268282","0.10922856186159806","73.86185325766881","1","0.0","0.0","0.0"
"CURVE 1","0.08481139450044319","27.1362995329456","26.68986922990339","0.032948375341311016","0.10922629949465319","72.95125283263572","1","0.0","0.0","0.0"
"CURVE 1","0.08481139450044319","27.1362995329456","26.68986922990339","0.03307290803140668","0.10922290609843693","72.03833786807564","1","0.0","0.0","0.0"
"CURVE 1","0.08481139450044319","27.1362995329456","26.68986922990339","0.0331973433613184","0.1092183977573072","71.12399380364462","1","0.0","0.0","0.0"
"CURVE 1","0.08481139450044319","27.1362995329456","26.68986922990339","0.03332167392939477","0.10921279055562184","70.20906021443535","1","0.0","0.0","0.0"
"CURVE 1","0.08481139450044319","27.1362995329456","26.68986922990339","0.033445892333984366","0.10920610057773875","69.29433100992583","1","0.0","0.0","0.0"
"CURVE 1","0.08481139450044319","27.1362995329456","26.68986922990339","0.033569991173435794","0.10919834390801575","68.38055486035941","1","0.0","0.0","0.0"
"CURVE 1","0.08481139450044319","27.1362995329456","26.68986922990339","0.03369396304609764","0.10918953663081078","67.46843571596267","1","0.0","0.0","0.0"
"CURVE 1","0.08481139450044319","27.1362995329456","26.68986922990339","0.03381780055031847","0.10917969483048168","66.55863345616706","1","0.0","0.0","0.0"
"CURVE 1","0.08481139450044319","27.1362995329456","26.68986922990339","0.0339414962844469","0.10916883459138634","65.65176471652005","1","0.0","0.0","0.0"
"CURVE 1","0.08481139450044319","27.1362995329456","26.68986922990339","0.03406504284683152","0.1091569719978826","64.74840368437555","1","0.0","0.0","0.0"
"CURVE 1","0.08481139450044319","27.1362995329456","26.68986922990339","0.03418843283582089","0.10914412313432835","63.849083132660176","1","0.0","0.0","0.0"
"CURVE 1","0.08481139450044319","27.1362995329456","26.68986922990339","0.03431165884976362","0.1091303040850815","62.95429540166481","1","0.0","0.0","0.0"
"CURVE 1","0.08481139450044319","27.1362995329456","26.68986922990339","0.03443471348700831","0.10911553093449985","62.06449352053018","1","0.0","0.0","0.0"
"CURVE 1","0.08481139450044319","27.1362995329456","26.68986922990339","0.034557589345903535","0.10909981976694136","61.18009228855582","1","0.0","0.0","0.0"
"CURVE 1","0.08481139450044319","27.1362995329456","26.68986922990339","0.03468027902479789","0.10908318666676382","60.301469509597645","1","0.0","0.0","0.0"
"CURVE 1","0.08481139450044319","27.1362995329456","26.68986922990339","0.03480277512203995","0.10906564771832518","59.42896711870359","1","0.0","0.0","0.0"
"CURVE 1","0.08481139450044319","27.1362995329456","26.68986922990339","0.03492507023597831","0.10904721900598327","58.562892456377504","1","0.0","0.0","0.0"
"CURVE 1","0.08481139450044319","27.1362995329456","26.68986922990339","0.035047156964961565","0.10902791661409596","57.70351942483238","1","0.0","0.0","0.0"
"CURVE 1","0.08481139450044319","27.1362995329456","26.68986922990339","0.03516902790733831","0.10900775662702114","56.85108975748627","1","0.0","0.0","0.0"
"CURVE 1","0.08481139450044319","27.1362995329456","26.68986922990339","0.03529067566145712","0.1089867551291167","56.005814185968845","1","0.0","0.0","0.0"
"CURVE 1","0.08481139450044319","27.1362995329456","26.68986922990339","0.03541209282566658","0.10896492820474046","55.16787366706316","1","0.0","0.0","0.0"
"CURVE 1","0.08481139450044319","27.1362995329456","26.68986922990339","0.035533271998315304","0.10894229193825035","54.337420533096484","1","0.0","0.0","0.0"
"CURVE 1","0.08481139450044319","27.1362995329456","26.68986922990339","0.035654205777751864","0.1089188624140042","53.514579664536555","1","0.0","0.0","0.0"
"CURVE 1","0.08481139450044319","27.1362995329456","26.68986922990339","0.035774886762324855","0.10889465571635992","52.69944959772896","1","0.0","0.0","0.0"
"CURVE 1","0.08481139450044319","27.1362995329456","26.68986922990339","0.03589530755038285","0.10886968792967536","51.89210359462627","1","0.0","0.0","0.0"
"CURVE 1","0.08481139450044319","27.1362995329456","26.68986922990339","0.03601546074027446","0.1088439751383084","51.092590743426655","1","1.0","1.0","1.0"
"CURVE 1","0.08481139450044319","27.1362995329456","26.68986922990339","0.03613533893034826","0.1088175334266169","50.30093692628629","1","1.0","1.0","1.0"
"CURVE 1","0.08481139450044319","27.1362995329456","26.68986922990339","0.03625493471895285","0.10879037887895876","49.5171457765096","1","1.0","1.0","1.0"
"CURVE 1","0.08481139450044319","27.1362995329456","26.68986922990339","0.0363742407044368","0.10876252757969186","48.74119964443841","1","1.0","1.0","1.0"
"CURVE 1","0.08481139450044319","27.1362995329456","26.68986922990339","0.03649324948514872","0.10873399561317405","47.973060423943615","1","1.0","1.0","1.0"
"CURVE 1","0.08481139450044319","27.1362995329456","26.68986922990339","0.036611953659437195","0.10870479906376322","47.21267039248836","1","1.0","1.0","1.0"
"CURVE 1","0.08481139450044319","27.1362995329456","26.68986922990339","0.0367303458256508","0.10867495401581723","46.45995300395237","1","1.0","1.0","1.0"
"CURVE 1","0.08481139450044319","27.1362995329456","26.68986922990339","0.03684841858213814","0.10864447655369394","45.71481355849187","1","1.0","1.0","1.0"
"CURVE 1","0.08481139450044319","27.1362995329456","26.68986922990339","0.0369661645272478","0.10861338276175124","44.97713991638406","1","1.0","1.0","1.0"
"CURVE 1","0.08481139450044319","27.1362995329456","26.68986922990339","0.037083576259328364","0.10858168872434701","44.246803095025044","1","1.0","1.0","1.0"
"CURVE 1","0.08481139450044319","27.1362995329456","26.68986922990339","0.03720064637672842","0.10854941052583911","43.52365778661277","1","1.0","1.0","1.0"
"CURVE 1","0.08481139450044319","27.1362995329456","26.68986922990339","0.03731736747779656","0.10851656425058544","42.80754290465147","1","1.0","1.0","1.0"
"CURVE 1","0.08481139450044319","27.1362995329456","26.68986922990339","0.03743373216088139","0.10848316598294384","42.09828200903762","1","1.0","1.0","1.0"
"CURVE 1","0.08481139450044319","27.1362995329456","26.68986922990339","0.037549733024331476","0.10844923180727221","41.395683655458924","1","1.0","1.0","1.0"
"CURVE 1","0.08481139450044319","27.1362995329456","26.68986922990339","0.037665362666495415","0.10841477780792844","40.6995417803327","1","1.0","1.0","1.0"
"CURVE 1","0.08481139450044319","27.1362995329456","26.68986922990339","0.03778061368572179","0.10837982006927033","40.00963591965839","1","1.0","1.0","1.0"
"CURVE 1","0.08481139450044319","27.1362995329456","26.68986922990339","0.03789547868035919","0.10834437467565582","39.325731410611375","1","1.0","1.0","1.0"
"CURVE 1","0.08481139450044319","27.1362995329456","26.68986922990339","0.03800995024875622","0.10830845771144278","38.64757953996474","1","1.0","1.0","1.0"
"CURVE 1","0.08481139450044319","27.1362995329456","26.68986922990339","0.03812402288712079","0.10827208314962054","38.57031946935358","1","1.0","1.0","1.0"
"CURVE 1","0.08481139450044319","27.1362995329456","26.68986922990339","0.038237698683098176","0.10823525651770445","38.4857775208803","1","1.0","1.0","1.0"
"CURVE 1","0.08481139450044319","27.1362995329456","26.68986922990339","0.03835098162219299","0.10819798123184128","38.393971155193924","1","1.0","1.0","1.0"
"CURVE 1","0.08481139450044319","27.1362995329456","26.68986922990339","0.038463875689909825","0.10816026070817784","38.29492218022691","1","1.0","1.0","1.0"
"CURVE 1","0.08481139450044319","27.1362995329456","26.68986922990339","0.03857638487175329","0.10812209836286098","38.18865662888606","1","1.0","1.0","1.0"
"CURVE 1","0.08481139450044319","27.1362995329456","26.68986922990339","0.038688513153228","0.10808349761203746","38.07520476758966","1","1.0","1.0","1.0"
"CURVE 1","0.08481139450044319","27.1362995329456","26.68986922990339","0.03880026451983855","0.10804446187185411","37.95460093611477","1","1.0","1.0","1.0"
"CURVE 1","0.08481139450044319","27.1362995329456","26.68986922990339","0.03891164295708956","0.1080049945584577","37.8268835840427","1","1.0","1.0","1.0"
"CURVE 1","0.08481139450044319","27.1362995329456","26.68986922990339","0.03902265245048561","0.10796509908799508","37.69209511519296","1","1.0","1.0","1.0"
"CURVE 1","0.08481139450044319","27.1362995329456","26.68986922990339","0.039133296985531335","0.10792477887661302","37.550281832878454","1","1.0","1.0","1.0"
"CURVE 1","0.08481139450044319","27.1362995329456","26.68986922990339","0.03924358054773131","0.10788403734045834","37.40149387143007","1","1.0","1.0","1.0"
"CURVE 1","0.08481139450044319","27.1362995329456","26.68986922990339","0.03935350712259018","0.10784287789567784","37.245785089531644","1","1.0","1.0","1.0"
"CURVE 1","0.08481139450044319","27.1362995329456","26.68986922990339","0.03946308069561251","0.10780130395841835","37.08321295927639","1","1.0","1.0","1.0"
"CURVE 1","0.08481139450044319","27.1362995329456","26.68986922990339","0.03957230525230294","0.10775931894482663","36.91383848740539","1","1.0","1.0","1.0"
"CURVE 1","0.08481139450044319","27.1362995329456","26.68986922990339","0.03968118477816605","0.10771692627104952","36.73772611393623","1","1.0","1.0","1.0"
"CURVE 1","0.08481139450044319","27.1362995329456","26.68986922990339","0.039789723258706465","0.10767412935323381","36.55494360710301","1","1.0","1.0","1.0"
"CURVE 1","0.08481139450044319","27.1362995329456","26.68986922990339","0.039897924679428785","0.10763093160752632","36.365561920033265","1","1.0","1.0","1.0"
"CURVE 1","0.08481139450044319","27.1362995329456","26.68986922990339","0.040005793025837615","0.10758733645007383","36.16965512063412","1","1.0","1.0","1.0"
"CURVE 1","0.08481139450044319","27.1362995329456","26.68986922990339","0.04011333228343755","0.10754334729702317","35.967300256266356","1","1.0","1.0","1.0"
"CURVE 1","0.08481139450044319","27.1362995329456","26.68986922990339","0.04022054643773321","0.10749896756452113","35.7585772258598","1","1.0","1.0","1.0"
"CURVE 1","0.08481139450044319","27.1362995329456","26.68986922990339","0.0403274394742292","0.10745420066871453","35.54356868767669","1","1.0","1.0","1.0"
"CURVE 1","0.08481139450044319","27.1362995329456","26.68986922990339","0.04043401537843012","0.10740905002575013","35.32235991683267","1","1.0","1.0","1.0"
"CURVE 1","0.08481139450044319","27.1362995329456","26.68986922990339","0.040540278135840574","0.1073635190517748","35.09503867359394","1","1.0","1.0","1.0"
"CURVE 1","0.08481139450044319","27.1362995329456","26.68986922990339","0.040646231731965174","0.10731761116293531","34.861695092981506","1","1.0","1.0","1.0"
"CURVE 1","0.08481139450044319","27.1362995329456","26.68986922990339","0.040751880152308524","0.10727132977537847","34.62242156295703","1","1.0","1.0","1.0"
"CURVE 1","0.08481139450044319","27.1362995329456","26.68986922990339","0.04085722738237523","0.10722467830525108","34.37731259693159","1","1.0","1.0","1.0"
"CURVE 1","0.08481139450044319","27.1362995329456","26.68986922990339","0.0409622774076699","0.10717766016869995","34.12646467859459","1","1.0","1.0","1.0"
"CURVE 1","0.08481139450044319","27.1362995329456","26.68986922990339","0.041067034213697146","0.10713027878187188","33.86997616745305","1","1.0","1.0","1.0"
"CURVE 1","0.08481139450044319","27.1362995329456","26.68986922990339","0.04117150178596155","0.1070825375609137","33.607947157248105","1","1.0","1.0","1.0"
"CURVE 1","0.08481139450044319","27.1362995329456","26.68986922990339","0.04127568410996774","0.10703443992197217","33.34047937011203","1","1.0","1.0","1.0"
"CURVE 1","0.08481139450044319","27.1362995329456","26.68986922990339","0.04137958517122031","0.10698598928119413","33.067675979078466","1","0.0","0.0","0.0"
"CURVE 1","0.08481139450044319","27.1362995329456","26.68986922990339","0.04148320895522388","0.10693718905472636","32.789641538238136","1","0.0","0.0","0.0"
"CURVE 1","0.08481139450044319","27.1362995329456","26.68986922990339","0.04158655944748304","0.1068880426587157","32.506481828977016","1","0.0","0.0","0.0"
"CURVE 1","0.08481139450044319","27.1362995329456","26.68986922990339","0.04168964063350241","0.10683855350930893","32.21830374612119","1","0.0","0.0","0.0"
"CURVE 1","0.08481139450044319","27.1362995329456","26.68986922990339","0.04179245649878659","0.10678872502265284","31.92521517178451","1","0.0","0.0","0.0"
"CURVE 1","0.08481139450044319","27.1362995329456","26.68986922990339","0.041895011028840176","0.10673856061489428","31.62732485735388","1","0.0","0.0","0.0"
"CURVE 1","0.08481139450044319","27.1362995329456","26.68986922990339","0.041997308209167784","0.10668806370218002","31.324742301109072","1","0.0","0.0","0.0"
"CURVE 1","0.08481139450044319","27.1362995329456","26.68986922990339","0.04209935202527402","0.10663723770065688","31.017577646943433","1","0.0","0.0","0.0"
"CURVE 1","0.08481139450044319","27.1362995329456","26.68986922990339","0.042201146462663486","0.10658608602647164","30.705941549752872","1","0.0","0.0","0.0"
"CURVE 1","0.08481139450044319","27.1362995329456","26.68986922990339","0.04230269550684079","0.10653461209577114","30.389945073840316","1","0.0","0.0","0.0"
"CURVE 1","0.08481139450044319","27.1362995329456","26.68986922990339","0.04240400314331054","0.10648281932470217","30.06969959687292","1","0.0","0.0","0.0"
"CURVE 1","0.08481139450044319","27.1362995329456","26.68986922990339","0.04250507335757735","0.10643071112941153","29.74531667596375","1","0.0","0.0","0.0"
"CURVE 1","0.08481139450044319","27.1362995329456","26.68986922990339","0.04260591013514581","0.10637829092604603","29.416907967649372","1","0.0","0.0","0.0"
"CURVE 1","0.08481139450044319","27.1362995329456","26.68986922990339","0.04270651746152052","0.10632556213075248","29.084585130980592","1","0.0","0.0","0.0"
"CURVE 1","0.08481139450044319","27.1362995329456","26.68986922990339","0.042806899322206104","0.10627252815967768","28.74845969313076","1","0.0","0.0","0.0"
"CURVE 1","0.08481139450044319","27.1362995329456","26.68986922990339","0.04290705970270717","0.10621919242896843","28.408643001305986","1","0.0","0.0","0.0"
"CURVE 1","0.08481139450044319","27.1362995329456","26.68986922990339","0.04300700258852831","0.10616555835477154","28.065246099985654","1","0.0","0.0","0.0"
"CURVE 1","0.08481139450044319","27.1362995329456","26.68986922990339","0.04310673196517413","0.10611162935323382","27.718379659703423","1","0.0","0.0","0.0"
"CURVE 1","0.08481139450044319","27.1362995329456","26.68986922990339","0.043206251818149244","0.10605740884050206","27.368153885495197","1","0.0","0.0","0.0"
"CURVE 1","0.08481139450044319","27.1362995329456","26.68986922990339","0.043305566132958245","0.1060029002327231","27.014678442770613","1","0.0","0.0","0.0"
"CURVE 1","0.08481139450044319","27.1362995329456","26.68986922990339","0.04340467889510576","0.1059481069460437","26.658062361673412","1","0.0","0.0","0.0"
"CURVE 1","0.08481139450044319","27.1362995329456","26.68986922990339","0.04350359409009639","0.1058930323966107","26.29841398704678","1","0.0","0.0","0.0"
"CURVE 1","0.08481139450044319","27.1362995329456","26.68986922990339","0.04360231570343473","0.10583768000057088","25.935840884634782","1","0.0","0.0","0.0"
"CURVE 1","0.08481139450044319","27.1362995329456","26.68986922990339","0.043700847720625394","0.10578205317407105","25.570449805882042","1","0.0","0.0","0.0"
"CURVE 1","0.08481139450044319","27.1362995329456","26.68986922990339","0.043799194127172966","0.10572615533325802","25.20234657913517","1","0.0","0.0","0.0"
"CURVE 1","0.08481139450044319","27.1362995329456","26.68986922990339","0.04389735890858209","0.1056699898942786","24.831636079892146","1","0.0","0.0","0.0"
"CURVE 1","0.08481139450044319","27.1362995329456","26.68986922990339","0.04399534605035734","0.10561356027327959","24.45842218018912","1","0.0","0.0","0.0"
"CURVE 1","0.08481139450044319","27.1362995329456","26.68986922990339","0.044093159538003336","0.10555686988640779","24.082807672883323","1","0.0","0.0","0.0"
"CURVE 1","0.08481139450044319","27.1362995329456","26.68986922990339","0.04419080335702469","0.10549992214981004","23.704894235832835","1","0.0","0.0","0.0"
"CURVE 1","0.08481139450044319","27.1362995329456","26.68986922990339","0.04428828149292599","0.10544272047963309","23.32478237066566","1","0.0","0.0","0.0"
"CURVE 1","0.08481139450044319","27.1362995329456","26.68986922990339","0.044385597931211856","0.10538526829202376","22.942571386049035","1","0.0","0.0","0.0"
"CURVE 1","0.08481139450044319","27.1362995329456","26.68986922990339","0.044482756657386886","0.10532756900312887","22.55835933582949","1","0.0","0.0","0.0"
"CURVE 1","0.08481139450044319","27.1362995329456","26.68986922990339","0.0445797616569557","0.10526962602909523","22.172242983668664","1","0.0","0.0","0.0"
"CURVE 1","0.08481139450044319","27.1362995329456","26.68986922990339","0.044676616915422886","0.10521144278606964","21.7843177849245","1","0.0","0.0","0.0"
"CURVE 1","0.08481139450044319","27.1362995329456","26.68986922990339","0.04477332641829306","0.1051530226901989","21.39467784271396","1","0.0","0.0","0.0"
"CURVE 1","0.08481139450044319","27.1362995329456","26.68986922990339","0.044869894151070816","0.10509436915762982","21.003415871119387","1","0.0","0.0","0.0"
"CURVE 1","0.08481139450044319","27.1362995329456","26.68986922990339","0.044966324099260775","0.10503548560450918","20.61062321254649","1","0.0","0.0","0.0"
"CURVE 1","0.08481139450044319","27.1362995329456","26.68986922990339","0.04506262024836754","0.10497637544698381","20.216389772114997","1","0.0","0.0","0.0"
"CURVE 1","0.08481139450044319","27.1362995329456","26.68986922990339","0.0451587865838957","0.10491704210120051","19.82080401271179","1","0.0","0.0","0.0"
"CURVE 1","0.08481139450044319","27.1362995329456","26.68986922990339","0.0452548270913499","0.1048574889833061","19.42395296584938","1","0.0","0.0","0.0"
"CURVE 1","0.08481139450044319","27.1362995329456","26.68986922990339","0.045350745756234705","0.10479771950944736","19.025922171612716","1","0.0","0.0","0.0"
"CURVE 1","0.08481139450044319","27.1362995329456","26.68986922990339","0.04544654656405473","0.10473773709577112","18.62679570210537","1","0.0","0.0","0.0"
"CURVE 1","0.08481139450044319","27.1362995329456","26.68986922990339","0.04554223350031459","0.10467754515842419","18.226656157338894","1","0.0","0.0","0.0"
"CURVE 1","0.08481139450044319","27.1362995329456","26.68986922990339","0.04563781055051889","0.10461714711355331","17.825584638133865","1","0.0","0.0","0.0"
"CURVE 1","0.08481139450044319","27.1362995329456","26.68986922990339","0.045733281700172226","0.10455654637730535","17.423660762471794","1","0.0","0.0","0.0"
"CURVE 1","0.08481139450044319","27.1362995329456","26.68986922990339","0.04582865093477922","0.1044957463658271","17.020962652039465","1","0.0","0.0","0.0"
"CURVE 1","0.08481139450044319","27.1362995329456","26.68986922990339","0.04592392223984448","0.10443475049526535","16.6175669444589","1","0.0","0.0","0.0"
"CURVE 1","0.08481139450044319","27.1362995329456","26.68986922990339","0.04601909960087258","0.10437356218176694","16.213548793710874","1","0.0","0.0","0.0"
"CURVE 1","0.08481139450044319","27.1362995329456","26.68986922990339","0.04611418700336816","0.10431218484147864","15.80898187277132","1","0.0","0.0","0.0"
"CURVE 1","0.08481139450044319","27.1362995329456","26.68986922990339","0.046209188432835814","0.10425062189054725","15.40393839149261","1","0.0","0.0","0.0"
"CURVE 1","0.08481139450044319","27.1362995329456","26.68986922990339","0.04630410787478014","0.10418887674511962","14.99848909888608","1","0.0","0.0","0.0"
"CURVE 1","0.08481139450044319","27.1362995329456","26.68986922990339","0.04639894931470576","0.10412695282134249","14.592703291956388","1","0.0","0.0","0.0"
"CURVE 1","0.08481139450044319","27.1362995329456","26.68986922990339","0.046493716738117266","0.10406485353536273","14.186648845961189","1","0.0","0.0","0.0"
"CURVE 1","0.08481139450044319","27.1362995329456","26.68986922990339","0.04658841413051927","0.10400258230332711","13.780392201897591","1","0.0","0.0","0.0"
"CURVE 1","0.08481139450044319","27.1362995329456","26.68986922990339","0.04668304547741637","0.10394014254138242","13.373998423604593","1","0.0","0.0","0.0"
"CURVE 1","0.08481139450044319","27.1362995329456","26.68986922990339","0.04677761476431319","0.10387753766567552","12.967531165544715","1","0.0","0.0","0.0"
"CURVE 1","0.08481139450044319","27.1362995329456","26.68986922990339","0.04687212597671432","0.10381477109235317","12.56105274105573","1","0.0","0.0","0.0"
"CURVE 1","0.08481139450044319","27.1362995329456","26.68986922990339","0.046966583100124366","0.10375184623756217","12.154624113057713","1","0.0","0.0","0.0"
"CURVE 1","0.08481139450044319","27.1362995329456","26.68986922990339","0.04706099012004795","0.10368876651744936","11.748304922902317","1","0.0","0.0","0.0"
"CURVE 1","0.08481139450044319","27.1362995329456","26.68986922990339","0.04715535102198966","0.10362553534816152","11.342153520315662","1","0.0","0.0","0.0"
"CURVE 1","0.08481139450044319","27.1362995329456","26.68986922990339","0.047249669791454105","0.10356215614584548","10.936226977304205","1","0.0","0.0","0.0"
"CURVE 1","0.08481139450044319","27.1362995329456","26.68986922990339","0.047343950413945894","0.10349863232664801","10.530581125680838","1","0.0","0.0","0.0"
"CURVE 1","0.08481139450044319","27.1362995329456","26.68986922990339","0.047438196874969626","0.10343496730671593","10.125270568793885","1","0.0","0.0","0.0"
"CURVE 1","0.08481139450044319","27.1362995329456","26.68986922990339","0.04753241316002993","0.10337116450219605","9.720348727612727","1","0.0","0.0","0.0"
"CURVE 1","0.08481139450044319","27.1362995329456","26.68986922990339","0.04762660325463139","0.10330722732923517","9.315867849268042","1","0.0","0.0","0.0"
"CURVE 1","0.08481139450044319","27.1362995329456","26.68986922990339","0.04772077114427861","0.1032431592039801","8.911879034897934","1","0.0","0.0","0.0"
"CURVE 1","0.08481139450044319","27.1362995329456","26.68986922990339","0.047814920814476206","0.10317896354257763","8.508432301106822","1","0.0","0.0","0.0"
"CURVE 1","0.08481139450044319","27.1362995329456","26.68986922990339","0.04790905625072878","0.10311464376117459","8.105576555727637","1","0.0","0.0","0.0"
"CURVE 1","0.08481139450044319","27.1362995329456","26.68986922990339","0.04800318143854094","0.10305020327591778","7.7033596835907066","1","0.0","0.0","0.0"
"CURVE 1","0.08481139450044319","27.1362995329456","26.68986922990339","0.04809730036341729","0.10298564550295398","7.301828537601986","1","0.0","0.0","0.0"
"CURVE 1","0.08481139450044319","27.1362995329456","26.68986922990339","0.048191417010862436","0.10292097385843002","6.9010289871756605","1","0.0","0.0","0.0"
"CURVE 1","0.08481139450044319","27.1362995329456","26.68986922990339","0.048285535366380986","0.1028561917584927","6.501005940010015","1","0.0","0.0","0.0"
"CURVE 1","0.08481139450044319","27.1362995329456","26.68986922990339","0.04837965941547755","0.10279130261928882","6.101803384556988","1","0.0","0.0","0.0"
"CURVE 1","0.08481139450044319","27.1362995329456","26.68986922990339","0.04847379314365672","0.10272630985696518","5.703464417534836","1","0.0","0.0","0.0"
"CURVE 1","0.08481139450044319","27.1362995329456","26.68986922990339","0.04856794053642312","0.10266121688766859","5.3060312606888775","1","0.0","0.0","0.0"
"CURVE 1","0.08481139450044319","27.1362995329456","26.68986922990339","0.04866210557928134","0.10259602712754586","4.909545319869996","1","0.0","0.0","0.0"
"CURVE 1","0.08481139450044319","27.1362995329456","26.68986922990339","0.04875629225773599","0.1025307439927438","4.514047185369957","1","0.0","0.0","0.0"
"CURVE 1","0.08481139450044319","27.1362995329456","26.68986922990339","0.048850504557291674","0.1024653708994092","4.119576712889331","1","0.0","0.0","0.0"
"CURVE 1","0.08481139450044319","27.1362995329456","26.68986922990339","0.048944746463453","0.10239991126368887","3.7261729803124073","1","0.0","0.0","0.0"
"CURVE 1","0.08481139450044319","27.1362995329456","26.68986922990339","0.049039021961724584","0.10233436850172961","3.333874388977216","1","0.0","0.0","0.0"
"CURVE 1","0.08481139450044319","27.1362995329456","26.68986922990339","0.04913333503761102","0.10226874602967825","2.9427186649271526","1","0.0","0.0","0.0"
"CURVE 1","0.08481139450044319","27.1362995329456","26.68986922990339","0.04922768967661692","0.10220304726368158","2.5527428782381176","1","0.0","0.0","0.0"
"CURVE 1","0.08481139450044319","27.1362995329456","26.68986922990339","0.04932208986424688","0.10213727561988639","2.163983507647119","1","0.0","0.0","0.0"
"CURVE 1","0.08481139450044319","27.1362995329456","26.68986922990339","0.04941653958600553","0.10207143451443952","1.7764764495899672","1","0.0","0.0","0.0"
"CURVE 1","0.08481139450044319","27.1362995329456","26.68986922990339","0.04951104282739744","0.10200552736348774","1.390257034795919","1","0.0","0.0","0.0"
"CURVE 1","0.08481139450044319","27.1362995329456","26.68986922990339","0.04960560357392725","0.10193955758317787","1.0053600973557957","1","0.0","0.0","0.0"
"CURVE 1","0.08481139450044319","27.1362995329456","26.68986922990339","0.04970022581109954","0.1018735285896567","0.6218199572291784","1","0.0","0.0","0.0"
"CURVE 1","0.08481139450044319","27.1362995329456","26.68986922990339","0.049794913524418935","0.10180744379907106","0.23967049933823756","1","0.0","0.0","0.0"
"CURVE 1","0.08481139450044319","27.1362995329456","26.68986922990339","0.04988967069939002","0.10174130662756772","0.14105484040740393","-1","0.0","0.0","0.0"
"CURVE 1","0.08481139450044319","27.1362995329456","26.68986922990339","0.049984501321517424","0.10167512049129353","0.5203230257922453","-1","0.0","0.0","0.0"
"CURVE 1","0.08481139450044319","27.1362995329456","26.68986922990339","0.05007940937630573","0.10160888880639526","0.8981013984435536","-1","0.0","0.0","0.0"
"CURVE 1","0.08481139450044319","27.1362995329456","26.68986922990339","0.05017439884925956","0.10154261498901974","1.2743576283727132","-1","0.0","0.0","0.0"
"CURVE 1","0.08481139450044319","27.1362995329456","26.68986922990339","0.05026947372588353","0.10147630245531375","1.6490597408346264","-1","0.0","0.0","0.0"
"CURVE 1","0.08481139450044319","27.1362995329456","26.68986922990339","0.05036463799168222","0.10140995462142412","2.022176028191202","-1","0.0","0.0","0.0"
"CURVE 1","0.08481139450044319","27.1362995329456","26.68986922990339","0.05045989563216024","0.10134357490349766","2.3936750715110566","-1","0.0","0.0","0.0"
"CURVE 1","0.08481139450044319","27.1362995329456","26.68986922990339","0.05055525063282222","0.10127716671768112","2.763525681134423","-1","0.0","0.0","0.0"
"CURVE 1","0.08481139450044319","27.1362995329456","26.68986922990339","0.05065070697917275","0.10121073348012137","3.131696900078893","-1","0.0","0.0","0.0"
"CURVE 1","0.08481139450044319","27.1362995329456","26.68986922990339","0.05074626865671643","0.10114427860696518","3.49815797239099","-1","0.0","0.0","0.0"
"CURVE 1","0.08481139450044319","27.1362995329456","26.68986922990339","0.050841938535965504","0.10107780520595722","3.4703471298165796","-1","0.0","0.0","0.0"
"CURVE 1","0.08481139450044319","27.1362995329456","26.68986922990339","0.05093771502746279","0.10101131515123357","3.4430131297282522","-1","0.0","0.0","0.0"
"CURVE 1","0.08481139450044319","27.1362995329456","26.68986922990339","0.051033595426758734","0.10094481000852822","3.416147674163687","-1","0.0","0.0","0.0"
"CURVE 1","0.08481139450044319","27.1362995329456","26.68986922990339","0.051129577029403774","0.1008782913435751","3.389742665840682","-1","0.0","0.0","0.0"
"CURVE 1","0.08481139450044319","27.1362995329456","26.68986922990339","0.05122565713094835","0.10081176072210815","3.363790183764564","-1","0.0","0.0","0.0"
"CURVE 1","0.08481139450044319","27.1362995329456","26.68986922990339","0.051321833026942924","0.10074521970986135","3.3382825403241045","-1","0.0","0.0","0.0"
"CURVE 1","0.08481139450044319","27.1362995329456","26.68986922990339","0.05141810201293794","0.10067866987256863","3.313212217562381","-1","0.0","0.0","0.0"
"CURVE 1","0.08481139450044319","27.1362995329456","26.68986922990339","0.05151446138448384","0.10061211277596394","3.2885718752378366","-1","0.0","0.0","0.0"
"CURVE 1","0.08481139450044319","27.1362995329456","26.68986922990339","0.051610908437131064","0.10054554998578123","3.264354390820415","-1","0.0","0.0","0.0"
"CURVE 1","0.08481139450044319","27.1362995329456","26.68986922990339","0.05170744046643007","0.10047898306775449","3.2405527958086453","-1","0.0","0.0","0.0"
"CURVE 1","0.08481139450044319","27.1362995329456","26.68986922990339","0.05180405476793128","0.10041241358761764","3.2171603011778407","-1","0.0","0.0","0.0"
"CURVE 1","0.08481139450044319","27.1362995329456","26.68986922990339","0.051900748637185176","0.10034584311110464","3.1941702834056893","-1","0.0","0.0","0.0"
"CURVE 1","0.08481139450044319","27.1362995329456","26.68986922990339","0.05199751936974218","0.10027927320394943","3.1715762879095295","-1","0.0","0.0","0.0"
"CURVE 1","0.08481139450044319","27.1362995329456","26.68986922990339","0.05209436426115274","0.10021270543188598","3.1493720402908054","-1","0.0","0.0","0.0"
"CURVE 1","0.08481139450044319","27.1362995329456","26.68986922990339","0.05219128060696731","0.10014614136064823","3.1275513877942362","-1","0.0","0.0","0.0"
"CURVE 1","0.08481139450044319","27.1362995329456","26.68986922990339","0.05228826570273633","0.10007958255597015","3.10610835485501","-1","0.0","0.0","0.0"
"CURVE 1","0.08481139450044319","27.1362995329456","26.68986922990339","0.05238531684401024","0.10001303058358568","3.0850371102883956","-1","0.0","0.0","0.0"
"CURVE 1","0.08481139450044319","27.1362995329456","26.68986922990339","0.05248243132633949","0.09994648700922877","3.06433198617441","-1","0.0","0.0","0.0"
"CURVE 1","0.08481139450044319","27.1362995329456","26.68986922990339","0.052579606445274554","0.09987995339863337","3.0439874299476455","-1","0.0","0.0","0.0"
"CURVE 1","0.08481139450044319","27.1362995329456","26.68986922990339","0.05267683949636583","0.09981343131753342","3.023998047453458","-1","0.0","0.0","0.0"
"CURVE 1","0.08481139450044319","27.1362995329456","26.68986922990339","0.05277412777516379","0.09974692233166292","3.004358574575563","-1","0.0","0.0","0.0"
"CURVE 1","0.08481139450044319","27.1362995329456","26.68986922990339","0.052871468577218896","0.09968042800675579","2.9850638995113217","-1","0.0","0.0","0.0"
"CURVE 1","0.08481139450044319","27.1362995329456","26.68986922990339","0.05296885919808155","0.09961394990854597","2.966109015981778","-1","0.0","0.0","0.0"
"CURVE 1","0.08481139450044319","27.1362995329456","26.68986922990339","0.05306629693330224","0.09954748960276744","2.947489051377254","-1","0.0","0.0","0.0"
"CURVE 1","0.08481139450044319","27.1362995329456","26.68986922990339","0.05316377907843139","0.09948104865515411","2.929199272849915","-1","0.0","0.0","0.0"
"CURVE 1","0.08481139450044319","27.1362995329456","26.68986922990339","0.05326130292901945","0.09941462863143999","2.9112350735751495","-1","0.0","0.0","0.0"
"CURVE 1","0.08481139450044319","27.1362995329456","26.68986922990339","0.05335886578061687","0.09934823109735898","2.893591949284809","-1","0.0","0.0","0.0"
"CURVE 1","0.08481139450044319","27.1362995329456","26.68986922990339","0.053456464928774095","0.09928185761864507","2.876265504002198","-1","0.0","0.0","0.0"
"CURVE 1","0.08481139450044319","27.1362995329456","26.68986922990339","0.05355409766904157","0.09921550976103219","2.859251490792826","-1","0.0","0.0","0.0"
"CURVE 1","0.08481139450044319","27.1362995329456","26.68986922990339","0.05365176129696974","0.0991491890902543","2.842545770024754","-1","0.0","0.0","0.0"
"CURVE 1","0.08481139450044319","27.1362995329456","26.68986922990339","0.05374945310810905","0.09908289717204535","2.8261442923235003","-1","0.0","0.0","0.0"
"CURVE 1","0.08481139450044319","27.1362995329456","26.68986922990339","0.05384717039800995","0.09901663557213931","2.8100431142324704","-1","0.0","0.0","0.0"
"CURVE 1","0.08481139450044319","27.1362995329456","26.68986922990339","0.05394491046222288","0.0989504058562701","2.794238427429451","-1","0.0","0.0","0.0"
"CURVE 1","0.08481139450044319","27.1362995329456","26.68986922990339","0.054042670596298296","0.0988842095901717","2.778726521146858","-1","0.0","0.0","0.0"
"CURVE 1","0.08481139450044319","27.1362995329456","26.68986922990339","0.054140448095786636","0.09881804833957805","2.763503771878448","-1","0.0","0.0","0.0"
"CURVE 1","0.08481139450044319","27.1362995329456","26.68986922990339","0.05423824025623834","0.0987519236702231","2.7485666597607383","-1","0.0","0.0","0.0"
"CURVE 1","0.08481139450044319","27.1362995329456","26.68986922990339","0.054336044373203864","0.09868583714784081","2.733911779909429","-1","0.0","0.0","0.0"
"CURVE 1","0.08481139450044319","27.1362995329456","26.68986922990339","0.05443385774223366","0.09861979033816513","2.719535810465055","-1","0.0","0.0","0.0"
"CURVE 1","0.08481139450044319","27.1362995329456","26.68986922990339","0.054531677658878154","0.09855378480693","2.705435527539211","-1","0.0","0.0","0.0"
"CURVE 1","0.08481139450044319","27.1362995329456","26.68986922990339","0.05462950141868781","0.09848782211986941","2.6916078167989643","-1","0.0","0.0","0.0"
"CURVE 1","0.08481139450044319","27.1362995329456","26.68986922990339","0.05472732631721307","0.09842190384271726","2.678049631316808","-1","0.0","0.0","0.0"
"CURVE 1","0.08481139450044319","27.1362995329456","26.68986922990339","0.05482514965000438","0.09835603154120753","2.6647580374848143","-1","0.0","0.0","0.0"
"CURVE 1","0.08481139450044319","27.1362995329456","26.68986922990339","0.054922968712612166","0.09829020678107418","2.6517301731109404","-1","0.0","0.0","0.0"
"CURVE 1","0.08481139450044319","27.1362995329456","26.68986922990339","0.05502078080058691","0.09822443112805115","2.638963286689393","-1","0.0","0.0","0.0"
"CURVE 1","0.08481139450044319","27.1362995329456","26.68986922990339","0.05511858320947904","0.09815870614787238","2.626454688204766","-1","0.0","0.0","0.0"
"CURVE 1","0.08481139450044319","27.1362995329456","26.68986922990339","0.05521637323483899","0.09809303340627185","2.614201802417893","-1","0.0","0.0","0.0"
"CURVE 1","0.08481139450044319","27.1362995329456","26.68986922990339","0.05531414817221723","0.0980274144689835","2.6022021147759897","-1","0.0","0.0","0.0"
"CURVE 1","0.08481139450044319","27.1362995329456","26.68986922990339","0.05541190531716419","0.09796185090174128","2.590453197940823","-1","0.0","0.0","0.0"
"CURVE 1","0.08481139450044319","27.1362995329456","26.68986922990339","0.05550964196523032","0.09789634427027914","2.5789527248503363","-1","0.0","0.0","0.0"
"CURVE 1","0.08481139450044319","27.1362995329456","26.68986922990339","0.055607355411966056","0.09783089614033105","2.56769842863287","-1","0.0","0.0","0.0"
"CURVE 1","0.08481139450044319","27.1362995329456","26.68986922990339","0.055705042952921856","0.09776550807763096","2.5566881441713725","-1","0.0","0.0","0.0"
"CURVE 1","0.08481139450044319","27.1362995329456","26.68986922990339","0.05580270188364817","0.09770018164791279","2.5459197594223952","-1","0.0","0.0","0.0"
"CURVE 1","0.08481139450044319","27.1362995329456","26.68986922990339","0.05590032949969543","0.0976349184169105","2.5353912662412355","-1","0.0","0.0","0.0"
"CURVE 1","0.08481139450044319","27.1362995329456","26.68986922990339","0.05599792309661411","0.0975697199503581","2.525100732643164","-1","0.0","0.0","0.0"
"CURVE 1","0.08481139450044319","27.1362995329456","26.68986922990339","0.05609547996995463","0.09750458781398945","2.5150462896033887","-1","0.0","0.0","0.0"
"CURVE 1","0.08481139450044319","27.1362995329456","26.68986922990339","0.056192997415267426","0.09743952357353856","2.5052261453618696","-1","0.0","0.0","0.0"
"CURVE 1","0.08481139450044319","27.1362995329456","26.68986922990339","0.05629047272810297","0.09737452879473937","2.4956386040523277","-1","0.0","0.0","0.0"
"CURVE 1","0.08481139450044319","27.1362995329456","26.68986922990339","0.05638790320401169","0.09730960504332586","2.4862820223471185","-1","0.0","0.0","0.0"
"CURVE 1","0.08481139450044319","27.1362995329456","26.68986922990339","0.05648528613854405","0.09724475388503194","2.4771548482540697","-1","0.0","0.0","0.0"
"CURVE 1","0.08481139450044319","27.1362995329456","26.68986922990339","0.05658261882725048","0.09717997688559157","2.4682556025894815","-1","0.0","0.0","0.0"
"CURVE 1","0.08481139450044319","27.1362995329456","26.68986922990339","0.056679898565681425","0.09711527561073871","2.4595828677686793","-1","0.0","0.0","0.0"
"CURVE 1","0.08481139450044319","27.1362995329456","26.68986922990339","0.056777122649387356","0.09705065162620734","2.451135312723812","-1","0.0","0.0","0.0"
"CURVE 1","0.08481139450044319","27.1362995329456","26.68986922990339","0.05687428837391868","0.09698610649773137","2.442911679387468","-1","0.0","0.0","0.0"
"CURVE 1","0.08481139450044319","27.1362995329456","26.68986922990339","0.05697139303482588","0.09692164179104477","2.4349107669768024","-1","0.0","0.0","0.0"
"CURVE 1","0.08481139450044319","27.1362995329456","26.68986922990339","0.05706843392765939","0.0968572590718815","2.4271314748335966","-1","0.0","0.0","0.0"
"CURVE 1","0.08481139450044319","27.1362995329456","26.68986922990339","0.05716540834796963","0.09679295990597551","2.4195727432106406","-1","0.0","0.0","0.0"
"CURVE 1","0.08481139450044319","27.1362995329456","26.68986922990339","0.05726231359130708","0.09672874585906073","2.412233612216424","-1","0.0","0.0","0.0"
"CURVE 1","0.08481139450044319","27.1362995329456","26.68986922990339","0.05735914695322218","0.09666461849687112","2.405113189229776","-1","0.0","0.0","0.0"
"CURVE 1","0.08481139450044319","27.1362995329456","26.68986922990339","0.05745590572926537","0.09660057938514063","2.398210633467555","-1","0.0","0.0","0.0"
"CURVE 1","0.08481139450044319","27.1362995329456","26.68986922990339","0.057552587214987086","0.09653663008960325","2.3915252061063397","-1","0.0","0.0","0.0"
"CURVE 1","0.08481139450044319","27.1362995329456","26.68986922990339","0.05764918870593779","0.09647277217599287","2.385056214931921","-1","0.0","0.0","0.0"
"CURVE 1","0.08481139450044319","27.1362995329456","26.68986922990339","0.05774570749766792","0.09640900721004352","2.378803058763611","-1","0.0","0.0","0.0"
"CURVE 1","0.08481139450044319","27.1362995329456","26.68986922990339","0.05784214088572793","0.09634533675748909","2.3727651963573155","-1","0.0","0.0","0.0"
"CURVE 1","0.08481139450044319","27.1362995329456","26.68986922990339","0.057938486165668254","0.09628176238406355","2.3669421702954483","-1","0.0","0.0","0.0"
"CURVE 1","0.08481139450044319","27.1362995329456","26.68986922990339","0.05803474063303935","0.09621828565550085","2.3613335923993164","-1","1.0","1.0","1.0"
"CURVE 1","0.08481139450044319","27.1362995329456","26.68986922990339","0.058130901583391646","0.09615490813753497","2.3559391338720124","-1","1.0","1.0","1.0"
"CURVE 1","0.08481139450044319","27.1362995329456","26.68986922990339","0.058226966312275606","0.09609163139589981","2.3507585648085145","-1","1.0","1.0","1.0"
"CURVE 1","0.08481139450044319","27.1362995329456","26.68986922990339","0.05832293211524167","0.09602845699632938","2.345791718537985","-1","1.0","1.0","1.0"
"CURVE 1","0.08481139450044319","27.1362995329456","26.68986922990339","0.05841879628784029","0.09596538650455759","2.3410384960644612","-1","0.0","0.0","0.0"
"CURVE 1","0.08481139450044319","27.1362995329456","26.68986922990339","0.058514556125621904","0.0959024214863184","2.3364988854028907","-1","0.0","0.0","0.0"
"CURVE 1","0.08481139450044319","27.1362995329456","26.68986922990339","0.05861020892413696","0.09583956350734577","2.332172941788033","-1","0.0","0.0","0.0"
"CURVE 1","0.08481139450044319","27.1362995329456","26.68986922990339","0.0587057519789359","0.09577681413337365","2.3280607991027753","-1","0.0","0.0","0.0"
"CURVE 1","0.08481139450044319","27.1362995329456","26.68986922990339","0.05880118258556917","0.095714174930136","2.3241626778671134","-1","0.0","0.0","0.0"
"CURVE 1","0.08481139450044319","27.1362995329456","26.68986922990339","0.05889649803958723","0.09565164746336675","2.320478856573783","-1","0.0","0.0","0.0"
"CURVE 1","0.08481139450044319","27.1362995329456","26.68986922990339","0.05899169563654051","0.09558923329879988","2.3170097152263494","-1","0.0","0.0","0.0"
"CURVE 1","0.08481139450044319","27.1362995329456","26.68986922990339","0.05908677267197946","0.09552693400216933","2.3137556998601188","-1","0.0","0.0","0.0"
"CURVE 1","0.08481139450044319","27.1362995329456","26.68986922990339","0.05918172644145454","0.09546475113920906","2.310717347083913","-1","0.0","0.0","0.0"
"CURVE 1","0.08481139450044319","27.1362995329456","26.68986922990339","0.05927655424051618","0.095402686275653","2.3078952595610414","-1","0.0","0.0","0.0"
"CURVE 1","0.08481139450044319","27.1362995329456","26.68986922990339","0.05937125336471483","0.09534074097723512","2.30529014223288","-1","0.0","0.0","0.0"
"CURVE 1","0.08481139450044319","27.1362995329456","26.68986922990339","0.059465821109600935","0.09527891680968935","2.302902770265663","-1","0.0","0.0","0.0"
"CURVE 1","0.08481139450044319","27.1362995329456","26.68986922990339","0.05956025477072494","0.09521721533874968","2.300734014093527","-1","0.0","0.0","0.0"
"CURVE 1","0.08481139450044319","27.1362995329456","26.68986922990339","0.05965455164363729","0.09515563813015004","2.298784825606559","-1","0.0","0.0","0.0"
"CURVE 1","0.08481139450044319","27.1362995329456","26.68986922990339","0.05974870902388844","0.09509418674962439","2.2970562432523614","-1","0.0","0.0","0.0"
"CURVE 1","0.08481139450044319","27.1362995329456","26.68986922990339","0.05984272420702883","0.09503286276290666","2.2955494061757054","-1","0.0","0.0","0.0"
"CURVE 1","0.08481139450044319","27.1362995329456","26.68986922990339","0.059936594488608906","0.09497166773573082","2.294265530180516","-1","0.0","0.0","0.0"
"CURVE 1","0.08481139450044319","27.1362995329456","26.68986922990339","0.06003031716417911","0.09491060323383084","2.2932059344660787","-1","0.0","0.0","0.0"
"CURVE 1","0.08481139450044319","27.1362995329456","26.68986922990339","0.060123889529289896","0.09484967082294066","2.2923720361879183","-1","0.0","0.0","0.0"
"CURVE 1","0.08481139450044319","27.1362995329456","26.68986922990339","0.06021730887949171","0.0947888720687942","2.2917653278969334","-1","0.0","0.0","0.0"
"CURVE 1","0.08481139450044319","27.1362995329456","26.68986922990339","0.060310572510334996","0.09472820853712545","2.2913874366177893","-1","0.0","0.0","0.0"
"CURVE 1","0.08481139450044319","27.1362995329456","26.68986922990339","0.06040367771737019","0.09466768179366837","2.291240058445341","-1","0.0","0.0","0.0"
"CURVE 1","0.08481139450044319","27.1362995329456","26.68986922990339","0.06049662179614775","0.09460729340415688","2.2913250044599742","-1","0.0","0.0","0.0"
"CURVE 1","0.08481139450044319","27.1362995329456","26.68986922990339","0.06058940204221811","0.09454704493432496","2.291644208230255","-1","0.0","0.0","0.0"
"CURVE 1","0.08481139450044319","27.1362995329456","26.68986922990339","0.06068201575113174","0.09448693794990654","2.2921996786432355","-1","0.0","0.0","0.0"
"CURVE 1","0.08481139450044319","27.1362995329456","26.68986922990339","0.06077446021843906","0.09442697401663556","2.2929935550737235","-1","0.0","0.0","0.0"
"CURVE 1","0.08481139450044319","27.1362995329456","26.68986922990339","0.06086673273969053","0.09436715470024602","2.2940280891908422","-1","0.0","0.0","0.0"
"CURVE 1","0.08481139450044319","27.1362995329456","26.68986922990339","0.060958830610436596","0.09430748156647184","2.295305642437209","-1","0.0","0.0","0.0"
"CURVE 1","0.08481139450044319","27.1362995329456","26.68986922990339","0.061050751126227695","0.09424795618104698","2.296828694109346","-1","0.0","0.0","0.0"
"CURVE 1","0.08481139450044319","27.1362995329456","26.68986922990339","0.061142491582614276","0.09418858010970538","2.2985998688455203","-1","0.0","0.0","0.0"
"CURVE 1","0.08481139450044319","27.1362995329456","26.68986922990339","0.061234049275146786","0.094129354918181","2.3006218750975442","-1","0.0","0.0","0.0"
"CURVE 1","0.08481139450044319","27.1362995329456","26.68986922990339","0.06132542149937568","0.09407028217220781","2.3028975840380115","-1","0.0","0.0","0.0"
"CURVE 1","0.08481139450044319","27.1362995329456","26.68986922990339","0.061416605550851405","0.09401136343751974","2.305429981513862","-1","0.0","0.0","0.0"
"CURVE 1","0.08481139450044319","27.1362995329456","26.68986922990339","0.06150759872512438","0.09395260027985075","2.308222193131963","-1","0.0","0.0","0.0"
"CURVE 1","0.08481139450044319","27.1362995329456","26.68986922990339","0.06159839831774508","0.09389399426493478","2.311277485704216","-1","0.0","0.0","0.0"
"CURVE 1","0.08481139450044319","27.1362995329456","26.68986922990339","0.06168900162426394","0.09383554695850581","2.314599268425057","-1","0.0","0.0","0.0"
"CURVE 1","0.08481139450044319","27.1362995329456","26.68986922990339","0.06177940594023141","0.09377725992629778","2.318191098112575","-1","0.0","0.0","0.0"
"CURVE 1","0.08481139450044319","27.1362995329456","26.68986922990339","0.06186960856119792","0.09371913473404461","2.3220566811400607","-1","0.0","0.0","0.0"
"CURVE 1","0.08481139450044319","27.1362995329456","26.68986922990339","0.061959606782713936","0.0936611729474803","2.3261998825509247","-1","0.0","0.0","0.0"
"CURVE 1","0.08481139450044319","27.1362995329456","26.68986922990339","0.0620493979003299","0.09360337613233878","2.330624727873619","-1","0.0","0.0","0.0"
"CURVE 1","0.08481139450044319","27.1362995329456","26.68986922990339","0.062138979209596254","0.09354574585435402","2.3353354089171052","-1","0.0","0.0","0.0"
"CURVE 1","0.08481139450044319","27.1362995329456","26.68986922990339","0.062228348006063444","0.09348828367925993","2.340336287756944","-1","0.0","0.0","0.0"
"CURVE 1","0.08481139450044319","27.1362995329456","26.68986922990339","0.06231750158528192","0.09343099117279052","2.3456319032971704","-1","0.0","0.0","0.0"
"CURVE 1","0.08481139450044319","27.1362995329456","26.68986922990339","0.062406437242802114","0.0933738699006797","2.3512269862297206","-1","0.0","0.0","0.0"
"CURVE 1","0.08481139450044319","27.1362995329456","26.68986922990339","0.06249515227417448","0.09331692142866144","2.3571264404491843","-1","0.0","0.0","0.0"
"CURVE 1","0.08481139450044319","27.1362995329456","26.68986922990339","0.06258364397494948","0.09326014732246966","2.3633353686836456","-1","0.0","0.0","0.0"
"CURVE 1","0.08481139450044319","27.1362995329456","26.68986922990339","0.06267190964067754","0.09320354914783838","2.369859085046364","-1","0.0","0.0","0.0"
"CURVE 1","0.08481139450044319","27.1362995329456","26.68986922990339","0.06275994656690911","0.09314712847050148","2.3767031027332846","-1","0.0","0.0","0.0"
"CURVE 1","0.08481139450044319","27.1362995329456","26.68986922990339","0.06284775204919464","0.09309088685619295","2.3838731410674465","-1","0.0","0.0","0.0"
"CURVE 1","0.08481139450044319","27.1362995329456","26.68986922990339","0.06293532338308458","0.09303482587064676","2.391375176150006","-1","0.0","0.0","0.0"
"CURVE 1","0.08481139450044319","27.1362995329456","26.68986922990339","0.06302265934683197","0.09297894649837742","2.5723763502737627","-1","0.0","0.0","0.0"
"CURVE 1","0.08481139450044319","27.1362995329456","26.68986922990339","0.06310976464950031","0.09292324739902173","2.755255229792089","-1","0.0","0.0","0.0"
"CURVE 1","0.08481139450044319","27.1362995329456","26.68986922990339","0.06319664548285565","0.09286772665099717","2.939941175276592","-1","0.0","0.0","0.0"
"CURVE 1","0.08481139450044319","27.1362995329456","26.68986922990339","0.06328330803866411","0.09281238233272114","3.126360705441334","-1","0.0","0.0","0.0"
"CURVE 1","0.08481139450044319","27.1362995329456","26.68986922990339","0.06336975850869175","0.09275721252261107","3.3144375459009083","-1","0.0","0.0","0.0"
"CURVE 1","0.08481139450044319","27.1362995329456","26.68986922990339","0.06345600308470466","0.0927022152990844","3.504092710795671","-1","0.0","0.0","0.0"
"CURVE 1","0.08481139450044319","27.1362995329456","26.68986922990339","0.06354204795846892","0.09264738874055853","3.6952444647071467","-1","0.0","0.0","0.0"
"CURVE 1","0.08481139450044319","27.1362995329456","26.68986922990339","0.06362789932175061","0.09259273092545087","3.8878084440570793","-1","0.0","0.0","0.0"
"CURVE 1","0.08481139450044319","27.1362995329456","26.68986922990339","0.06371356336631585","0.09253823993217886","4.081697660994548","-1","0.0","0.0","0.0"
"CURVE 1","0.08481139450044319","27.1362995329456","26.68986922990339","0.06379904628393068","0.0924839138391599","4.276822597881112","-1","0.0","0.0","0.0"
"CURVE 1","0.08481139450044319","27.1362995329456","26.68986922990339","0.06388435426636122","0.09242975072481144","4.473091231176569","-1","0.0","0.0","0.0"
"CURVE 1","0.08481139450044319","27.1362995329456","26.68986922990339","0.06396949350537351","0.09237574866755091","4.670409121999821","-1","0.0","0.0","0.0"
"CURVE 1","0.08481139450044319","27.1362995329456","26.68986922990339","0.06405447019273368","0.0923219057457957","4.868679509323629","-1","0.0","0.0","0.0"
"CURVE 1","0.08481139450044319","27.1362995329456","26.68986922990339","0.06413929052020778","0.09226822003796326","5.067803317655259","-1","0.0","0.0","0.0"
"CURVE 1","0.08481139450044319","27.1362995329456","26.68986922990339","0.06422396067956192","0.09221468962247098","5.267679362642531","-1","0.0","0.0","0.0"
"CURVE 1","0.08481139450044319","27.1362995329456","26.68986922990339","0.06430848686256217","0.09216131257773631","5.468204313917379","-1","0.0","0.0","0.0"
"CURVE 1","0.08481139450044319","27.1362995329456","26.68986922990339","0.06439287526097463","0.09210808698217668","5.669272870594242","-1","0.0","0.0","0.0"
"CURVE 1","0.08481139450044319","27.1362995329456","26.68986922990339","0.06447713206656536","0.09205501091420946","5.870777843325574","-1","0.0","0.0","0.0"
"CURVE 1","0.08481139450044319","27.1362995329456","26.68986922990339","0.06456126347110044","0.09200208245225212","6.072610228597956","-1","0.0","0.0","0.0"
"CURVE 1","0.08481139450044319","27.1362995329456","26.68986922990339","0.06464527566634598","0.09194929967472208","6.274659390138622","-1","0.0","0.0","0.0"
"CURVE 1","0.08481139450044319","27.1362995329456","26.68986922990339","0.06472917484406807","0.09189666066003675","6.476813085867802","-1","0.0","0.0","0.0"
"CURVE 1","0.08481139450044319","27.1362995329456","26.68986922990339","0.06481296719603276","0.09184416348661356","6.678957648097778","-1","0.0","0.0","0.0"
"CURVE 1","0.08481139450044319","27.1362995329456","26.68986922990339","0.06489665891400616","0.09179180623286992","6.880978102500822","-1","0.0","0.0","0.0"
"CURVE 1","0.08481139450044319","27.1362995329456","26.68986922990339","0.06498025618975434","0.09173958697722324","7.082758274069118","-1","0.0","0.0","0.0"
"CURVE 1","0.08481139450044319","27.1362995329456","26.68986922990339","0.0650637652150434","0.09168750379809099","7.284180924197214","-1","0.0","0.0","0.0"
"CURVE 1","0.08481139450044319","27.1362995329456","26.68986922990339","0.0651471921816394","0.09163555477389054","7.485127921405878","-1","0.0","0.0","0.0"
"CURVE 1","0.08481139450044319","27.1362995329456","26.68986922990339","0.06523054328130844","0.09158373798303936","7.6854803075803675","-1","0.0","0.0","0.0"
"CURVE 1","0.08481139450044319","27.1362995329456","26.68986922990339","0.06531382470581662","0.09153205150395483","7.885118549764262","-1","0.0","0.0","0.0"
"CURVE 1","0.08481139450044319","27.1362995329456","26.68986922990339","0.06539704264692997","0.09148049341505439","8.0839225597963","-1","0.0","0.0","0.0"
"CURVE 1","0.08481139450044319","27.1362995329456","26.68986922990339","0.06548020329641464","0.09142906179475546","8.281771946118429","-1","0.0","0.0","0.0"
"CURVE 1","0.08481139450044319","27.1362995329456","26.68986922990339","0.06556331284603668","0.09137775472147547","8.4785461158327","-1","0.0","0.0","0.0"
"CURVE 1","0.08481139450044319","27.1362995329456","26.68986922990339","0.06564637748756218","0.09132657027363184","8.674124449222532","-1","0.0","0.0","0.0"
"CURVE 1","0.08481139450044319","27.1362995329456","26.68986922990339","0.06572940341275721","0.09127550652964198","8.868386429455603","-1","0.0","0.0","0.0"
"CURVE 1","0.08481139450044319","27.1362995329456","26.68986922990339","0.06581239681338788","0.0912245615679233","9.061211807248135","-1","0.0","0.0","0.0"
"CURVE 1","0.08481139450044319","27.1362995329456","26.68986922990339","0.06589536388122026","0.09117373346689328","9.25248080773099","-1","0.0","0.0","0.0"
"CURVE 1","0.08481139450044319","27.1362995329456","26.68986922990339","0.06597831080802044","0.09112302030496928","9.442074193552726","-1","0.0","0.0","0.0"
"CURVE 1","0.08481139450044319","27.1362995329456","26.68986922990339","0.0660612437855545","0.09107242016056877","9.629873540104535","-1","0.0","0.0","0.0"
"CURVE 1","0.08481139450044319","27.1362995329456","26.68986922990339","0.0661441690055885","0.09102193111210914","9.815761260866052","-1","0.0","0.0","0.0"
"CURVE 1","0.08481139450044319","27.1362995329456","26.68986922990339","0.06622709265988858","0.0909715512380078","9.99962091194385","-1","0.0","0.0","0.0"
"CURVE 1","0.08481139450044319","27.1362995329456","26.68986922990339","0.06631002094022077","0.09092127861668221","10.18133725045663","-1","0.0","0.0","0.0"
"CURVE 1","0.08481139450044319","27.1362995329456","26.68986922990339","0.06639296003835118","0.09087111132654976","10.360796403926882","-1","0.0","0.0","0.0"
"CURVE 1","0.08481139450044319","27.1362995329456","26.68986922990339","0.0664759161460459","0.09082104744602791","10.537886063400808","-1","0.0","0.0","0.0"
"CURVE 1","0.08481139450044319","27.1362995329456","26.68986922990339","0.06655889545507099","0.09077108505353405","10.712495608076987","-1","0.0","0.0","0.0"
"CURVE 1","0.08481139450044319","27.1362995329456","26.68986922990339","0.06664190415719255","0.09072122222748562","10.884516297472803","-1","0.0","0.0","0.0"
"CURVE 1","0.08481139450044319","27.1362995329456","26.68986922990339","0.06672494844417667","0.09067145704630002","11.0538413495764","-1","0.0","0.0","0.0"
"CURVE 1","0.08481139450044319","27.1362995329456","26.68986922990339","0.06680803450778941","0.0906217875883947","11.220366148749413","-1","0.0","0.0","0.0"
"CURVE 1","0.08481139450044319","27.1362995329456","26.68986922990339","0.06689116853979689","0.09057221193218706","11.383988391886307","-1","0.0","0.0","0.0"
"CURVE 1","0.08481139450044319","27.1362995329456","26.68986922990339","0.06697435673196517","0.09052272815609454","11.544608176844335","-1","0.0","0.0","0.0"
"CURVE 1","0.08481139450044319","27.1362995329456","26.68986922990339","0.06705760527606035","0.09047333433853454","11.702128194341014","-1","0.0","0.0","0.0"
"CURVE 1","0.08481139450044319","27.1362995329456","26.68986922990339","0.06714092036384849","0.09042402855792449","11.856453854868471","-1","0.0","0.0","0.0"
"CURVE 1","0.08481139450044319","27.1362995329456","26.68986922990339","0.06722430818709567","0.09037480889268183","12.007493358705942","-1","0.0","0.0","0.0"
"CURVE 1","0.08481139450044319","27.1362995329456","26.68986922990339","0.06730777493756801","0.09032567342122397","12.155157882692935","-1","0.0","0.0","0.0"
"CURVE 1","0.08481139450044319","27.1362995329456","26.68986922990339","0.06739132680703158","0.09027662022196833","12.299361691856138","-1","0.0","0.0","0.0"
"CURVE 1","0.08481139450044319","27.1362995329456","26.68986922990339","0.06747496998725246","0.09022764737333232","12.440022216042014","-1","0.0","0.0","0.0"
"CURVE 1","0.08481139450044319","27.1362995329456","26.68986922990339","0.06755871066999672","0.09017875295373338","12.577060192773773","-1","0.0","0.0","0.0"
"CURVE 1","0.08481139450044319","27.1362995329456","26.68986922990339","0.06764255504703047","0.09012993504158893","12.710399746102302","-1","0.0","0.0","0.0"
"CURVE 1","0.08481139450044319","27.1362995329456","26.68986922990339","0.06772650931011978","0.09008119171531641","12.839968497182783","-1","0.0","0.0","0.0"
"CURVE 1","0.08481139450044319","27.1362995329456","26.68986922990339","0.06781057965103074","0.0900325210533332","12.965697667449202","-1","0.0","0.0","0.0"
"CURVE 1","0.08481139450044319","27.1362995329456","26.68986922990339","0.06789477226152943","0.08998392113405675","13.087522088933788","-1","0.0","0.0","0.0"
"CURVE 1","0.08481139450044319","27.1362995329456","26.68986922990339","0.06797909333338191","0.08993539003590445","13.205380394585374","-1","0.0","0.0","0.0"
"CURVE 1","0.08481139450044319","27.1362995329456","26.68986922990339","0.06806354905835431","0.08988692583729378","13.319214967547492","-1","0.0","0.0","0.0"
"CURVE 1","0.08481139450044319","27.1362995329456","26.68986922990339","0.06814814562821268","0.08983852661664213","13.428972107185537","-1","0.0","0.0","0.0"
"CURVE 1","0.08481139450044319","27.1362995329456","26.68986922990339","0.06823288923472313","0.08979019045236691","13.534602001895848","-1","0.0","0.0","0.0"
"CURVE 1","0.08481139450044319","27.1362995329456","26.68986922990339","0.06831778606965173","0.08974191542288557","13.636058824517207","-1","0.0","0.0","0.0"
"CURVE 1","0.08481139450044319","27.1362995329456","26.68986922990339","0.06840284232476457","0.08969369960661551","13.733300777854861","-1","0.0","0.0","0.0"
"CURVE 1","0.08481139450044319","27.1362995329456","26.68986922990339","0.06848806419182772","0.08964554108197416","13.826290060633871","-1","0.0","0.0","0.0"
"CURVE 1","0.08481139450044319","27.1362995329456","26.68986922990339","0.06857345786260728","0.08959743792737894","13.914993003828505","-1","0.0","0.0","0.0"
"CURVE 1","0.08481139450044319","27.1362995329456","26.68986922990339","0.06865902952886933","0.08954938822124728","13.99937996945326","-1","0.0","0.0","0.0"
"CURVE 1","0.08481139450044319","27.1362995329456","26.68986922990339","0.06874478538237995","0.08950139004199659","14.07942544605672","-1","0.0","0.0","0.0"
"CURVE 1","0.08481139450044319","27.1362995329456","26.68986922990339","0.0688307316149052","0.0894534414680443","14.15510804871996","-1","0.0","0.0","0.0"
"CURVE 1","0.08481139450044319","27.1362995329456","26.68986922990339","0.06891687441821122","0.08940554057780783","14.226410427193894","-1","0.0","0.0","0.0"
"CURVE 1","0.08481139450044319","27.1362995329456","26.68986922990339","0.06900321998406406","0.08935768544970461","14.293319360403423","-1","0.0","0.0","0.0"
"CURVE 1","0.08481139450044319","27.1362995329456","26.68986922990339","0.06908977450422979","0.08930987416215205","14.355825698408694","-1","0.0","0.0","0.0"
"CURVE 1","0.08481139450044319","27.1362995329456","26.68986922990339","0.06917654417047453","0.08926210479356758","14.413924293295782","-1","0.0","0.0","0.0"
"CURVE 1","0.08481139450044319","27.1362995329456","26.68986922990339","0.06926353517456434","0.08921437542236861","14.467614061580528","-1","0.0","0.0","0.0"
"CURVE 1","0.08481139450044319","27.1362995329456","26.68986922990339","0.06935075370826532","0.08916668412697257","14.516897862730808","-1","0.0","0.0","0.0"
"CURVE 1","0.08481139450044319","27.1362995329456","26.68986922990339","0.06943820596334353","0.08911902898579689","14.561782481242995","-1","0.0","0.0","0.0"
"CURVE 1","0.08481139450044319","27.1362995329456","26.68986922990339","0.06952589813156507","0.08907140807725897","14.6022785668644","-1","0.0","0.0","0.0"
"CURVE 1","0.08481139450044319","27.1362995329456","26.68986922990339","0.06961383640469603","0.08902381947977625","14.638400604419736","-1","0.0","0.0","0.0"
"CURVE 1","0.08481139450044319","27.1362995329456","26.68986922990339","0.06970202697450249","0.08897626127176617","14.670166847114539","-1","0.0","0.0","0.0"
"CURVE 1","0.08481139450044319","27.1362995329456","26.68986922990339","0.06979047603275051","0.08892873153164613","14.69759917947256","-1","0.0","0.0","0.0"
"CURVE 1","0.08481139450044319","27.1362995329456","26.68986922990339","0.06987918977120623","0.08888122833783353","14.720723125428758","-1","0.0","0.0","0.0"
"CURVE 1","0.08481139450044319","27.1362995329456","26.68986922990339","0.06996817438163568","0.08883374976874585","14.739567739370617","-1","0.0","0.0","0.0"
"CURVE 1","0.08481139450044319","27.1362995329456","26.68986922990339","0.07005743605580497","0.08878629390280045","14.75416550177028","-1","0.0","0.0","0.0"
"CURVE 1","0.08481139450044319","27.1362995329456","26.68986922990339","0.07014698098548017","0.0887388588184148","14.764552267369872","-1","0.0","0.0","0.0"
"CURVE 1","0.08481139450044319","27.1362995329456","26.68986922990339","0.07023681536242736","0.08869144259400631","14.7707671034285","-1","0.0","0.0","0.0"
"CURVE 1","0.08481139450044319","27.1362995329456","26.68986922990339","0.07032694537841266","0.08864404330799237","14.772852299920071","-1","0.0","0.0","0.0"
"CURVE 1","0.08481139450044319","27.1362995329456","26.68986922990339","0.07041737722520212","0.08859665903879044","14.770853143626793","-1","0.0","0.0","0.0"
"CURVE 1","0.08481139450044319","27.1362995329456","26.68986922990339","0.07050811709456184","0.08854928786481793","14.76481791732293","-1","0.0","0.0","0.0"
"CURVE 1","0.08481139450044319","27.1362995329456","26.68986922990339","0.07059917117825788","0.08850192786449225","14.754797714276041","-1","0.0","0.0","0.0"
"CURVE 1","0.08481139450044319","27.1362995329456","26.68986922990339","0.07069054566805635","0.08845457711623084","14.740846373538115","-1","0.0","0.0","0.0"
"CURVE 1","0.08481139450044319","27.1362995329456","26.68986922990339","0.07078224675572335","0.0884072336984511","14.723020367433719","-1","0.0","0.0","0.0"
"CURVE 1","0.08481139450044319","27.1362995329456","26.68986922990339","0.07087428063302492","0.08835989568957049","14.70137862899107","-1","0.0","0.0","0.0"
"CURVE 1","0.08481139450044319","27.1362995329456","26.68986922990339","0.07096665349172716","0.0883125611680064","14.675982486080656","-1","0.0","0.0","0.0"
"CURVE 1","0.08481139450044319","27.1362995329456","26.68986922990339","0.07105937152359616","0.08826522821217626","14.646895544574095","-1","0.0","0.0","0.0"
"CURVE 1","0.08481139450044319","27.1362995329456","26.68986922990339","0.07115244092039802","0.08821789490049751","14.614183541035143","-1","0.0","0.0","0.0"
"CURVE 1","0.08481139450044319","27.1362995329456","26.68986922990339","0.0712458678738988","0.08817055931138756","14.57791422323209","-1","0.0","0.0","0.0"
"CURVE 1","0.08481139450044319","27.1362995329456","26.68986922990339","0.07133965857586458","0.08812321952326381","14.538157229672661","-1","0.0","0.0","0.0"
"CURVE 1","0.08481139450044319","27.1362995329456","26.68986922990339","0.07143381921806144","0.08807587361454369","14.494983977254787","-1","0.0","0.0","0.0"
"CURVE 1","0.08481139450044319","27.1362995329456","26.68986922990339","0.07152835599225552","0.08802851966364467","14.448467545327707","-1","0.0","0.0","0.0"
"CURVE 1","0.08481139450044319","27.1362995329456","26.68986922990339","0.07162327509021285","0.08798115574898412","14.398682491936778","-1","0.0","0.0","0.0"
"CURVE 1","0.08481139450044319","27.1362995329456","26.68986922990339","0.07171858270369952","0.08793377994897947","14.34570481113104","-1","0.0","0.0","0.0"
"CURVE 1","0.08481139450044319","27.1362995329456","26.68986922990339","0.07181428502448162","0.08788639034204816","14.28961175694199","-1","0.0","0.0","0.0"
"CURVE 1","0.08481139450044319","27.1362995329456","26.68986922990339","0.07191038824432525","0.0878389850066076","14.23048174489461","-1","0.0","0.0","0.0"
"CURVE 1","0.08481139450044319","27.1362995329456","26.68986922990339","0.07200689855499648","0.08779156202107521","14.168394226828836","-1","0.0","0.0","0.0"
"CURVE 1","0.08481139450044319","27.1362995329456","26.68986922990339","0.0721038221482614","0.0877441194638684","14.103429537962993","-1","0.0","0.0","0.0"
"CURVE 1","0.08481139450044319","27.1362995329456","26.68986922990339","0.07220116521588608","0.08769665541340461","14.03566886159032","-1","0.0","0.0","0.0"
"CURVE 1","0.08481139450044319","27.1362995329456","26.68986922990339","0.07229893394963659","0.08764916794810129","13.965194011883407","-1","0.0","0.0","0.0"
"CURVE 1","0.08481139450044319","27.1362995329456","26.68986922990339","0.07239713454127907","0.08760165514637583","13.892087406082425","-1","0.0","0.0","0.0"
"CURVE 1","0.08481139450044319","27.1362995329456","26.68986922990339","0.07249577318257955","0.08755411508664562","13.816431895002141","-1","0.0","0.0","0.0"
"CURVE 1","0.08481139450044319","27.1362995329456","26.68986922990339","0.07259485606530414","0.08750654584732814","13.738310669370168","-1","0.0","0.0","0.0"
"CURVE 1","0.08481139450044319","27.1362995329456","26.68986922990339","0.07269438938121892","0.08745894550684079","13.657807187989215","-1","0.0","0.0","0.0"
"CURVE 1","0.08481139450044319","27.1362995329456","26.68986922990339","0.07279437932208996","0.087411312143601","13.57500499898396","-1","0.0","0.0","0.0"
"CURVE 1","0.08481139450044319","27.1362995329456","26.68986922990339","0.07289483207968336","0.08736364383602617","13.489987711754425","-1","0.0","0.0","0.0"
"CURVE 1","0.08481139450044319","27.1362995329456","26.68986922990339","0.07299575384576523","0.08731593866253375","13.402838863018735","-1","0.0","0.0","0.0"
"CURVE 1","0.08481139450044319","27.1362995329456","26.68986922990339","0.07309715081210162","0.08726819470154112","13.313641798784062","-1","0.0","0.0","0.0"
"CURVE 1","0.08481139450044319","27.1362995329456","26.68986922990339","0.0731990291704586","0.08722041003146574","13.222479656429854","-1","0.0","0.0","0.0"
"CURVE 1","0.08481139450044319","27.1362995329456","26.68986922990339","0.0733013951126023","0.08717258273072502","13.12943519198799","-1","0.0","0.0","0.0"
"CURVE 1","0.08481139450044319","27.1362995329456","26.68986922990339","0.07340425483029876","0.08712471087773639","13.034590735910283","-1","0.0","0.0","0.0"
"CURVE 1","0.08481139450044319","27.1362995329456","26.68986922990339","0.07350761451531408","0.08707679255091728","12.938028121778668","-1","0.0","0.0","0.0"
"CURVE 1","0.08481139450044319","27.1362995329456","26.68986922990339","0.07361148035941434","0.08702882582868508","12.839828556195428","-1","0.0","0.0","0.0"
"CURVE 1","0.08481139450044319","27.1362995329456","26.68986922990339","0.07371585855436565","0.08698080878945726","12.740072596490217","-1","0.0","0.0","0.0"
"CURVE 1","0.08481139450044319","27.1362995329456","26.68986922990339","0.07382075529193406","0.08693273951165117","12.638840053344351","-1","0.0","0.0","0.0"
"CURVE 1","0.08481139450044319","27.1362995329456","26.68986922990339","0.07392617676388567","0.0868846160736843","12.53620992610718","-1","0.0","0.0","0.0"
"CURVE 1","0.08481139450044319","27.1362995329456","26.68986922990339","0.07403212916198658","0.08683643655397405","12.43226032801196","-1","0.0","0.0","0.0"
"CURVE 1","0.08481139450044319","27.1362995329456","26.68986922990339","0.07413861867800282","0.08678819903093783","12.327068438808663","-1","0.0","0.0","0.0"
"CURVE 1","0.08481139450044319","27.1362995329456","26.68986922990339","0.07424565150370055","0.08673990158299308","12.220710440864586","-1","0.0","0.0","0.0"
"CURVE 1","0.08481139450044319","27.1362995329456","26.68986922990339","0.07435323383084579","0.0866915422885572","12.113261444146046","-1","0.0","0.0","0.0"
"CURVE 1","0.08481139450044319","27.1362995329456","26.68986922990339","0.07446137372534076","0.08664312226262257","13.505887933368824","-1","0.0","0.0","0.0"
"CURVE 1","0.08481139450044319","27.1362995329456","26.68986922990339","0.07457008674963198","0.08659465476648129","14.861949092939096","-1","0.0","0.0","0.0"
"CURVE 1","0.08481139450044319","27.1362995329456","26.68986922990339","0.07467939034030212","0.08654615609800043","16.181316133763477","-1","0.0","0.0","0.0"
"CURVE 1","0.08481139450044319","27.1362995329456","26.68986922990339","0.07478930193393385","0.08649764255504701","17.46388629905031","-1","0.0","0.0","0.0"
"CURVE 1","0.08481139450044319","27.1362995329456","26.68986922990339","0.07489983896710979","0.08644913043548812","18.70958153514396","-1","0.0","0.0","0.0"
"CURVE 1","0.08481139450044319","27.1362995329456","26.68986922990339","0.07501101887641261","0.08640063603719074","19.918347391227503","-1","0.0","0.0","0.0"
"CURVE 1","0.08481139450044319","27.1362995329456","26.68986922990339","0.07512285909842496","0.08635217565802199","21.090152033113558","-1","0.0","0.0","0.0"
"CURVE 1","0.08481139450044319","27.1362995329456","26.68986922990339","0.07523537706972948","0.08630376559584886","22.224985445621083","-1","0.0","0.0","0.0"
"CURVE 1","0.08481139450044319","27.1362995329456","26.68986922990339","0.07534859022690883","0.08625542214853846","23.322858766565307","-1","0.0","0.0","0.0"
"CURVE 1","0.08481139450044319","27.1362995329456","26.68986922990339","0.07546251600654565","0.08620716161395778","24.383803765231164","-1","0.0","0.0","0.0"
"CURVE 1","0.08481139450044319","27.1362995329456","26.68986922990339","0.0755771718452226","0.0861590002899739","25.407872410319012","-1","0.0","0.0","0.0"
"CURVE 1","0.08481139450044319","27.1362995329456","26.68986922990339","0.07569257517952231","0.08611095447445388","26.395136612411914","-1","0.0","0.0","0.0"
"CURVE 1","0.08481139450044319","27.1362995329456","26.68986922990339","0.07580874344602746","0.08606304046526474","27.34568797472077","-1","0.0","0.0","0.0"
"CURVE 1","0.08481139450044319","27.1362995329456","26.68986922990339","0.07592569408132069","0.08601527456027355","28.259637722861427","-1","0.0","0.0","0.0"
"CURVE 1","0.08481139450044319","27.1362995329456","26.68986922990339","0.07604344452198465","0.08596767305734737","29.137116646145717","-1","0.0","0.0","0.0"
"CURVE 1","0.08481139450044319","27.1362995329456","26.68986922990339","0.07616201220460199","0.08592025225435322","29.978275134651483","-1","0.0","0.0","0.0"
"CURVE 1","0.08481139450044319","27.1362995329456","26.68986922990339","0.07628141456575538","0.08587302844915816","30.783283243025622","-1","0.0","0.0","0.0"
"CURVE 1","0.08481139450044319","27.1362995329456","26.68986922990339","0.07640166904202744","0.08582601793962923","31.552330840665714","-1","0.0","0.0","0.0"
"CURVE 1","0.08481139450044319","27.1362995329456","26.68986922990339","0.07652279307000083","0.0857792370236335","32.285627722730126","-1","0.0","0.0","0.0"
"CURVE 1","0.08481139450044319","27.1362995329456","26.68986922990339","0.07664480408625818","0.085732701999038","32.983403819611794","-1","0.0","0.0","0.0"
"CURVE 1","0.08481139450044319","27.1362995329456","26.68986922990339","0.07676771952738219","0.08568642916370979","33.64590935380237","-1","0.0","0.0","0.0"
"CURVE 1","0.08481139450044319","27.1362995329456","26.68986922990339","0.07689155682995545","0.08564043481551592","34.273415047749545","-1","0.0","0.0","0.0"
"CURVE 1","0.08481139450044319","27.1362995329456","26.68986922990339","0.07701633343056066","0.08559473525232343","34.86621225408684","-1","0.0","0.0","0.0"
"CURVE 1","0.08481139450044319","27.1362995329456","26.68986922990339","0.07714206676578048","0.08554934677199937","35.42461316174142","-1","0.0","0.0","0.0"
"CURVE 1","0.08481139450044319","27.1362995329456","26.68986922990339","0.0772687742721975","0.08550428567241079","35.948950884107475","-1","0.0","0.0","0.0"
"CURVE 1","0.08481139450044319","27.1362995329456","26.68986922990339","0.07739647338639444","0.08545956825142474","36.43957957344969","-1","0.0","0.0","0.0"
"CURVE 1","0.08481139450044319","27.1362995329456","26.68986922990339","0.0775251815449539","0.08541521080690828","36.89687447745473","-1","0.0","0.0","0.0"
"CURVE 1","0.08481139450044319","27.1362995329456","26.68986922990339","0.07765491618445856","0.08537122963672845","37.32123195788515","-1","0.0","0.0","0.0"
"CURVE 1","0.08481139450044319","27.1362995329456","26.68986922990339","0.07778569474149105","0.08532764103875232","37.713069404822086","-1","0.0","0.0","0.0"
"CURVE 1","0.08481139450044319","27.1362995329456","26.68986922990339","0.07791753465263403","0.08528446131084688","38.07282517106209","-1","0.0","0.0","0.0"
"CURVE 1","0.08481139450044319","27.1362995329456","26.68986922990339","0.07805045335447017","0.08524170675087923","38.400958412150466","-1","0.0","0.0","0.0"
"CURVE 1","0.08481139450044319","27.1362995329456","26.68986922990339","0.0781844682835821","0.08519939365671642","38.69794883534255","-1","0.0","0.0","0.0"
"CURVE 1","0.08481139450044319","27.1362995329456","26.68986922990339","0.07831959687655246","0.08515753832622547","38.964296412354656","-1","0.0","0.0","0.0"
"CURVE 1","0.08481139450044319","27.1362995329456","26.68986922990339","0.07845585656996391","0.08511615705727345","39.2005210013948","-1","0.0","0.0","0.0"
"CURVE 1","0.08481139450044319","27.1362995329456","26.68986922990339","0.07859326480039912","0.08507526614772738","39.40716193129276","-1","0.0","0.0","0.0"
"CURVE 1","0.08481139450044319","27.1362995329456","26.68986922990339","0.07873183900444071","0.08503488189545437","39.58477747398151","-1","0.0","0.0","0.0"
"CURVE 1","0.08481139450044319","27.1362995329456","26.68986922990339","0.07887159661867134","0.08499502059832142","39.733944252583875","-1","0.0","0.0","0.0"
"CURVE 1","0.08481139450044319","27.1362995329456","26.68986922990339","0.07901255507967367","0.08495569855419557","39.85525660145074","-1","0.0","0.0","0.0"
"CURVE 1","0.08481139450044319","27.1362995329456","26.68986922990339","0.07915473182403034","0.0849169320609439","39.94932583462756","-1","0.0","0.0","0.0"
"CURVE 1","0.08481139450044319","27.1362995329456","26.68986922990339","0.07929814428832402","0.08487873741643345","40.01677947035099","-1","0.0","0.0","0.0"
"CURVE 1","0.08481139450044319","27.1362995329456","26.68986922990339","0.07944280990913734","0.08484113091853127","40.05826033866525","-1","0.0","0.0","0.0"
"CURVE 1","0.08481139450044319","27.1362995329456","26.68986922990339","0.07958874612305297","0.08480412886510441","40.07442567919127","-1","0.0","0.0","0.0"
"CURVE 1","0.08481139450044319","27.1362995329456","26.68986922990339","0.07973597036665353","0.0847677475540199","40.065946192063244","-1","0.0","0.0","0.0"
"CURVE 1","0.08481139450044319","27.1362995329456","26.68986922990339","0.0798845000765217","0.08473200328314483","40.033504979789626","-1","0.0","0.0","0.0"
"CURVE 1","0.08481139450044319","27.1362995329456","26.68986922990339","0.08003435268924013","0.0846969123503462","39.97779645532076","-1","0.0","0.0","0.0"
"CURVE 1","0.08481139450044319","27.1362995329456","26.68986922990339","0.08018554564139145","0.08466249105349109","39.89952525541855","-1","0.0","0.0","0.0"
"CURVE 1","0.08481139450044319","27.1362995329456","26.68986922990339","0.08033809636955831","0.08462875569044655","39.79940505754903","-1","0.0","0.0","0.0"
"CURVE 1","0.08481139450044319","27.1362995329456","26.68986922990339","0.08049202231032339","0.0845957225590796","39.678157391132025","-1","0.0","0.0","0.0"
"CURVE 1","0.08481139450044319","27.1362995329456","26.68986922990339","0.08064734090026932","0.08456340795725732","39.53651042889552","-1","0.0","0.0","0.0"
"CURVE 1","0.08481139450044319","27.1362995329456","26.68986922990339","0.08080406957597876","0.08453182818284677","39.375197732837414","-1","0.0","0.0","0.0"
"CURVE 1","0.08481139450044319","27.1362995329456","26.68986922990339","0.08096222577403434","0.08450099953371497","39.1949570105799","-1","0.0","0.0","0.0"
"CURVE 1","0.08481139450044319","27.1362995329456","26.68986922990339","0.08112182693101873","0.08447093830772895","38.99652884757646","-1","0.0","0.0","0.0"
"CURVE 1","0.08481139450044319","27.1362995329456","26.68986922990339","0.08128289048351459","0.0844416608027558","38.78065544687452","-1","0.0","0.0","0.0"
"CURVE 1","0.08481139450044319","27.1362995329456","26.68986922990339","0.08144543386810453","0.08441318331666255","38.548079362885325","-1","0.0","0.0","0.0"
"CURVE 1","0.08481139450044319","27.1362995329456","26.68986922990339","0.08160947452137124","0.08438552214731623","38.29954226137412","-1","0.0","0.0","0.0"
"CURVE 1","0.08481139450044319","27.1362995329456","26.68986922990339","0.08177502987989739","0.08435869359258397","38.03578367587453","-1","0.0","0.0","0.0"
"CURVE 1","0.08481139450044319","27.1362995329456","26.68986922990339","0.08194211738026558","0.0843327139503327","37.757539797141014","-1","0.0","0.0","0.0"
"CURVE 1","0.08481139450044319","27.1362995329456","26.68986922990339","0.08211075445905847","0.08430759951842959","37.46554228786529","-1","0.0","0.0","0.0"
"CURVE 1","0.08481139450044319","27.1362995329456","26.68986922990339","0.08228095855285872","0.08428336659474159","37.16051711551535","-1","0.0","0.0","0.0"
"CURVE 1","0.08481139450044319","27.1362995329456","26.68986922990339","0.082452747098249","0.08426003147713582","36.84318345701212","-1","0.0","0.0","0.0"
"CURVE 1","0.08481139450044319","27.1362995329456","26.68986922990339","0.0826261375318119","0.08423761046347927","36.51425258719988","-1","0.0","0.0","0.0"
"CURVE 1","0.08481139450044319","27.1362995329456","26.68986922990339","0.08280114729013016","0.08421611985163904","36.174426865490055","-1","0.0","0.0","0.0"
"CURVE 1","0.08481139450044319","27.1362995329456","26.68986922990339","0.08297779380978637","0.08419557593948213","35.82439873892228","-1","0.0","0.0","0.0"
"CURVE 1","0.08481139450044319","27.1362995329456","26.68986922990339","0.0831560945273632","0.08417599502487562","35.464849816172126","-1","0.0","0.0","0.0"
"CURVE 1","0.08481139450044319","27.1362995329456","26.68986922990339","0.08333606687944328","0.08415739340568656","35.09644995426409","-1","0.0","0.0","0.0"
"CURVE 1","0.08481139450044319","27.1362995329456","26.68986922990339","0.08351772830260927","0.08413978737978199","34.71985646820955","-1","0.0","0.0","0.0"
"CURVE 1","0.08481139450044319","27.1362995329456","26.68986922990339","0.08370109623344382","0.08412319324502897","34.33571332823352","-1","0.0","0.0","0.0"
"CURVE 1","0.08481139450044319","27.1362995329456","26.68986922990339","0.08388618810852963","0.08410762729929454","33.94465046668359","-1","0.0","0.0","0.0"
"CURVE 1","0.08481139450044319","27.1362995329456","26.68986922990339","0.08407302136444927","0.08409310584044573","33.54728311766657","-1","0.0","0.0","0.0"
"CURVE 1","0.08481139450044319","27.1362995329456","26.68986922990339","0.08426161343778546","0.08407964516634964","33.14421122935993","-1","0.0","0.0","0.0"
"CURVE 1","0.08481139450044319","27.1362995329456","26.68986922990339","0.0844519817651208","0.08406726157487328","32.736018928482146","-1","0.0","0.0","0.0"
"CURVE 1","0.08481139450044319","27.1362995329456","26.68986922990339","0.08464414378303795","0.08405597136388371","32.32327405849436","-1","0.0","0.0","0.0"
"CURVE 1","0.08481139450044319","27.1362995329456","26.68986922990339","0.08483811692811957","0.08404579083124795","31.906527756675725","-1","0.0","0.0","0.0"
"CURVE 1","0.08481139450044319","27.1362995329456","26.68986922990339","0.08503391863694833","0.0840367362748331","31.48631412595347","-1","0.0","0.0","0.0"
"CURVE 1","0.08481139450044319","27.1362995329456","26.68986922990339","0.08523156634610685","0.08402882399250619","31.06314991718702","-1","0.0","0.0","0.0"
"CURVE 1","0.08481139450044319","27.1362995329456","26.68986922990339","0.08543107749217779","0.08402207028213425","30.637534319009497","-1","0.0","0.0","0.0"
"CURVE 1","0.08481139450044319","27.1362995329456","26.68986922990339","0.0856324695117438","0.08401649144158435","30.20994876517214","-1","0.0","0.0","0.0"
"CURVE 1","0.08481139450044319","27.1362995329456","26.68986922990339","0.08583575984138754","0.0840121037687235","29.78085681525221","-1","0.0","0.0","0.0"
"CURVE 1","0.08481139450044319","27.1362995329456","26.68986922990339","0.08604096591769167","0.08400892356141881","29.350704086318345","-1","0.0","0.0","0.0"
"CURVE 1","0.08481139450044319","27.1362995329456","26.68986922990339","0.0862481051772388","0.0840069671175373","28.919918223427626","-1","0.0","0.0","0.0"
"CURVE 1","0.08481139450044319","27.1362995329456","26.68986922990339","0.08645719505661162","0.08400625073494603","28.488908931571736","-1","0.0","0.0","0.0"
"CURVE 1","0.08481139450044319","27.1362995329456","26.68986922990339","0.08666825299239275","0.08400679071151203","28.058068037330777","-1","0.0","0.0","0.0"
"CURVE 1","0.08481139450044319","27.1362995329456","26.68986922990339","0.08688129642116488","0.08400860334510234","27.627769614783666","-1","0.0","0.0","0.0"
"CURVE 1","0.08481139450044319","27.1362995329456","26.68986922990339","0.08709634277951066","0.08401170493358404","27.198370131545982","-1","0.0","0.0","0.0"
"CURVE 1","0.08481139450044319","27.1362995329456","26.68986922990339","0.08731340950401267","0.08401611177482415","26.7702086336491","-1","0.0","0.0","0.0"
"CURVE 1","0.08481139450044319","27.1362995329456","26.68986922990339","0.08753251403125364","0.08402184016668975","26.343606981883678","-1","0.0","0.0","0.0"
"CURVE 1","0.08481139450044319","27.1362995329456","26.68986922990339","0.08775367379781616","0.08402890640704785","25.918870103778307","-1","0.0","0.0","0.0"
"CURVE 1","0.08481139450044319","27.1362995329456","26.68986922990339","0.08797690624028294","0.08403732679376555","25.49628627723092","-1","0.0","0.0","0.0"
"CURVE 1","0.08481139450044319","27.1362995329456","26.68986922990339","0.0882022287952366","0.08404711762470987","25.07612745499132","-1","0.0","0.0","0.0"
"CURVE 1","0.08481139450044319","27.1362995329456","26.68986922990339","0.08842965889925981","0.08405829519774784","24.658649588634418","-1","0.0","0.0","0.0"
"CURVE 1","0.08481139450044319","27.1362995329456","26.68986922990339","0.08865921398893517","0.08407087581074651","24.244092998302463","-1","0.0","0.0","0.0"
"CURVE 1","0.08481139450044319","27.1362995329456","26.68986922990339","0.08889091150084537","0.08408487576157299","23.83268274646726","-1","0.0","0.0","0.0"
"CURVE 1","0.08481139450044319","27.1362995329456","26.68986922990339","0.08912476887157306","0.08410031134809427","23.424629033825333","-1","0.0","0.0","0.0"
"CURVE 1","0.08481139450044319","27.1362995329456","26.68986922990339","0.08936080353770089","0.08411719886817742","23.020127609903497","-1","0.0","0.0","0.0"
"CURVE 1","0.08481139450044319","27.1362995329456","26.68986922990339","0.08959903293581149","0.08413555461968948","22.619360191884724","-1","0.0","0.0","0.0"
"CURVE 1","0.08481139450044319","27.1362995329456","26.68986922990339","0.08983947450248755","0.08415539490049752","22.22249490134633","-1","0.0","0.0","0.0"
"CURVE 1","0.08481139450044319","27.1362995329456","26.68986922990339","0.0900821456743117","0.08417673600846853","21.829686695136008","-1","0.0","0.0","0.0"
"CURVE 1","0.08481139450044319","27.1362995329456","26.68986922990339","0.09032706388786657","0.08419959424146965","21.441077819515282","-1","0.0","0.0","0.0"
"CURVE 1","0.08481139450044319","27.1362995329456","26.68986922990339","0.09057424657973484","0.08422398589736789","21.05679825228849","-1","0.0","0.0","0.0"
"CURVE 1","0.08481139450044319","27.1362995329456","26.68986922990339","0.09082371118649914","0.08424992727403026","20.676966166315314","-1","0.0","0.0","0.0"
"CURVE 1","0.08481139450044319","27.1362995329456","26.68986922990339","0.09107547514474214","0.08427743466932384","20.301688362676927","-1","0.0","0.0","0.0"
"CURVE 1","0.08481139450044319","27.1362995329456","26.68986922990339","0.09132955589104647","0.08430652438111567","19.93106073994764","-1","0.0","0.0","0.0"
"CURVE 1","0.08481139450044319","27.1362995329456","26.68986922990339","0.0915859708619948","0.08433721270727282","19.565168737677837","-1","0.0","0.0","0.0"
"CURVE 1","0.08481139450044319","27.1362995329456","26.68986922990339","0.09184473749416977","0.08436951594566233","19.204087782324283","-1","0.0","0.0","0.0"
"CURVE 1","0.08481139450044319","27.1362995329456","26.68986922990339","0.09210587322415403","0.08440345039415123","18.847883730732956","-1","0.0","0.0","0.0"
"CURVE 1","0.08481139450044319","27.1362995329456","26.68986922990339","0.09236939548853022","0.0844390323506066","18.49661330256494","-1","0.0","0.0","0.0"
"CURVE 1","0.08481139450044319","27.1362995329456","26.68986922990339","0.09263532172388102","0.08447627811289544","18.15032451693697","-1","0.0","0.0","0.0"
"CURVE 1","0.08481139450044319","27.1362995329456","26.68986922990339","0.09290366936678908","0.08451520397888487","17.80905711134464","-1","0.0","0.0","0.0"
"CURVE 1","0.08481139450044319","27.1362995329456","26.68986922990339","0.09317445585383703","0.0845558262464419","17.472842951135604","-1","0.0","0.0","0.0"
"CURVE 1","0.08481139450044319","27.1362995329456","26.68986922990339","0.09344769862160751","0.08459816121343357","17.1417064432939","-1","0.0","0.0","0.0"
"CURVE 1","0.08481139450044319","27.1362995329456","26.68986922990339","0.09372341510668322","0.08464222517772695","16.815664927390344","-1","0.0","0.0","0.0"
"CURVE 1","0.08481139450044319","27.1362995329456","26.68986922990339","0.09400162274564676","0.08468803443718906","16.49472906031881","-1","0.0","0.0","0.0"
"CURVE 1","0.08481139450044319","27.1362995329456","26.68986922990339","0.0942823389750808","0.08473560528968699","16.178903198895423","-1","0.0","0.0","0.0"
"CURVE 1","0.08481139450044319","27.1362995329456","26.68986922990339","0.094565581231568","0.08478495403308774","15.868185755370325","-1","0.0","0.0","0.0"
"CURVE 1","0.08481139450044319","27.1362995329456","26.68986922990339","0.09485136695169098","0.08483609696525839","15.562569558428255","-1","0.0","0.0","0.0"
"CURVE 1","0.08481139450044319","27.1362995329456","26.68986922990339","0.09513971357203241","0.084889050384066","15.262042195929002","-1","0.0","0.0","0.0"
"CURVE 1","0.08481139450044319","27.1362995329456","26.68986922990339","0.09543063852917495","0.08494383058737759","14.966586337167687","-1","0.0","0.0","0.0"
"CURVE 1","0.08481139450044319","27.1362995329456","26.68986922990339","0.09572415925970124","0.08500045387306025","14.676180065694782","-1","0.0","0.0","0.0"
"CURVE 1","0.08481139450044319","27.1362995329456","26.68986922990339","0.09602029320019395","0.08505893653898097","14.390797177485538","-1","0.0","0.0","0.0"
"CURVE 1","0.08481139450044319","27.1362995329456","26.68986922990339","0.09631905778723569","0.08511929488300685","14.110407481712276","-1","0.0","0.0","0.0"
"CURVE 1","0.08481139450044319","27.1362995329456","26.68986922990339","0.09662047045740915","0.0851815452030049","13.83497708687919","-1","0.0","0.0","0.0"
"CURVE 1","0.08481139450044319","27.1362995329456","26.68986922990339","0.09692454864729697","0.08524570379684221","13.564468672346651","-1","0.0","0.0","0.0"
"CURVE 1","0.08481139450044319","27.1362995329456","26.68986922990339","0.09723130979348177","0.08531178696238581","13.298841751147199","-1","0.0","0.0","0.0"
"CURVE 1","0.08481139450044319","27.1362995329456","26.68986922990339","0.09754077133254624","0.08537981099750272","13.038052919842665","-1","0.0","0.0","0.0"
"CURVE 1","0.08481139450044319","27.1362995329456","26.68986922990339","0.09785295070107303","0.08544979220006005","12.78205610360114","-1","0.0","0.0","0.0"
"CURVE 1","0.08481139450044319","27.1362995329456","26.68986922990339","0.09816786533564477","0.08552174686792478","12.530802778182847","-1","0.0","0.0","0.0"
"CURVE 1","0.08481139450044319","27.1362995329456","26.68986922990339","0.09848553267284411","0.085595691298964","12.284242194326453","-1","0.0","0.0","0.0"
