"Curve Name","Curve Length (um)","Average Curvature (um-1)","Curvature Std (um-1)","X-Coordinate (um)","Y-Coordinate (um)","Point Curvature (um-1)","Point Curvature Sign","Red Intensity","Green Intensity","Blue Intensity"
"CURVE 1","0.08560565093395017","26.638476182457037","28.346621088502932","0.02208955223880597","0.10567164179104478","43.64352079468274","1","0.0","0.0","0.0"
"CURVE 1","0.08560565093395017","26.638476182457037","28.346621088502932","0.02222248089254199","0.1058379437437105","44.837428877664486","1","0.0","0.0","0.0"
"CURVE 1","0.08560565093395017","26.638476182457037","28.346621088502932","0.022355406841828455","0.10600104441097127","46.057545862096745","1","1.0","1.0","1.0"
"CURVE 1","0.08560565093395017","26.638476182457037","28.346621088502932","0.022488327382215813","0.1061609673500061","47.303687105038584","1","1.0","1.0","1.0"
"CURVE 1","0.08560565093395017","26.638476182457037","28.346621088502932","0.02262123980925451","0.10631773611799401","48.575589426246445","1","1.0","1.0","1.0"
"CURVE 1","0.08560565093395017","26.638476182457037","28.346621088502932","0.02275414141849499","0.10647137427211402","49.87290548109878","1","1.0","1.0","1.0"
"CURVE 1","0.08560565093395017","26.638476182457037","28.346621088502932","0.022887029505487697","0.1066219053695451","51.195198089301385","1","1.0","1.0","1.0"
"CURVE 1","0.08560565093395017","26.638476182457037","28.346621088502932","0.023019901365783083","0.10676935296746629","52.541934540285176","1","0.0","0.0","0.0"
"CURVE 1","0.08560565093395017","26.638476182457037","28.346621088502932","0.02315275429493159","0.1069137406230566","53.912480909510954","1","0.0","0.0","0.0"
"CURVE 1","0.08560565093395017","26.638476182457037","28.346621088502932","0.023285585588483666","0.10705509189349502","55.30609647180977","1","1.0","1.0","1.0"
"CURVE 1","0.08560565093395017","26.638476182457037","28.346621088502932","0.02341839254198976","0.10719343033596059","56.721928227449524","1","1.0","1.0","1.0"
"CURVE 1","0.08560565093395017","26.638476182457037","28.346621088502932","0.023551172451000305","0.1073287795076323","58.15900565532324","1","1.0","1.0","1.0"
"CURVE 1","0.08560565093395017","26.638476182457037","28.346621088502932","0.023683922611065764","0.10746116296568914","59.616235698064386","1","1.0","1.0","1.0"
"CURVE 1","0.08560565093395017","26.638476182457037","28.346621088502932","0.02381664031773657","0.10759060426731015","61.09239809909395","1","1.0","1.0","1.0"
"CURVE 1","0.08560565093395017","26.638476182457037","28.346621088502932","0.02394932286656318","0.10771712696967435","62.586141172052386","1","1.0","1.0","1.0"
"CURVE 1","0.08560565093395017","26.638476182457037","28.346621088502932","0.02408196755309603","0.10784075462996072","64.09597803399627","1","0.0","0.0","0.0"
"CURVE 1","0.08560565093395017","26.638476182457037","28.346621088502932","0.02421457167288557","0.10796151080534827","65.62028347482254","1","0.0","0.0","0.0"
"CURVE 1","0.08560565093395017","26.638476182457037","28.346621088502932","0.02434713252148225","0.10807941905301603","67.15729144305804","1","0.0","0.0","0.0"
"CURVE 1","0.08560565093395017","26.638476182457037","28.346621088502932","0.024479647394436508","0.10819450293014299","68.70509335814532","1","0.0","0.0","0.0"
"CURVE 1","0.08560565093395017","26.638476182457037","28.346621088502932","0.024612113587298798","0.10830678599390818","70.26163724252585","1","0.0","0.0","0.0"
"CURVE 1","0.08560565093395017","26.638476182457037","28.346621088502932","0.024744528395619553","0.10841629180149061","71.82472782195072","1","0.0","0.0","0.0"
"CURVE 1","0.08560565093395017","26.638476182457037","28.346621088502932","0.024876889114949237","0.10852304391006927","73.39202765185837","1","0.0","0.0","0.0"
"CURVE 1","0.08560565093395017","26.638476182457037","28.346621088502932","0.025009193040838283","0.10862706587682316","74.96105939057126","1","0.0","0.0","0.0"
"CURVE 1","0.08560565093395017","26.638476182457037","28.346621088502932","0.025141437468837145","0.10872838125893133","76.52920924051519","1","0.0","0.0","0.0"
"CURVE 1","0.08560565093395017","26.638476182457037","28.346621088502932","0.025273619694496263","0.10882701361357278","78.09373170208717","1","0.0","0.0","0.0"
"CURVE 1","0.08560565093395017","26.638476182457037","28.346621088502932","0.025405737013366087","0.10892298649792648","79.65175561672791","1","0.0","0.0","0.0"
"CURVE 1","0.08560565093395017","26.638476182457037","28.346621088502932","0.025537786720997054","0.10901632346917148","81.20029161543899","1","0.0","0.0","0.0"
"CURVE 1","0.08560565093395017","26.638476182457037","28.346621088502932","0.025669766112939627","0.10910704808448679","82.73624098697779","1","0.0","0.0","0.0"
"CURVE 1","0.08560565093395017","26.638476182457037","28.346621088502932","0.025801672484744242","0.10919518390105139","84.2564059347311","1","0.0","0.0","0.0"
"CURVE 1","0.08560565093395017","26.638476182457037","28.346621088502932","0.025933503131961345","0.10928075447604431","85.7575013050249","1","0.0","0.0","0.0"
"CURVE 1","0.08560565093395017","26.638476182457037","28.346621088502932","0.026065255350141377","0.10936378336664455","87.23616767174822","1","0.0","0.0","0.0"
"CURVE 1","0.08560565093395017","26.638476182457037","28.346621088502932","0.026196926434834795","0.10944429413003114","88.68898583067116","1","0.0","0.0","0.0"
"CURVE 1","0.08560565093395017","26.638476182457037","28.346621088502932","0.026328513681592038","0.10952231032338308","90.11249252929132","1","0.0","0.0","0.0"
"CURVE 1","0.08560565093395017","26.638476182457037","28.346621088502932","0.02646001438596355","0.10959785550387938","91.50319742770037","1","0.0","0.0","0.0"
"CURVE 1","0.08560565093395017","26.638476182457037","28.346621088502932","0.026591425843499786","0.10967095322869903","92.85760114326841","1","0.0","0.0","0.0"
"CURVE 1","0.08560565093395017","26.638476182457037","28.346621088502932","0.02672274534975118","0.10974162705502107","94.17221421944667","1","0.0","0.0","0.0"
"CURVE 1","0.08560565093395017","26.638476182457037","28.346621088502932","0.026853970200268185","0.10980990054002449","95.44357689722268","1","0.0","0.0","0.0"
"CURVE 1","0.08560565093395017","26.638476182457037","28.346621088502932","0.02698509769060125","0.10987579724088829","96.66827948500423","1","0.0","0.0","0.0"
"CURVE 1","0.08560565093395017","26.638476182457037","28.346621088502932","0.027116125116300818","0.10993934071479151","97.84298310085902","1","0.0","0.0","0.0"
"CURVE 1","0.08560565093395017","26.638476182457037","28.346621088502932","0.027247049772917333","0.11000055451891315","98.96444066580762","1","0.0","0.0","0.0"
"CURVE 1","0.08560565093395017","26.638476182457037","28.346621088502932","0.02737786895600124","0.11005946221043221","100.0295177596653","1","0.0","0.0","0.0"
"CURVE 1","0.08560565093395017","26.638476182457037","28.346621088502932","0.02750857996110299","0.1101160873465277","101.03521323939965","1","0.0","0.0","0.0"
"CURVE 1","0.08560565093395017","26.638476182457037","28.346621088502932","0.02763918008377303","0.11017045348437864","101.9786793329353","1","0.0","0.0","0.0"
"CURVE 1","0.08560565093395017","26.638476182457037","28.346621088502932","0.027769666619561796","0.11022258418116403","102.85724088484451","1","0.0","0.0","0.0"
"CURVE 1","0.08560565093395017","26.638476182457037","28.346621088502932","0.02790003686401974","0.11027250299406288","103.6684136762513","1","0.0","0.0","0.0"
"CURVE 1","0.08560565093395017","26.638476182457037","28.346621088502932","0.028030288112697314","0.1103202334802542","104.40992136052186","1","0.0","0.0","0.0"
"CURVE 1","0.08560565093395017","26.638476182457037","28.346621088502932","0.028160417661144955","0.11036579919691701","105.07971103147024","1","0.0","0.0","0.0"
"CURVE 1","0.08560565093395017","26.638476182457037","28.346621088502932","0.028290422804913114","0.11040922370123032","105.67596703730986","1","0.0","0.0","0.0"
"CURVE 1","0.08560565093395017","26.638476182457037","28.346621088502932","0.028420300839552232","0.11045053055037313","106.19712294716041","1","0.0","0.0","0.0"
"CURVE 1","0.08560565093395017","26.638476182457037","28.346621088502932","0.028550049060612766","0.11048974330152446","106.64187148456347","1","0.0","0.0","0.0"
"CURVE 1","0.08560565093395017","26.638476182457037","28.346621088502932","0.02867966476364515","0.11052688551186331","107.00917233836911","1","0.0","0.0","0.0"
"CURVE 1","0.08560565093395017","26.638476182457037","28.346621088502932","0.028809145244199832","0.11056198073856867","107.29825770214498","1","0.0","0.0","0.0"
"CURVE 1","0.08560565093395017","26.638476182457037","28.346621088502932","0.028938487797827265","0.11059505253881957","107.50863552522947","1","0.0","0.0","0.0"
"CURVE 1","0.08560565093395017","26.638476182457037","28.346621088502932","0.029067689720077894","0.11062612446979503","107.64009044333557","1","0.0","0.0","0.0"
"CURVE 1","0.08560565093395017","26.638476182457037","28.346621088502932","0.02919674830650216","0.11065522008867407","107.69268235511673","1","0.0","0.0","0.0"
"CURVE 1","0.08560565093395017","26.638476182457037","28.346621088502932","0.029325660852650502","0.11068236295263566","107.66674278400215","1","0.0","0.0","0.0"
"CURVE 1","0.08560565093395017","26.638476182457037","28.346621088502932","0.029454424654073382","0.11070757661885884","107.56286897787103","1","0.0","0.0","0.0"
"CURVE 1","0.08560565093395017","26.638476182457037","28.346621088502932","0.029583037006321238","0.1107308846445226","107.38191596690496","1","0.0","0.0","0.0"
"CURVE 1","0.08560565093395017","26.638476182457037","28.346621088502932","0.029711495204944514","0.11075231058680597","107.12498662711985","1","0.0","0.0","0.0"
"CURVE 1","0.08560565093395017","26.638476182457037","28.346621088502932","0.02983979654549366","0.11077187800288794","106.79342000478628","1","0.0","0.0","0.0"
"CURVE 1","0.08560565093395017","26.638476182457037","28.346621088502932","0.02996793832351912","0.11078961044994753","106.3887779838514","1","0.0","0.0","0.0"
"CURVE 1","0.08560565093395017","26.638476182457037","28.346621088502932","0.030095917834571346","0.11080553148516376","105.91283052854023","1","0.0","0.0","0.0"
"CURVE 1","0.08560565093395017","26.638476182457037","28.346621088502932","0.03022373237420077","0.1108196646657156","105.3675398083246","1","0.0","0.0","0.0"
"CURVE 1","0.08560565093395017","26.638476182457037","28.346621088502932","0.030351379237957853","0.11083203354878213","104.75504323470336","1","0.0","0.0","0.0"
"CURVE 1","0.08560565093395017","26.638476182457037","28.346621088502932","0.03047885572139303","0.11084266169154229","104.07763581005163","1","0.0","0.0","0.0"
"CURVE 1","0.08560565093395017","26.638476182457037","28.346621088502932","0.030606159120056757","0.11085157265117514","103.33775194620613","1","0.0","0.0","0.0"
"CURVE 1","0.08560565093395017","26.638476182457037","28.346621088502932","0.03073328672949947","0.11085878998485964","102.53794689552446","1","0.0","0.0","0.0"
"CURVE 1","0.08560565093395017","26.638476182457037","28.346621088502932","0.030860235845271623","0.11086433724977483","101.68087815773214","1","0.0","0.0","0.0"
"CURVE 1","0.08560565093395017","26.638476182457037","28.346621088502932","0.030987003762923657","0.11086823800309974","100.76928693026599","1","0.0","0.0","0.0"
"CURVE 1","0.08560565093395017","26.638476182457037","28.346621088502932","0.031113587778006022","0.11087051580201335","99.80597984363615","1","0.0","0.0","0.0"
"CURVE 1","0.08560565093395017","26.638476182457037","28.346621088502932","0.031239985186069165","0.11087119420369468","98.7938111598666","1","0.0","0.0","0.0"
"CURVE 1","0.08560565093395017","26.638476182457037","28.346621088502932","0.03136619328266352","0.11087029676532272","97.73566555644909","1","0.0","0.0","0.0"
"CURVE 1","0.08560565093395017","26.638476182457037","28.346621088502932","0.031492209363339546","0.11086784704407648","96.63444165804714","1","0.0","0.0","0.0"
"CURVE 1","0.08560565093395017","26.638476182457037","28.346621088502932","0.03161803072364769","0.11086386859713503","95.49303637851547","1","0.0","0.0","0.0"
"CURVE 1","0.08560565093395017","26.638476182457037","28.346621088502932","0.031743654659138386","0.11085838498167731","94.31433025054304","1","0.0","0.0","0.0"
"CURVE 1","0.08560565093395017","26.638476182457037","28.346621088502932","0.031869078465362084","0.11085141975488236","93.10117374386402","1","0.0","0.0","0.0"
"CURVE 1","0.08560565093395017","26.638476182457037","28.346621088502932","0.031994299437869245","0.11084299647392919","91.85637463003656","1","0.0","0.0","0.0"
"CURVE 1","0.08560565093395017","26.638476182457037","28.346621088502932","0.0321193148722103","0.1108331386959968","90.58268651462427","1","0.0","0.0","0.0"
"CURVE 1","0.08560565093395017","26.638476182457037","28.346621088502932","0.03224412206393569","0.11082186997826421","89.28279843240614","1","0.0","0.0","0.0"
"CURVE 1","0.08560565093395017","26.638476182457037","28.346621088502932","0.032368718308595876","0.11080921387791041","87.95932559891371","1","0.0","0.0","0.0"
"CURVE 1","0.08560565093395017","26.638476182457037","28.346621088502932","0.0324931009017413","0.11079519395211443","86.61480131168","1","0.0","0.0","0.0"
"CURVE 1","0.08560565093395017","26.638476182457037","28.346621088502932","0.03261726713892239","0.11077983375805528","85.25166987279005","1","0.0","0.0","0.0"
"CURVE 1","0.08560565093395017","26.638476182457037","28.346621088502932","0.03274121431568962","0.11076315685291195","83.87228067656166","1","0.0","0.0","0.0"
"CURVE 1","0.08560565093395017","26.638476182457037","28.346621088502932","0.03286493972759342","0.11074518679386347","82.47888323990773","1","0.0","0.0","0.0"
"CURVE 1","0.08560565093395017","26.638476182457037","28.346621088502932","0.032988440670184235","0.11072594713808885","81.07362322282378","1","0.0","0.0","0.0"
"CURVE 1","0.08560565093395017","26.638476182457037","28.346621088502932","0.033111714439012514","0.1107054614427671","79.65853943859294","1","0.0","0.0","0.0"
"CURVE 1","0.08560565093395017","26.638476182457037","28.346621088502932","0.033234758329628716","0.11068375326507722","78.23556158281389","1","0.0","0.0","0.0"
"CURVE 1","0.08560565093395017","26.638476182457037","28.346621088502932","0.03335756963758327","0.1106608461621982","76.80650889460402","1","0.0","0.0","0.0"
"CURVE 1","0.08560565093395017","26.638476182457037","28.346621088502932","0.03348014565842662","0.11063676369130909","75.37308944429788","1","0.0","0.0","0.0"
"CURVE 1","0.08560565093395017","26.638476182457037","28.346621088502932","0.033602483687709225","0.11061152940958888","73.9369001388423","1","0.0","0.0","0.0"
"CURVE 1","0.08560565093395017","26.638476182457037","28.346621088502932","0.03372458102098152","0.11058516687421656","72.49942728115619","1","0.0","0.0","0.0"
"CURVE 1","0.08560565093395017","26.638476182457037","28.346621088502932","0.03384643495379395","0.11055769964237118","71.06204770013395","1","0.0","0.0","0.0"
"CURVE 1","0.08560565093395017","26.638476182457037","28.346621088502932","0.03396804278169698","0.11052915127123174","69.6260302962226","1","0.0","0.0","0.0"
"CURVE 1","0.08560565093395017","26.638476182457037","28.346621088502932","0.034089401800241045","0.1104995453179772","68.19253801796108","1","0.0","0.0","0.0"
"CURVE 1","0.08560565093395017","26.638476182457037","28.346621088502932","0.034210509304976586","0.11046890533978666","66.76263016561415","1","0.0","0.0","0.0"
"CURVE 1","0.08560565093395017","26.638476182457037","28.346621088502932","0.034331362591454036","0.11043725489383906","65.33726501061594","1","0.0","0.0","0.0"
"CURVE 1","0.08560565093395017","26.638476182457037","28.346621088502932","0.034451958955223884","0.11040461753731343","63.917302584681245","1","0.0","0.0","0.0"
"CURVE 1","0.08560565093395017","26.638476182457037","28.346621088502932","0.034572295691836535","0.11037101682738877","62.50350773774424","1","0.0","0.0","0.0"
"CURVE 1","0.08560565093395017","26.638476182457037","28.346621088502932","0.03469237009684245","0.1103364763212441","61.096553275295705","1","0.0","0.0","0.0"
"CURVE 1","0.08560565093395017","26.638476182457037","28.346621088502932","0.03481217946579208","0.11030101957605844","59.69702318218502","1","0.0","0.0","0.0"
"CURVE 1","0.08560565093395017","26.638476182457037","28.346621088502932","0.034931721094235854","0.11026467014901079","58.3054159796061","1","0.0","0.0","0.0"
"CURVE 1","0.08560565093395017","26.638476182457037","28.346621088502932","0.035050992277724236","0.11022745159728016","56.92214802604263","1","0.0","0.0","0.0"
"CURVE 1","0.08560565093395017","26.638476182457037","28.346621088502932","0.03516999031180767","0.11018938747804556","55.54755686986858","1","0.0","0.0","0.0"
"CURVE 1","0.08560565093395017","26.638476182457037","28.346621088502932","0.03528871249203658","0.11015050134848599","54.18190454307499","1","0.0","0.0","0.0"
"CURVE 1","0.08560565093395017","26.638476182457037","28.346621088502932","0.03540715611396144","0.11011081676578047","52.825380767567836","1","0.0","0.0","0.0"
"CURVE 1","0.08560565093395017","26.638476182457037","28.346621088502932","0.035525318473132686","0.11007035728710801","51.47810619311792","1","0.0","0.0","0.0"
"CURVE 1","0.08560565093395017","26.638476182457037","28.346621088502932","0.035643196865100764","0.1100291464696476","50.140135411145025","1","0.0","0.0","0.0"
"CURVE 1","0.08560565093395017","26.638476182457037","28.346621088502932","0.03576078858541611","0.10998720787057828","48.81145988878991","1","0.0","0.0","0.0"
"CURVE 1","0.08560565093395017","26.638476182457037","28.346621088502932","0.035878090929629194","0.10994456504707904","47.49201084603455","1","0.0","0.0","0.0"
"CURVE 1","0.08560565093395017","26.638476182457037","28.346621088502932","0.03599510119329045","0.1099012415563289","46.181661925932104","1","0.0","0.0","0.0"
"CURVE 1","0.08560565093395017","26.638476182457037","28.346621088502932","0.036111816671950306","0.1098572609555069","44.88023171268746","1","0.0","0.0","0.0"
"CURVE 1","0.08560565093395017","26.638476182457037","28.346621088502932","0.03622823466115922","0.10981264680179197","43.587486165775324","1","0.0","0.0","0.0"
"CURVE 1","0.08560565093395017","26.638476182457037","28.346621088502932","0.03634435245646766","0.10976742265236318","42.30314079783623","1","0.0","0.0","0.0"
"CURVE 1","0.08560565093395017","26.638476182457037","28.346621088502932","0.03646016735342605","0.10972161206439952","41.02686276151625","1","0.0","0.0","0.0"
"CURVE 1","0.08560565093395017","26.638476182457037","28.346621088502932","0.036575676647584834","0.10967523859508002","39.75827271107975","1","0.0","0.0","0.0"
"CURVE 1","0.08560565093395017","26.638476182457037","28.346621088502932","0.03669087763449446","0.10962832580158366","38.496946547374804","1","0.0","0.0","0.0"
"CURVE 1","0.08560565093395017","26.638476182457037","28.346621088502932","0.036805767609705387","0.10958089724108948","37.24241695127334","1","0.0","0.0","0.0"
"CURVE 1","0.08560565093395017","26.638476182457037","28.346621088502932","0.036920343868768045","0.10953297647077646","35.994174701077604","1","0.0","0.0","0.0"
"CURVE 1","0.08560565093395017","26.638476182457037","28.346621088502932","0.037034603707232876","0.10948458704782363","34.751669898019905","1","0.0","0.0","0.0"
"CURVE 1","0.08560565093395017","26.638476182457037","28.346621088502932","0.03714854442065035","0.10943575252940997","33.514312976550315","1","0.0","0.0","0.0"
"CURVE 1","0.08560565093395017","26.638476182457037","28.346621088502932","0.0372621633045709","0.10938649647271455","32.28147549505926","1","0.0","0.0","0.0"
"CURVE 1","0.08560565093395017","26.638476182457037","28.346621088502932","0.03737545765454497","0.10933684243491633","31.052490801606663","1","0.0","0.0","0.0"
"CURVE 1","0.08560565093395017","26.638476182457037","28.346621088502932","0.037488424766123005","0.10928681397319431","29.82665450078799","1","0.0","0.0","0.0"
"CURVE 1","0.08560565093395017","26.638476182457037","28.346621088502932","0.037601061934855455","0.10923643464472756","28.603224747421525","1","0.0","0.0","0.0"
"CURVE 1","0.08560565093395017","26.638476182457037","28.346621088502932","0.03771336645629276","0.10918572800669502","27.381422329491205","1","0.0","0.0","0.0"
"CURVE 1","0.08560565093395017","26.638476182457037","28.346621088502932","0.037825335625985376","0.10913471761627574","26.160430646393632","1","0.0","0.0","0.0"
"CURVE 1","0.08560565093395017","26.638476182457037","28.346621088502932","0.03793696673948374","0.10908342703064874","24.93939543402518","1","0.0","0.0","0.0"
"CURVE 1","0.08560565093395017","26.638476182457037","28.346621088502932","0.038048257092338306","0.10903187980699301","23.71742431187287","1","0.0","0.0","0.0"
"CURVE 1","0.08560565093395017","26.638476182457037","28.346621088502932","0.038159203980099504","0.10898009950248755","22.493586236433742","1","0.0","0.0","0.0"
"CURVE 1","0.08560565093395017","26.638476182457037","28.346621088502932","0.038269805742140436","0.10892810613954837","22.372743552784854","1","0.0","0.0","0.0"
"CURVE 1","0.08560565093395017","26.638476182457037","28.346621088502932","0.03838006489312471","0.10887590560153941","22.248443344525754","1","0.0","0.0","0.0"
"CURVE 1","0.08560565093395017","26.638476182457037","28.346621088502932","0.038489984991538585","0.10882350023706161","22.12069838943672","1","0.0","0.0","0.0"
"CURVE 1","0.08560565093395017","26.638476182457037","28.346621088502932","0.03859956959586832","0.10877089239471587","21.989522430726943","1","0.0","0.0","0.0"
"CURVE 1","0.08560565093395017","26.638476182457037","28.346621088502932","0.03870882226460016","0.10871808442310314","21.854930174167425","1","0.0","0.0","0.0"
"CURVE 1","0.08560565093395017","26.638476182457037","28.346621088502932","0.03881774655622037","0.10866507867082432","21.716937291962424","1","0.0","0.0","0.0"
"CURVE 1","0.08560565093395017","26.638476182457037","28.346621088502932","0.03892634602921521","0.1086118774864804","21.575560380349266","1","0.0","0.0","0.0"
"CURVE 1","0.08560565093395017","26.638476182457037","28.346621088502932","0.03903462424207091","0.10855848321867226","21.430816972097038","1","0.0","0.0","0.0"
"CURVE 1","0.08560565093395017","26.638476182457037","28.346621088502932","0.039142584753273736","0.10850489821600084","21.28272548709216","1","0.0","0.0","0.0"
"CURVE 1","0.08560565093395017","26.638476182457037","28.346621088502932","0.039250231121309966","0.10845112482706705","21.131305246070063","1","0.0","0.0","0.0"
"CURVE 1","0.08560565093395017","26.638476182457037","28.346621088502932","0.03935756690466583","0.10839716540047187","20.976576425416066","1","0.0","0.0","0.0"
"CURVE 1","0.08560565093395017","26.638476182457037","28.346621088502932","0.03946459566182759","0.10834302228481615","20.818560060739475","1","0.0","0.0","0.0"
"CURVE 1","0.08560565093395017","26.638476182457037","28.346621088502932","0.039571320951281505","0.10828869782870089","20.65727800875008","1","0.0","0.0","0.0"
"CURVE 1","0.08560565093395017","26.638476182457037","28.346621088502932","0.03967774633151383","0.10823419438072697","20.492752956391453","1","0.0","0.0","0.0"
"CURVE 1","0.08560565093395017","26.638476182457037","28.346621088502932","0.039783875361010815","0.10817951428949535","20.325008357522517","1","0.0","0.0","0.0"
"CURVE 1","0.08560565093395017","26.638476182457037","28.346621088502932","0.039889711598258715","0.10812465990360695","20.154068471344328","1","0.0","0.0","0.0"
"CURVE 1","0.08560565093395017","26.638476182457037","28.346621088502932","0.03999525860174379","0.10806963357166269","19.979958280352665","1","0.0","0.0","0.0"
"CURVE 1","0.08560565093395017","26.638476182457037","28.346621088502932","0.04010051992995229","0.10801443764226352","19.802703526114538","1","0.0","0.0","0.0"
"CURVE 1","0.08560565093395017","26.638476182457037","28.346621088502932","0.040205499141370483","0.10795907446401036","19.62233064468069","1","0.0","0.0","0.0"
"CURVE 1","0.08560565093395017","26.638476182457037","28.346621088502932","0.04031019979448461","0.10790354638550412","19.43886679084946","1","0.0","0.0","0.0"
"CURVE 1","0.08560565093395017","26.638476182457037","28.346621088502932","0.04041462544778094","0.10784785575534572","19.25233976572333","1","0.0","0.0","0.0"
"CURVE 1","0.08560565093395017","26.638476182457037","28.346621088502932","0.040518779659745714","0.10779200492213613","19.062778047631394","1","0.0","0.0","0.0"
"CURVE 1","0.08560565093395017","26.638476182457037","28.346621088502932","0.040622665988865186","0.10773599623447624","18.8702107321689","1","0.0","0.0","0.0"
"CURVE 1","0.08560565093395017","26.638476182457037","28.346621088502932","0.04072628799362563","0.10767983204096702","18.67466754872471","1","0.0","0.0","0.0"
"CURVE 1","0.08560565093395017","26.638476182457037","28.346621088502932","0.04082964923251329","0.10762351469020938","18.476178800528757","1","0.0","0.0","0.0"
"CURVE 1","0.08560565093395017","26.638476182457037","28.346621088502932","0.04093275326401442","0.10756704653080422","18.274775363901597","1","0.0","0.0","0.0"
"CURVE 1","0.08560565093395017","26.638476182457037","28.346621088502932","0.041035603646615265","0.10751042991135251","18.070488695618348","1","0.0","0.0","0.0"
"CURVE 1","0.08560565093395017","26.638476182457037","28.346621088502932","0.0411382039388021","0.10745366718045513","17.863350750897393","1","0.0","0.0","0.0"
"CURVE 1","0.08560565093395017","26.638476182457037","28.346621088502932","0.04124055769906116","0.10739676068671307","17.653394023260763","1","0.0","0.0","0.0"
"CURVE 1","0.08560565093395017","26.638476182457037","28.346621088502932","0.04134266848587872","0.1073397127787272","17.440651500436125","1","0.0","0.0","0.0"
"CURVE 1","0.08560565093395017","26.638476182457037","28.346621088502932","0.04144453985774102","0.10728252580509848","17.22515662619656","1","0.0","0.0","0.0"
"CURVE 1","0.08560565093395017","26.638476182457037","28.346621088502932","0.041546175373134334","0.10722520211442785","17.006943323729868","1","0.0","0.0","0.0"
"CURVE 1","0.08560565093395017","26.638476182457037","28.346621088502932","0.041647578590544895","0.1071677440553162","16.786045930515517","1","0.0","0.0","0.0"
"CURVE 1","0.08560565093395017","26.638476182457037","28.346621088502932","0.041748753068458974","0.1071101539763645","16.562499232944198","1","0.0","0.0","0.0"
"CURVE 1","0.08560565093395017","26.638476182457037","28.346621088502932","0.041849702365362826","0.10705243422617365","16.336338375386134","1","0.0","0.0","0.0"
"CURVE 1","0.08560565093395017","26.638476182457037","28.346621088502932","0.04195043003974269","0.10699458715334459","16.10759893454336","1","0.0","0.0","0.0"
"CURVE 1","0.08560565093395017","26.638476182457037","28.346621088502932","0.042050939650084836","0.10693661510647824","15.876316814667273","1","0.0","0.0","0.0"
"CURVE 1","0.08560565093395017","26.638476182457037","28.346621088502932","0.042151234754875526","0.10687852043417555","15.64252826461407","1","0.0","0.0","0.0"
"CURVE 1","0.08560565093395017","26.638476182457037","28.346621088502932","0.042251318912601005","0.10682030548503743","15.406269900140865","1","0.0","0.0","0.0"
"CURVE 1","0.08560565093395017","26.638476182457037","28.346621088502932","0.042351195681747514","0.10676197260766479","15.167578615553756","1","0.0","0.0","0.0"
"CURVE 1","0.08560565093395017","26.638476182457037","28.346621088502932","0.04245086862080133","0.10670352415065858","14.926491618904969","1","0.0","0.0","0.0"
"CURVE 1","0.08560565093395017","26.638476182457037","28.346621088502932","0.042550341288248694","0.10664496246261974","14.6830464035554","1","0.0","0.0","0.0"
"CURVE 1","0.08560565093395017","26.638476182457037","28.346621088502932","0.04264961724257588","0.1065862898921492","14.43728071741493","1","0.0","0.0","0.0"
"CURVE 1","0.08560565093395017","26.638476182457037","28.346621088502932","0.04274870004226912","0.10652750878784786","14.18923256166197","1","0.0","0.0","0.0"
"CURVE 1","0.08560565093395017","26.638476182457037","28.346621088502932","0.042847593245814684","0.10646862149831667","13.93894018708416","1","0.0","0.0","0.0"
"CURVE 1","0.08560565093395017","26.638476182457037","28.346621088502932","0.04294630041169883","0.10640963037215653","13.68644205363917","1","0.0","0.0","0.0"
"CURVE 1","0.08560565093395017","26.638476182457037","28.346621088502932","0.0430448250984078","0.1063505377579684","13.431776840186927","1","0.0","0.0","0.0"
"CURVE 1","0.08560565093395017","26.638476182457037","28.346621088502932","0.04314317086442786","0.10629134600435322","13.174983418102027","1","0.0","0.0","0.0"
"CURVE 1","0.08560565093395017","26.638476182457037","28.346621088502932","0.04324134126824526","0.10623205745991189","12.916100846213247","1","0.0","0.0","0.0"
"CURVE 1","0.08560565093395017","26.638476182457037","28.346621088502932","0.04333933986834626","0.10617267447324534","12.655168350419961","1","0.0","0.0","0.0"
"CURVE 1","0.08560565093395017","26.638476182457037","28.346621088502932","0.04343717022321711","0.10611319939295451","12.392225323891102","1","0.0","0.0","0.0"
"CURVE 1","0.08560565093395017","26.638476182457037","28.346621088502932","0.04353483589134407","0.1060536345676403","12.127311300989984","1","0.0","0.0","0.0"
"CURVE 1","0.08560565093395017","26.638476182457037","28.346621088502932","0.04363234043121339","0.10599398234590368","11.86046596416174","1","0.0","0.0","0.0"
"CURVE 1","0.08560565093395017","26.638476182457037","28.346621088502932","0.04372968740131133","0.10593424507634555","11.591729124875057","1","0.0","0.0","0.0"
"CURVE 1","0.08560565093395017","26.638476182457037","28.346621088502932","0.04382688036012414","0.10587442510756685","11.32114070623445","1","0.0","0.0","0.0"
"CURVE 1","0.08560565093395017","26.638476182457037","28.346621088502932","0.04392392286613807","0.10581452478816851","11.048740746069573","1","0.0","0.0","0.0"
"CURVE 1","0.08560565093395017","26.638476182457037","28.346621088502932","0.04402081847783939","0.10575454646675146","10.774569386801291","1","0.0","0.0","0.0"
"CURVE 1","0.08560565093395017","26.638476182457037","28.346621088502932","0.04411757075371435","0.10569449249191663","10.498666863540587","1","0.0","0.0","0.0"
"CURVE 1","0.08560565093395017","26.638476182457037","28.346621088502932","0.0442141832522492","0.10563436521226492","10.22107350276815","1","0.0","0.0","0.0"
"CURVE 1","0.08560565093395017","26.638476182457037","28.346621088502932","0.0443106595319302","0.1055741669763973","9.941829693022678","1","0.0","0.0","0.0"
"CURVE 1","0.08560565093395017","26.638476182457037","28.346621088502932","0.04440700315124361","0.10551390013291467","9.660975927975857","1","0.0","0.0","0.0"
"CURVE 1","0.08560565093395017","26.638476182457037","28.346621088502932","0.04450321766867567","0.10545356703041799","9.378552730558596","1","0.0","0.0","0.0"
"CURVE 1","0.08560565093395017","26.638476182457037","28.346621088502932","0.04459930664271265","0.10539317001750814","9.094600722819843","1","0.0","0.0","0.0"
"CURVE 1","0.08560565093395017","26.638476182457037","28.346621088502932","0.0446952736318408","0.10533271144278607","8.809160567718779","1","0.0","0.0","0.0"
"CURVE 1","0.08560565093395017","26.638476182457037","28.346621088502932","0.04479112219454638","0.10527219365485271","8.522272980385171","1","0.0","0.0","0.0"
"CURVE 1","0.08560565093395017","26.638476182457037","28.346621088502932","0.04488685588931563","0.105211619002309","8.233978711552696","1","0.0","0.0","0.0"
"CURVE 1","0.08560565093395017","26.638476182457037","28.346621088502932","0.04498247827463482","0.10515098983375587","7.944318587737368","1","0.0","0.0","0.0"
"CURVE 1","0.08560565093395017","26.638476182457037","28.346621088502932","0.04507799290899021","0.10509030849779424","7.653333463895892","1","0.0","0.0","0.0"
"CURVE 1","0.08560565093395017","26.638476182457037","28.346621088502932","0.04517340335086803","0.10502957734302502","7.3610642268036806","1","0.0","0.0","0.0"
"CURVE 1","0.08560565093395017","26.638476182457037","28.346621088502932","0.04526871315875456","0.10496879871804916","7.067551810255314","1","0.0","0.0","0.0"
"CURVE 1","0.08560565093395017","26.638476182457037","28.346621088502932","0.045363925891136046","0.10490797497146757","6.7728371812258885","1","0.0","0.0","0.0"
"CURVE 1","0.08560565093395017","26.638476182457037","28.346621088502932","0.04545904510649875","0.10484710845188121","6.476961349709616","1","0.0","0.0","0.0"
"CURVE 1","0.08560565093395017","26.638476182457037","28.346621088502932","0.04555407436332892","0.104786201507891","6.179965345222952","1","0.0","0.0","0.0"
"CURVE 1","0.08560565093395017","26.638476182457037","28.346621088502932","0.04564901722011281","0.10472525648809784","5.881890244028473","1","0.0","0.0","0.0"
"CURVE 1","0.08560565093395017","26.638476182457037","28.346621088502932","0.045743877235336676","0.10466427574110268","5.582777156319654","1","0.0","0.0","0.0"
"CURVE 1","0.08560565093395017","26.638476182457037","28.346621088502932","0.04583865796748678","0.10460326161550645","5.28266720761788","1","0.0","0.0","0.0"
"CURVE 1","0.08560565093395017","26.638476182457037","28.346621088502932","0.04593336297504938","0.10454221645991008","4.981601580958584","1","0.0","0.0","0.0"
"CURVE 1","0.08560565093395017","26.638476182457037","28.346621088502932","0.04602799581651071","0.10448114262291448","4.67962149270459","1","0.0","0.0","0.0"
"CURVE 1","0.08560565093395017","26.638476182457037","28.346621088502932","0.046122560050357045","0.1044200424531206","4.376768183642044","1","0.0","0.0","0.0"
"CURVE 1","0.08560565093395017","26.638476182457037","28.346621088502932","0.04621705923507463","0.10435891829912934","4.073082937358799","1","0.0","0.0","0.0"
"CURVE 1","0.08560565093395017","26.638476182457037","28.346621088502932","0.04631149692914973","0.10429777250954166","3.768607089663872","1","0.0","0.0","0.0"
"CURVE 1","0.08560565093395017","26.638476182457037","28.346621088502932","0.04640587669106858","0.10423660743295848","3.463382001478503","1","0.0","0.0","0.0"
"CURVE 1","0.08560565093395017","26.638476182457037","28.346621088502932","0.04650020207931746","0.10417542541798074","3.1574490998622657","1","0.0","0.0","0.0"
"CURVE 1","0.08560565093395017","26.638476182457037","28.346621088502932","0.04659447665238262","0.10411422881320934","2.850849836969327","1","0.0","0.0","0.0"
"CURVE 1","0.08560565093395017","26.638476182457037","28.346621088502932","0.04668870396875031","0.10405301996724521","2.5436257404153655","1","0.0","0.0","0.0"
"CURVE 1","0.08560565093395017","26.638476182457037","28.346621088502932","0.04678288758690678","0.10399180122868931","2.23581837421683","1","0.0","0.0","0.0"
"CURVE 1","0.08560565093395017","26.638476182457037","28.346621088502932","0.04687703106533829","0.10393057494614255","1.927469373453027","1","0.0","0.0","0.0"
"CURVE 1","0.08560565093395017","26.638476182457037","28.346621088502932","0.046971137962531107","0.10386934346820584","1.6186204203814993","1","0.0","0.0","0.0"
"CURVE 1","0.08560565093395017","26.638476182457037","28.346621088502932","0.04706521183697146","0.10380810914348013","1.3093132825701648","1","0.0","0.0","0.0"
"CURVE 1","0.08560565093395017","26.638476182457037","28.346621088502932","0.04715925624714562","0.10374687432056637","0.9995897696402939","1","0.0","0.0","0.0"
"CURVE 1","0.08560565093395017","26.638476182457037","28.346621088502932","0.04725327475153985","0.10368564134806545","0.6894917935185311","1","0.0","0.0","0.0"
"CURVE 1","0.08560565093395017","26.638476182457037","28.346621088502932","0.047347270908640396","0.10362441257457829","0.3790613224635902","1","0.0","0.0","0.0"
"CURVE 1","0.08560565093395017","26.638476182457037","28.346621088502932","0.047441248276933516","0.10356319034870586","0.0683404205175067","1","0.0","0.0","0.0"
"CURVE 1","0.08560565093395017","26.638476182457037","28.346621088502932","0.047535210414905466","0.10350197701904905","0.24262877433075097","-1","0.0","0.0","0.0"
"CURVE 1","0.08560565093395017","26.638476182457037","28.346621088502932","0.047629160881042486","0.1034407749342088","0.5538040177637688","-1","0.0","0.0","0.0"
"CURVE 1","0.08560565093395017","26.638476182457037","28.346621088502932","0.047723103233830846","0.10337958644278607","0.8651430059545548","-1","0.0","0.0","0.0"
"CURVE 1","0.08560565093395017","26.638476182457037","28.346621088502932","0.0478170410317568","0.10331841389338174","1.1766032865301266","-1","0.0","0.0","0.0"
"CURVE 1","0.08560565093395017","26.638476182457037","28.346621088502932","0.047910977833306605","0.10325725963459678","1.4881423418057982","-1","0.0","0.0","0.0"
"CURVE 1","0.08560565093395017","26.638476182457037","28.346621088502932","0.04800491719696652","0.1031961260150321","1.7997175291106","-1","0.0","0.0","0.0"
"CURVE 1","0.08560565093395017","26.638476182457037","28.346621088502932","0.04809886268122279","0.10313501538328862","2.1112861067932993","-1","0.0","0.0","0.0"
"CURVE 1","0.08560565093395017","26.638476182457037","28.346621088502932","0.04819281784456168","0.10307393008796728","2.4228051963057995","-1","0.0","0.0","0.0"
"CURVE 1","0.08560565093395017","26.638476182457037","28.346621088502932","0.048286786245469435","0.10301287247766902","2.7342318393909317","-1","0.0","0.0","0.0"
"CURVE 1","0.08560565093395017","26.638476182457037","28.346621088502932","0.04838077144243232","0.10295184490099474","3.0455229006741438","-1","0.0","0.0","0.0"
"CURVE 1","0.08560565093395017","26.638476182457037","28.346621088502932","0.048474776993936576","0.10289084970654538","3.356635159811555","-1","0.0","0.0","0.0"
"CURVE 1","0.08560565093395017","26.638476182457037","28.346621088502932","0.04856880645846846","0.10282988924292187","3.6675252463645416","-1","0.0","0.0","0.0"
"CURVE 1","0.08560565093395017","26.638476182457037","28.346621088502932","0.04866286339451425","0.10276896585872515","3.97814965971376","-1","0.0","0.0","0.0"
"CURVE 1","0.08560565093395017","26.638476182457037","28.346621088502932","0.048756951360560186","0.10270808190255615","4.288464763290444","-1","0.0","0.0","0.0"
"CURVE 1","0.08560565093395017","26.638476182457037","28.346621088502932","0.04885107391509252","0.10264723972301576","4.5984267828504475","-1","0.0","0.0","0.0"
"CURVE 1","0.08560565093395017","26.638476182457037","28.346621088502932","0.048945234616597506","0.10258644166870494","4.907991789755536","-1","0.0","0.0","0.0"
"CURVE 1","0.08560565093395017","26.638476182457037","28.346621088502932","0.0490394370235614","0.10252569008822462","5.217115719449308","-1","0.0","0.0","0.0"
"CURVE 1","0.08560565093395017","26.638476182457037","28.346621088502932","0.049133684694470464","0.10246498733017574","5.525754357533553","-1","0.0","0.0","0.0"
"CURVE 1","0.08560565093395017","26.638476182457037","28.346621088502932","0.04922798118781096","0.1024043357431592","5.8338633365574815","-1","0.0","0.0","0.0"
"CURVE 1","0.08560565093395017","26.638476182457037","28.346621088502932","0.04932233006206911","0.10234373767577594","6.141398145579465","-1","0.0","0.0","0.0"
"CURVE 1","0.08560565093395017","26.638476182457037","28.346621088502932","0.049416734875731214","0.10228319547662687","6.44831410423168","-1","0.0","0.0","0.0"
"CURVE 1","0.08560565093395017","26.638476182457037","28.346621088502932","0.0495111991872835","0.10222271149431296","6.754566402289592","-1","0.0","0.0","0.0"
"CURVE 1","0.08560565093395017","26.638476182457037","28.346621088502932","0.04960572655521223","0.10216228807743509","7.060110057497368","-1","0.0","0.0","0.0"
"CURVE 1","0.08560565093395017","26.638476182457037","28.346621088502932","0.049700320538003655","0.10210192757459423","7.364899934966732","-1","0.0","0.0","0.0"
"CURVE 1","0.08560565093395017","26.638476182457037","28.346621088502932","0.049794984694144034","0.10204163233439129","7.6688907679653076","-1","0.0","0.0","0.0"
"CURVE 1","0.08560565093395017","26.638476182457037","28.346621088502932","0.04988972258211963","0.10198140470542719","7.972037098586203","-1","0.0","0.0","0.0"
"CURVE 1","0.08560565093395017","26.638476182457037","28.346621088502932","0.04998453776041667","0.10192124703630286","8.274293362182643","-1","0.0","0.0","0.0"
"CURVE 1","0.08560565093395017","26.638476182457037","28.346621088502932","0.05007943378752144","0.10186116167561925","8.575613794137315","-1","0.0","0.0","0.0"
"CURVE 1","0.08560565093395017","26.638476182457037","28.346621088502932","0.05017441422192019","0.10180115097197727","8.875952534460003","-1","0.0","0.0","0.0"
"CURVE 1","0.08560565093395017","26.638476182457037","28.346621088502932","0.05026948262209916","0.10174121727397784","9.175263531764827","-1","0.0","0.0","0.0"
"CURVE 1","0.08560565093395017","26.638476182457037","28.346621088502932","0.05036464254654463","0.10168136293022192","9.473500633205262","-1","0.0","0.0","0.0"
"CURVE 1","0.08560565093395017","26.638476182457037","28.346621088502932","0.05045989755374282","0.10162159028931042","9.770617513513283","-1","0.0","0.0","0.0"
"CURVE 1","0.08560565093395017","26.638476182457037","28.346621088502932","0.050555251202180025","0.10156190169984428","10.066567735186492","-1","0.0","0.0","0.0"
"CURVE 1","0.08560565093395017","26.638476182457037","28.346621088502932","0.050650707050342476","0.1015022995104244","10.361304729972828","-1","0.0","0.0","0.0"
"CURVE 1","0.08560565093395017","26.638476182457037","28.346621088502932","0.05074626865671643","0.10144278606965174","10.654781794025434","-1","0.0","0.0","0.0"
"CURVE 1","0.08560565093395017","26.638476182457037","28.346621088502932","0.050841938535965504","0.10138336316863104","10.463198771168015","-1","0.0","0.0","0.0"
"CURVE 1","0.08560565093395017","26.638476182457037","28.346621088502932","0.05093771502746279","0.1013240303684823","10.272591900250152","-1","0.0","0.0","0.0"
"CURVE 1","0.08560565093395017","26.638476182457037","28.346621088502932","0.051033595426758734","0.10126478667282938","10.082936990205708","-1","0.0","0.0","0.0"
"CURVE 1","0.08560565093395017","26.638476182457037","28.346621088502932","0.051129577029403774","0.10120563108529616","9.894209883423422","-1","0.0","0.0","0.0"
"CURVE 1","0.08560565093395017","26.638476182457037","28.346621088502932","0.05122565713094835","0.10114656260950648","9.706386449514996","-1","0.0","0.0","0.0"
"CURVE 1","0.08560565093395017","26.638476182457037","28.346621088502932","0.051321833026942924","0.10108758024908417","9.519442592697695","-1","0.0","0.0","0.0"
"CURVE 1","0.08560565093395017","26.638476182457037","28.346621088502932","0.05141810201293794","0.10102868300765308","9.333354273841042","-1","0.0","0.0","0.0"
"CURVE 1","0.08560565093395017","26.638476182457037","28.346621088502932","0.05151446138448384","0.10096986988883705","9.148097453139695","-1","0.0","0.0","0.0"
"CURVE 1","0.08560565093395017","26.638476182457037","28.346621088502932","0.051610908437131064","0.10091113989625995","8.963648148299628","-1","0.0","0.0","0.0"
"CURVE 1","0.08560565093395017","26.638476182457037","28.346621088502932","0.05170744046643007","0.10085249203354564","8.77998241367001","-1","0.0","0.0","0.0"
"CURVE 1","0.08560565093395017","26.638476182457037","28.346621088502932","0.05180405476793128","0.10079392530431795","8.597076297236585","-1","0.0","0.0","0.0"
"CURVE 1","0.08560565093395017","26.638476182457037","28.346621088502932","0.051900748637185176","0.10073543871220071","8.414905892272916","-1","0.0","0.0","0.0"
"CURVE 1","0.08560565093395017","26.638476182457037","28.346621088502932","0.05199751936974218","0.10067703126081778","8.23344731215046","-1","0.0","0.0","0.0"
"CURVE 1","0.08560565093395017","26.638476182457037","28.346621088502932","0.05209436426115274","0.10061870195379302","8.052676708919966","-1","0.0","0.0","0.0"
"CURVE 1","0.08560565093395017","26.638476182457037","28.346621088502932","0.05219128060696731","0.10056044979475029","7.872570218977549","-1","0.0","0.0","0.0"
"CURVE 1","0.08560565093395017","26.638476182457037","28.346621088502932","0.05228826570273633","0.10050227378731341","7.693104023608269","-1","0.0","0.0","0.0"
"CURVE 1","0.08560565093395017","26.638476182457037","28.346621088502932","0.05238531684401024","0.10044417293510625","7.514254295058563","-1","0.0","0.0","0.0"
"CURVE 1","0.08560565093395017","26.638476182457037","28.346621088502932","0.05248243132633949","0.10038614624175264","7.335997240704507","-1","0.0","0.0","0.0"
"CURVE 1","0.08560565093395017","26.638476182457037","28.346621088502932","0.052579606445274554","0.10032819271087644","7.158309046320803","-1","0.0","0.0","0.0"
"CURVE 1","0.08560565093395017","26.638476182457037","28.346621088502932","0.05267683949636583","0.10027031134610151","6.981165929328705","-1","0.0","0.0","0.0"
"CURVE 1","0.08560565093395017","26.638476182457037","28.346621088502932","0.05277412777516379","0.10021250115105167","6.804544089433606","-1","0.0","0.0","0.0"
"CURVE 1","0.08560565093395017","26.638476182457037","28.346621088502932","0.052871468577218896","0.10015476112935079","6.628419734264038","-1","0.0","0.0","0.0"
"CURVE 1","0.08560565093395017","26.638476182457037","28.346621088502932","0.05296885919808155","0.10009709028462271","6.452769060292581","-1","0.0","0.0","0.0"
"CURVE 1","0.08560565093395017","26.638476182457037","28.346621088502932","0.05306629693330224","0.1000394876204913","6.277568261817386","-1","0.0","0.0","0.0"
"CURVE 1","0.08560565093395017","26.638476182457037","28.346621088502932","0.05316377907843139","0.09998195214058035","6.102793513893826","-1","0.0","0.0","0.0"
"CURVE 1","0.08560565093395017","26.638476182457037","28.346621088502932","0.05326130292901945","0.09992448284851377","5.9284209795321265","-1","0.0","0.0","0.0"
"CURVE 1","0.08560565093395017","26.638476182457037","28.346621088502932","0.05335886578061687","0.09986707874791538","5.7544268042637645","-1","0.0","0.0","0.0"
"CURVE 1","0.08560565093395017","26.638476182457037","28.346621088502932","0.053456464928774095","0.09980973884240904","5.580787097619038","-1","0.0","0.0","0.0"
"CURVE 1","0.08560565093395017","26.638476182457037","28.346621088502932","0.05355409766904157","0.09975246213561859","5.407477963305073","-1","0.0","0.0","0.0"
"CURVE 1","0.08560565093395017","26.638476182457037","28.346621088502932","0.05365176129696974","0.0996952476311679","5.234475453940995","-1","0.0","0.0","0.0"
"CURVE 1","0.08560565093395017","26.638476182457037","28.346621088502932","0.05374945310810905","0.09963809433268077","5.0617556005091915","-1","0.0","0.0","0.0"
"CURVE 1","0.08560565093395017","26.638476182457037","28.346621088502932","0.05384717039800995","0.0995810012437811","4.889294376204325","-1","0.0","0.0","0.0"
"CURVE 1","0.08560565093395017","26.638476182457037","28.346621088502932","0.05394491046222288","0.0995239673680927","4.717067732123843","-1","0.0","0.0","0.0"
"CURVE 1","0.08560565093395017","26.638476182457037","28.346621088502932","0.054042670596298296","0.09946699170923944","4.545051562005803","-1","0.0","0.0","0.0"
"CURVE 1","0.08560565093395017","26.638476182457037","28.346621088502932","0.054140448095786636","0.09941007327084517","4.373221702337408","-1","0.0","0.0","0.0"
"CURVE 1","0.08560565093395017","26.638476182457037","28.346621088502932","0.05423824025623834","0.09935321105653372","4.201553932641558","-1","0.0","0.0","0.0"
"CURVE 1","0.08560565093395017","26.638476182457037","28.346621088502932","0.054336044373203864","0.09929640406992897","4.030023973405887","-1","0.0","0.0","0.0"
"CURVE 1","0.08560565093395017","26.638476182457037","28.346621088502932","0.05443385774223366","0.09923965131465474","3.858607490609821","-1","0.0","0.0","0.0"
"CURVE 1","0.08560565093395017","26.638476182457037","28.346621088502932","0.054531677658878154","0.0991829517943349","3.687280056026438","-1","0.0","0.0","0.0"
"CURVE 1","0.08560565093395017","26.638476182457037","28.346621088502932","0.05462950141868781","0.09912630451259329","3.516017172598897","-1","0.0","0.0","0.0"
"CURVE 1","0.08560565093395017","26.638476182457037","28.346621088502932","0.05472732631721307","0.09906970847305374","3.344794271345726","-1","0.0","0.0","0.0"
"CURVE 1","0.08560565093395017","26.638476182457037","28.346621088502932","0.05482514965000438","0.09901316267934011","3.17358669181834","-1","0.0","0.0","0.0"
"CURVE 1","0.08560565093395017","26.638476182457037","28.346621088502932","0.054922968712612166","0.09895666613507627","3.0023696742806907","-1","0.0","0.0","0.0"
"CURVE 1","0.08560565093395017","26.638476182457037","28.346621088502932","0.05502078080058691","0.09890021784388603","2.831118376181852","-1","0.0","0.0","0.0"
"CURVE 1","0.08560565093395017","26.638476182457037","28.346621088502932","0.05511858320947904","0.09884381680939328","2.6598078405838197","-1","0.0","0.0","0.0"
"CURVE 1","0.08560565093395017","26.638476182457037","28.346621088502932","0.05521637323483899","0.09878746203522183","2.4884130135482083","-1","0.0","0.0","0.0"
"CURVE 1","0.08560565093395017","26.638476182457037","28.346621088502932","0.05531414817221723","0.09873115252499556","2.316908719127166","-1","0.0","0.0","0.0"
"CURVE 1","0.08560565093395017","26.638476182457037","28.346621088502932","0.05541190531716419","0.09867488728233831","2.145269665122477","-1","0.0","0.0","0.0"
"CURVE 1","0.08560565093395017","26.638476182457037","28.346621088502932","0.05550964196523032","0.09861866531087392","1.9734704425600078","-1","0.0","0.0","0.0"
"CURVE 1","0.08560565093395017","26.638476182457037","28.346621088502932","0.055607355411966056","0.09856248561422623","1.8014855010184145","-1","0.0","0.0","0.0"
"CURVE 1","0.08560565093395017","26.638476182457037","28.346621088502932","0.055705042952921856","0.09850634719601911","1.6292891775787086","-1","0.0","0.0","0.0"
"CURVE 1","0.08560565093395017","26.638476182457037","28.346621088502932","0.05580270188364817","0.0984502490598764","1.4568556170957503","-1","0.0","0.0","0.0"
"CURVE 1","0.08560565093395017","26.638476182457037","28.346621088502932","0.05590032949969543","0.09839419020942194","1.2841588830192157","-1","0.0","0.0","0.0"
"CURVE 1","0.08560565093395017","26.638476182457037","28.346621088502932","0.05599792309661411","0.09833816964827959","1.1111728373331122","-1","0.0","0.0","0.0"
"CURVE 1","0.08560565093395017","26.638476182457037","28.346621088502932","0.05609547996995463","0.0982821863800732","0.9378712059192416","-1","0.0","0.0","0.0"
"CURVE 1","0.08560565093395017","26.638476182457037","28.346621088502932","0.056192997415267426","0.0982262394084266","0.7642275388284503","-1","0.0","0.0","0.0"
"CURVE 1","0.08560565093395017","26.638476182457037","28.346621088502932","0.05629047272810297","0.09817032773696366","0.5902152086106566","-1","0.0","0.0","0.0"
"CURVE 1","0.08560565093395017","26.638476182457037","28.346621088502932","0.05638790320401169","0.09811445036930823","0.4158074383651532","-1","0.0","0.0","0.0"
"CURVE 1","0.08560565093395017","26.638476182457037","28.346621088502932","0.05648528613854405","0.09805860630908415","0.2409772230803565","-1","0.0","0.0","0.0"
"CURVE 1","0.08560565093395017","26.638476182457037","28.346621088502932","0.05658261882725048","0.09800279455991526","0.06569739474866222","-1","0.0","0.0","0.0"
"CURVE 1","0.08560565093395017","26.638476182457037","28.346621088502932","0.056679898565681425","0.09794701412542542","0.11005941507125713","1","0.0","0.0","0.0"
"CURVE 1","0.08560565093395017","26.638476182457037","28.346621088502932","0.056777122649387356","0.09789126400923846","0.28632079695827","1","0.0","0.0","0.0"
"CURVE 1","0.08560565093395017","26.638476182457037","28.346621088502932","0.05687428837391868","0.09783554321497825","0.46311453201088587","1","0.0","0.0","0.0"
"CURVE 1","0.08560565093395017","26.638476182457037","28.346621088502932","0.05697139303482588","0.09777985074626865","0.6404686261556711","1","0.0","0.0","0.0"
"CURVE 1","0.08560565093395017","26.638476182457037","28.346621088502932","0.05706843392765939","0.0977241856067335","0.8184113242116647","1","0.0","0.0","0.0"
"CURVE 1","0.08560565093395017","26.638476182457037","28.346621088502932","0.05716540834796963","0.0976685467999966","0.9969710878580391","1","0.0","0.0","0.0"
"CURVE 1","0.08560565093395017","26.638476182457037","28.346621088502932","0.05726231359130708","0.09761293332968185","1.1761766320401432","1","0.0","0.0","0.0"
"CURVE 1","0.08560565093395017","26.638476182457037","28.346621088502932","0.05735914695322218","0.0975573441994131","1.3560569024884759","1","0.0","0.0","0.0"
"CURVE 1","0.08560565093395017","26.638476182457037","28.346621088502932","0.05745590572926537","0.09750177841281417","1.536641123966464","1","0.0","0.0","0.0"
"CURVE 1","0.08560565093395017","26.638476182457037","28.346621088502932","0.057552587214987086","0.09744623497350892","1.717958759048832","1","0.0","0.0","0.0"
"CURVE 1","0.08560565093395017","26.638476182457037","28.346621088502932","0.05764918870593779","0.09739071288512122","1.900039558567303","1","0.0","0.0","0.0"
"CURVE 1","0.08560565093395017","26.638476182457037","28.346621088502932","0.05774570749766792","0.09733521115127487","2.0829135443840636","1","0.0","0.0","0.0"
"CURVE 1","0.08560565093395017","26.638476182457037","28.346621088502932","0.05784214088572793","0.09727972877559378","2.266611019657256","1","0.0","0.0","0.0"
"CURVE 1","0.08560565093395017","26.638476182457037","28.346621088502932","0.057938486165668254","0.09722426476170173","2.45116259364282","1","0.0","0.0","0.0"
"CURVE 1","0.08560565093395017","26.638476182457037","28.346621088502932","0.05803474063303935","0.09716881811322263","2.6365991573976584","1","0.0","0.0","0.0"
"CURVE 1","0.08560565093395017","26.638476182457037","28.346621088502932","0.058130901583391646","0.0971133878337803","2.8229519378952173","1","0.0","0.0","0.0"
"CURVE 1","0.08560565093395017","26.638476182457037","28.346621088502932","0.058226966312275606","0.09705797292699861","3.010252457045214","1","0.0","0.0","0.0"
"CURVE 1","0.08560565093395017","26.638476182457037","28.346621088502932","0.05832293211524167","0.09700257239650138","3.1985325670049654","1","0.0","0.0","0.0"
"CURVE 1","0.08560565093395017","26.638476182457037","28.346621088502932","0.05841879628784029","0.09694718524591246","3.3878244666850015","1","0.0","0.0","0.0"
"CURVE 1","0.08560565093395017","26.638476182457037","28.346621088502932","0.058514556125621904","0.09689181047885571","3.578160684723428","1","0.0","0.0","0.0"
"CURVE 1","0.08560565093395017","26.638476182457037","28.346621088502932","0.05861020892413696","0.09683644709895498","3.769574114527723","1","0.0","0.0","0.0"
"CURVE 1","0.08560565093395017","26.638476182457037","28.346621088502932","0.0587057519789359","0.09678109410983413","3.962097985152532","1","0.0","0.0","0.0"
"CURVE 1","0.08560565093395017","26.638476182457037","28.346621088502932","0.05880118258556917","0.09672575051511698","4.155765937212526","1","0.0","0.0","0.0"
"CURVE 1","0.08560565093395017","26.638476182457037","28.346621088502932","0.05889649803958723","0.09667041531842739","4.350611933066847","1","0.0","0.0","0.0"
"CURVE 1","0.08560565093395017","26.638476182457037","28.346621088502932","0.05899169563654051","0.09661508752338922","4.546670370465156","1","0.0","0.0","0.0"
"CURVE 1","0.08560565093395017","26.638476182457037","28.346621088502932","0.05908677267197946","0.0965597661336263","4.743976027676885","1","1.0","1.0","1.0"
"CURVE 1","0.08560565093395017","26.638476182457037","28.346621088502932","0.05918172644145454","0.09650445015276247","4.942564079257251","1","1.0","1.0","1.0"
"CURVE 1","0.08560565093395017","26.638476182457037","28.346621088502932","0.05927655424051618","0.09644913858442164","5.142470108659943","1","1.0","1.0","1.0"
"CURVE 1","0.08560565093395017","26.638476182457037","28.346621088502932","0.05937125336471483","0.09639383043222759","5.3437301563197295","1","1.0","1.0","1.0"
"CURVE 1","0.08560565093395017","26.638476182457037","28.346621088502932","0.059465821109600935","0.0963385246998042","5.54638064629829","1","1.0","1.0","1.0"
"CURVE 1","0.08560565093395017","26.638476182457037","28.346621088502932","0.05956025477072494","0.09628322039077529","5.750458497525137","1","1.0","1.0","1.0"
"CURVE 1","0.08560565093395017","26.638476182457037","28.346621088502932","0.05965455164363729","0.09622791650876476","5.956001041729932","1","1.0","1.0","1.0"
"CURVE 1","0.08560565093395017","26.638476182457037","28.346621088502932","0.05974870902388844","0.09617261205739641","6.1630460930620945","1","1.0","1.0","1.0"
"CURVE 1","0.08560565093395017","26.638476182457037","28.346621088502932","0.05984272420702883","0.09611730604029413","6.371631924613691","1","1.0","1.0","1.0"
"CURVE 1","0.08560565093395017","26.638476182457037","28.346621088502932","0.059936594488608906","0.09606199746108172","6.581797300340551","1","1.0","1.0","1.0"
"CURVE 1","0.08560565093395017","26.638476182457037","28.346621088502932","0.06003031716417911","0.09600668532338308","6.793581475837242","1","1.0","1.0","1.0"
"CURVE 1","0.08560565093395017","26.638476182457037","28.346621088502932","0.060123889529289896","0.09595136863082203","7.007024197733255","1","0.0","0.0","0.0"
"CURVE 1","0.08560565093395017","26.638476182457037","28.346621088502932","0.06021730887949171","0.09589604638702241","7.222165737247727","1","0.0","0.0","0.0"
"CURVE 1","0.08560565093395017","26.638476182457037","28.346621088502932","0.060310572510334996","0.09584071759560808","7.439046871712126","1","0.0","0.0","0.0"
"CURVE 1","0.08560565093395017","26.638476182457037","28.346621088502932","0.06040367771737019","0.0957853812602029","7.657708935480673","1","0.0","0.0","0.0"
"CURVE 1","0.08560565093395017","26.638476182457037","28.346621088502932","0.06049662179614775","0.09573003638443069","7.878193769452589","1","0.0","0.0","0.0"
"CURVE 1","0.08560565093395017","26.638476182457037","28.346621088502932","0.06058940204221811","0.09567468197191532","8.100543805106446","1","0.0","0.0","0.0"
"CURVE 1","0.08560565093395017","26.638476182457037","28.346621088502932","0.06068201575113174","0.09561931702628064","8.324801998476024","1","0.0","0.0","0.0"
"CURVE 1","0.08560565093395017","26.638476182457037","28.346621088502932","0.06077446021843906","0.0955639405511505","8.55101192025377","1","0.0","0.0","0.0"
"CURVE 1","0.08560565093395017","26.638476182457037","28.346621088502932","0.06086673273969053","0.09550855155014874","8.77921768400713","1","0.0","0.0","0.0"
"CURVE 1","0.08560565093395017","26.638476182457037","28.346621088502932","0.060958830610436596","0.09545314902689922","9.0094640239929","1","0.0","0.0","0.0"
"CURVE 1","0.08560565093395017","26.638476182457037","28.346621088502932","0.061050751126227695","0.09539773198502575","9.2417962697202","1","0.0","0.0","0.0"
"CURVE 1","0.08560565093395017","26.638476182457037","28.346621088502932","0.061142491582614276","0.09534229942815221","9.47626036720247","1","0.0","0.0","0.0"
"CURVE 1","0.08560565093395017","26.638476182457037","28.346621088502932","0.061234049275146786","0.09528685035990246","9.712902886930646","1","0.0","0.0","0.0"
"CURVE 1","0.08560565093395017","26.638476182457037","28.346621088502932","0.06132542149937568","0.09523138378390032","9.951771039419768","1","0.0","0.0","0.0"
"CURVE 1","0.08560565093395017","26.638476182457037","28.346621088502932","0.061416605550851405","0.09517589870376966","10.192912673688292","1","0.0","0.0","0.0"
"CURVE 1","0.08560565093395017","26.638476182457037","28.346621088502932","0.06150759872512438","0.09512039412313433","10.436376299569346","1","0.0","0.0","0.0"
"CURVE 1","0.08560565093395017","26.638476182457037","28.346621088502932","0.06159839831774508","0.09506486904561817","10.68221111140561","1","0.0","0.0","0.0"
"CURVE 1","0.08560565093395017","26.638476182457037","28.346621088502932","0.06168900162426394","0.09500932247484502","10.930466931481261","1","0.0","0.0","0.0"
"CURVE 1","0.08560565093395017","26.638476182457037","28.346621088502932","0.06177940594023141","0.09495375341443872","11.181194340180841","1","0.0","0.0","0.0"
"CURVE 1","0.08560565093395017","26.638476182457037","28.346621088502932","0.06186960856119792","0.09489816086802318","11.434444560094022","1","0.0","0.0","0.0"
"CURVE 1","0.08560565093395017","26.638476182457037","28.346621088502932","0.061959606782713936","0.09484254383922218","11.690269550282789","1","0.0","0.0","0.0"
"CURVE 1","0.08560565093395017","26.638476182457037","28.346621088502932","0.0620493979003299","0.09478690133165958","11.948721975755285","1","0.0","0.0","0.0"
"CURVE 1","0.08560565093395017","26.638476182457037","28.346621088502932","0.062138979209596254","0.09473123234895925","12.209855241252454","1","0.0","0.0","0.0"
"CURVE 1","0.08560565093395017","26.638476182457037","28.346621088502932","0.062228348006063444","0.09467553589474503","12.473723481007314","1","0.0","0.0","0.0"
"CURVE 1","0.08560565093395017","26.638476182457037","28.346621088502932","0.06231750158528192","0.09461981097264077","12.740381580642019","1","0.0","0.0","0.0"
"CURVE 1","0.08560565093395017","26.638476182457037","28.346621088502932","0.062406437242802114","0.09456405658627032","13.00988517863743","1","0.0","0.0","0.0"
"CURVE 1","0.08560565093395017","26.638476182457037","28.346621088502932","0.06249515227417448","0.0945082717392575","13.282290686547997","1","0.0","0.0","0.0"
"CURVE 1","0.08560565093395017","26.638476182457037","28.346621088502932","0.06258364397494948","0.0944524554352262","13.557655300589884","1","0.0","0.0","0.0"
"CURVE 1","0.08560565093395017","26.638476182457037","28.346621088502932","0.06267190964067754","0.09439660667780025","13.836036981744343","1","0.0","0.0","0.0"
"CURVE 1","0.08560565093395017","26.638476182457037","28.346621088502932","0.06275994656690911","0.09434072447060352","14.117494488594605","1","0.0","0.0","0.0"
"CURVE 1","0.08560565093395017","26.638476182457037","28.346621088502932","0.06284775204919464","0.09428480781725983","14.402087406952122","1","0.0","0.0","0.0"
"CURVE 1","0.08560565093395017","26.638476182457037","28.346621088502932","0.06293532338308458","0.09422885572139303","14.689876082063305","1","0.0","0.0","0.0"
"CURVE 1","0.08560565093395017","26.638476182457037","28.346621088502932","0.06302265934683197","0.09417286745944425","14.403864064780747","1","0.0","0.0","0.0"
"CURVE 1","0.08560565093395017","26.638476182457037","28.346621088502932","0.06310976464950031","0.09411684339912375","14.112495948876408","1","0.0","0.0","0.0"
"CURVE 1","0.08560565093395017","26.638476182457037","28.346621088502932","0.06319664548285565","0.09406078418095905","13.815863551677886","1","0.0","0.0","0.0"
"CURVE 1","0.08560565093395017","26.638476182457037","28.346621088502932","0.06328330803866411","0.09400469044547768","13.514062533078116","1","0.0","0.0","0.0"
"CURVE 1","0.08560565093395017","26.638476182457037","28.346621088502932","0.06336975850869175","0.09394856283320718","13.207192377756767","1","0.0","0.0","0.0"
"CURVE 1","0.08560565093395017","26.638476182457037","28.346621088502932","0.06345600308470466","0.09389240198467502","12.895356255862598","1","0.0","0.0","0.0"
"CURVE 1","0.08560565093395017","26.638476182457037","28.346621088502932","0.06354204795846892","0.09383620854040876","12.578661006256398","1","0.0","0.0","0.0"
"CURVE 1","0.08560565093395017","26.638476182457037","28.346621088502932","0.06362789932175061","0.09377998314093594","12.257217067523337","1","0.0","0.0","0.0"
"CURVE 1","0.08560565093395017","26.638476182457037","28.346621088502932","0.06371356336631585","0.09372372642678409","11.931138333269402","1","0.0","0.0","0.0"
"CURVE 1","0.08560565093395017","26.638476182457037","28.346621088502932","0.06379904628393068","0.0936674390384807","11.600542156521295","1","0.0","0.0","0.0"
"CURVE 1","0.08560565093395017","26.638476182457037","28.346621088502932","0.06388435426636122","0.09361112161655331","11.265549215809871","1","0.0","0.0","0.0"
"CURVE 1","0.08560565093395017","26.638476182457037","28.346621088502932","0.06396949350537351","0.09355477480152946","10.926283413755542","1","0.0","0.0","0.0"
"CURVE 1","0.08560565093395017","26.638476182457037","28.346621088502932","0.06405447019273368","0.09349839923393669","10.582871843258694","1","0.0","0.0","0.0"
"CURVE 1","0.08560565093395017","26.638476182457037","28.346621088502932","0.06413929052020778","0.09344199555430246","10.23544466435596","1","0.0","0.0","0.0"
"CURVE 1","0.08560565093395017","26.638476182457037","28.346621088502932","0.06422396067956192","0.09338556440315438","9.884134953597773","1","0.0","0.0","0.0"
"CURVE 1","0.08560565093395017","26.638476182457037","28.346621088502932","0.06430848686256217","0.09332910642101991","9.529078709020768","1","0.0","0.0","0.0"
"CURVE 1","0.08560565093395017","26.638476182457037","28.346621088502932","0.06439287526097463","0.09327262224842658","9.170414653686391","1","0.0","0.0","0.0"
"CURVE 1","0.08560565093395017","26.638476182457037","28.346621088502932","0.06447713206656536","0.09321611252590199","8.808284161554624","1","0.0","0.0","0.0"
"CURVE 1","0.08560565093395017","26.638476182457037","28.346621088502932","0.06456126347110044","0.0931595778939736","8.44283118606862","1","0.0","0.0","0.0"
"CURVE 1","0.08560565093395017","26.638476182457037","28.346621088502932","0.06464527566634598","0.09310301899316893","8.074202099431929","1","0.0","0.0","0.0"
"CURVE 1","0.08560565093395017","26.638476182457037","28.346621088502932","0.06472917484406807","0.09304643646401554","7.702545586251693","1","0.0","0.0","0.0"
"CURVE 1","0.08560565093395017","26.638476182457037","28.346621088502932","0.06481296719603276","0.09298983094704093","7.328012560073738","1","0.0","0.0","0.0"
"CURVE 1","0.08560565093395017","26.638476182457037","28.346621088502932","0.06489665891400616","0.09293320308277264","6.950756002842971","1","0.0","0.0","0.0"
"CURVE 1","0.08560565093395017","26.638476182457037","28.346621088502932","0.06498025618975434","0.0928765535117382","6.570930896984833","1","0.0","0.0","0.0"
"CURVE 1","0.08560565093395017","26.638476182457037","28.346621088502932","0.0650637652150434","0.09281988287446512","6.188694043531989","1","0.0","0.0","0.0"
"CURVE 1","0.08560565093395017","26.638476182457037","28.346621088502932","0.0651471921816394","0.09276319181148093","5.8042039941691295","1","0.0","0.0","0.0"
"CURVE 1","0.08560565093395017","26.638476182457037","28.346621088502932","0.06523054328130844","0.09270648096331317","5.41762091002985","1","0.0","0.0","0.0"
"CURVE 1","0.08560565093395017","26.638476182457037","28.346621088502932","0.06531382470581662","0.09264975097048937","5.029106386287726","1","0.0","0.0","0.0"
"CURVE 1","0.08560565093395017","26.638476182457037","28.346621088502932","0.06539704264692997","0.09259300247353702","4.638823429957972","1","0.0","0.0","0.0"
"CURVE 1","0.08560565093395017","26.638476182457037","28.346621088502932","0.06548020329641464","0.09253623611298367","4.2469362665337655","1","0.0","0.0","0.0"
"CURVE 1","0.08560565093395017","26.638476182457037","28.346621088502932","0.06556331284603668","0.09247945252935685","3.8536101705616335","1","0.0","0.0","0.0"
"CURVE 1","0.08560565093395017","26.638476182457037","28.346621088502932","0.06564637748756218","0.09242265236318409","3.459011437910736","1","0.0","0.0","0.0"
"CURVE 1","0.08560565093395017","26.638476182457037","28.346621088502932","0.06572940341275721","0.09236583625499288","3.063307165827702","1","0.0","0.0","0.0"
"CURVE 1","0.08560565093395017","26.638476182457037","28.346621088502932","0.06581239681338788","0.0923090048453108","2.6666651813333924","1","0.0","0.0","0.0"
"CURVE 1","0.08560565093395017","26.638476182457037","28.346621088502932","0.06589536388122026","0.09225215877466533","2.269253877094435","1","0.0","0.0","0.0"
"CURVE 1","0.08560565093395017","26.638476182457037","28.346621088502932","0.06597831080802044","0.09219529868358405","1.8712420994948542","1","0.0","0.0","0.0"
"CURVE 1","0.08560565093395017","26.638476182457037","28.346621088502932","0.0660612437855545","0.09213842521259441","1.4727990074964936","1","0.0","0.0","0.0"
"CURVE 1","0.08560565093395017","26.638476182457037","28.346621088502932","0.0661441690055885","0.09208153900222399","1.0740939303945791","1","0.0","0.0","0.0"
"CURVE 1","0.08560565093395017","26.638476182457037","28.346621088502932","0.06622709265988858","0.09202464069300031","0.6752962660148669","1","0.0","0.0","0.0"
"CURVE 1","0.08560565093395017","26.638476182457037","28.346621088502932","0.06631002094022077","0.09196773092545088","0.2765753287637189","1","0.0","0.0","0.0"
"CURVE 1","0.08560565093395017","26.638476182457037","28.346621088502932","0.06639296003835118","0.09191081034010325","0.12189979480215953","-1","0.0","0.0","0.0"
"CURVE 1","0.08560565093395017","26.638476182457037","28.346621088502932","0.0664759161460459","0.0918538795774849","0.5199603068587897","-1","0.0","0.0","0.0"
"CURVE 1","0.08560565093395017","26.638476182457037","28.346621088502932","0.06655889545507099","0.09179693927812341","0.9174379496186209","-1","0.0","0.0","0.0"
"CURVE 1","0.08560565093395017","26.638476182457037","28.346621088502932","0.06664190415719255","0.09173999008254625","1.314165032028772","-1","0.0","0.0","0.0"
"CURVE 1","0.08560565093395017","26.638476182457037","28.346621088502932","0.06672494844417667","0.091683032631281","1.7099745841224612","-1","0.0","0.0","0.0"
"CURVE 1","0.08560565093395017","26.638476182457037","28.346621088502932","0.06680803450778941","0.09162606756485517","2.1047004861290266","-1","0.0","0.0","0.0"
"CURVE 1","0.08560565093395017","26.638476182457037","28.346621088502932","0.06689116853979689","0.09156909552379626","2.4981776347550944","-1","0.0","0.0","0.0"
"CURVE 1","0.08560565093395017","26.638476182457037","28.346621088502932","0.06697435673196517","0.09151211714863185","2.890241988333452","-1","0.0","0.0","0.0"
"CURVE 1","0.08560565093395017","26.638476182457037","28.346621088502932","0.06705760527606035","0.09145513307988941","3.2807307824652088","-1","0.0","0.0","0.0"
"CURVE 1","0.08560565093395017","26.638476182457037","28.346621088502932","0.06714092036384849","0.09139814395809648","3.669482555888096","-1","0.0","0.0","0.0"
"CURVE 1","0.08560565093395017","26.638476182457037","28.346621088502932","0.06722430818709567","0.09134115042378062","4.056337372662177","-1","0.0","0.0","0.0"
"CURVE 1","0.08560565093395017","26.638476182457037","28.346621088502932","0.06730777493756801","0.09128415311746929","4.441136853054239","-1","0.0","0.0","0.0"
"CURVE 1","0.08560565093395017","26.638476182457037","28.346621088502932","0.06739132680703158","0.09122715267969007","4.823724345731485","-1","0.0","0.0","0.0"
"CURVE 1","0.08560565093395017","26.638476182457037","28.346621088502932","0.06747496998725246","0.09117014975097049","5.203945044547325","-1","0.0","0.0","0.0"
"CURVE 1","0.08560565093395017","26.638476182457037","28.346621088502932","0.06755871066999672","0.09111314497183805","5.581646041506282","-1","0.0","0.0","0.0"
"CURVE 1","0.08560565093395017","26.638476182457037","28.346621088502932","0.06764255504703047","0.09105613898282028","5.956676520352586","-1","0.0","0.0","0.0"
"CURVE 1","0.08560565093395017","26.638476182457037","28.346621088502932","0.06772650931011978","0.0909991324244447","6.328887806267666","-1","0.0","0.0","0.0"
"CURVE 1","0.08560565093395017","26.638476182457037","28.346621088502932","0.06781057965103074","0.09094212593723885","6.698133539441559","-1","0.0","0.0","0.0"
"CURVE 1","0.08560565093395017","26.638476182457037","28.346621088502932","0.06789477226152943","0.09088512016173027","7.064269671492497","-1","0.0","0.0","0.0"
"CURVE 1","0.08560565093395017","26.638476182457037","28.346621088502932","0.06797909333338191","0.09082811573844644","7.427154690590633","-1","0.0","0.0","0.0"
"CURVE 1","0.08560565093395017","26.638476182457037","28.346621088502932","0.06806354905835431","0.09077111330791493","7.7866496313866245","-1","0.0","0.0","0.0"
"CURVE 1","0.08560565093395017","26.638476182457037","28.346621088502932","0.06814814562821268","0.09071411351066325","8.142618232957647","-1","0.0","0.0","0.0"
"CURVE 1","0.08560565093395017","26.638476182457037","28.346621088502932","0.06823288923472313","0.0906571169872189","8.494926971430557","-1","0.0","0.0","0.0"
"CURVE 1","0.08560565093395017","26.638476182457037","28.346621088502932","0.06831778606965173","0.09060012437810946","8.843445256049488","-1","0.0","0.0","0.0"
"CURVE 1","0.08560565093395017","26.638476182457037","28.346621088502932","0.06840284232476457","0.09054313632386243","9.188045380598725","-1","0.0","0.0","0.0"
"CURVE 1","0.08560565093395017","26.638476182457037","28.346621088502932","0.06848806419182772","0.0904861534650053","9.52860269756612","-1","0.0","0.0","0.0"
"CURVE 1","0.08560565093395017","26.638476182457037","28.346621088502932","0.06857345786260728","0.09042917644206565","9.864995726452486","-1","0.0","0.0","0.0"
"CURVE 1","0.08560565093395017","26.638476182457037","28.346621088502932","0.06865902952886933","0.09037220589557098","10.19710612412151","-1","0.0","0.0","0.0"
"CURVE 1","0.08560565093395017","26.638476182457037","28.346621088502932","0.06874478538237995","0.09031524246604881","10.524818893172146","-1","0.0","0.0","0.0"
"CURVE 1","0.08560565093395017","26.638476182457037","28.346621088502932","0.0688307316149052","0.0902582867940267","10.848022351700262","-1","0.0","0.0","0.0"
"CURVE 1","0.08560565093395017","26.638476182457037","28.346621088502932","0.06891687441821122","0.09020133952003215","11.166608257233587","-1","0.0","0.0","0.0"
"CURVE 1","0.08560565093395017","26.638476182457037","28.346621088502932","0.06900321998406406","0.09014440128459268","11.480471839550903","-1","0.0","0.0","0.0"
"CURVE 1","0.08560565093395017","26.638476182457037","28.346621088502932","0.06908977450422979","0.0900874727282358","11.789511905099715","-1","0.0","0.0","0.0"
"CURVE 1","0.08560565093395017","26.638476182457037","28.346621088502932","0.06917654417047453","0.09003055449148908","12.09363087076141","-1","0.0","0.0","0.0"
"CURVE 1","0.08560565093395017","26.638476182457037","28.346621088502932","0.06926353517456434","0.08997364721488003","12.392734798163854","-1","0.0","0.0","0.0"
"CURVE 1","0.08560565093395017","26.638476182457037","28.346621088502932","0.06935075370826532","0.08991675153893619","12.68673349439585","-1","0.0","0.0","0.0"
"CURVE 1","0.08560565093395017","26.638476182457037","28.346621088502932","0.06943820596334353","0.08985986810418505","12.97554051964039","-1","0.0","0.0","0.0"
"CURVE 1","0.08560565093395017","26.638476182457037","28.346621088502932","0.06952589813156507","0.08980299755115413","13.259073237105365","-1","0.0","0.0","0.0"
"CURVE 1","0.08560565093395017","26.638476182457037","28.346621088502932","0.06961383640469603","0.08974614052037103","13.537252885861538","-1","0.0","0.0","0.0"
"CURVE 1","0.08560565093395017","26.638476182457037","28.346621088502932","0.06970202697450249","0.08968929765236319","13.810004564791578","-1","0.0","0.0","0.0"
"CURVE 1","0.08560565093395017","26.638476182457037","28.346621088502932","0.06979047603275051","0.08963246958765819","14.077257316576476","-1","0.0","0.0","0.0"
"CURVE 1","0.08560565093395017","26.638476182457037","28.346621088502932","0.06987918977120623","0.08957565696678353","14.33894409317424","-1","0.0","0.0","0.0"
"CURVE 1","0.08560565093395017","26.638476182457037","28.346621088502932","0.06996817438163568","0.08951886043026673","14.595001861990212","-1","0.0","0.0","0.0"
"CURVE 1","0.08560565093395017","26.638476182457037","28.346621088502932","0.07005743605580497","0.08946208061863535","14.845371536343986","-1","0.0","0.0","0.0"
"CURVE 1","0.08560565093395017","26.638476182457037","28.346621088502932","0.07014698098548017","0.08940531817241688","15.089998064742574","-1","0.0","0.0","0.0"
"CURVE 1","0.08560565093395017","26.638476182457037","28.346621088502932","0.07023681536242736","0.08934857373213888","15.328830399798255","-1","0.0","0.0","0.0"
"CURVE 1","0.08560565093395017","26.638476182457037","28.346621088502932","0.07032694537841266","0.08929184793832884","15.561821516448932","-1","0.0","0.0","0.0"
"CURVE 1","0.08560565093395017","26.638476182457037","28.346621088502932","0.07041737722520212","0.08923514143151431","15.788928412123523","-1","0.0","0.0","0.0"
"CURVE 1","0.08560565093395017","26.638476182457037","28.346621088502932","0.07050811709456184","0.08917845485222281","16.01011211096366","-1","0.0","0.0","0.0"
"CURVE 1","0.08560565093395017","26.638476182457037","28.346621088502932","0.07059917117825788","0.08912178884098186","16.22533766937433","-1","0.0","0.0","0.0"
"CURVE 1","0.08560565093395017","26.638476182457037","28.346621088502932","0.07069054566805635","0.08906514403831901","16.434574128764112","-1","0.0","0.0","0.0"
"CURVE 1","0.08560565093395017","26.638476182457037","28.346621088502932","0.07078224675572335","0.08900852108476176","16.637794548546623","-1","0.0","0.0","0.0"
"CURVE 1","0.08560565093395017","26.638476182457037","28.346621088502932","0.07087428063302492","0.08895192062083762","16.83497595119318","-1","0.0","0.0","0.0"
"CURVE 1","0.08560565093395017","26.638476182457037","28.346621088502932","0.07096665349172716","0.08889534328707417","17.02609933502511","-1","0.0","0.0","0.0"
"CURVE 1","0.08560565093395017","26.638476182457037","28.346621088502932","0.07105937152359616","0.08883878972399889","17.21114960252403","-1","0.0","0.0","0.0"
"CURVE 1","0.08560565093395017","26.638476182457037","28.346621088502932","0.07115244092039802","0.08878226057213931","17.390115591437304","-1","0.0","0.0","0.0"
"CURVE 1","0.08560565093395017","26.638476182457037","28.346621088502932","0.0712458678738988","0.08872575647202297","17.562989984193873","-1","0.0","0.0","0.0"
"CURVE 1","0.08560565093395017","26.638476182457037","28.346621088502932","0.07133965857586458","0.0886692780641774","17.72976929194993","-1","0.0","0.0","0.0"
"CURVE 1","0.08560565093395017","26.638476182457037","28.346621088502932","0.07143381921806144","0.08861282598913012","17.890453843273285","-1","0.0","0.0","0.0"
"CURVE 1","0.08560565093395017","26.638476182457037","28.346621088502932","0.07152835599225552","0.08855640088740865","18.04504769069344","-1","0.0","0.0","0.0"
"CURVE 1","0.08560565093395017","26.638476182457037","28.346621088502932","0.07162327509021285","0.08850000339954053","18.193558587185322","-1","0.0","0.0","0.0"
"CURVE 1","0.08560565093395017","26.638476182457037","28.346621088502932","0.07171858270369952","0.08844363416605328","18.335997959102","-1","0.0","0.0","0.0"
"CURVE 1","0.08560565093395017","26.638476182457037","28.346621088502932","0.07181428502448162","0.08838729382747443","18.47238078021538","-1","0.0","0.0","0.0"
"CURVE 1","0.08560565093395017","26.638476182457037","28.346621088502932","0.07191038824432525","0.08833098302433147","18.602725598599434","-1","0.0","0.0","0.0"
"CURVE 1","0.08560565093395017","26.638476182457037","28.346621088502932","0.07200689855499648","0.08827470239715197","18.727054417356136","-1","0.0","0.0","0.0"
"CURVE 1","0.08560565093395017","26.638476182457037","28.346621088502932","0.0721038221482614","0.08821845258646344","18.845392647933956","-1","0.0","0.0","0.0"
"CURVE 1","0.08560565093395017","26.638476182457037","28.346621088502932","0.07220116521588608","0.0881622342327934","18.957769050755953","-1","0.0","0.0","0.0"
"CURVE 1","0.08560565093395017","26.638476182457037","28.346621088502932","0.07229893394963659","0.08810604797666939","19.064215660322727","-1","0.0","0.0","0.0"
"CURVE 1","0.08560565093395017","26.638476182457037","28.346621088502932","0.07239713454127907","0.08804989445861892","19.164767690998247","-1","0.0","0.0","0.0"
"CURVE 1","0.08560565093395017","26.638476182457037","28.346621088502932","0.07249577318257955","0.08799377431916953","19.259463525996058","-1","0.0","0.0","0.0"
"CURVE 1","0.08560565093395017","26.638476182457037","28.346621088502932","0.07259485606530414","0.08793768819884874","19.34834453501118","-1","0.0","0.0","0.0"
"CURVE 1","0.08560565093395017","26.638476182457037","28.346621088502932","0.07269438938121892","0.08788163673818408","19.431455091962142","-1","0.0","0.0","0.0"
"CURVE 1","0.08560565093395017","26.638476182457037","28.346621088502932","0.07279437932208996","0.08782562057770306","19.50884244689696","-1","0.0","0.0","0.0"
"CURVE 1","0.08560565093395017","26.638476182457037","28.346621088502932","0.07289483207968336","0.08776964035793325","19.580556663569123","-1","0.0","0.0","0.0"
"CURVE 1","0.08560565093395017","26.638476182457037","28.346621088502932","0.07299575384576523","0.08771369671940211","19.646650493661614","-1","0.0","0.0","0.0"
"CURVE 1","0.08560565093395017","26.638476182457037","28.346621088502932","0.07309715081210162","0.0876577903026372","19.707179325581734","-1","0.0","0.0","0.0"
"CURVE 1","0.08560565093395017","26.638476182457037","28.346621088502932","0.0731990291704586","0.08760192174816607","19.76220109659932","-1","0.0","0.0","0.0"
"CURVE 1","0.08560565093395017","26.638476182457037","28.346621088502932","0.0733013951126023","0.0875460916965162","19.811776179828705","-1","0.0","0.0","0.0"
"CURVE 1","0.08560565093395017","26.638476182457037","28.346621088502932","0.07340425483029876","0.08749030078821514","19.855967306263622","-1","0.0","0.0","0.0"
"CURVE 1","0.08560565093395017","26.638476182457037","28.346621088502932","0.07350761451531408","0.08743454966379043","19.89483946749055","-1","0.0","0.0","0.0"
"CURVE 1","0.08560565093395017","26.638476182457037","28.346621088502932","0.07361148035941434","0.08737883896376956","19.928459819018897","-1","0.0","0.0","0.0"
"CURVE 1","0.08560565093395017","26.638476182457037","28.346621088502932","0.07371585855436565","0.08732316932868009","19.956897596634068","-1","0.0","0.0","0.0"
"CURVE 1","0.08560565093395017","26.638476182457037","28.346621088502932","0.07382075529193406","0.08726754139904952","19.980223999911306","-1","0.0","0.0","0.0"
"CURVE 1","0.08560565093395017","26.638476182457037","28.346621088502932","0.07392617676388567","0.08721195581540539","19.99851214633197","-1","0.0","0.0","0.0"
"CURVE 1","0.08560565093395017","26.638476182457037","28.346621088502932","0.07403212916198658","0.08715641321827523","20.011836876544876","-1","0.0","0.0","0.0"
"CURVE 1","0.08560565093395017","26.638476182457037","28.346621088502932","0.07413861867800282","0.08710091424818656","20.020274773259118","-1","0.0","0.0","0.0"
"CURVE 1","0.08560565093395017","26.638476182457037","28.346621088502932","0.07424565150370055","0.08704545954566689","20.023903982219593","-1","0.0","0.0","0.0"
"CURVE 1","0.08560565093395017","26.638476182457037","28.346621088502932","0.07435323383084579","0.08699004975124378","20.0228041492993","-1","0.0","0.0","0.0"
"CURVE 1","0.08560565093395017","26.638476182457037","28.346621088502932","0.07446137372534076","0.08693468797266186","21.248909617213535","-1","0.0","0.0","0.0"
"CURVE 1","0.08560565093395017","26.638476182457037","28.346621088502932","0.07457008674963198","0.08687938718653436","22.44364146667487","-1","0.0","0.0","0.0"
"CURVE 1","0.08560565093395017","26.638476182457037","28.346621088502932","0.07467939034030212","0.08682416283669162","23.60674309963888","-1","0.0","0.0","0.0"
"CURVE 1","0.08560565093395017","26.638476182457037","28.346621088502932","0.07478930193393385","0.08676903036696398","24.737973862678","-1","0.0","0.0","0.0"
"CURVE 1","0.08560565093395017","26.638476182457037","28.346621088502932","0.07489983896710979","0.08671400522118182","25.83710898002646","-1","0.0","0.0","0.0"
"CURVE 1","0.08560565093395017","26.638476182457037","28.346621088502932","0.07501101887641261","0.08665910284317545","26.903939652017662","-1","0.0","0.0","0.0"
"CURVE 1","0.08560565093395017","26.638476182457037","28.346621088502932","0.07512285909842496","0.08660433867677525","27.938273287472338","-1","0.0","0.0","0.0"
"CURVE 1","0.08560565093395017","26.638476182457037","28.346621088502932","0.07523537706972948","0.08654972816581155","28.939933764226115","-1","0.0","0.0","0.0"
"CURVE 1","0.08560565093395017","26.638476182457037","28.346621088502932","0.07534859022690883","0.08649528675411469","29.908761834347903","-1","0.0","0.0","0.0"
"CURVE 1","0.08560565093395017","26.638476182457037","28.346621088502932","0.07546251600654565","0.08644102988551504","30.844615603415868","-1","0.0","0.0","0.0"
"CURVE 1","0.08560565093395017","26.638476182457037","28.346621088502932","0.0755771718452226","0.08638697300384292","31.747371065178864","-1","0.0","0.0","0.0"
"CURVE 1","0.08560565093395017","26.638476182457037","28.346621088502932","0.07569257517952231","0.0863331315529287","32.61692271294009","-1","0.0","0.0","0.0"
"CURVE 1","0.08560565093395017","26.638476182457037","28.346621088502932","0.07580874344602746","0.08627952097660271","33.45318416628037","-1","0.0","0.0","0.0"
"CURVE 1","0.08560565093395017","26.638476182457037","28.346621088502932","0.07592569408132069","0.08622615671869532","34.256088918557936","-1","0.0","0.0","0.0"
"CURVE 1","0.08560565093395017","26.638476182457037","28.346621088502932","0.07604344452198465","0.08617305422303688","35.025590986928066","-1","0.0","0.0","0.0"
"CURVE 1","0.08560565093395017","26.638476182457037","28.346621088502932","0.07616201220460199","0.0861202289334577","35.76166572645455","-1","0.0","0.0","0.0"
"CURVE 1","0.08560565093395017","26.638476182457037","28.346621088502932","0.07628141456575538","0.08606769629378817","36.46431052357312","-1","0.0","0.0","0.0"
"CURVE 1","0.08560565093395017","26.638476182457037","28.346621088502932","0.07640166904202744","0.0860154717478586","37.133545570664936","-1","0.0","0.0","0.0"
"CURVE 1","0.08560565093395017","26.638476182457037","28.346621088502932","0.07652279307000083","0.08596357073949935","37.769414604753386","-1","0.0","0.0","0.0"
"CURVE 1","0.08560565093395017","26.638476182457037","28.346621088502932","0.07664480408625818","0.0859120087125408","38.37198560840326","-1","0.0","0.0","0.0"
"CURVE 1","0.08560565093395017","26.638476182457037","28.346621088502932","0.07676771952738219","0.08586080111081325","38.941351491389206","-1","0.0","0.0","0.0"
"CURVE 1","0.08560565093395017","26.638476182457037","28.346621088502932","0.07689155682995545","0.08580996337814709","39.47763073561049","-1","0.0","0.0","0.0"
"CURVE 1","0.08560565093395017","26.638476182457037","28.346621088502932","0.07701633343056066","0.08575951095837263","39.98096797478952","-1","0.0","0.0","0.0"
"CURVE 1","0.08560565093395017","26.638476182457037","28.346621088502932","0.07714206676578048","0.08570945929532026","40.451534533043144","-1","0.0","0.0","0.0"
"CURVE 1","0.08560565093395017","26.638476182457037","28.346621088502932","0.0772687742721975","0.0856598238328203","40.88952887402314","-1","0.0","0.0","0.0"
"CURVE 1","0.08560565093395017","26.638476182457037","28.346621088502932","0.07739647338639444","0.08561062001470307","41.295177006059625","-1","0.0","0.0","0.0"
"CURVE 1","0.08560565093395017","26.638476182457037","28.346621088502932","0.0775251815449539","0.08556186328479898","41.66873275894537","-1","0.0","0.0","0.0"
"CURVE 1","0.08560565093395017","26.638476182457037","28.346621088502932","0.07765491618445856","0.08551356908693833","42.01047803931477","-1","0.0","0.0","0.0"
"CURVE 1","0.08560565093395017","26.638476182457037","28.346621088502932","0.07778569474149105","0.0854657528649515","42.32072292493664","-1","0.0","0.0","0.0"
"CURVE 1","0.08560565093395017","26.638476182457037","28.346621088502932","0.07791753465263403","0.0854184300626688","42.59980568956032","-1","0.0","0.0","0.0"
"CURVE 1","0.08560565093395017","26.638476182457037","28.346621088502932","0.07805045335447017","0.08537161612392062","42.84809277684001","-1","0.0","0.0","0.0"
"CURVE 1","0.08560565093395017","26.638476182457037","28.346621088502932","0.0781844682835821","0.0853253264925373","43.06597856699538","-1","0.0","0.0","0.0"
"CURVE 1","0.08560565093395017","26.638476182457037","28.346621088502932","0.07831959687655246","0.08527957661234917","43.253885125410605","-1","0.0","0.0","0.0"
"CURVE 1","0.08560565093395017","26.638476182457037","28.346621088502932","0.07845585656996391","0.08523438192718655","43.412261810226184","-1","0.0","0.0","0.0"
"CURVE 1","0.08560565093395017","26.638476182457037","28.346621088502932","0.07859326480039912","0.08518975788087986","43.54158476964656","-1","0.0","0.0","0.0"
"CURVE 1","0.08560565093395017","26.638476182457037","28.346621088502932","0.07873183900444071","0.08514571991725939","43.64235634456323","-1","0.0","0.0","0.0"
"CURVE 1","0.08560565093395017","26.638476182457037","28.346621088502932","0.07887159661867134","0.08510228348015553","43.71510436384774","-1","0.0","0.0","0.0"
"CURVE 1","0.08560565093395017","26.638476182457037","28.346621088502932","0.07901255507967367","0.08505946401339858","43.76038133754082","-1","0.0","0.0","0.0"
"CURVE 1","0.08560565093395017","26.638476182457037","28.346621088502932","0.07915473182403034","0.0850172769608189","43.778763536271846","-1","0.0","0.0","0.0"
"CURVE 1","0.08560565093395017","26.638476182457037","28.346621088502932","0.07929814428832402","0.08497573776624688","43.77085000585105","-1","0.0","0.0","0.0"
"CURVE 1","0.08560565093395017","26.638476182457037","28.346621088502932","0.07944280990913734","0.08493486187351283","43.737261462131976","-1","0.0","0.0","0.0"
"CURVE 1","0.08560565093395017","26.638476182457037","28.346621088502932","0.07958874612305297","0.0848946647264471","43.67863912972473","-1","0.0","0.0","0.0"
"CURVE 1","0.08560565093395017","26.638476182457037","28.346621088502932","0.07973597036665353","0.08485516176888004","43.595643458929196","-1","0.0","0.0","0.0"
"CURVE 1","0.08560565093395017","26.638476182457037","28.346621088502932","0.0798845000765217","0.084816368444642","43.48895283302835","-1","0.0","0.0","0.0"
"CURVE 1","0.08560565093395017","26.638476182457037","28.346621088502932","0.08003435268924013","0.08477830019756334","43.359262144565704","-1","0.0","0.0","0.0"
"CURVE 1","0.08560565093395017","26.638476182457037","28.346621088502932","0.08018554564139145","0.0847409724714744","43.20728136484131","-1","0.0","0.0","0.0"
"CURVE 1","0.08560565093395017","26.638476182457037","28.346621088502932","0.08033809636955831","0.08470440071020552","43.03373403863353","-1","0.0","0.0","0.0"
"CURVE 1","0.08560565093395017","26.638476182457037","28.346621088502932","0.08049202231032339","0.08466860035758704","42.839355749807325","-1","0.0","0.0","0.0"
"CURVE 1","0.08560565093395017","26.638476182457037","28.346621088502932","0.08064734090026932","0.08463358685744933","42.62489253569705","-1","0.0","0.0","0.0"
"CURVE 1","0.08560565093395017","26.638476182457037","28.346621088502932","0.08080406957597876","0.08459937565362273","42.39109929664694","-1","0.0","0.0","0.0"
"CURVE 1","0.08560565093395017","26.638476182457037","28.346621088502932","0.08096222577403434","0.08456598218993758","42.13873819091636","-1","0.0","0.0","0.0"
"CURVE 1","0.08560565093395017","26.638476182457037","28.346621088502932","0.08112182693101873","0.08453342191022424","41.86857700060234","-1","0.0","0.0","0.0"
"CURVE 1","0.08560565093395017","26.638476182457037","28.346621088502932","0.08128289048351459","0.08450171025831305","41.58138751882615","-1","0.0","0.0","0.0"
"CURVE 1","0.08560565093395017","26.638476182457037","28.346621088502932","0.08144543386810453","0.08447086267803436","41.27794393864277","-1","0.0","0.0","0.0"
"CURVE 1","0.08560565093395017","26.638476182457037","28.346621088502932","0.08160947452137124","0.08444089461321852","40.959021253755914","-1","0.0","0.0","0.0"
"CURVE 1","0.08560565093395017","26.638476182457037","28.346621088502932","0.08177502987989739","0.08441182150769587","40.625393692142715","-1","0.0","0.0","0.0"
"CURVE 1","0.08560565093395017","26.638476182457037","28.346621088502932","0.08194211738026558","0.08438365880529676","40.27783318068823","-1","0.0","0.0","0.0"
"CURVE 1","0.08560565093395017","26.638476182457037","28.346621088502932","0.08211075445905847","0.08435642194985156","39.91710783641317","-1","0.0","0.0","0.0"
"CURVE 1","0.08560565093395017","26.638476182457037","28.346621088502932","0.08228095855285872","0.08433012638519058","39.543980522421485","-1","0.0","0.0","0.0"
"CURVE 1","0.08560565093395017","26.638476182457037","28.346621088502932","0.082452747098249","0.08430478755514419","39.159207437867316","-1","0.0","0.0","0.0"
"CURVE 1","0.08560565093395017","26.638476182457037","28.346621088502932","0.0826261375318119","0.08428042090354274","38.76353676377575","-1","0.0","0.0","0.0"
"CURVE 1","0.08560565093395017","26.638476182457037","28.346621088502932","0.08280114729013016","0.08425704187421655","38.35770738118157","-1","0.0","0.0","0.0"
"CURVE 1","0.08560565093395017","26.638476182457037","28.346621088502932","0.08297779380978637","0.084234665910996","37.9424476516787","-1","0.0","0.0","0.0"
"CURVE 1","0.08560565093395017","26.638476182457037","28.346621088502932","0.0831560945273632","0.08421330845771144","37.518474245567454","-1","0.0","0.0","0.0"
"CURVE 1","0.08560565093395017","26.638476182457037","28.346621088502932","0.08333606687944328","0.08419298495819319","37.08649107990331","-1","0.0","0.0","0.0"
"CURVE 1","0.08560565093395017","26.638476182457037","28.346621088502932","0.08351772830260927","0.08417371085627161","36.64718829381003","-1","0.0","0.0","0.0"
"CURVE 1","0.08560565093395017","26.638476182457037","28.346621088502932","0.08370109623344382","0.08415550159577706","36.20124131443688","-1","0.0","0.0","0.0"
"CURVE 1","0.08560565093395017","26.638476182457037","28.346621088502932","0.08388618810852963","0.08413837262053989","35.74931001528315","-1","0.0","0.0","0.0"
"CURVE 1","0.08560565093395017","26.638476182457037","28.346621088502932","0.08407302136444927","0.08412233937439041","35.292037914413264","-1","0.0","0.0","0.0"
"CURVE 1","0.08560565093395017","26.638476182457037","28.346621088502932","0.08426161343778546","0.08410741730115899","34.830051488143916","-1","0.0","0.0","0.0"
"CURVE 1","0.08560565093395017","26.638476182457037","28.346621088502932","0.0844519817651208","0.08409362184467599","34.3639595531941","-1","0.0","0.0","0.0"
"CURVE 1","0.08560565093395017","26.638476182457037","28.346621088502932","0.08464414378303795","0.08408096844877176","33.89435271534042","-1","0.0","0.0","0.0"
"CURVE 1","0.08560565093395017","26.638476182457037","28.346621088502932","0.08483811692811957","0.08406947255727662","33.421802891746474","-1","0.0","0.0","0.0"
"CURVE 1","0.08560565093395017","26.638476182457037","28.346621088502932","0.08503391863694833","0.08405914961402096","32.946862932558716","-1","0.0","0.0","0.0"
"CURVE 1","0.08560565093395017","26.638476182457037","28.346621088502932","0.08523156634610685","0.08405001506283509","32.47006629633334","-1","0.0","0.0","0.0"
"CURVE 1","0.08560565093395017","26.638476182457037","28.346621088502932","0.08543107749217779","0.08404208434754937","31.991926799890518","-1","0.0","0.0","0.0"
"CURVE 1","0.08560565093395017","26.638476182457037","28.346621088502932","0.0856324695117438","0.08403537291199413","31.512938434588648","-1","0.0","0.0","0.0"
"CURVE 1","0.08560565093395017","26.638476182457037","28.346621088502932","0.08583575984138754","0.08402989619999976","31.033575256313497","-1","0.0","0.0","0.0"
"CURVE 1","0.08560565093395017","26.638476182457037","28.346621088502932","0.08604096591769167","0.08402566965539657","30.55429133561323","-1","0.0","0.0","0.0"
"CURVE 1","0.08560565093395017","26.638476182457037","28.346621088502932","0.0862481051772388","0.08402270872201492","30.07552075616938","-1","0.0","0.0","0.0"
"CURVE 1","0.08560565093395017","26.638476182457037","28.346621088502932","0.08645719505661162","0.08402102884368517","29.59767769260565","-1","0.0","0.0","0.0"
"CURVE 1","0.08560565093395017","26.638476182457037","28.346621088502932","0.08666825299239275","0.08402064546423765","29.12115652797566","-1","0.0","0.0","0.0"
"CURVE 1","0.08560565093395017","26.638476182457037","28.346621088502932","0.08688129642116488","0.08402157402750271","28.64633200404575","-1","0.0","0.0","0.0"
"CURVE 1","0.08560565093395017","26.638476182457037","28.346621088502932","0.08709634277951066","0.08402382997731071","28.173559465462077","-1","0.0","0.0","0.0"
"CURVE 1","0.08560565093395017","26.638476182457037","28.346621088502932","0.08731340950401267","0.08402742875749197","27.703175090539997","-1","0.0","0.0","0.0"
"CURVE 1","0.08560565093395017","26.638476182457037","28.346621088502932","0.08753251403125364","0.0840323858118769","27.235496210337136","-1","0.0","0.0","0.0"
"CURVE 1","0.08560565093395017","26.638476182457037","28.346621088502932","0.08775367379781616","0.08403871658429579","26.77082162495433","-1","0.0","0.0","0.0"
"CURVE 1","0.08560565093395017","26.638476182457037","28.346621088502932","0.08797690624028294","0.08404643651857899","26.309431988287002","-1","0.0","0.0","0.0"
"CURVE 1","0.08560565093395017","26.638476182457037","28.346621088502932","0.0882022287952366","0.08405556105855687","25.851590180520855","-1","0.0","0.0","0.0"
"CURVE 1","0.08560565093395017","26.638476182457037","28.346621088502932","0.08842965889925981","0.08406610564805976","25.39754175338588","-1","0.0","0.0","0.0"
"CURVE 1","0.08560565093395017","26.638476182457037","28.346621088502932","0.08865921398893517","0.08407808573091802","24.94751535586425","-1","0.0","0.0","0.0"
"CURVE 1","0.08560565093395017","26.638476182457037","28.346621088502932","0.08889091150084537","0.084091516750962","24.501723204888837","-1","0.0","0.0","0.0"
"CURVE 1","0.08560565093395017","26.638476182457037","28.346621088502932","0.08912476887157306","0.08410641415202202","24.060361573708878","-1","0.0","0.0","0.0"
"CURVE 1","0.08560565093395017","26.638476182457037","28.346621088502932","0.08936080353770089","0.08412279337792848","23.62361126671664","-1","0.0","0.0","0.0"
"CURVE 1","0.08560565093395017","26.638476182457037","28.346621088502932","0.08959903293581149","0.08414066987251169","23.191638149053006","-1","0.0","0.0","0.0"
"CURVE 1","0.08560565093395017","26.638476182457037","28.346621088502932","0.08983947450248755","0.084160059079602","22.764593642914743","-1","0.0","0.0","0.0"
"CURVE 1","0.08560565093395017","26.638476182457037","28.346621088502932","0.0900821456743117","0.08418097644302976","22.342615252116353","-1","0.0","0.0","0.0"
"CURVE 1","0.08560565093395017","26.638476182457037","28.346621088502932","0.09032706388786657","0.08420343740662531","21.92582709164212","-1","0.0","0.0","0.0"
"CURVE 1","0.08560565093395017","26.638476182457037","28.346621088502932","0.09057424657973484","0.08422745741421903","21.514340407272478","-1","0.0","0.0","0.0"
"CURVE 1","0.08560565093395017","26.638476182457037","28.346621088502932","0.09082371118649914","0.08425305190964123","21.10825411060273","-1","0.0","0.0","0.0"
"CURVE 1","0.08560565093395017","26.638476182457037","28.346621088502932","0.09107547514474214","0.0842802363367223","20.70765529043965","-1","0.0","0.0","0.0"
"CURVE 1","0.08560565093395017","26.638476182457037","28.346621088502932","0.09132955589104647","0.08430902613929254","20.31261974753295","-1","0.0","0.0","0.0"
"CURVE 1","0.08560565093395017","26.638476182457037","28.346621088502932","0.0915859708619948","0.08433943676118233","19.923212498191504","-1","0.0","0.0","0.0"
"CURVE 1","0.08560565093395017","26.638476182457037","28.346621088502932","0.09184473749416977","0.084371483646222","19.539488296463528","-1","0.0","0.0","0.0"
"CURVE 1","0.08560565093395017","26.638476182457037","28.346621088502932","0.09210587322415403","0.08440518223824191","19.161492120298497","-1","0.0","0.0","0.0"
"CURVE 1","0.08560565093395017","26.638476182457037","28.346621088502932","0.09236939548853022","0.0844405479810724","18.78925968064723","-1","0.0","0.0","0.0"
"CURVE 1","0.08560565093395017","26.638476182457037","28.346621088502932","0.09263532172388102","0.08447759631854383","18.422817889361163","-1","0.0","0.0","0.0"
"CURVE 1","0.08560565093395017","26.638476182457037","28.346621088502932","0.09290366936678908","0.08451634269448655","18.062185348954504","-1","0.0","0.0","0.0"
"CURVE 1","0.08560565093395017","26.638476182457037","28.346621088502932","0.09317445585383703","0.08455680255273088","17.707372793167494","-1","0.0","0.0","0.0"
"CURVE 1","0.08560565093395017","26.638476182457037","28.346621088502932","0.09344769862160751","0.08459899133710719","17.358383557465746","-1","0.0","0.0","0.0"
"CURVE 1","0.08560565093395017","26.638476182457037","28.346621088502932","0.09372341510668322","0.08464292449144582","17.015213999403276","-1","0.0","0.0","0.0"
"CURVE 1","0.08560565093395017","26.638476182457037","28.346621088502932","0.09400162274564676","0.08468861745957712","16.677853929202403","-1","0.0","0.0","0.0"
"CURVE 1","0.08560565093395017","26.638476182457037","28.346621088502932","0.0942823389750808","0.08473608568533143","16.346287024549074","-1","0.0","0.0","0.0"
"CURVE 1","0.08560565093395017","26.638476182457037","28.346621088502932","0.094565581231568","0.08478534461253912","16.020491215930786","-1","0.0","0.0","0.0"
"CURVE 1","0.08560565093395017","26.638476182457037","28.346621088502932","0.09485136695169098","0.0848364096850305","15.700439083146899","-1","0.0","0.0","0.0"
"CURVE 1","0.08560565093395017","26.638476182457037","28.346621088502932","0.09513971357203241","0.08488929634663597","15.38609821400703","-1","0.0","0.0","0.0"
"CURVE 1","0.08560565093395017","26.638476182457037","28.346621088502932","0.09543063852917495","0.08494402004118584","15.077431564028135","-1","0.0","0.0","0.0"
"CURVE 1","0.08560565093395017","26.638476182457037","28.346621088502932","0.09572415925970124","0.08500059621251045","14.774397802204668","-1","0.0","0.0","0.0"
"CURVE 1","0.08560565093395017","26.638476182457037","28.346621088502932","0.09602029320019395","0.08505904030444017","14.476951625378925","-1","0.0","0.0","0.0"
"CURVE 1","0.08560565093395017","26.638476182457037","28.346621088502932","0.09631905778723569","0.08511936776080535","14.185044085865378","-1","0.0","0.0","0.0"
"CURVE 1","0.08560565093395017","26.638476182457037","28.346621088502932","0.09662047045740915","0.08518159402543635","13.89862288489622","-1","0.0","0.0","0.0"
"CURVE 1","0.08560565093395017","26.638476182457037","28.346621088502932","0.09692454864729697","0.08524573454216346","13.61763265856316","-1","0.0","0.0","0.0"
"CURVE 1","0.08560565093395017","26.638476182457037","28.346621088502932","0.09723130979348177","0.08531180475481707","13.342015253677163","-1","0.0","0.0","0.0"
"CURVE 1","0.08560565093395017","26.638476182457037","28.346621088502932","0.09754077133254624","0.08537982010722754","13.071709986911866","-1","0.0","0.0","0.0"
"CURVE 1","0.08560565093395017","26.638476182457037","28.346621088502932","0.09785295070107303","0.0854497960432252","12.806653890849383","-1","0.0","0.0","0.0"
"CURVE 1","0.08560565093395017","26.638476182457037","28.346621088502932","0.09816786533564477","0.08552174800664038","12.546781953522942","-1","0.0","0.0","0.0"
"CURVE 1","0.08560565093395017","26.638476182457037","28.346621088502932","0.09848553267284411","0.08559569144130345","12.292027334961842","-1","0.0","0.0","0.0"
