"Curve Name","Curve Length (um)","Average Curvature (um-1)","Curvature Std (um-1)","X-Coordinate (um)","Y-Coordinate (um)","Point Curvature (um-1)","Point Curvature Sign","Red Intensity","Green Intensity","Blue Intensity"
"CURVE 1","0.08554937387127004","23.969992252312526","30.890108730815726","0.021194029850746268","0.10597014925373134","29.77459118933178","1","1.0","1.0","1.0"
"CURVE 1","0.08554937387127004","23.969992252312526","30.890108730815726","0.021361612822879014","0.10617791116534181","30.777911902235655","1","0.0","0.0","0.0"
"CURVE 1","0.08554937387127004","23.969992252312526","30.890108730815726","0.021528542741614195","0.10638144289083148","31.81546109630036","1","0.0","0.0","0.0"
"CURVE 1","0.08554937387127004","23.969992252312526","30.890108730815726","0.021694822453740818","0.10658077759529226","32.888110803366395","1","0.0","0.0","0.0"
"CURVE 1","0.08554937387127004","23.969992252312526","30.890108730815726","0.021860454806047883","0.10677594844381606","33.99671479276331","1","0.0","0.0","0.0"
"CURVE 1","0.08554937387127004","23.969992252312526","30.890108730815726","0.022025442645324404","0.10696698860149478","35.142102852496635","1","0.0","0.0","0.0"
"CURVE 1","0.08554937387127004","23.969992252312526","30.890108730815726","0.022189788818359375","0.10715393123342029","36.32507449958525","1","0.0","0.0","0.0"
"CURVE 1","0.08554937387127004","23.969992252312526","30.890108730815726","0.02235349617194181","0.10733680950468451","37.54639209665274","1","0.0","0.0","0.0"
"CURVE 1","0.08554937387127004","23.969992252312526","30.890108730815726","0.0225165675528607","0.10751565658037934","38.80677331424809","1","0.0","0.0","0.0"
"CURVE 1","0.08554937387127004","23.969992252312526","30.890108730815726","0.022679005807905057","0.10769050562559668","40.106882959219575","1","0.0","0.0","0.0"
"CURVE 1","0.08554937387127004","23.969992252312526","30.890108730815726","0.02284081378386389","0.10786138980542842","41.44732412180799","1","0.0","0.0","0.0"
"CURVE 1","0.08554937387127004","23.969992252312526","30.890108730815726","0.02300199432752619","0.10802834228496647","42.82862862225956","1","1.0","1.0","1.0"
"CURVE 1","0.08554937387127004","23.969992252312526","30.890108730815726","0.023162550285680972","0.1081913962293027","44.251246790045116","1","1.0","1.0","1.0"
"CURVE 1","0.08554937387127004","23.969992252312526","30.890108730815726","0.023322484505117237","0.10835058480352903","45.71553651659835","1","1.0","1.0","1.0"
"CURVE 1","0.08554937387127004","23.969992252312526","30.890108730815726","0.02348179983262399","0.10850594117273739","47.221751643254656","1","1.0","1.0","1.0"
"CURVE 1","0.08554937387127004","23.969992252312526","30.890108730815726","0.02364049911499024","0.10865749850201963","48.77002968226643","1","1.0","1.0","1.0"
"CURVE 1","0.08554937387127004","23.969992252312526","30.890108730815726","0.023798585199004976","0.10880528995646767","50.360378893588454","1","1.0","1.0","1.0"
"CURVE 1","0.08554937387127004","23.969992252312526","30.890108730815726","0.023956060931457218","0.1089493487011734","51.99266479296929","1","1.0","1.0","1.0"
"CURVE 1","0.08554937387127004","23.969992252312526","30.890108730815726","0.02411292915913596","0.10908970790122872","53.66659613357158","1","0.0","0.0","0.0"
"CURVE 1","0.08554937387127004","23.969992252312526","30.890108730815726","0.024269192728830213","0.10922640072172554","55.38171043652591","1","0.0","0.0","0.0"
"CURVE 1","0.08554937387127004","23.969992252312526","30.890108730815726","0.02442485448732898","0.10935946032775576","57.137359210581316","1","0.0","0.0","0.0"
"CURVE 1","0.08554937387127004","23.969992252312526","30.890108730815726","0.024579917281421265","0.10948891988441126","58.9326929226156","1","0.0","0.0","0.0"
"CURVE 1","0.08554937387127004","23.969992252312526","30.890108730815726","0.02473438395789607","0.10961481255678396","60.76664592443637","1","0.0","0.0","0.0"
"CURVE 1","0.08554937387127004","23.969992252312526","30.890108730815726","0.0248882573635424","0.10973717150996574","62.63792145591673","1","0.0","0.0","0.0"
"CURVE 1","0.08554937387127004","23.969992252312526","30.890108730815726","0.025041540345149257","0.10985602990904852","64.54497695356304","1","0.0","0.0","0.0"
"CURVE 1","0.08554937387127004","23.969992252312526","30.890108730815726","0.02519423574950565","0.10997142091912418","66.48600984899012","1","0.0","0.0","0.0"
"CURVE 1","0.08554937387127004","23.969992252312526","30.890108730815726","0.025346346423400584","0.11008337770528462","68.45894412415448","1","1.0","1.0","1.0"
"CURVE 1","0.08554937387127004","23.969992252312526","30.890108730815726","0.02549787521362305","0.11019193343262174","70.4614178958975","1","1.0","1.0","1.0"
"CURVE 1","0.08554937387127004","23.969992252312526","30.890108730815726","0.025648824966962067","0.11029712126622747","72.49077227120512","1","1.0","1.0","1.0"
"CURVE 1","0.08554937387127004","23.969992252312526","30.890108730815726","0.025799198530206634","0.11039897437119366","74.5440418331181","1","1.0","1.0","1.0"
"CURVE 1","0.08554937387127004","23.969992252312526","30.890108730815726","0.02594899875014576","0.11049752591261223","76.61794704712061","1","1.0","1.0","1.0"
"CURVE 1","0.08554937387127004","23.969992252312526","30.890108730815726","0.026098228473568442","0.11059280905557509","78.70888895598594","1","0.0","0.0","0.0"
"CURVE 1","0.08554937387127004","23.969992252312526","30.890108730815726","0.026246890547263684","0.11068485696517413","80.8129464188253","1","0.0","0.0","0.0"
"CURVE 1","0.08554937387127004","23.969992252312526","30.890108730815726","0.026394987818020497","0.11077370280650126","82.9258763717181","1","0.0","0.0","0.0"
"CURVE 1","0.08554937387127004","23.969992252312526","30.890108730815726","0.02654252313262788","0.11085937974464834","85.0431172730118","1","0.0","0.0","0.0"
"CURVE 1","0.08554937387127004","23.969992252312526","30.890108730815726","0.026689499337874838","0.11094192094470731","87.159796172917","1","0.0","0.0","0.0"
"CURVE 1","0.08554937387127004","23.969992252312526","30.890108730815726","0.026835919280550374","0.11102135957177006","89.27073962264177","1","0.0","0.0","0.0"
"CURVE 1","0.08554937387127004","23.969992252312526","30.890108730815726","0.0269817858074435","0.11109772879092847","91.37048865815159","1","0.0","0.0","0.0"
"CURVE 1","0.08554937387127004","23.969992252312526","30.890108730815726","0.027127101765343206","0.11117106176727447","93.4533180839613","1","0.0","0.0","0.0"
"CURVE 1","0.08554937387127004","23.969992252312526","30.890108730815726","0.02727187000103851","0.11124139166589993","95.51326017257573","1","0.0","0.0","0.0"
"CURVE 1","0.08554937387127004","23.969992252312526","30.890108730815726","0.02741609336131841","0.11130875165189677","97.54413279166391","1","0.0","0.0","0.0"
"CURVE 1","0.08554937387127004","23.969992252312526","30.890108730815726","0.027559774692971908","0.11137317489035688","99.53957201174369","1","0.0","0.0","0.0"
"CURVE 1","0.08554937387127004","23.969992252312526","30.890108730815726","0.027702916842788014","0.11143469454637216","101.49306900991137","1","0.0","0.0","0.0"
"CURVE 1","0.08554937387127004","23.969992252312526","30.890108730815726","0.027845522657555726","0.1114933437850345","103.39801108453311","1","0.0","0.0","0.0"
"CURVE 1","0.08554937387127004","23.969992252312526","30.890108730815726","0.027987594984064054","0.1115491557714358","105.24772647656806","1","0.0","0.0","0.0"
"CURVE 1","0.08554937387127004","23.969992252312526","30.890108730815726","0.028129136669101995","0.11160216367066798","107.03553255727573","1","0.0","0.0","0.0"
"CURVE 1","0.08554937387127004","23.969992252312526","30.890108730815726","0.028270150559458564","0.1116524006478229","108.75478686415043","1","0.0","0.0","0.0"
"CURVE 1","0.08554937387127004","23.969992252312526","30.890108730815726","0.028410639501922758","0.11169989986799249","110.39894038423306","1","0.0","0.0","0.0"
"CURVE 1","0.08554937387127004","23.969992252312526","30.890108730815726","0.028550606343283585","0.11174469449626867","111.9615923535354","1","0.0","0.0","0.0"
"CURVE 1","0.08554937387127004","23.969992252312526","30.890108730815726","0.028690053930330042","0.11178681769774329","113.43654581862295","1","0.0","0.0","0.0"
"CURVE 1","0.08554937387127004","23.969992252312526","30.890108730815726","0.02882898510985114","0.11182630263750827","114.81786310168101","1","0.0","0.0","0.0"
"CURVE 1","0.08554937387127004","23.969992252312526","30.890108730815726","0.028967402728635877","0.1118631824806555","116.09992022530442","1","0.0","0.0","0.0"
"CURVE 1","0.08554937387127004","23.969992252312526","30.890108730815726","0.029105309633473263","0.1118974903922769","117.27745953352083","1","0.0","0.0","0.0"
"CURVE 1","0.08554937387127004","23.969992252312526","30.890108730815726","0.029242708671152296","0.11192925953746437","118.34563941006404","1","0.0","0.0","0.0"
"CURVE 1","0.08554937387127004","23.969992252312526","30.890108730815726","0.029379602688461987","0.11195852308130975","119.3000803905282","1","0.0","0.0","0.0"
"CURVE 1","0.08554937387127004","23.969992252312526","30.890108730815726","0.02951599453219134","0.11198531418890502","120.13690669705","1","0.0","0.0","0.0"
"CURVE 1","0.08554937387127004","23.969992252312526","30.890108730815726","0.029651887049129355","0.11200966602534203","120.85278250570761","1","0.0","0.0","0.0"
"CURVE 1","0.08554937387127004","23.969992252312526","30.890108730815726","0.029787283086065038","0.1120316117557127","121.44494233616079","1","0.0","0.0","0.0"
"CURVE 1","0.08554937387127004","23.969992252312526","30.890108730815726","0.029922185489787388","0.11205118454510893","121.91121483698389","1","0.0","0.0","0.0"
"CURVE 1","0.08554937387127004","23.969992252312526","30.890108730815726","0.030056597107085418","0.1120684175586226","122.25003980192442","1","0.0","0.0","0.0"
"CURVE 1","0.08554937387127004","23.969992252312526","30.890108730815726","0.030190520784748133","0.11208334396134562","122.46047792137456","1","0.0","0.0","0.0"
"CURVE 1","0.08554937387127004","23.969992252312526","30.890108730815726","0.030323959369564526","0.11209599691836988","122.5422132653502","1","0.0","0.0","0.0"
"CURVE 1","0.08554937387127004","23.969992252312526","30.890108730815726","0.030456915708323613","0.11210640959478729","122.495548550972","1","0.0","0.0","0.0"
"CURVE 1","0.08554937387127004","23.969992252312526","30.890108730815726","0.030589392647814392","0.11211461515568977","122.32139326072429","1","0.0","0.0","0.0"
"CURVE 1","0.08554937387127004","23.969992252312526","30.890108730815726","0.03072139303482587","0.11212064676616916","122.02124506278201","1","0.0","0.0","0.0"
"CURVE 1","0.08554937387127004","23.969992252312526","30.890108730815726","0.030852919716147047","0.11212453759131741","121.59716490221346","1","0.0","0.0","0.0"
"CURVE 1","0.08554937387127004","23.969992252312526","30.890108730815726","0.03098397553856693","0.11212632079622639","121.0517463421567","1","0.0","0.0","0.0"
"CURVE 1","0.08554937387127004","23.969992252312526","30.890108730815726","0.031114563348874524","0.11212602954598802","120.38807988639009","1","0.0","0.0","0.0"
"CURVE 1","0.08554937387127004","23.969992252312526","30.890108730815726","0.03124468599385883","0.1121236970056942","119.60971291560976","1","0.0","0.0","0.0"
"CURVE 1","0.08554937387127004","23.969992252312526","30.890108730815726","0.03137434632030885","0.11211935634043681","118.72060607054868","1","0.0","0.0","0.0"
"CURVE 1","0.08554937387127004","23.969992252312526","30.890108730815726","0.0315035471750136","0.11211304071530777","117.7250869781591","1","0.0","0.0","0.0"
"CURVE 1","0.08554937387127004","23.969992252312526","30.890108730815726","0.03163229140476208","0.11210478329539893","116.62780199818008","1","0.0","0.0","0.0"
"CURVE 1","0.08554937387127004","23.969992252312526","30.890108730815726","0.031760581856343284","0.11209461724580226","115.43366690051704","1","0.0","0.0","0.0"
"CURVE 1","0.08554937387127004","23.969992252312526","30.890108730815726","0.031888421376546225","0.11208257573160961","114.14781730295584","1","0.0","0.0","0.0"
"CURVE 1","0.08554937387127004","23.969992252312526","30.890108730815726","0.0320158128121599","0.1120686919179129","112.7755593977411","1","0.0","0.0","0.0"
"CURVE 1","0.08554937387127004","23.969992252312526","30.890108730815726","0.03214275900997332","0.11205299896980402","111.32232190876191","1","0.0","0.0","0.0"
"CURVE 1","0.08554937387127004","23.969992252312526","30.890108730815726","0.032269262816775494","0.11203553005237485","109.79360965095111","1","0.0","0.0","0.0"
"CURVE 1","0.08554937387127004","23.969992252312526","30.890108730815726","0.03239532707935541","0.11201631833071733","108.19495929735973","1","0.0","0.0","0.0"
"CURVE 1","0.08554937387127004","23.969992252312526","30.890108730815726","0.032520954644502095","0.11199539696992335","106.53189785295886","1","0.0","0.0","0.0"
"CURVE 1","0.08554937387127004","23.969992252312526","30.890108730815726","0.03264614835900454","0.11197279913508479","104.80990402227502","1","0.0","0.0","0.0"
"CURVE 1","0.08554937387127004","23.969992252312526","30.890108730815726","0.03277091106965174","0.11194855799129354","103.03437289052849","1","0.0","0.0","0.0"
"CURVE 1","0.08554937387127004","23.969992252312526","30.890108730815726","0.032895245623232705","0.11192270670364153","101.210583990092","1","0.0","0.0","0.0"
"CURVE 1","0.08554937387127004","23.969992252312526","30.890108730815726","0.033019154866536456","0.11189527843722064","99.34367289603746","1","0.0","0.0","0.0"
"CURVE 1","0.08554937387127004","23.969992252312526","30.890108730815726","0.03314264164635198","0.11186630635712279","97.43860639661561","1","0.0","0.0","0.0"
"CURVE 1","0.08554937387127004","23.969992252312526","30.890108730815726","0.03326570880946828","0.11183582362843984","95.50016119771551","1","0.0","0.0","0.0"
"CURVE 1","0.08554937387127004","23.969992252312526","30.890108730815726","0.03338835920267437","0.11180386341626372","93.53290599169047","1","0.0","0.0","0.0"
"CURVE 1","0.08554937387127004","23.969992252312526","30.890108730815726","0.033510595672759255","0.11177045888568633","91.54118694005221","1","0.0","0.0","0.0"
"CURVE 1","0.08554937387127004","23.969992252312526","30.890108730815726","0.033632421066511924","0.11173564320179954","89.52911624138179","1","0.0","0.0","0.0"
"CURVE 1","0.08554937387127004","23.969992252312526","30.890108730815726","0.033753838230721395","0.11169944952969528","87.50056359694993","1","0.0","0.0","0.0"
"CURVE 1","0.08554937387127004","23.969992252312526","30.890108730815726","0.03387485001217667","0.11166191103446543","85.45915049632377","1","0.0","0.0","0.0"
"CURVE 1","0.08554937387127004","23.969992252312526","30.890108730815726","0.03399545925766675","0.11162306088120191","83.40824687820017","1","0.0","0.0","0.0"
"CURVE 1","0.08554937387127004","23.969992252312526","30.890108730815726","0.034115668813980635","0.11158293223499659","81.35097006128193","1","0.0","0.0","0.0"
"CURVE 1","0.08554937387127004","23.969992252312526","30.890108730815726","0.034235481527907334","0.1115415582609414","79.29018570336571","1","0.0","0.0","0.0"
"CURVE 1","0.08554937387127004","23.969992252312526","30.890108730815726","0.03435490024623586","0.11149897212412821","77.22851043570374","1","0.0","0.0","0.0"
"CURVE 1","0.08554937387127004","23.969992252312526","30.890108730815726","0.0344739278157552","0.11145520698964893","75.16831605470992","1","0.0","0.0","0.0"
"CURVE 1","0.08554937387127004","23.969992252312526","30.890108730815726","0.03459256708325438","0.11141029602259547","73.11173493203059","1","0.0","0.0","0.0"
"CURVE 1","0.08554937387127004","23.969992252312526","30.890108730815726","0.03471082089552239","0.11136427238805971","71.06066652710906","1","0.0","0.0","0.0"
"CURVE 1","0.08554937387127004","23.969992252312526","30.890108730815726","0.03482869209934823","0.11131716925113357","69.01678475058101","1","0.0","0.0","0.0"
"CURVE 1","0.08554937387127004","23.969992252312526","30.890108730815726","0.03494618354152091","0.11126901977690892","66.9815459327632","1","0.0","0.0","0.0"
"CURVE 1","0.08554937387127004","23.969992252312526","30.890108730815726","0.03506329806882944","0.11121985713047769","64.95619736466693","1","0.0","0.0","0.0"
"CURVE 1","0.08554937387127004","23.969992252312526","30.890108730815726","0.03518003852806281","0.11116971447693176","62.94178609661705","1","0.0","0.0","0.0"
"CURVE 1","0.08554937387127004","23.969992252312526","30.890108730815726","0.035296407766010035","0.11111862498136305","60.93916801619299","1","0.0","0.0","0.0"
"CURVE 1","0.08554937387127004","23.969992252312526","30.890108730815726","0.035412408629460115","0.11106662180886341","58.94901692049587","1","0.0","0.0","0.0"
"CURVE 1","0.08554937387127004","23.969992252312526","30.890108730815726","0.03552804396520206","0.1110137381245248","56.97183358323534","1","0.0","0.0","0.0"
"CURVE 1","0.08554937387127004","23.969992252312526","30.890108730815726","0.03564331662002488","0.11096000709343906","55.00795472356413","1","0.0","0.0","0.0"
"CURVE 1","0.08554937387127004","23.969992252312526","30.890108730815726","0.035758229440717555","0.11090546188069815","53.05756172148676","1","0.0","0.0","0.0"
"CURVE 1","0.08554937387127004","23.969992252312526","30.890108730815726","0.03587278527406911","0.11085013565139391","51.12068906860393","1","0.0","0.0","0.0"
"CURVE 1","0.08554937387127004","23.969992252312526","30.890108730815726","0.03598698696686854","0.11079406157061829","49.197232512781696","1","0.0","0.0","0.0"
"CURVE 1","0.08554937387127004","23.969992252312526","30.890108730815726","0.03610083736590485","0.11073727280346315","47.28695680915077","1","0.0","0.0","0.0"
"CURVE 1","0.08554937387127004","23.969992252312526","30.890108730815726","0.036214339317967054","0.11067980251502041","45.3895030144779","1","0.0","0.0","0.0"
"CURVE 1","0.08554937387127004","23.969992252312526","30.890108730815726","0.03632749566984414","0.11062168387038196","43.50439546148167","1","0.0","0.0","0.0"
"CURVE 1","0.08554937387127004","23.969992252312526","30.890108730815726","0.03644030926832512","0.11056295003463973","41.63104811132879","1","0.0","0.0","0.0"
"CURVE 1","0.08554937387127004","23.969992252312526","30.890108730815726","0.03655278296019901","0.11050363417288557","39.76877057348314","1","0.0","0.0","0.0"
"CURVE 1","0.08554937387127004","23.969992252312526","30.890108730815726","0.03666491959225479","0.11044376945021142","37.91677359525777","1","0.0","0.0","0.0"
"CURVE 1","0.08554937387127004","23.969992252312526","30.890108730815726","0.03677672201128149","0.11038338903170913","36.07417401703752","1","0.0","0.0","0.0"
"CURVE 1","0.08554937387127004","23.969992252312526","30.890108730815726","0.03688819306406809","0.11032252608247065","34.239999337689696","1","0.0","0.0","0.0"
"CURVE 1","0.08554937387127004","23.969992252312526","30.890108730815726","0.03699933559740361","0.11026121376758785","32.41319171896309","1","0.0","0.0","0.0"
"CURVE 1","0.08554937387127004","23.969992252312526","30.890108730815726","0.03711015245807704","0.11019948525215263","30.59261156713196","1","0.0","0.0","0.0"
"CURVE 1","0.08554937387127004","23.969992252312526","30.890108730815726","0.03722064649287741","0.11013737370125691","28.77704065137571","1","0.0","0.0","0.0"
"CURVE 1","0.08554937387127004","23.969992252312526","30.890108730815726","0.0373308205485937","0.11007491227999257","26.965184714103284","1","0.0","0.0","0.0"
"CURVE 1","0.08554937387127004","23.969992252312526","30.890108730815726","0.037440677472014926","0.1100121341534515","25.155675743937735","1","0.0","0.0","0.0"
"CURVE 1","0.08554937387127004","23.969992252312526","30.890108730815726","0.03755022010993009","0.10994907248672561","23.34707372572245","1","0.0","0.0","0.0"
"CURVE 1","0.08554937387127004","23.969992252312526","30.890108730815726","0.037659451309128185","0.10988576044490682","21.537868040593523","1","0.0","0.0","0.0"
"CURVE 1","0.08554937387127004","23.969992252312526","30.890108730815726","0.037768373916398236","0.109822231193087","19.726478464807105","1","0.0","0.0","0.0"
"CURVE 1","0.08554937387127004","23.969992252312526","30.890108730815726","0.03787699077852923","0.10975851789635806","17.911255785673383","1","0.0","0.0","0.0"
"CURVE 1","0.08554937387127004","23.969992252312526","30.890108730815726","0.037985304742310176","0.1096946537198119","16.090482033413885","1","0.0","0.0","0.0"
"CURVE 1","0.08554937387127004","23.969992252312526","30.890108730815726","0.038093318654530084","0.10963067182854042","14.262370456837159","1","0.0","0.0","0.0"
"CURVE 1","0.08554937387127004","23.969992252312526","30.890108730815726","0.038201035361977956","0.10956660538763549","12.425065055370592","1","0.0","0.0","0.0"
"CURVE 1","0.08554937387127004","23.969992252312526","30.890108730815726","0.038308457711442784","0.10950248756218907","10.576639920345016","1","0.0","0.0","0.0"
"CURVE 1","0.08554937387127004","23.969992252312526","30.890108730815726","0.038415588597160065","0.10943834613211711","10.487104656342478","1","0.0","0.0","0.0"
"CURVE 1","0.08554937387127004","23.969992252312526","30.890108730815726","0.03852243110315123","0.10937418733663228","10.395781161362674","1","0.0","0.0","0.0"
"CURVE 1","0.08554937387127004","23.969992252312526","30.890108730815726","0.03862898836088418","0.1093100120297712","10.30267044693333","1","0.0","0.0","0.0"
"CURVE 1","0.08554937387127004","23.969992252312526","30.890108730815726","0.0387352635018268","0.1092458210655706","10.207773950932951","1","0.0","0.0","0.0"
"CURVE 1","0.08554937387127004","23.969992252312526","30.890108730815726","0.038841259657447","0.10918161529806716","10.11109350660761","1","0.0","0.0","0.0"
"CURVE 1","0.08554937387127004","23.969992252312526","30.890108730815726","0.03894697995921272","0.10911739558129761","10.012631378283709","1","0.0","0.0","0.0"
"CURVE 1","0.08554937387127004","23.969992252312526","30.890108730815726","0.03905242753859183","0.10905316276929865","9.912390268765622","1","0.0","0.0","0.0"
"CURVE 1","0.08554937387127004","23.969992252312526","30.890108730815726","0.03915760552705224","0.10898891771610697","9.810373285582068","1","0.0","0.0","0.0"
"CURVE 1","0.08554937387127004","23.969992252312526","30.890108730815726","0.03926251705606185","0.10892466127575927","9.706583985663036","1","0.0","0.0","0.0"
"CURVE 1","0.08554937387127004","23.969992252312526","30.890108730815726","0.03936716525708859","0.10886039430229225","9.601026335958961","1","0.0","0.0","0.0"
"CURVE 1","0.08554937387127004","23.969992252312526","30.890108730815726","0.039471553261600324","0.10879611764974262","9.493704746494736","1","0.0","0.0","0.0"
"CURVE 1","0.08554937387127004","23.969992252312526","30.890108730815726","0.03957568420106499","0.10873183217214707","9.384624054850278","1","0.0","0.0","0.0"
"CURVE 1","0.08554937387127004","23.969992252312526","30.890108730815726","0.039679561206950466","0.10866753872354232","9.273789533559441","1","0.0","0.0","0.0"
"CURVE 1","0.08554937387127004","23.969992252312526","30.890108730815726","0.03978318741072469","0.10860323815796505","9.161206890345117","1","0.0","0.0","0.0"
"CURVE 1","0.08554937387127004","23.969992252312526","30.890108730815726","0.03988656594385555","0.10853893132945197","9.046882271648862","1","0.0","0.0","0.0"
"CURVE 1","0.08554937387127004","23.969992252312526","30.890108730815726","0.039989699937810944","0.1084746190920398","8.930822247343968","1","0.0","0.0","0.0"
"CURVE 1","0.08554937387127004","23.969992252312526","30.890108730815726","0.04009259252405877","0.10841030229976523","8.813033838750508","1","0.0","0.0","0.0"
"CURVE 1","0.08554937387127004","23.969992252312526","30.890108730815726","0.040195246834066965","0.10834598180666492","8.69352451166212","1","0.0","0.0","0.0"
"CURVE 1","0.08554937387127004","23.969992252312526","30.890108730815726","0.04029766599930341","0.10828165846677562","8.572302147158048","1","0.0","0.0","0.0"
"CURVE 1","0.08554937387127004","23.969992252312526","30.890108730815726","0.040399853151236","0.10821733313413401","8.449375085238206","1","0.0","0.0","0.0"
"CURVE 1","0.08554937387127004","23.969992252312526","30.890108730815726","0.04050181142133266","0.1081530066627768","8.324752094317988","1","0.0","0.0","0.0"
"CURVE 1","0.08554937387127004","23.969992252312526","30.890108730815726","0.04060354394106129","0.10808867990674072","8.198442394690524","1","0.0","0.0","0.0"
"CURVE 1","0.08554937387127004","23.969992252312526","30.890108730815726","0.04070505384188979","0.10802435372006242","8.070455633699865","1","0.0","0.0","0.0"
"CURVE 1","0.08554937387127004","23.969992252312526","30.890108730815726","0.040806344255286064","0.10796002895677861","7.940801901953733","1","0.0","0.0","0.0"
"CURVE 1","0.08554937387127004","23.969992252312526","30.890108730815726","0.040907418312718026","0.107895706470926","7.809491729466186","1","0.0","0.0","0.0"
"CURVE 1","0.08554937387127004","23.969992252312526","30.890108730815726","0.04100827914565357","0.10783138711654132","7.676536101809574","1","0.0","0.0","0.0"
"CURVE 1","0.08554937387127004","23.969992252312526","30.890108730815726","0.0411089298855606","0.10776707174766122","7.541946413175208","1","0.0","0.0","0.0"
"CURVE 1","0.08554937387127004","23.969992252312526","30.890108730815726","0.04120937366390703","0.10770276121832245","7.405734521328808","1","0.0","0.0","0.0"
"CURVE 1","0.08554937387127004","23.969992252312526","30.890108730815726","0.041309613612160755","0.10763845638256168","7.267912709784144","1","0.0","0.0","0.0"
"CURVE 1","0.08554937387127004","23.969992252312526","30.890108730815726","0.04140965286178968","0.10757415809441563","7.128493695175592","1","0.0","0.0","0.0"
"CURVE 1","0.08554937387127004","23.969992252312526","30.890108730815726","0.04150949454426173","0.10750986720792097","6.987490646628608","1","0.0","0.0","0.0"
"CURVE 1","0.08554937387127004","23.969992252312526","30.890108730815726","0.04160914179104478","0.10744558457711444","6.844917155727923","1","0.0","0.0","0.0"
"CURVE 1","0.08554937387127004","23.969992252312526","30.890108730815726","0.04170859773360675","0.10738131105603271","6.70078725507736","1","0.0","0.0","0.0"
"CURVE 1","0.08554937387127004","23.969992252312526","30.890108730815726","0.041807865503415545","0.1073170474987125","6.555115397550154","1","0.0","0.0","0.0"
"CURVE 1","0.08554937387127004","23.969992252312526","30.890108730815726","0.041906948231939065","0.1072527947591905","6.407916483207623","1","0.0","0.0","0.0"
"CURVE 1","0.08554937387127004","23.969992252312526","30.890108730815726","0.04200584905064521","0.10718855369150343","6.259205840890504","1","0.0","0.0","0.0"
"CURVE 1","0.08554937387127004","23.969992252312526","30.890108730815726","0.0421045710910019","0.10712432514968798","6.108999212894475","1","0.0","0.0","0.0"
"CURVE 1","0.08554937387127004","23.969992252312526","30.890108730815726","0.042203117484477026","0.10706010998778083","5.957312797606554","1","0.0","0.0","0.0"
"CURVE 1","0.08554937387127004","23.969992252312526","30.890108730815726","0.0423014913625385","0.10699590905981872","5.8041631831625775","1","0.0","0.0","0.0"
"CURVE 1","0.08554937387127004","23.969992252312526","30.890108730815726","0.04239969585665423","0.10693172321983832","5.649567411062325","1","0.0","0.0","0.0"
"CURVE 1","0.08554937387127004","23.969992252312526","30.890108730815726","0.04249773409829211","0.10686755332187635","5.4935429259248485","1","0.0","0.0","0.0"
"CURVE 1","0.08554937387127004","23.969992252312526","30.890108730815726","0.04259560921892005","0.1068034002199695","5.33610761089105","1","0.0","0.0","0.0"
"CURVE 1","0.08554937387127004","23.969992252312526","30.890108730815726","0.04269332435000595","0.10673926476815447","5.177279748007047","1","0.0","0.0","0.0"
"CURVE 1","0.08554937387127004","23.969992252312526","30.890108730815726","0.04279088262301772","0.10667514782046798","5.017078040370672","1","0.0","0.0","0.0"
"CURVE 1","0.08554937387127004","23.969992252312526","30.890108730815726","0.042888287169423264","0.10661105023094672","4.8555216118417786","1","0.0","0.0","0.0"
"CURVE 1","0.08554937387127004","23.969992252312526","30.890108730815726","0.042985541120690494","0.10654697285362738","4.692629998001733","1","0.0","0.0","0.0"
"CURVE 1","0.08554937387127004","23.969992252312526","30.890108730815726","0.0430826476082873","0.10648291654254669","4.528423127421133","1","0.0","0.0","0.0"
"CURVE 1","0.08554937387127004","23.969992252312526","30.890108730815726","0.04317960976368159","0.1064188821517413","4.362921350930357","1","0.0","0.0","0.0"
"CURVE 1","0.08554937387127004","23.969992252312526","30.890108730815726","0.04327643071834127","0.10635487053524796","4.196145414127341","1","0.0","0.0","0.0"
"CURVE 1","0.08554937387127004","23.969992252312526","30.890108730815726","0.043373113603734255","0.10629088254710337","4.028116461707386","1","0.0","0.0","0.0"
"CURVE 1","0.08554937387127004","23.969992252312526","30.890108730815726","0.043469661551328434","0.1062269190413442","3.858856050336375","1","0.0","0.0","0.0"
"CURVE 1","0.08554937387127004","23.969992252312526","30.890108730815726","0.04356607769259173","0.10616298087200715","3.6883860974757274","1","0.0","0.0","0.0"
"CURVE 1","0.08554937387127004","23.969992252312526","30.890108730815726","0.043662365158992016","0.10609906889312896","3.516728953315575","1","0.0","0.0","0.0"
"CURVE 1","0.08554937387127004","23.969992252312526","30.890108730815726","0.04375852708199723","0.10603518395874632","3.343907328147848","1","0.0","0.0","0.0"
"CURVE 1","0.08554937387127004","23.969992252312526","30.890108730815726","0.04385456659307526","0.10597132692289592","3.1699443265711538","1","0.0","0.0","0.0"
"CURVE 1","0.08554937387127004","23.969992252312526","30.890108730815726","0.04395048682369402","0.10590749863961443","2.994863433975452","1","0.0","0.0","0.0"
"CURVE 1","0.08554937387127004","23.969992252312526","30.890108730815726","0.0440462909053214","0.10584369996293862","2.818688506982439","1","0.0","0.0","0.0"
"CURVE 1","0.08554937387127004","23.969992252312526","30.890108730815726","0.04414198196942533","0.10577993174690514","2.6414437933182873","1","0.0","0.0","0.0"
"CURVE 1","0.08554937387127004","23.969992252312526","30.890108730815726","0.04423756314747368","0.10571619484555068","2.4631538884735718","1","0.0","0.0","0.0"
"CURVE 1","0.08554937387127004","23.969992252312526","30.890108730815726","0.04433303757093438","0.105652490112912","2.283843764428245","1","0.0","0.0","0.0"
"CURVE 1","0.08554937387127004","23.969992252312526","30.890108730815726","0.044428408371275326","0.10558881840302577","2.1035387604731506","1","0.0","0.0","0.0"
"CURVE 1","0.08554937387127004","23.969992252312526","30.890108730815726","0.044523678679964436","0.1055251805699287","1.9222645681085788","1","0.0","0.0","0.0"
"CURVE 1","0.08554937387127004","23.969992252312526","30.890108730815726","0.04461885162846958","0.10546157746765747","1.7400472324433047","1","0.0","0.0","0.0"
"CURVE 1","0.08554937387127004","23.969992252312526","30.890108730815726","0.044713930348258706","0.10539800995024877","1.55691315548907","1","0.0","0.0","0.0"
"CURVE 1","0.08554937387127004","23.969992252312526","30.890108730815726","0.04480891797079969","0.10533447887173933","1.3728890763042292","1","0.0","0.0","0.0"
"CURVE 1","0.08554937387127004","23.969992252312526","30.890108730815726","0.04490381762756044","0.10527098508616585","1.1880020722684193","1","0.0","0.0","0.0"
"CURVE 1","0.08554937387127004","23.969992252312526","30.890108730815726","0.04499863245000885","0.10520752944756503","1.0022795721262585","1","0.0","0.0","0.0"
"CURVE 1","0.08554937387127004","23.969992252312526","30.890108730815726","0.045093365569612874","0.10514411280997357","0.8157493199375299","1","0.0","0.0","0.0"
"CURVE 1","0.08554937387127004","23.969992252312526","30.890108730815726","0.04518802011784035","0.10508073602742818","0.6284393934916965","1","0.0","0.0","0.0"
"CURVE 1","0.08554937387127004","23.969992252312526","30.890108730815726","0.04528259922615924","0.10501739995396554","0.4403781943199798","1","0.0","0.0","0.0"
"CURVE 1","0.08554937387127004","23.969992252312526","30.890108730815726","0.04537710602603741","0.10495410544362235","0.2515944366287064","1","0.0","0.0","0.0"
"CURVE 1","0.08554937387127004","23.969992252312526","30.890108730815726","0.045471543648942785","0.10489085335043533","0.06211713915115529","1","0.0","0.0","0.0"
"CURVE 1","0.08554937387127004","23.969992252312526","30.890108730815726","0.04556591522634326","0.10482764452844118","0.12802435303392043","-1","0.0","0.0","0.0"
"CURVE 1","0.08554937387127004","23.969992252312526","30.890108730815726","0.045660223889706746","0.10476447983167657","0.3188004294066058","-1","0.0","0.0","0.0"
"CURVE 1","0.08554937387127004","23.969992252312526","30.890108730815726","0.045754472770501126","0.10470136011417824","0.5101811459062475","-1","0.0","0.0","0.0"
"CURVE 1","0.08554937387127004","23.969992252312526","30.890108730815726","0.04584866500019434","0.1046382862299829","0.7021362913800195","-1","0.0","0.0","0.0"
"CURVE 1","0.08554937387127004","23.969992252312526","30.890108730815726","0.04594280371025427","0.10457525903312721","0.8946353755826236","-1","0.0","0.0","0.0"
"CURVE 1","0.08554937387127004","23.969992252312526","30.890108730815726","0.04603689203214882","0.1045122793776479","1.0876476111932025","-1","0.0","0.0","0.0"
"CURVE 1","0.08554937387127004","23.969992252312526","30.890108730815726","0.0461309330973459","0.10444934811758165","1.2811419642749766","-1","0.0","0.0","0.0"
"CURVE 1","0.08554937387127004","23.969992252312526","30.890108730815726","0.04622493003731343","0.10438646610696517","1.4750871184467311","-1","0.0","0.0","0.0"
"CURVE 1","0.08554937387127004","23.969992252312526","30.890108730815726","0.0463188859835193","0.10432363419983519","1.669451516853872","-1","0.0","0.0","0.0"
"CURVE 1","0.08554937387127004","23.969992252312526","30.890108730815726","0.046412804067431396","0.10426085325022837","1.864203326303716","-1","0.0","0.0","0.0"
"CURVE 1","0.08554937387127004","23.969992252312526","30.890108730815726","0.04650668742051765","0.10419812411218142","2.0593104901953128","-1","0.0","0.0","0.0"
"CURVE 1","0.08554937387127004","23.969992252312526","30.890108730815726","0.046600539174245954","0.10413544763973104","2.2547407209504633","-1","0.0","0.0","0.0"
"CURVE 1","0.08554937387127004","23.969992252312526","30.890108730815726","0.046694362460084224","0.10407282468691395","2.4504614624054524","-1","0.0","0.0","0.0"
"CURVE 1","0.08554937387127004","23.969992252312526","30.890108730815726","0.04678816040950035","0.10401025610776683","2.646439994037263","-1","0.0","0.0","0.0"
"CURVE 1","0.08554937387127004","23.969992252312526","30.890108730815726","0.046881936153962245","0.1039477427563264","2.8426433152122357","-1","0.0","0.0","0.0"
"CURVE 1","0.08554937387127004","23.969992252312526","30.890108730815726","0.04697569282493781","0.10388528548662936","3.0390382591874765","-1","0.0","0.0","0.0"
"CURVE 1","0.08554937387127004","23.969992252312526","30.890108730815726","0.04706943355389495","0.1038228851527124","3.2355914422067786","-1","0.0","0.0","0.0"
"CURVE 1","0.08554937387127004","23.969992252312526","30.890108730815726","0.047163161472301575","0.10376054260861221","3.432269301078636","-1","0.0","0.0","0.0"
"CURVE 1","0.08554937387127004","23.969992252312526","30.890108730815726","0.047256879711625586","0.10369825870836553","3.6290380750496087","-1","0.0","0.0","0.0"
"CURVE 1","0.08554937387127004","23.969992252312526","30.890108730815726","0.04735059140333489","0.10363603430600904","3.8258638181096676","-1","0.0","0.0","0.0"
"CURVE 1","0.08554937387127004","23.969992252312526","30.890108730815726","0.047444299678897385","0.1035738702555794","4.022712442668339","-1","0.0","0.0","0.0"
"CURVE 1","0.08554937387127004","23.969992252312526","30.890108730815726","0.04753800766978098","0.1035117674111134","4.219549670041836","-1","0.0","0.0","0.0"
"CURVE 1","0.08554937387127004","23.969992252312526","30.890108730815726","0.047631718507453576","0.10344972662664766","4.416341093350204","-1","0.0","0.0","0.0"
"CURVE 1","0.08554937387127004","23.969992252312526","30.890108730815726","0.04772543532338309","0.10338774875621891","4.613052165390843","-1","0.0","0.0","0.0"
"CURVE 1","0.08554937387127004","23.969992252312526","30.890108730815726","0.047819161249037415","0.10332583465386387","4.809648179014965","-1","0.0","0.0","0.0"
"CURVE 1","0.08554937387127004","23.969992252312526","30.890108730815726","0.047912899415884454","0.1032639851736192","5.0060943187569755","-1","0.0","0.0","0.0"
"CURVE 1","0.08554937387127004","23.969992252312526","30.890108730815726","0.048006652955392116","0.10320220116952165","5.202355657565124","-1","0.0","0.0","0.0"
"CURVE 1","0.08554937387127004","23.969992252312526","30.890108730815726","0.0481004249990283","0.1031404834956079","5.398397156514169","-1","0.0","0.0","0.0"
"CURVE 1","0.08554937387127004","23.969992252312526","30.890108730815726","0.04819421867826092","0.10307883300591465","5.594183676667625","-1","0.0","0.0","0.0"
"CURVE 1","0.08554937387127004","23.969992252312526","30.890108730815726","0.048288037124557884","0.10301725055447858","5.789680000617026","-1","0.0","0.0","0.0"
"CURVE 1","0.08554937387127004","23.969992252312526","30.890108730815726","0.04838188346938708","0.10295573699533643","5.984850834468418","-1","0.0","0.0","0.0"
"CURVE 1","0.08554937387127004","23.969992252312526","30.890108730815726","0.048475760844216426","0.10289429318252488","6.1796607924050315","-1","0.0","0.0","0.0"
"CURVE 1","0.08554937387127004","23.969992252312526","30.890108730815726","0.04856967238051381","0.10283291997008061","6.374074473510894","-1","0.0","0.0","0.0"
"CURVE 1","0.08554937387127004","23.969992252312526","30.890108730815726","0.04866362120974716","0.10277161821204038","6.568056399913367","-1","0.0","0.0","0.0"
"CURVE 1","0.08554937387127004","23.969992252312526","30.890108730815726","0.04875761046338437","0.10271038876244083","6.7615710695243365","-1","0.0","0.0","0.0"
"CURVE 1","0.08554937387127004","23.969992252312526","30.890108730815726","0.048851643272893354","0.10264923247531871","6.954582955797144","-1","0.0","0.0","0.0"
"CURVE 1","0.08554937387127004","23.969992252312526","30.890108730815726","0.04894572276974199","0.10258815020471068","7.147056504755219","-1","0.0","0.0","0.0"
"CURVE 1","0.08554937387127004","23.969992252312526","30.890108730815726","0.04903985208539821","0.10252714280465347","7.338956193456104","-1","0.0","0.0","0.0"
"CURVE 1","0.08554937387127004","23.969992252312526","30.890108730815726","0.0491340343513299","0.10246621112918376","7.530246456077714","-1","0.0","0.0","0.0"
"CURVE 1","0.08554937387127004","23.969992252312526","30.890108730815726","0.04922827269900498","0.1024053560323383","7.720891798195196","-1","0.0","0.0","0.0"
"CURVE 1","0.08554937387127004","23.969992252312526","30.890108730815726","0.04932257025989135","0.10234457836815375","7.910856718406755","-1","0.0","0.0","0.0"
"CURVE 1","0.08554937387127004","23.969992252312526","30.890108730815726","0.0494169301654569","0.10228387899066678","8.100105771148197","-1","0.0","0.0","0.0"
"CURVE 1","0.08554937387127004","23.969992252312526","30.890108730815726","0.04951135554716955","0.10222325875391414","8.2886035746099","-1","0.0","0.0","0.0"
"CURVE 1","0.08554937387127004","23.969992252312526","30.890108730815726","0.04960584953649721","0.10216271851193252","8.476314787835188","-1","0.0","0.0","0.0"
"CURVE 1","0.08554937387127004","23.969992252312526","30.890108730815726","0.049700415264907774","0.10210225911875863","8.663204175343031","-1","0.0","0.0","0.0"
"CURVE 1","0.08554937387127004","23.969992252312526","30.890108730815726","0.04979505586386914","0.10204188142842915","8.849236592625642","-1","0.0","0.0","0.0"
"CURVE 1","0.08554937387127004","23.969992252312526","30.890108730815726","0.049889774464849226","0.10198158629498079","9.034376962597657","-1","0.0","0.0","0.0"
"CURVE 1","0.08554937387127004","23.969992252312526","30.890108730815726","0.04998457419931593","0.10192137457245025","9.218590366764072","-1","0.0","0.0","0.0"
"CURVE 1","0.08554937387127004","23.969992252312526","30.890108730815726","0.05007945819873716","0.10186124711487424","9.40184197930884","-1","0.0","0.0","0.0"
"CURVE 1","0.08554937387127004","23.969992252312526","30.890108730815726","0.050174429594580815","0.10180120477628944","9.58409713774429","-1","0.0","0.0","0.0"
"CURVE 1","0.08554937387127004","23.969992252312526","30.890108730815726","0.05026949151831481","0.10174124841073258","9.765321316501792","-1","0.0","0.0","0.0"
"CURVE 1","0.08554937387127004","23.969992252312526","30.890108730815726","0.050364647101407034","0.10168137887224035","9.945480177668665","-1","0.0","0.0","0.0"
"CURVE 1","0.08554937387127004","23.969992252312526","30.890108730815726","0.05045989947532541","0.10162159701484945","10.124539533624281","-1","0.0","0.0","0.0"
"CURVE 1","0.08554937387127004","23.969992252312526","30.890108730815726","0.05055525177153783","0.10156190369259657","10.302465400534327","-1","0.0","0.0","0.0"
"CURVE 1","0.08554937387127004","23.969992252312526","30.890108730815726","0.0506507071215122","0.10150229975951844","10.479224012597452","-1","0.0","0.0","0.0"
"CURVE 1","0.08554937387127004","23.969992252312526","30.890108730815726","0.05074626865671643","0.10144278606965174","10.654781794025434","-1","0.0","0.0","0.0"
"CURVE 1","0.08554937387127004","23.969992252312526","30.890108730815726","0.0508419384173493","0.10138336345330992","10.548150939318043","-1","0.0","0.0","0.0"
"CURVE 1","0.08554937387127004","23.969992252312526","30.890108730815726","0.05093771407853312","0.1013240326459135","10.442894647409467","-1","0.0","0.0","0.0"
"CURVE 1","0.08554937387127004","23.969992252312526","30.890108730815726","0.05103359222412109","0.10126479435915971","10.338985633199915","-1","0.0","0.0","0.0"
"CURVE 1","0.08554937387127004","23.969992252312526","30.890108730815726","0.05112956943796643","0.10120564930474578","10.236397143864888","-1","0.0","0.0","0.0"
"CURVE 1","0.08554937387127004","23.969992252312526","30.890108730815726","0.05122564230392229","0.10114659819436903","10.135102869911693","-1","0.0","0.0","0.0"
"CURVE 1","0.08554937387127004","23.969992252312526","30.890108730815726","0.0513218074058419","0.10108764173972663","10.03507700354434","-1","0.0","0.0","0.0"
"CURVE 1","0.08554937387127004","23.969992252312526","30.890108730815726","0.05141806132757843","0.10102878065251589","9.936294180240386","-1","0.0","0.0","0.0"
"CURVE 1","0.08554937387127004","23.969992252312526","30.890108730815726","0.051514400652985085","0.10097001564443406","9.83872949207539","-1","0.0","0.0","0.0"
"CURVE 1","0.08554937387127004","23.969992252312526","30.890108730815726","0.051610821965915064","0.10091134742717836","9.742358452613184","-1","0.0","0.0","0.0"
"CURVE 1","0.08554937387127004","23.969992252312526","30.890108730815726","0.05170732185022156","0.10085277671244607","9.647157014344122","-1","0.0","0.0","0.0"
"CURVE 1","0.08554937387127004","23.969992252312526","30.890108730815726","0.05180389688975777","0.1007943042119344","9.553101519837432","-1","0.0","0.0","0.0"
"CURVE 1","0.08554937387127004","23.969992252312526","30.890108730815726","0.051900543668376875","0.10073593063734063","9.46016871648049","-1","0.0","0.0","0.0"
"CURVE 1","0.08554937387127004","23.969992252312526","30.890108730815726","0.05199725876993209","0.10067765670036201","9.368335744797184","-1","0.0","0.0","0.0"
"CURVE 1","0.08554937387127004","23.969992252312526","30.890108730815726","0.0520940387782766","0.10061948311269578","9.277580116511716","-1","1.0","1.0","1.0"
"CURVE 1","0.08554937387127004","23.969992252312526","30.890108730815726","0.052190880277263596","0.10056141058603922","9.187879713151704","-1","1.0","1.0","1.0"
"CURVE 1","0.08554937387127004","23.969992252312526","30.890108730815726","0.05228777985074628","0.10050343983208952","9.099212747553283","-1","1.0","1.0","1.0"
"CURVE 1","0.08554937387127004","23.969992252312526","30.890108730815726","0.052384734082577836","0.10044557156254401","9.011557807513116","-1","1.0","1.0","1.0"
"CURVE 1","0.08554937387127004","23.969992252312526","30.890108730815726","0.05248173955661148","0.1003878064890999","8.924893791334327","-1","1.0","1.0","1.0"
"CURVE 1","0.08554937387127004","23.969992252312526","30.890108730815726","0.05257879285670039","0.10033014532345444","8.839199929975036","-1","1.0","1.0","1.0"
"CURVE 1","0.08554937387127004","23.969992252312526","30.890108730815726","0.05267589056669776","0.10027258877730487","8.754455770226533","-1","1.0","1.0","1.0"
"CURVE 1","0.08554937387127004","23.969992252312526","30.890108730815726","0.0527730292704568","0.10021513756234846","8.670641146305828","-1","1.0","1.0","1.0"
"CURVE 1","0.08554937387127004","23.969992252312526","30.890108730815726","0.052870205551830696","0.10015779239028245","8.587736196667604","-1","1.0","1.0","1.0"
"CURVE 1","0.08554937387127004","23.969992252312526","30.890108730815726","0.05296741599467263","0.10010055397280411","8.505721345220115","-1","1.0","1.0","1.0"
"CURVE 1","0.08554937387127004","23.969992252312526","30.890108730815726","0.053064657182835824","0.10004342302161068","8.424577286837653","-1","1.0","1.0","1.0"
"CURVE 1","0.08554937387127004","23.969992252312526","30.890108730815726","0.05316192570017346","0.0999864002483994","8.344284974243127","-1","0.0","0.0","0.0"
"CURVE 1","0.08554937387127004","23.969992252312526","30.890108730815726","0.053259218130538716","0.09992948636486754","8.264825632641411","-1","0.0","0.0","0.0"
"CURVE 1","0.08554937387127004","23.969992252312526","30.890108730815726","0.05335653105778481","0.09987268208271233","8.18618071872208","-1","0.0","0.0","0.0"
"CURVE 1","0.08554937387127004","23.969992252312526","30.890108730815726","0.05345386106576493","0.09981598811363106","8.108331920678012","-1","0.0","0.0","0.0"
"CURVE 1","0.08554937387127004","23.969992252312526","30.890108730815726","0.05355120473833227","0.09975940516932093","8.031261181784073","-1","0.0","0.0","0.0"
"CURVE 1","0.08554937387127004","23.969992252312526","30.890108730815726","0.053648558659340026","0.09970293396147922","7.954950650440599","-1","0.0","0.0","0.0"
"CURVE 1","0.08554937387127004","23.969992252312526","30.890108730815726","0.05374591941264138","0.09964657520180317","7.879382677039718","-1","0.0","0.0","0.0"
"CURVE 1","0.08554937387127004","23.969992252312526","30.890108730815726","0.053843283582089556","0.09959032960199003","7.80453983997477","-1","0.0","0.0","0.0"
"CURVE 1","0.08554937387127004","23.969992252312526","30.890108730815726","0.05394064775153773","0.09953419787373707","7.730404882576899","-1","0.0","0.0","0.0"
"CURVE 1","0.08554937387127004","23.969992252312526","30.890108730815726","0.054038008504839086","0.09947818072874154","7.656960763202743","-1","0.0","0.0","0.0"
"CURVE 1","0.08554937387127004","23.969992252312526","30.890108730815726","0.05413536242584684","0.09942227887870066","7.58419058780224","-1","0.0","0.0","0.0"
"CURVE 1","0.08554937387127004","23.969992252312526","30.890108730815726","0.054232706098414185","0.09936649303531171","7.512077674487038","-1","0.0","0.0","0.0"
"CURVE 1","0.08554937387127004","23.969992252312526","30.890108730815726","0.0543300361063943","0.09931082391027193","7.440605457651818","-1","0.0","0.0","0.0"
"CURVE 1","0.08554937387127004","23.969992252312526","30.890108730815726","0.054427349033640396","0.09925527221527858","7.369757552076914","-1","0.0","0.0","0.0"
"CURVE 1","0.08554937387127004","23.969992252312526","30.890108730815726","0.05452464146400565","0.0991998386620289","7.2995177196266745","-1","0.0","0.0","0.0"
"CURVE 1","0.08554937387127004","23.969992252312526","30.890108730815726","0.05462190998134329","0.09914452396222014","7.22986982750781","-1","0.0","0.0","0.0"
"CURVE 1","0.08554937387127004","23.969992252312526","30.890108730815726","0.05471915116950648","0.09908932882754956","7.160797923573503","-1","0.0","0.0","0.0"
"CURVE 1","0.08554937387127004","23.969992252312526","30.890108730815726","0.054816361612348416","0.0990342539697144","7.092286139269909","-1","0.0","0.0","0.0"
"CURVE 1","0.08554937387127004","23.969992252312526","30.890108730815726","0.05491353789372231","0.09897930010041192","7.024318730160893","-1","0.0","0.0","0.0"
"CURVE 1","0.08554937387127004","23.969992252312526","30.890108730815726","0.05501067659748135","0.09892446793133938","6.956880062147082","-1","0.0","0.0","0.0"
"CURVE 1","0.08554937387127004","23.969992252312526","30.890108730815726","0.05510777430747872","0.09886975817419401","6.889954588077502","-1","0.0","0.0","0.0"
"CURVE 1","0.08554937387127004","23.969992252312526","30.890108730815726","0.05520482760756763","0.09881517154067308","6.82352686663907","-1","0.0","0.0","0.0"
"CURVE 1","0.08554937387127004","23.969992252312526","30.890108730815726","0.055301833081601276","0.09876070874247384","6.7575815214552755","-1","0.0","0.0","0.0"
"CURVE 1","0.08554937387127004","23.969992252312526","30.890108730815726","0.05539878731343283","0.09870637049129351","6.692103248170784","-1","0.0","0.0","0.0"
"CURVE 1","0.08554937387127004","23.969992252312526","30.890108730815726","0.055495686886915516","0.09865215749882938","6.627076834410481","-1","0.0","0.0","0.0"
"CURVE 1","0.08554937387127004","23.969992252312526","30.890108730815726","0.055592528385902513","0.09859807047677871","6.562487082393844","-1","0.0","0.0","0.0"
"CURVE 1","0.08554937387127004","23.969992252312526","30.890108730815726","0.055689308394247024","0.0985441101368387","6.498318885811473","-1","0.0","0.0","0.0"
"CURVE 1","0.08554937387127004","23.969992252312526","30.890108730815726","0.05578602349580224","0.09849027719070662","6.434557158759236","-1","0.0","0.0","0.0"
"CURVE 1","0.08554937387127004","23.969992252312526","30.890108730815726","0.05588267027442134","0.09843657235007973","6.371186844921701","-1","0.0","0.0","0.0"
"CURVE 1","0.08554937387127004","23.969992252312526","30.890108730815726","0.05597924531395755","0.09838299632665527","6.308192919958364","-1","0.0","0.0","0.0"
"CURVE 1","0.08554937387127004","23.969992252312526","30.890108730815726","0.05607574519826405","0.09832954983213053","6.24556037370851","-1","1.0","1.0","1.0"
"CURVE 1","0.08554937387127004","23.969992252312526","30.890108730815726","0.05617216651119403","0.09827623357820273","6.183274196312126","-1","1.0","1.0","1.0"
"CURVE 1","0.08554937387127004","23.969992252312526","30.890108730815726","0.05626850583660068","0.09822304827656911","6.121319387204448","-1","1.0","1.0","1.0"
"CURVE 1","0.08554937387127004","23.969992252312526","30.890108730815726","0.05636475975833721","0.09816999463892694","6.059680933023026","-1","1.0","1.0","1.0"
"CURVE 1","0.08554937387127004","23.969992252312526","30.890108730815726","0.05646092486025682","0.09811707337697347","5.998343795737403","-1","1.0","1.0","1.0"
"CURVE 1","0.08554937387127004","23.969992252312526","30.890108730815726","0.056556997726212685","0.09806428520240593","5.937292913654094","-1","1.0","1.0","1.0"
"CURVE 1","0.08554937387127004","23.969992252312526","30.890108730815726","0.05665297494005802","0.09801163082692159","5.876513184672059","-1","1.0","1.0","1.0"
"CURVE 1","0.08554937387127004","23.969992252312526","30.890108730815726","0.05674885308564599","0.09795911096221772","5.815989467936018","-1","0.0","0.0","0.0"
"CURVE 1","0.08554937387127004","23.969992252312526","30.890108730815726","0.056844628746829814","0.09790672631999155","5.755706563460713","-1","0.0","0.0","0.0"
"CURVE 1","0.08554937387127004","23.969992252312526","30.890108730815726","0.05694029850746268","0.0978544776119403","5.695649189958047","-1","0.0","0.0","0.0"
"CURVE 1","0.08554937387127004","23.969992252312526","30.890108730815726","0.0570358589513978","0.09780236554976127","5.635802017957122","-1","0.0","0.0","0.0"
"CURVE 1","0.08554937387127004","23.969992252312526","30.890108730815726","0.057131306662488335","0.09775039084515169","5.57614961140653","-1","0.0","0.0","0.0"
"CURVE 1","0.08554937387127004","23.969992252312526","30.890108730815726","0.057226638224587505","0.0976985542098088","5.516676443470031","-1","0.0","0.0","0.0"
"CURVE 1","0.08554937387127004","23.969992252312526","30.890108730815726","0.0573218502215485","0.0976468563554299","5.457366903706403","-1","0.0","0.0","0.0"
"CURVE 1","0.08554937387127004","23.969992252312526","30.890108730815726","0.057416939237224525","0.09759529799371217","5.398205220042182","-1","0.0","0.0","0.0"
"CURVE 1","0.08554937387127004","23.969992252312526","30.890108730815726","0.05751190185546875","0.09754387983635292","5.33917553319523","-1","0.0","0.0","0.0"
"CURVE 1","0.08554937387127004","23.969992252312526","30.890108730815726","0.05760673466013439","0.09749260259504937","5.280261828444743","-1","0.0","0.0","0.0"
"CURVE 1","0.08554937387127004","23.969992252312526","30.890108730815726","0.05770143423507463","0.09744146698149876","5.221447923417336","-1","0.0","0.0","0.0"
"CURVE 1","0.08554937387127004","23.969992252312526","30.890108730815726","0.05779599716414267","0.09739047370739837","5.162717508583653","-1","0.0","0.0","0.0"
"CURVE 1","0.08554937387127004","23.969992252312526","30.890108730815726","0.05789042003119169","0.09733962348444544","5.104054077626226","-1","0.0","0.0","0.0"
"CURVE 1","0.08554937387127004","23.969992252312526","30.890108730815726","0.05798469942007492","0.09728891702433723","5.045440938841364","-1","0.0","0.0","0.0"
"CURVE 1","0.08554937387127004","23.969992252312526","30.890108730815726","0.05807883191464552","0.09723835503877098","4.986861209893856","-1","0.0","0.0","0.0"
"CURVE 1","0.08554937387127004","23.969992252312526","30.890108730815726","0.05817281409875671","0.09718793823944395","4.928297780947148","-1","0.0","0.0","0.0"
"CURVE 1","0.08554937387127004","23.969992252312526","30.890108730815726","0.05826664255626166","0.09713766733805337","4.869733320620623","-1","0.0","0.0","0.0"
"CURVE 1","0.08554937387127004","23.969992252312526","30.890108730815726","0.058360313871013585","0.09708754304629653","4.811150266903935","-1","0.0","0.0","0.0"
"CURVE 1","0.08554937387127004","23.969992252312526","30.890108730815726","0.05845382462686567","0.09703756607587065","4.752530785645319","-1","0.0","0.0","0.0"
"CURVE 1","0.08554937387127004","23.969992252312526","30.890108730815726","0.058547171407671114","0.09698773713847297","4.693856790903056","-1","0.0","0.0","0.0"
"CURVE 1","0.08554937387127004","23.969992252312526","30.890108730815726","0.05864035079728312","0.09693805694580077","4.63510987807346","-1","0.0","0.0","0.0"
"CURVE 1","0.08554937387127004","23.969992252312526","30.890108730815726","0.05873335937955487","0.0968885262095513","4.576271380004842","-1","0.0","0.0","0.0"
"CURVE 1","0.08554937387127004","23.969992252312526","30.890108730815726","0.058826193738339555","0.09683914564142178","4.517322293290602","-1","0.0","0.0","0.0"
"CURVE 1","0.08554937387127004","23.969992252312526","30.890108730815726","0.05891885045749038","0.0967899159531095","4.458243273679668","-1","0.0","0.0","0.0"
"CURVE 1","0.08554937387127004","23.969992252312526","30.890108730815726","0.05901132612086055","0.09674083785631168","4.399014621502072","-1","0.0","0.0","0.0"
"CURVE 1","0.08554937387127004","23.969992252312526","30.890108730815726","0.05910361731230323","0.09669191206272561","4.339616276941904","-1","0.0","0.0","0.0"
"CURVE 1","0.08554937387127004","23.969992252312526","30.890108730815726","0.059195720615671646","0.09664313928404851","4.280027796312684","-1","0.0","0.0","0.0"
"CURVE 1","0.08554937387127004","23.969992252312526","30.890108730815726","0.05928763261481897","0.09659452023197761","4.220228292033742","-1","0.0","0.0","0.0"
"CURVE 1","0.08554937387127004","23.969992252312526","30.890108730815726","0.059379349893598415","0.09654605561821021","4.16019647860006","-1","0.0","0.0","0.0"
"CURVE 1","0.08554937387127004","23.969992252312526","30.890108730815726","0.05947086903586317","0.09649774615444354","4.099910594796376","-1","0.0","0.0","0.0"
"CURVE 1","0.08554937387127004","23.969992252312526","30.890108730815726","0.059562186625466425","0.09644959255237484","4.0393484250120455","-1","0.0","0.0","0.0"
"CURVE 1","0.08554937387127004","23.969992252312526","30.890108730815726","0.05965329924626138","0.09640159552370138","3.9784872397858813","-1","0.0","0.0","0.0"
"CURVE 1","0.08554937387127004","23.969992252312526","30.890108730815726","0.05974420348210122","0.0963537557801204","3.9173037881476076","-1","0.0","0.0","0.0"
"CURVE 1","0.08554937387127004","23.969992252312526","30.890108730815726","0.059834895916839145","0.09630607403332914","3.8557742866490026","-1","0.0","0.0","0.0"
"CURVE 1","0.08554937387127004","23.969992252312526","30.890108730815726","0.059925373134328365","0.09625855099502488","3.7938743614661297","-1","0.0","0.0","0.0"
"CURVE 1","0.08554937387127004","23.969992252312526","30.890108730815726","0.06001563171842206","0.09621118737690484","3.731579052095272","-1","0.0","0.0","0.0"
"CURVE 1","0.08554937387127004","23.969992252312526","30.890108730815726","0.060105668252973414","0.09616398389066629","3.668862767506808","-1","0.0","0.0","0.0"
"CURVE 1","0.08554937387127004","23.969992252312526","30.890108730815726","0.06019547932183565","0.09611694124800647","3.6056992469438174","-1","0.0","0.0","0.0"
"CURVE 1","0.08554937387127004","23.969992252312526","30.890108730815726","0.06028506150886194","0.09607006016062267","3.542061567412271","-1","0.0","0.0","0.0"
"CURVE 1","0.08554937387127004","23.969992252312526","30.890108730815726","0.06037441139790549","0.09602334134021209","3.477922062854407","-1","0.0","0.0","0.0"
"CURVE 1","0.08554937387127004","23.969992252312526","30.890108730815726","0.06046352557281949","0.09597678549847198","3.413252321046036","-1","0.0","0.0","0.0"
"CURVE 1","0.08554937387127004","23.969992252312526","30.890108730815726","0.06055240061745714","0.09593039334709964","3.3480231441678723","-1","0.0","0.0","0.0"
"CURVE 1","0.08554937387127004","23.969992252312526","30.890108730815726","0.06064103311567164","0.09588416559779228","3.2822045150516876","-1","0.0","0.0","0.0"
"CURVE 1","0.08554937387127004","23.969992252312526","30.890108730815726","0.060729419651316174","0.09583810296224715","3.2157655446180304","-1","0.0","0.0","0.0"
"CURVE 1","0.08554937387127004","23.969992252312526","30.890108730815726","0.06081755680824394","0.09579220615216154","3.1486744514633416","-1","0.0","0.0","0.0"
"CURVE 1","0.08554937387127004","23.969992252312526","30.890108730815726","0.06090544117030813","0.09574647587923268","3.080898501424486","-1","0.0","0.0","0.0"
"CURVE 1","0.08554937387127004","23.969992252312526","30.890108730815726","0.06099306932136195","0.0957009128551578","3.0124039910055114","-1","0.0","0.0","0.0"
"CURVE 1","0.08554937387127004","23.969992252312526","30.890108730815726","0.06108043784525857","0.09565551779163417","2.9431561580192276","-1","0.0","0.0","0.0"
"CURVE 1","0.08554937387127004","23.969992252312526","30.890108730815726","0.06116754332585121","0.09561029140035905","2.8731191960300264","-1","0.0","0.0","0.0"
"CURVE 1","0.08554937387127004","23.969992252312526","30.890108730815726","0.06125438234699307","0.09556523439302966","2.8022561270378","-1","0.0","0.0","0.0"
"CURVE 1","0.08554937387127004","23.969992252312526","30.890108730815726","0.061340951492537314","0.09552034748134326","2.730528845139699","-1","0.0","0.0","0.0"
"CURVE 1","0.08554937387127004","23.969992252312526","30.890108730815726","0.06142724734633717","0.09547563137699715","2.6578979633066546","-1","0.0","0.0","0.0"
"CURVE 1","0.08554937387127004","23.969992252312526","30.890108730815726","0.061513266492245804","0.09543108679168852","2.584322807912054","-1","0.0","0.0","0.0"
"CURVE 1","0.08554937387127004","23.969992252312526","30.890108730815726","0.06159900551411643","0.09538671443711465","2.5097613742815477","-1","0.0","0.0","0.0"
"CURVE 1","0.08554937387127004","23.969992252312526","30.890108730815726","0.06168446099580224","0.09534251502497279","2.434170241408932","-1","0.0","0.0","0.0"
"CURVE 1","0.08554937387127004","23.969992252312526","30.890108730815726","0.06176962952115643","0.09529848926696018","2.3575044880478413","-1","0.0","0.0","0.0"
"CURVE 1","0.08554937387127004","23.969992252312526","30.890108730815726","0.061854507674032194","0.09525463787477406","2.279717628589457","-1","0.0","0.0","0.0"
"CURVE 1","0.08554937387127004","23.969992252312526","30.890108730815726","0.06193909203828272","0.09521096156011173","2.2007616091421864","-1","0.0","0.0","0.0"
"CURVE 1","0.08554937387127004","23.969992252312526","30.890108730815726","0.0620233791977612","0.0951674610346704","2.120586605114483","-1","0.0","0.0","0.0"
"CURVE 1","0.08554937387127004","23.969992252312526","30.890108730815726","0.06210736573632084","0.09512413701014731","2.039141065553875","-1","0.0","0.0","0.0"
"CURVE 1","0.08554937387127004","23.969992252312526","30.890108730815726","0.06219104823781484","0.09508099019823976","1.956371560013304","-1","0.0","0.0","0.0"
"CURVE 1","0.08554937387127004","23.969992252312526","30.890108730815726","0.06227442328609638","0.09503802131064497","1.8722226753963658","-1","0.0","0.0","0.0"
"CURVE 1","0.08554937387127004","23.969992252312526","30.890108730815726","0.062357487465018666","0.09499523105906017","1.7866369925780308","-1","0.0","0.0","0.0"
"CURVE 1","0.08554937387127004","23.969992252312526","30.890108730815726","0.06244023735843488","0.09495262015518265","1.6995549181541447","-1","0.0","0.0","0.0"
"CURVE 1","0.08554937387127004","23.969992252312526","30.890108730815726","0.06252266955019824","0.09491018931070964","1.6109145812103287","-1","0.0","0.0","0.0"
"CURVE 1","0.08554937387127004","23.969992252312526","30.890108730815726","0.0626047806241619","0.09486793923733841","1.520651812770971","-1","0.0","0.0","0.0"
"CURVE 1","0.08554937387127004","23.969992252312526","30.890108730815726","0.0626865671641791","0.09482587064676617","1.428699946175472","-1","0.0","0.0","0.0"
"CURVE 1","0.08554937387127004","23.969992252312526","30.890108730815726","0.06276802780616343","0.09478398356271621","1.569643706819943","-1","0.0","0.0","0.0"
"CURVE 1","0.08554937387127004","23.969992252312526","30.890108730815726","0.06284916939427011","0.0947422752570157","1.7126999757756602","-1","0.0","0.0","0.0"
"CURVE 1","0.08554937387127004","23.969992252312526","30.890108730815726","0.06293000082471478","0.09470074231351787","1.8577811351165858","-1","0.0","0.0","0.0"
"CURVE 1","0.08554937387127004","23.969992252312526","30.890108730815726","0.06301053099371308","0.09465938131607587","2.004794424933038","-1","0.0","0.0","0.0"
"CURVE 1","0.08554937387127004","23.969992252312526","30.890108730815726","0.06309076879748064","0.09461818884854294","2.153641961761878","-1","0.0","0.0","0.0"
"CURVE 1","0.08554937387127004","23.969992252312526","30.890108730815726","0.06317072313223313","0.09457716149477223","2.3042208260122186","-1","0.0","0.0","0.0"
"CURVE 1","0.08554937387127004","23.969992252312526","30.890108730815726","0.06325040289418614","0.09453629583861697","2.4564231594108388","-1","0.0","0.0","0.0"
"CURVE 1","0.08554937387127004","23.969992252312526","30.890108730815726","0.06332981697955535","0.09449558846393034","2.610136230150486","-1","0.0","0.0","0.0"
"CURVE 1","0.08554937387127004","23.969992252312526","30.890108730815726","0.06340897428455637","0.09445503595456554","2.765242562216202","-1","0.0","0.0","0.0"
"CURVE 1","0.08554937387127004","23.969992252312526","30.890108730815726","0.06348788370540485","0.09441463489437578","2.921620110213425","-1","0.0","0.0","0.0"
"CURVE 1","0.08554937387127004","23.969992252312526","30.890108730815726","0.06356655413831645","0.09437438186721422","3.0791423046429727","-1","0.0","0.0","0.0"
"CURVE 1","0.08554937387127004","23.969992252312526","30.890108730815726","0.06364499447950676","0.09433427345693408","3.2376783255005126","-1","0.0","0.0","0.0"
"CURVE 1","0.08554937387127004","23.969992252312526","30.890108730815726","0.06372321362519147","0.09429430624738856","3.3970932384956245","-1","0.0","0.0","0.0"
"CURVE 1","0.08554937387127004","23.969992252312526","30.890108730815726","0.06380122047158616","0.09425447682243084","3.557248198991006","-1","0.0","0.0","0.0"
"CURVE 1","0.08554937387127004","23.969992252312526","30.890108730815726","0.06387902391490652","0.0942147817659141","3.7180006701883266","-1","0.0","0.0","0.0"
"CURVE 1","0.08554937387127004","23.969992252312526","30.890108730815726","0.06395663285136817","0.09417521766169157","3.8792046607877757","-1","0.0","0.0","0.0"
"CURVE 1","0.08554937387127004","23.969992252312526","30.890108730815726","0.06403405617718673","0.09413578109361642","4.040710953308796","-1","0.0","0.0","0.0"
"CURVE 1","0.08554937387127004","23.969992252312526","30.890108730815726","0.06411130278857786","0.09409646864554184","4.20236743481269","-1","0.0","0.0","0.0"
"CURVE 1","0.08554937387127004","23.969992252312526","30.890108730815726","0.0641883815817572","0.09405727690132105","4.364019246897586","-1","0.0","0.0","0.0"
"CURVE 1","0.08554937387127004","23.969992252312526","30.890108730815726","0.06426530145294038","0.09401820244480723","4.525509232630454","-1","0.0","0.0","0.0"
"CURVE 1","0.08554937387127004","23.969992252312526","30.890108730815726","0.06434207129834303","0.09397924185985357","4.686678111045199","-1","0.0","0.0","0.0"
"CURVE 1","0.08554937387127004","23.969992252312526","30.890108730815726","0.0644187000141808","0.09394039173031328","4.847364873011772","-1","0.0","0.0","0.0"
"CURVE 1","0.08554937387127004","23.969992252312526","30.890108730815726","0.06449519649666934","0.09390164864003955","5.007407075263773","-1","0.0","0.0","0.0"
"CURVE 1","0.08554937387127004","23.969992252312526","30.890108730815726","0.06457156964202426","0.09386300917288559","5.1666412010540474","-1","0.0","0.0","0.0"
"CURVE 1","0.08554937387127004","23.969992252312526","30.890108730815726","0.06464782834646121","0.09382446991270456","5.324902971819067","-1","0.0","0.0","0.0"
"CURVE 1","0.08554937387127004","23.969992252312526","30.890108730815726","0.06472398150619585","0.09378602744334967","5.482027707130314","-1","0.0","0.0","0.0"
"CURVE 1","0.08554937387127004","23.969992252312526","30.890108730815726","0.06480003801744377","0.09374767834867412","5.6378507417526125","-1","0.0","0.0","0.0"
"CURVE 1","0.08554937387127004","23.969992252312526","30.890108730815726","0.06487600677642064","0.0937094192125311","5.792207740584248","-1","0.0","0.0","0.0"
"CURVE 1","0.08554937387127004","23.969992252312526","30.890108730815726","0.0649518966793421","0.09367124661877381","5.944935038130843","-1","0.0","0.0","0.0"
"CURVE 1","0.08554937387127004","23.969992252312526","30.890108730815726","0.06502771662242378","0.09363315715125546","6.095870091727057","-1","0.0","0.0","0.0"
"CURVE 1","0.08554937387127004","23.969992252312526","30.890108730815726","0.06510347550188132","0.09359514739382921","6.2448517836028135","-1","0.0","0.0","0.0"
"CURVE 1","0.08554937387127004","23.969992252312526","30.890108730815726","0.06517918221393035","0.09355721393034827","6.3917208422497165","-1","0.0","0.0","0.0"
"CURVE 1","0.08554937387127004","23.969992252312526","30.890108730815726","0.06525484565478652","0.09351935334466584","6.536320181012229","-1","0.0","0.0","0.0"
"CURVE 1","0.08554937387127004","23.969992252312526","30.890108730815726","0.06533047472066549","0.09348156222063511","6.678495253216392","-1","0.0","0.0","0.0"
"CURVE 1","0.08554937387127004","23.969992252312526","30.890108730815726","0.06540607830778283","0.09344383714210928","6.818094489581754","-1","0.0","0.0","0.0"
"CURVE 1","0.08554937387127004","23.969992252312526","30.890108730815726","0.06548166531235425","0.09340617469294155","6.95496953656542","-1","0.0","0.0","0.0"
"CURVE 1","0.08554937387127004","23.969992252312526","30.890108730815726","0.06555724463059535","0.0933685714569851","7.088975712782258","-1","0.0","0.0","0.0"
"CURVE 1","0.08554937387127004","23.969992252312526","30.890108730815726","0.06563282515872178","0.09333102401809314","7.219972303457551","-1","0.0","0.0","0.0"
"CURVE 1","0.08554937387127004","23.969992252312526","30.890108730815726","0.06570841579294917","0.09329352896011883","7.347822862644293","-1","0.0","0.0","0.0"
"CURVE 1","0.08554937387127004","23.969992252312526","30.890108730815726","0.06578402542949317","0.09325608286691543","7.472395539287521","-1","0.0","0.0","0.0"
"CURVE 1","0.08554937387127004","23.969992252312526","30.890108730815726","0.06585966296456941","0.0932186823223361","7.593563430589374","-1","0.0","0.0","0.0"
"CURVE 1","0.08554937387127004","23.969992252312526","30.890108730815726","0.06593533729439352","0.093181323910234","7.711204839339271","-1","0.0","0.0","0.0"
"CURVE 1","0.08554937387127004","23.969992252312526","30.890108730815726","0.06601105731518114","0.09314400421446237","7.825203491500675","-1","0.0","0.0","0.0"
"CURVE 1","0.08554937387127004","23.969992252312526","30.890108730815726","0.06608683192314795","0.0931067198188744","7.935448887180554","-1","0.0","0.0","0.0"
"CURVE 1","0.08554937387127004","23.969992252312526","30.890108730815726","0.06616267001450951","0.09306946730732327","8.041836473824427","-1","0.0","0.0","0.0"
"CURVE 1","0.08554937387127004","23.969992252312526","30.890108730815726","0.06623858048548154","0.09303224326366216","8.144267855133315","-1","0.0","0.0","0.0"
"CURVE 1","0.08554937387127004","23.969992252312526","30.890108730815726","0.06631457223227963","0.09299504427174432","8.242651082022265","-1","0.0","0.0","0.0"
"CURVE 1","0.08554937387127004","23.969992252312526","30.890108730815726","0.0663906541511194","0.0929578669154229","8.336900741511146","-1","0.0","0.0","0.0"
"CURVE 1","0.08554937387127004","23.969992252312526","30.890108730815726","0.06646683513821654","0.0929207077785511","8.426938140719958","-1","0.0","0.0","0.0"
"CURVE 1","0.08554937387127004","23.969992252312526","30.890108730815726","0.06654312408978666","0.09288356344498214","8.512691431374318","-1","0.0","0.0","0.0"
"CURVE 1","0.08554937387127004","23.969992252312526","30.890108730815726","0.06661952990204541","0.09284643049856917","8.594095782622377","-1","0.0","0.0","0.0"
"CURVE 1","0.08554937387127004","23.969992252312526","30.890108730815726","0.06669606147120842","0.09280930552316544","8.671093456435829","-1","0.0","0.0","0.0"
"CURVE 1","0.08554937387127004","23.969992252312526","30.890108730815726","0.06677272769349134","0.09277218510262411","8.743633810766752","-1","0.0","0.0","0.0"
"CURVE 1","0.08554937387127004","23.969992252312526","30.890108730815726","0.06684953746510976","0.09273506582079837","8.811673392574376","-1","0.0","0.0","0.0"
"CURVE 1","0.08554937387127004","23.969992252312526","30.890108730815726","0.06692649968227937","0.09269794426154142","8.875176055998288","-1","0.0","0.0","0.0"
"CURVE 1","0.08554937387127004","23.969992252312526","30.890108730815726","0.06700362324121581","0.09266081700870647","8.934112829714412","-1","0.0","0.0","0.0"
"CURVE 1","0.08554937387127004","23.969992252312526","30.890108730815726","0.0670809170381347","0.0926236806461467","8.988461968487696","-1","0.0","0.0","0.0"
"CURVE 1","0.08554937387127004","23.969992252312526","30.890108730815726","0.06715838996925166","0.09258653175771533","9.03820894353987","-1","0.0","0.0","0.0"
"CURVE 1","0.08554937387127004","23.969992252312526","30.890108730815726","0.06723605093078235","0.09254936692726554","9.08334631333384","-1","0.0","0.0","0.0"
"CURVE 1","0.08554937387127004","23.969992252312526","30.890108730815726","0.06731390881894239","0.0925121827386505","9.1238736917682","-1","0.0","0.0","0.0"
"CURVE 1","0.08554937387127004","23.969992252312526","30.890108730815726","0.06739197252994746","0.09247497577572344","9.159797677082818","-1","0.0","0.0","0.0"
"CURVE 1","0.08554937387127004","23.969992252312526","30.890108730815726","0.06747025096001316","0.09243774262233755","9.191131701840206","-1","0.0","0.0","0.0"
"CURVE 1","0.08554937387127004","23.969992252312526","30.890108730815726","0.06754875300535515","0.09240047986234601","9.21789587241823","-1","0.0","0.0","0.0"
"CURVE 1","0.08554937387127004","23.969992252312526","30.890108730815726","0.06762748756218906","0.09236318407960199","9.240116855850726","-1","0.0","0.0","0.0"
"CURVE 1","0.08554937387127004","23.969992252312526","30.890108730815726","0.06770646352673051","0.09232585185795873","9.257827730611075","-1","0.0","0.0","0.0"
"CURVE 1","0.08554937387127004","23.969992252312526","30.890108730815726","0.06778568979519517","0.09228847978126943","9.271067782312105","-1","0.0","0.0","0.0"
"CURVE 1","0.08554937387127004","23.969992252312526","30.890108730815726","0.06786517526379866","0.09225106443338728","9.27988226378158","-1","0.0","0.0","0.0"
"CURVE 1","0.08554937387127004","23.969992252312526","30.890108730815726","0.06794492882875662","0.09221360239816542","9.284322253143577","-1","0.0","0.0","0.0"
"CURVE 1","0.08554937387127004","23.969992252312526","30.890108730815726","0.06802495938628468","0.09217609025945712","9.284444396517017","-1","0.0","0.0","0.0"
"CURVE 1","0.08554937387127004","23.969992252312526","30.890108730815726","0.0681052758325985","0.09213852460111553","9.280310706579952","-1","0.0","0.0","0.0"
"CURVE 1","0.08554937387127004","23.969992252312526","30.890108730815726","0.06818588706391368","0.09210090200699386","9.271988253220737","-1","0.0","0.0","0.0"
"CURVE 1","0.08554937387127004","23.969992252312526","30.890108730815726","0.06826680197644591","0.09206321906094529","9.259548975726965","-1","0.0","0.0","0.0"
"CURVE 1","0.08554937387127004","23.969992252312526","30.890108730815726","0.06834802946641078","0.09202547234682304","9.243069405849406","-1","0.0","0.0","0.0"
"CURVE 1","0.08554937387127004","23.969992252312526","30.890108730815726","0.06842957843002395","0.09198765844848028","9.22263039013213","-1","0.0","0.0","0.0"
"CURVE 1","0.08554937387127004","23.969992252312526","30.890108730815726","0.06851145776350107","0.0919497739497702","9.198316840557409","-1","0.0","0.0","0.0"
"CURVE 1","0.08554937387127004","23.969992252312526","30.890108730815726","0.06859367636305777","0.09191181543454603","9.170217409587433","-1","0.0","0.0","0.0"
"CURVE 1","0.08554937387127004","23.969992252312526","30.890108730815726","0.06867624312490968","0.09187377948666094","9.13842431058822","-1","0.0","0.0","0.0"
"CURVE 1","0.08554937387127004","23.969992252312526","30.890108730815726","0.06875916694527243","0.09183566268996814","9.103032922648215","-1","0.0","0.0","0.0"
"CURVE 1","0.08554937387127004","23.969992252312526","30.890108730815726","0.06884245672036167","0.09179746162832081","9.064141590322357","-1","0.0","0.0","0.0"
"CURVE 1","0.08554937387127004","23.969992252312526","30.890108730815726","0.06892612134639305","0.09175917288557216","9.021851357172105","-1","0.0","0.0","0.0"
"CURVE 1","0.08554937387127004","23.969992252312526","30.890108730815726","0.06901016971958218","0.09172079304557536","8.976265576174248","-1","0.0","0.0","0.0"
"CURVE 1","0.08554937387127004","23.969992252312526","30.890108730815726","0.06909461073614472","0.09168231869218361","8.927489747385655","-1","0.0","0.0","0.0"
"CURVE 1","0.08554937387127004","23.969992252312526","30.890108730815726","0.0691794532922963","0.09164374640925015","8.875631205332786","-1","0.0","0.0","0.0"
"CURVE 1","0.08554937387127004","23.969992252312526","30.890108730815726","0.06926470628425258","0.09160507278062813","8.82079888538011","-1","0.0","0.0","0.0"
"CURVE 1","0.08554937387127004","23.969992252312526","30.890108730815726","0.06935037860822914","0.09156629439017075","8.763102952412387","-1","0.0","0.0","0.0"
"CURVE 1","0.08554937387127004","23.969992252312526","30.890108730815726","0.06943647916044168","0.0915274078217312","8.70265466836591","-1","0.0","0.0","0.0"
"CURVE 1","0.08554937387127004","23.969992252312526","30.890108730815726","0.06952301683710582","0.0914884096591627","8.639566070253787","-1","0.0","0.0","0.0"
"CURVE 1","0.08554937387127004","23.969992252312526","30.890108730815726","0.0696100005344372","0.09144929648631842","8.573949759328015","-1","0.0","0.0","0.0"
"CURVE 1","0.08554937387127004","23.969992252312526","30.890108730815726","0.06969743914865144","0.09141006488705156","8.505918621562774","-1","0.0","0.0","0.0"
"CURVE 1","0.08554937387127004","23.969992252312526","30.890108730815726","0.06978534157596418","0.09137071144521533","8.435585630129996","-1","0.0","0.0","0.0"
"CURVE 1","0.08554937387127004","23.969992252312526","30.890108730815726","0.06987371671259106","0.09133123274466291","8.363063638322437","-1","0.0","0.0","0.0"
"CURVE 1","0.08554937387127004","23.969992252312526","30.890108730815726","0.06996257345474775","0.09129162536924751","8.288465109504408","-1","0.0","0.0","0.0"
"CURVE 1","0.08554937387127004","23.969992252312526","30.890108730815726","0.07005192069864986","0.09125188590282232","8.211901984534911","-1","0.0","0.0","0.0"
"CURVE 1","0.08554937387127004","23.969992252312526","30.890108730815726","0.07014176734051301","0.09121201092924051","8.133485415054853","-1","0.0","0.0","0.0"
"CURVE 1","0.08554937387127004","23.969992252312526","30.890108730815726","0.07023212227655287","0.0911719970323553","8.053325661199949","-1","0.0","0.0","0.0"
"CURVE 1","0.08554937387127004","23.969992252312526","30.890108730815726","0.07032299440298508","0.09113184079601991","7.971531826329572","-1","0.0","0.0","0.0"
"CURVE 1","0.08554937387127004","23.969992252312526","30.890108730815726","0.07041439261602524","0.09109153880408748","7.888211772089919","-1","0.0","0.0","0.0"
"CURVE 1","0.08554937387127004","23.969992252312526","30.890108730815726","0.07050632581188904","0.09105108764041123","7.803471932774126","-1","0.0","0.0","0.0"
"CURVE 1","0.08554937387127004","23.969992252312526","30.890108730815726","0.07059880288679207","0.09101048388884436","7.7174171441505255","-1","0.0","0.0","0.0"
"CURVE 1","0.08554937387127004","23.969992252312526","30.890108730815726","0.07069183273695001","0.09096972413324005","7.630150537414249","-1","0.0","0.0","0.0"
"CURVE 1","0.08554937387127004","23.969992252312526","30.890108730815726","0.07078542425857848","0.09092880495745151","7.541773432518861","-1","0.0","0.0","0.0"
"CURVE 1","0.08554937387127004","23.969992252312526","30.890108730815726","0.07087958634789311","0.09088772294533193","7.45238519474385","-1","0.0","0.0","0.0"
"CURVE 1","0.08554937387127004","23.969992252312526","30.890108730815726","0.07097432790110955","0.0908464746807345","7.362083122342746","-1","0.0","0.0","0.0"
"CURVE 1","0.08554937387127004","23.969992252312526","30.890108730815726","0.07106965781444342","0.09080505674751244","7.270962393610598","-1","0.0","0.0","0.0"
"CURVE 1","0.08554937387127004","23.969992252312526","30.890108730815726","0.07116558498411037","0.09076346572951892","7.179115941683696","-1","0.0","0.0","0.0"
"CURVE 1","0.08554937387127004","23.969992252312526","30.890108730815726","0.07126211830632605","0.09072169821060712","7.086634374857183","-1","0.0","0.0","0.0"
"CURVE 1","0.08554937387127004","23.969992252312526","30.890108730815726","0.07135926667730606","0.09067975077463027","6.993605961088217","-1","0.0","0.0","0.0"
"CURVE 1","0.08554937387127004","23.969992252312526","30.890108730815726","0.0714570389932661","0.09063762000544154","6.900116534429484","-1","0.0","0.0","0.0"
"CURVE 1","0.08554937387127004","23.969992252312526","30.890108730815726","0.07155544415042177","0.09059530248689412","6.806249421938919","-1","0.0","0.0","0.0"
"CURVE 1","0.08554937387127004","23.969992252312526","30.890108730815726","0.0716544910449887","0.09055279480284124","6.7120854245260055","-1","0.0","0.0","0.0"
"CURVE 1","0.08554937387127004","23.969992252312526","30.890108730815726","0.07175418857318253","0.09051009353713609","6.617702828384345","-1","0.0","0.0","0.0"
"CURVE 1","0.08554937387127004","23.969992252312526","30.890108730815726","0.07185454563121892","0.09046719527363183","6.523177295448602","-1","0.0","0.0","0.0"
"CURVE 1","0.08554937387127004","23.969992252312526","30.890108730815726","0.07195557111531349","0.09042409659618168","6.42858189959875","-1","0.0","0.0","0.0"
"CURVE 1","0.08554937387127004","23.969992252312526","30.890108730815726","0.07205727392168189","0.09038079408863882","6.33398711423847","-1","0.0","0.0","0.0"
"CURVE 1","0.08554937387127004","23.969992252312526","30.890108730815726","0.07215966294653972","0.09033728433485647","6.239460759830921","-1","0.0","0.0","0.0"
"CURVE 1","0.08554937387127004","23.969992252312526","30.890108730815726","0.0722627470861027","0.09029356391868781","6.145068087469748","-1","0.0","0.0","0.0"
"CURVE 1","0.08554937387127004","23.969992252312526","30.890108730815726","0.0723665352365864","0.09024962942398602","6.05087169372087","-1","0.0","0.0","0.0"
"CURVE 1","0.08554937387127004","23.969992252312526","30.890108730815726","0.07247103629420647","0.09020547743460432","5.95693158129218","-1","0.0","0.0","0.0"
"CURVE 1","0.08554937387127004","23.969992252312526","30.890108730815726","0.07257625915517855","0.09016110453439591","5.863305199509218","-1","0.0","0.0","0.0"
"CURVE 1","0.08554937387127004","23.969992252312526","30.890108730815726","0.0726822127157183","0.09011650730721393","5.770047415208913","-1","0.0","0.0","0.0"
"CURVE 1","0.08554937387127004","23.969992252312526","30.890108730815726","0.07278890587204133","0.09007168233691164","5.6772105639472805","-1","0.0","0.0","0.0"
"CURVE 1","0.08554937387127004","23.969992252312526","30.890108730815726","0.0728963475203633","0.0900266262073422","5.5848444878378665","-1","0.0","0.0","0.0"
"CURVE 1","0.08554937387127004","23.969992252312526","30.890108730815726","0.07300454655689981","0.0899813355023588","5.4929965560678","-1","0.0","0.0","0.0"
"CURVE 1","0.08554937387127004","23.969992252312526","30.890108730815726","0.07311351187786654","0.08993580680581469","5.401711699005283","-1","0.0","0.0","0.0"
"CURVE 1","0.08554937387127004","23.969992252312526","30.890108730815726","0.0732232523794791","0.08989003670156298","5.311032482299954","-1","0.0","0.0","0.0"
"CURVE 1","0.08554937387127004","23.969992252312526","30.890108730815726","0.07333377695795315","0.08984402177345692","5.220999105869235","-1","0.0","0.0","0.0"
"CURVE 1","0.08554937387127004","23.969992252312526","30.890108730815726","0.07344509450950433","0.08979775860534972","5.13164948951751","-1","0.0","0.0","0.0"
"CURVE 1","0.08554937387127004","23.969992252312526","30.890108730815726","0.07355721393034827","0.08975124378109452","5.043019295590628","-1","0.0","0.0","0.0"
"CURVE 1","0.08554937387127004","23.969992252312526","30.890108730815726","0.07367014435393303","0.0897044777751562","6.420315464870347","-1","0.0","0.0","0.0"
"CURVE 1","0.08554937387127004","23.969992252312526","30.890108730815726","0.07378389586263628","0.08965747662444612","7.749466850986718","-1","0.0","0.0","0.0"
"CURVE 1","0.08554937387127004","23.969992252312526","30.890108730815726","0.07389847877606823","0.08961026025648733","9.032040534773097","-1","0.0","0.0","0.0"
"CURVE 1","0.08554937387127004","23.969992252312526","30.890108730815726","0.07401390341383902","0.08956284859880284","10.269538589961286","-1","0.0","0.0","0.0"
"CURVE 1","0.08554937387127004","23.969992252312526","30.890108730815726","0.07413018009555876","0.08951526157891572","11.463399770675405","-1","0.0","0.0","0.0"
"CURVE 1","0.08554937387127004","23.969992252312526","30.890108730815726","0.07424731914083756","0.08946751912434894","12.615001364759987","-1","0.0","0.0","0.0"
"CURVE 1","0.08554937387127004","23.969992252312526","30.890108730815726","0.07436533086928564","0.08941964116262557","13.725661066026282","-1","0.0","0.0","0.0"
"CURVE 1","0.08554937387127004","23.969992252312526","30.890108730815726","0.07448422560051307","0.08937164762126863","14.796638974371401","-1","0.0","0.0","0.0"
"CURVE 1","0.08554937387127004","23.969992252312526","30.890108730815726","0.07460401365413002","0.08932355842780117","15.829139513562001","-1","0.0","0.0","0.0"
"CURVE 1","0.08554937387127004","23.969992252312526","30.890108730815726","0.07472470534974665","0.08927539350974617","16.824313538172216","-1","0.0","0.0","0.0"
"CURVE 1","0.08554937387127004","23.969992252312526","30.890108730815726","0.07484631100697306","0.0892271727946267","17.78326032097327","-1","0.0","0.0","0.0"
"CURVE 1","0.08554937387127004","23.969992252312526","30.890108730815726","0.0749688409454194","0.08917891620996578","18.707029605625937","-1","0.0","0.0","0.0"
"CURVE 1","0.08554937387127004","23.969992252312526","30.890108730815726","0.07509230548469582","0.08913064368328642","19.59662364406464","-1","0.0","0.0","0.0"
"CURVE 1","0.08554937387127004","23.969992252312526","30.890108730815726","0.07521671494441247","0.08908237514211169","20.452999213870573","-1","0.0","0.0","0.0"
"CURVE 1","0.08554937387127004","23.969992252312526","30.890108730815726","0.07534207964417948","0.08903413051396458","21.27706961437913","-1","0.0","0.0","0.0"
"CURVE 1","0.08554937387127004","23.969992252312526","30.890108730815726","0.07546840990360698","0.08898592972636814","22.069706626637327","-1","0.0","0.0","0.0"
"CURVE 1","0.08554937387127004","23.969992252312526","30.890108730815726","0.07559571604230512","0.0889377927068454","22.83174248524468","-1","0.0","0.0","0.0"
"CURVE 1","0.08554937387127004","23.969992252312526","30.890108730815726","0.07572400837988405","0.08888973938291937","23.563971754899914","-1","0.0","0.0","0.0"
"CURVE 1","0.08554937387127004","23.969992252312526","30.890108730815726","0.0758532972359539","0.08884178968211309","24.26715321016696","-1","0.0","0.0","0.0"
"CURVE 1","0.08554937387127004","23.969992252312526","30.890108730815726","0.07598359293012479","0.0887939635319496","24.942011651302316","-1","0.0","0.0","0.0"
"CURVE 1","0.08554937387127004","23.969992252312526","30.890108730815726","0.07611490578200687","0.08874628085995193","25.589239714870086","-1","0.0","0.0","0.0"
"CURVE 1","0.08554937387127004","23.969992252312526","30.890108730815726","0.07624724611121034","0.08869876159364308","26.209499578921694","-1","0.0","0.0","0.0"
"CURVE 1","0.08554937387127004","23.969992252312526","30.890108730815726","0.07638062423734525","0.08865142566054612","26.803424678468275","-1","0.0","0.0","0.0"
"CURVE 1","0.08554937387127004","23.969992252312526","30.890108730815726","0.07651505048002179","0.08860429298818406","27.371621333550074","-1","0.0","0.0","0.0"
"CURVE 1","0.08554937387127004","23.969992252312526","30.890108730815726","0.07665053515885008","0.08855738350407992","27.9146703720167","-1","0.0","0.0","0.0"
"CURVE 1","0.08554937387127004","23.969992252312526","30.890108730815726","0.07678708859344027","0.08851071713575676","28.433128649523653","-1","0.0","0.0","0.0"
"CURVE 1","0.08554937387127004","23.969992252312526","30.890108730815726","0.07692472110340251","0.08846431381073756","28.927530568886723","-1","0.0","0.0","0.0"
"CURVE 1","0.08554937387127004","23.969992252312526","30.890108730815726","0.07706344300834694","0.08841819345654539","29.39838954042093","-1","0.0","0.0","0.0"
"CURVE 1","0.08554937387127004","23.969992252312526","30.890108730815726","0.07720326462788368","0.08837237600070327","29.846199345411133","-1","0.0","0.0","0.0"
"CURVE 1","0.08554937387127004","23.969992252312526","30.890108730815726","0.07734419628162288","0.08832688137073422","30.27143552326972","-1","0.0","0.0","0.0"
"CURVE 1","0.08554937387127004","23.969992252312526","30.890108730815726","0.07748624828917469","0.08828172949416126","30.67455666752464","-1","0.0","0.0","0.0"
"CURVE 1","0.08554937387127004","23.969992252312526","30.890108730815726","0.07762943097014927","0.08823694029850745","31.05600567829191","-1","0.0","0.0","0.0"
"CURVE 1","0.08554937387127004","23.969992252312526","30.890108730815726","0.0777737546441567","0.0881925337112958","31.416210949159037","-1","0.0","0.0","0.0"
"CURVE 1","0.08554937387127004","23.969992252312526","30.890108730815726","0.07791922963080715","0.08814852966004935","31.755587551886364","-1","0.0","0.0","0.0"
"CURVE 1","0.08554937387127004","23.969992252312526","30.890108730815726","0.07806586624971078","0.0881049480722911","32.07453831545441","-1","0.0","0.0","0.0"
"CURVE 1","0.08554937387127004","23.969992252312526","30.890108730815726","0.07821367482047771","0.08806180887554413","32.37345490182705","-1","0.0","0.0","0.0"
"CURVE 1","0.08554937387127004","23.969992252312526","30.890108730815726","0.07836266566271807","0.08801913199733144","32.65271881148564","-1","0.0","0.0","0.0"
"CURVE 1","0.08554937387127004","23.969992252312526","30.890108730815726","0.07851284909604203","0.08797693736517606","32.912702322361845","-1","0.0","0.0","0.0"
"CURVE 1","0.08554937387127004","23.969992252312526","30.890108730815726","0.0786642354400597","0.08793524490660101","33.153769442748796","-1","0.0","0.0","0.0"
"CURVE 1","0.08554937387127004","23.969992252312526","30.890108730815726","0.07881683501438123","0.08789407454912933","33.376276744026974","-1","0.0","0.0","0.0"
"CURVE 1","0.08554937387127004","23.969992252312526","30.890108730815726","0.07897065813861676","0.08785344622028407","33.580574180046774","-1","0.0","0.0","0.0"
"CURVE 1","0.08554937387127004","23.969992252312526","30.890108730815726","0.07912571513237646","0.0878133798475882","33.76700587043172","-1","0.0","0.0","0.0"
"CURVE 1","0.08554937387127004","23.969992252312526","30.890108730815726","0.07928201631527043","0.08777389535856482","33.93591082159827","-1","0.0","0.0","0.0"
"CURVE 1","0.08554937387127004","23.969992252312526","30.890108730815726","0.07943957200690882","0.08773501268073693","34.08762358380145","-1","0.0","0.0","0.0"
"CURVE 1","0.08554937387127004","23.969992252312526","30.890108730815726","0.07959839252690178","0.08769675174162754","34.22247492005964","-1","0.0","0.0","0.0"
"CURVE 1","0.08554937387127004","23.969992252312526","30.890108730815726","0.07975848819485944","0.08765913246875971","34.340792361589834","-1","0.0","0.0","0.0"
"CURVE 1","0.08554937387127004","23.969992252312526","30.890108730815726","0.07991986933039195","0.08762217478965646","34.4429007517342","-1","0.0","0.0","0.0"
"CURVE 1","0.08554937387127004","23.969992252312526","30.890108730815726","0.08008254625310945","0.0875858986318408","34.529122765882846","-1","0.0","0.0","0.0"
"CURVE 1","0.08554937387127004","23.969992252312526","30.890108730815726","0.08024652928262208","0.08755032392283577","34.59977933216136","-1","0.0","0.0","0.0"
"CURVE 1","0.08554937387127004","23.969992252312526","30.890108730815726","0.08041182873853997","0.0875154705901644","34.65519007107575","-1","0.0","0.0","0.0"
"CURVE 1","0.08554937387127004","23.969992252312526","30.890108730815726","0.08057845494047326","0.08748135856134974","34.69567365489468","-1","0.0","0.0","0.0"
"CURVE 1","0.08554937387127004","23.969992252312526","30.890108730815726","0.0807464182080321","0.08744800776391479","34.72154811923339","-1","0.0","0.0","0.0"
"CURVE 1","0.08554937387127004","23.969992252312526","30.890108730815726","0.08091572886082665","0.08741543812538259","34.733131189795124","-1","0.0","0.0","0.0"
"CURVE 1","0.08554937387127004","23.969992252312526","30.890108730815726","0.08108639721846699","0.08738366957327619","34.73074049150092","-1","0.0","0.0","0.0"
"CURVE 1","0.08554937387127004","23.969992252312526","30.890108730815726","0.08125843360056331","0.08735272203511858","34.71469377982118","-1","0.0","0.0","0.0"
"CURVE 1","0.08554937387127004","23.969992252312526","30.890108730815726","0.08143184832672574","0.08732261543843282","34.68530911217476","-1","0.0","0.0","0.0"
"CURVE 1","0.08554937387127004","23.969992252312526","30.890108730815726","0.08160665171656444","0.08729336971074193","34.642904983530485","-1","0.0","0.0","0.0"
"CURVE 1","0.08554937387127004","23.969992252312526","30.890108730815726","0.0817828540896895","0.08726500477956894","34.58780042033961","-1","0.0","0.0","0.0"
"CURVE 1","0.08554937387127004","23.969992252312526","30.890108730815726","0.08196046576571109","0.08723754057243689","34.520315076008316","-1","0.0","0.0","0.0"
"CURVE 1","0.08554937387127004","23.969992252312526","30.890108730815726","0.08213949706423936","0.08721099701686877","34.44076925074725","-1","0.0","0.0","0.0"
"CURVE 1","0.08554937387127004","23.969992252312526","30.890108730815726","0.08231995830488441","0.08718539404038765","34.34948389205278","-1","0.0","0.0","0.0"
"CURVE 1","0.08554937387127004","23.969992252312526","30.890108730815726","0.08250185980725644","0.08716075157051655","34.24678058934027","-1","0.0","0.0","0.0"
"CURVE 1","0.08554937387127004","23.969992252312526","30.890108730815726","0.08268521189096555","0.0871370895347785","34.13298152527452","-1","0.0","0.0","0.0"
"CURVE 1","0.08554937387127004","23.969992252312526","30.890108730815726","0.0828700248756219","0.08711442786069651","34.00840939151083","-1","0.0","0.0","0.0"
"CURVE 1","0.08554937387127004","23.969992252312526","30.890108730815726","0.08305630908083561","0.08709278647579362","33.87338729683267","-1","0.0","0.0","0.0"
"CURVE 1","0.08554937387127004","23.969992252312526","30.890108730815726","0.08324407482621683","0.08707218530759289","33.728238647476275","-1","0.0","0.0","0.0"
"CURVE 1","0.08554937387127004","23.969992252312526","30.890108730815726","0.08343333243137571","0.08705264428361732","33.57328700204478","-1","0.0","0.0","0.0"
"CURVE 1","0.08554937387127004","23.969992252312526","30.890108730815726","0.08362409221592235","0.08703418333138993","33.40885590788325","-1","0.0","0.0","0.0"
"CURVE 1","0.08554937387127004","23.969992252312526","30.890108730815726","0.08381636449946693","0.08701682237843376","33.235268735632395","-1","0.0","0.0","0.0"
"CURVE 1","0.08554937387127004","23.969992252312526","30.890108730815726","0.08401015960161959","0.08700058135227186","33.05284847364439","-1","0.0","0.0","0.0"
"CURVE 1","0.08554937387127004","23.969992252312526","30.890108730815726","0.08420548784199046","0.0869854801804272","32.8619175230215","-1","0.0","0.0","0.0"
"CURVE 1","0.08554937387127004","23.969992252312526","30.890108730815726","0.08440235954018968","0.08697153879042288","32.66279748518316","-1","0.0","0.0","0.0"
"CURVE 1","0.08554937387127004","23.969992252312526","30.890108730815726","0.08460078501582738","0.0869587771097819","32.45580891801166","-1","0.0","0.0","0.0"
"CURVE 1","0.08554937387127004","23.969992252312526","30.890108730815726","0.08480077458851373","0.0869472150660273","32.241271115949445","-1","0.0","0.0","0.0"
"CURVE 1","0.08554937387127004","23.969992252312526","30.890108730815726","0.08500233857785885","0.08693687258668209","32.01950184599957","-1","0.0","0.0","0.0"
"CURVE 1","0.08554937387127004","23.969992252312526","30.890108730815726","0.08520548730347288","0.08692776959926929","31.79081710114408","-1","0.0","0.0","0.0"
"CURVE 1","0.08554937387127004","23.969992252312526","30.890108730815726","0.08541023108496597","0.08691992603131195","31.555530856733217","-1","0.0","0.0","0.0"
"CURVE 1","0.08554937387127004","23.969992252312526","30.890108730815726","0.08561658024194824","0.08691336181033311","31.31395480139612","-1","0.0","0.0","0.0"
"CURVE 1","0.08554937387127004","23.969992252312526","30.890108730815726","0.08582454509402983","0.08690809686385578","31.066398076224555","-1","0.0","0.0","0.0"
"CURVE 1","0.08554937387127004","23.969992252312526","30.890108730815726","0.0860341359608209","0.08690415111940299","30.81316702544296","-1","0.0","0.0","0.0"
"CURVE 1","0.08554937387127004","23.969992252312526","30.890108730815726","0.0862453631619316","0.08690154450449776","30.554564937039153","-1","0.0","0.0","0.0"
"CURVE 1","0.08554937387127004","23.969992252312526","30.890108730815726","0.08645823701697203","0.08690029694666317","30.290891784022133","-1","0.0","0.0","0.0"
"CURVE 1","0.08554937387127004","23.969992252312526","30.890108730815726","0.08667276784555236","0.08690042837342218","30.02244398900994","-1","0.0","0.0","0.0"
"CURVE 1","0.08554937387127004","23.969992252312526","30.890108730815726","0.08688896596728272","0.08690195871229787","29.74951416590923","-1","0.0","0.0","0.0"
"CURVE 1","0.08554937387127004","23.969992252312526","30.890108730815726","0.08710684170177328","0.08690490789081326","29.47239089491798","-1","0.0","0.0","0.0"
"CURVE 1","0.08554937387127004","23.969992252312526","30.890108730815726","0.08732640536863415","0.08690929583649137","29.191358488220622","-1","0.0","0.0","0.0"
"CURVE 1","0.08554937387127004","23.969992252312526","30.890108730815726","0.08754766728747546","0.08691514247685522","28.906696771424873","-1","0.0","0.0","0.0"
"CURVE 1","0.08554937387127004","23.969992252312526","30.890108730815726","0.08777063777790736","0.08692246773942786","28.618680868468946","-1","0.0","0.0","0.0"
"CURVE 1","0.08554937387127004","23.969992252312526","30.890108730815726","0.08799532715953999","0.0869312915517323","28.327581008196983","-1","0.0","0.0","0.0"
"CURVE 1","0.08554937387127004","23.969992252312526","30.890108730815726","0.0882217457519835","0.0869416338412916","28.03366233241679","-1","0.0","0.0","0.0"
"CURVE 1","0.08554937387127004","23.969992252312526","30.890108730815726","0.08844990387484802","0.08695351453562875","27.737184703155968","-1","0.0","0.0","0.0"
"CURVE 1","0.08554937387127004","23.969992252312526","30.890108730815726","0.0886798118477437","0.0869669535622668","27.43840256216827","-1","0.0","0.0","0.0"
"CURVE 1","0.08554937387127004","23.969992252312526","30.890108730815726","0.08891147999028069","0.08698197084872876","27.13756474467853","-1","0.0","0.0","0.0"
"CURVE 1","0.08554937387127004","23.969992252312526","30.890108730815726","0.0891449186220691","0.08699858632253771","26.834914364284995","-1","0.0","0.0","0.0"
"CURVE 1","0.08554937387127004","23.969992252312526","30.890108730815726","0.0893801380627191","0.08701681991121663","26.530688664071786","-1","0.0","0.0","0.0"
"CURVE 1","0.08554937387127004","23.969992252312526","30.890108730815726","0.08961714863184081","0.08703669154228855","26.22511890581021","-1","0.0","0.0","0.0"
"CURVE 1","0.08554937387127004","23.969992252312526","30.890108730815726","0.08985596064904436","0.08705822114327653","25.918430273297712","-1","0.0","0.0","0.0"
"CURVE 1","0.08554937387127004","23.969992252312526","30.890108730815726","0.09009658443393992","0.08708142864170358","25.610841771786397","-1","0.0","0.0","0.0"
"CURVE 1","0.08554937387127004","23.969992252312526","30.890108730815726","0.09033903030613762","0.08710633396509275","25.302566151331064","-1","0.0","0.0","0.0"
"CURVE 1","0.08554937387127004","23.969992252312526","30.890108730815726","0.0905833085852476","0.08713295704096703","24.99380984592567","-1","0.0","0.0","0.0"
"CURVE 1","0.08554937387127004","23.969992252312526","30.890108730815726","0.09082942959087999","0.08716131779684948","24.68477292208775","-1","0.0","0.0","0.0"
"CURVE 1","0.08554937387127004","23.969992252312526","30.890108730815726","0.09107740364264492","0.08719143616026312","24.375649031133964","-1","0.0","0.0","0.0"
"CURVE 1","0.08554937387127004","23.969992252312526","30.890108730815726","0.09132724106015258","0.08722333205873099","24.066625395693727","-1","0.0","0.0","0.0"
"CURVE 1","0.08554937387127004","23.969992252312526","30.890108730815726","0.09157895216301307","0.08725702541977612","23.757882784824357","-1","0.0","0.0","0.0"
"CURVE 1","0.08554937387127004","23.969992252312526","30.890108730815726","0.09183254727083653","0.0872925361709215","23.4495955131426","-1","0.0","0.0","0.0"
"CURVE 1","0.08554937387127004","23.969992252312526","30.890108730815726","0.09208803670323312","0.08732988423969022","23.141931447031517","-1","0.0","0.0","0.0"
"CURVE 1","0.08554937387127004","23.969992252312526","30.890108730815726","0.09234543077981296","0.08736908955360526","22.83505203420883","-1","0.0","0.0","0.0"
"CURVE 1","0.08554937387127004","23.969992252312526","30.890108730815726","0.09260473982018619","0.08741017204018967","22.529112320230887","-1","0.0","0.0","0.0"
"CURVE 1","0.08554937387127004","23.969992252312526","30.890108730815726","0.09286597414396296","0.08745315162696647","22.22426100101862","-1","0.0","0.0","0.0"
"CURVE 1","0.08554937387127004","23.969992252312526","30.890108730815726","0.09312914407075341","0.08749804824145872","21.920640458447412","-1","0.0","0.0","0.0"
"CURVE 1","0.08554937387127004","23.969992252312526","30.890108730815726","0.09339425992016769","0.08754488181118941","21.618386836722394","-1","0.0","0.0","0.0"
"CURVE 1","0.08554937387127004","23.969992252312526","30.890108730815726","0.09366133201181592","0.08759367226368159","21.31763009579319","-1","0.0","0.0","0.0"
"CURVE 1","0.08554937387127004","23.969992252312526","30.890108730815726","0.09393037066530827","0.08764443952645828","21.018494094390785","-1","0.0","0.0","0.0"
"CURVE 1","0.08554937387127004","23.969992252312526","30.890108730815726","0.09420138620025482","0.08769720352704252","20.721096670147396","-1","0.0","0.0","0.0"
"CURVE 1","0.08554937387127004","23.969992252312526","30.890108730815726","0.09447438893626577","0.08775198419295732","20.42554973444235","-1","0.0","0.0","0.0"
"CURVE 1","0.08554937387127004","23.969992252312526","30.890108730815726","0.09474938919295124","0.08780880145172575","20.131959364929475","-1","0.0","0.0","0.0"
"CURVE 1","0.08554937387127004","23.969992252312526","30.890108730815726","0.09502639728992139","0.08786767523087079","19.84042591350711","-1","0.0","0.0","0.0"
"CURVE 1","0.08554937387127004","23.969992252312526","30.890108730815726","0.09530542354678632","0.08792862545791551","19.551044108653407","-1","0.0","0.0","0.0"
"CURVE 1","0.08554937387127004","23.969992252312526","30.890108730815726","0.09558647828315621","0.08799167206038291","19.263903178217703","-1","0.0","0.0","0.0"
"CURVE 1","0.08554937387127004","23.969992252312526","30.890108730815726","0.09586957181864117","0.08805683496579601","18.97908696255915","-1","0.0","0.0","0.0"
"CURVE 1","0.08554937387127004","23.969992252312526","30.890108730815726","0.09615471447285134","0.08812413410167788","18.69667403581098","-1","0.0","0.0","0.0"
"CURVE 1","0.08554937387127004","23.969992252312526","30.890108730815726","0.0964419165653969","0.08819358939555152","18.416737831947785","-1","0.0","0.0","0.0"
"CURVE 1","0.08554937387127004","23.969992252312526","30.890108730815726","0.09673118841588794","0.08826522077493999","18.13934678308193","-1","0.0","0.0","0.0"
"CURVE 1","0.08554937387127004","23.969992252312526","30.890108730815726","0.09702254034393462","0.08833904816736629","17.86456443652404","-1","0.0","0.0","0.0"
"CURVE 1","0.08554937387127004","23.969992252312526","30.890108730815726","0.0973159826691471","0.08841509150035345","17.592449600731552","-1","0.0","0.0","0.0"
"CURVE 1","0.08554937387127004","23.969992252312526","30.890108730815726","0.09761152571113549","0.08849337070142452","17.32305647705339","-1","0.0","0.0","0.0"
"CURVE 1","0.08554937387127004","23.969992252312526","30.890108730815726","0.09790917978950994","0.0885739056981025","17.05643479286486","-1","0.0","0.0","0.0"
