"Curve Name","Curve Length (um)","Average Curvature (um-1)","Curvature Std (um-1)","X-Coordinate (um)","Y-Coordinate (um)","Point Curvature (um-1)","Point Curvature Sign","Red Intensity","Green Intensity","Blue Intensity"
"CURVE 1","0.0859611743049563","25.702793923329807","31.695973191939913","0.021194029850746268","0.10597014925373134","29.77459118933178","1","0.0","0.0","0.0"
"CURVE 1","0.0859611743049563","25.702793923329807","31.695973191939913","0.021361612656816322","0.10617791137885098","30.755207125357483","1","0.0","0.0","0.0"
"CURVE 1","0.0859611743049563","25.702793923329807","31.695973191939913","0.02152854141311266","0.10638144459890489","31.7682719436473","1","0.0","0.0","0.0"
"CURVE 1","0.0859611743049563","25.702793923329807","31.695973191939913","0.021694817970048134","0.10658078336004002","32.81456296599057","1","0.0","0.0","0.0"
"CURVE 1","0.0859611743049563","25.702793923329807","31.695973191939913","0.021860444178035603","0.10677596210840329","33.89483744523647","1","0.0","0.0","0.0"
"CURVE 1","0.0859611743049563","25.702793923329807","31.695973191939913","0.022025421887487916","0.10696701529014169","35.009827272321765","1","0.0","0.0","0.0"
"CURVE 1","0.0859611743049563","25.702793923329807","31.695973191939913","0.022189752948817924","0.10715397735140215","36.16023320133172","1","0.0","0.0","0.0"
"CURVE 1","0.0859611743049563","25.702793923329807","31.695973191939913","0.022353439212438483","0.10733688273833164","37.34671855175672","1","0.0","0.0","0.0"
"CURVE 1","0.0859611743049563","25.702793923329807","31.695973191939913","0.022516482528762437","0.1075157658970771","38.569902367237766","1","0.0","0.0","0.0"
"CURVE 1","0.0859611743049563","25.702793923329807","31.695973191939913","0.022678884748202652","0.10769066127378549","39.83035203097225","1","0.0","0.0","0.0"
"CURVE 1","0.0859611743049563","25.702793923329807","31.695973191939913","0.02284064772117197","0.10786160331460373","41.12857531046811","1","0.0","0.0","0.0"
"CURVE 1","0.0859611743049563","25.702793923329807","31.695973191939913","0.023001773298083256","0.1080286264656788","42.46501183143742","1","0.0","0.0","0.0"
"CURVE 1","0.0859611743049563","25.702793923329807","31.695973191939913","0.02316226332934935","0.10819176517315765","43.840023979694166","1","0.0","0.0","0.0"
"CURVE 1","0.0859611743049563","25.702793923329807","31.695973191939913","0.023322119665383105","0.10835105388318722","45.2538872404646","1","0.0","0.0","0.0"
"CURVE 1","0.0859611743049563","25.702793923329807","31.695973191939913","0.023481344156597386","0.10850652704191445","46.706779977524626","1","0.0","0.0","0.0"
"CURVE 1","0.0859611743049563","25.702793923329807","31.695973191939913","0.023639938653405034","0.10865821909548631","48.19877268800072","1","0.0","0.0","0.0"
"CURVE 1","0.0859611743049563","25.702793923329807","31.695973191939913","0.023797905006218905","0.10880616449004976","49.72981676636202","1","0.0","0.0","0.0"
"CURVE 1","0.0859611743049563","25.702793923329807","31.695973191939913","0.023955245065451856","0.10895039767175171","51.29973280871789","1","0.0","0.0","0.0"
"CURVE 1","0.0859611743049563","25.702793923329807","31.695973191939913","0.024111960681516734","0.10909095308673915","52.90819854206983","1","0.0","0.0","0.0"
"CURVE 1","0.0859611743049563","25.702793923329807","31.695973191939913","0.024268053704826393","0.10922786518115903","54.5547364288866","1","0.0","0.0","0.0"
"CURVE 1","0.0859611743049563","25.702793923329807","31.695973191939913","0.024423525985793688","0.10936116840115827","56.23870105116716","1","0.0","0.0","0.0"
"CURVE 1","0.0859611743049563","25.702793923329807","31.695973191939913","0.024578379374831472","0.10949089719288384","57.95926637497373","1","0.0","0.0","0.0"
"CURVE 1","0.0859611743049563","25.702793923329807","31.695973191939913","0.02473261572235259","0.1096170860024827","59.71541302310507","1","0.0","0.0","0.0"
"CURVE 1","0.0859611743049563","25.702793923329807","31.695973191939913","0.024886236878769907","0.10973976927610178","61.505915696047865","1","0.0","0.0","0.0"
"CURVE 1","0.0859611743049563","25.702793923329807","31.695973191939913","0.025039244694496268","0.10985898145988804","63.329330916744475","1","0.0","0.0","0.0"
"CURVE 1","0.0859611743049563","25.702793923329807","31.695973191939913","0.025191641019944526","0.10997475699998845","65.18398523822812","1","0.0","0.0","0.0"
"CURVE 1","0.0859611743049563","25.702793923329807","31.695973191939913","0.025343427705527537","0.11008713034254992","67.06796418446142","1","0.0","0.0","0.0"
"CURVE 1","0.0859611743049563","25.702793923329807","31.695973191939913","0.02549460660165815","0.11019613593371946","68.97910207899083","1","0.0","0.0","0.0"
"CURVE 1","0.0859611743049563","25.702793923329807","31.695973191939913","0.02564517955874922","0.11030180821964396","70.91497301081746","1","0.0","0.0","0.0"
"CURVE 1","0.0859611743049563","25.702793923329807","31.695973191939913","0.0257951484272136","0.1104041816464704","72.87288321994606","1","0.0","0.0","0.0"
"CURVE 1","0.0859611743049563","25.702793923329807","31.695973191939913","0.025944515057464142","0.11050329066034573","74.84986509047292","1","0.0","0.0","0.0"
"CURVE 1","0.0859611743049563","25.702793923329807","31.695973191939913","0.026093281299913697","0.1105991697074169","76.84267309728266","1","0.0","0.0","0.0"
"CURVE 1","0.0859611743049563","25.702793923329807","31.695973191939913","0.026241449004975125","0.11069185323383084","78.84778190553531","1","0.0","0.0","0.0"
"CURVE 1","0.0859611743049563","25.702793923329807","31.695973191939913","0.02638902002306127","0.11078137568573454","80.86138690664696","1","0.0","0.0","0.0"
"CURVE 1","0.0859611743049563","25.702793923329807","31.695973191939913","0.026535996204584987","0.11086777150927492","82.87940749834037","1","0.0","0.0","0.0"
"CURVE 1","0.0859611743049563","25.702793923329807","31.695973191939913","0.02668237939995913","0.11095107515059895","84.89749322337738","1","0.0","0.0","0.0"
"CURVE 1","0.0859611743049563","25.702793923329807","31.695973191939913","0.026828171459596546","0.11103132105585355","86.91103313288315","1","0.0","0.0","0.0"
"CURVE 1","0.0859611743049563","25.702793923329807","31.695973191939913","0.0269733742339101","0.1111085436711857","88.91516843727284","1","0.0","0.0","0.0"
"CURVE 1","0.0859611743049563","25.702793923329807","31.695973191939913","0.027117989573312636","0.11118277744274234","90.90480864861148","1","0.0","0.0","0.0"
"CURVE 1","0.0859611743049563","25.702793923329807","31.695973191939913","0.027262019328217004","0.11125405681667043","92.87465128563765","1","0.0","0.0","0.0"
"CURVE 1","0.0859611743049563","25.702793923329807","31.695973191939913","0.027405465349036068","0.1113224162391169","94.81920520440552","1","0.0","0.0","0.0"
"CURVE 1","0.0859611743049563","25.702793923329807","31.695973191939913","0.02754832948618267","0.11138789015622874","96.7328175139322","1","0.0","0.0","0.0"
"CURVE 1","0.0859611743049563","25.702793923329807","31.695973191939913","0.027690613590069666","0.11145051301415286","98.60970396939037","1","0.0","0.0","0.0"
"CURVE 1","0.0859611743049563","25.702793923329807","31.695973191939913","0.027832319511109913","0.11151031925903622","100.44398274764124","1","0.0","0.0","0.0"
"CURVE 1","0.0859611743049563","25.702793923329807","31.695973191939913","0.02797344909971626","0.11156734333702581","102.22971126538917","1","0.0","0.0","0.0"
"CURVE 1","0.0859611743049563","25.702793923329807","31.695973191939913","0.02811400420630156","0.11162161969426854","103.96092578376644","1","0.0","0.0","0.0"
"CURVE 1","0.0859611743049563","25.702793923329807","31.695973191939913","0.02825398668127866","0.11167318277691135","105.63168340739561","1","0.0","0.0","0.0"
"CURVE 1","0.0859611743049563","25.702793923329807","31.695973191939913","0.028393398375060424","0.11172206703110121","107.23610596586398","1","0.0","0.0","0.0"
"CURVE 1","0.0859611743049563","25.702793923329807","31.695973191939913","0.0285322411380597","0.11176830690298507","108.76842524434662","1","0.0","0.0","0.0"
"CURVE 1","0.0859611743049563","25.702793923329807","31.695973191939913","0.028670516820689336","0.1118119368387099","110.22302902514153","1","0.0","0.0","0.0"
"CURVE 1","0.0859611743049563","25.702793923329807","31.695973191939913","0.028808227273362193","0.11185299128442262","111.59450716531006","1","0.0","0.0","0.0"
"CURVE 1","0.0859611743049563","25.702793923329807","31.695973191939913","0.028945374346491116","0.11189150468627018","112.877697189407","1","0.0","0.0","0.0"
"CURVE 1","0.0859611743049563","25.702793923329807","31.695973191939913","0.02908195989048896","0.11192751149039958","114.06772853959221","1","0.0","0.0","0.0"
"CURVE 1","0.0859611743049563","25.702793923329807","31.695973191939913","0.02921798575576858","0.1119610461429577","115.16006485444747","1","0.0","0.0","0.0"
"CURVE 1","0.0859611743049563","25.702793923329807","31.695973191939913","0.029353453792742828","0.11199214309009153","116.15054358006995","1","0.0","0.0","0.0"
"CURVE 1","0.0859611743049563","25.702793923329807","31.695973191939913","0.029488365851824554","0.11202083677794804","117.0354122279415","1","0.0","0.0","0.0"
"CURVE 1","0.0859611743049563","25.702793923329807","31.695973191939913","0.029622723783426615","0.11204716165267414","117.81136066149692","1","0.0","0.0","0.0"
"CURVE 1","0.0859611743049563","25.702793923329807","31.695973191939913","0.02975652943796186","0.1120711521604168","118.47554886535475","1","0.0","0.0","0.0"
"CURVE 1","0.0859611743049563","25.702793923329807","31.695973191939913","0.029889784665843147","0.11209284274732297","119.02562976805386","1","0.0","0.0","0.0"
"CURVE 1","0.0859611743049563","25.702793923329807","31.695973191939913","0.030022491317483323","0.1121122678595396","119.45976664761783","1","0.0","0.0","0.0"
"CURVE 1","0.0859611743049563","25.702793923329807","31.695973191939913","0.030154651243295243","0.11212946194321363","119.77664497029257","1","0.0","0.0","0.0"
"CURVE 1","0.0859611743049563","25.702793923329807","31.695973191939913","0.03028626629369176","0.11214445944449201","119.97547840086678","1","0.0","0.0","0.0"
"CURVE 1","0.0859611743049563","25.702793923329807","31.695973191939913","0.030417338319085725","0.11215729480952175","120.05600897351994","1","0.0","0.0","0.0"
"CURVE 1","0.0859611743049563","25.702793923329807","31.695973191939913","0.030547869169889993","0.11216800248444972","120.01850153787953","1","0.0","0.0","0.0"
"CURVE 1","0.0859611743049563","25.702793923329807","31.695973191939913","0.030677860696517414","0.1121766169154229","119.86373251165955","1","0.0","0.0","0.0"
"CURVE 1","0.0859611743049563","25.702793923329807","31.695973191939913","0.030807314749380844","0.11218317254858824","119.59297345898902","1","0.0","0.0","0.0"
"CURVE 1","0.0859611743049563","25.702793923329807","31.695973191939913","0.030936233178893133","0.11218770383009272","119.20796957333707","1","0.0","0.0","0.0"
"CURVE 1","0.0859611743049563","25.702793923329807","31.695973191939913","0.031064617835467136","0.11219024520608326","118.71091381273438","1","0.0","0.0","0.0"
"CURVE 1","0.0859611743049563","25.702793923329807","31.695973191939913","0.031192470569515705","0.1121908311227068","118.1044169646393","1","0.0","0.0","0.0"
"CURVE 1","0.0859611743049563","25.702793923329807","31.695973191939913","0.0313197932314517","0.11218949602611031","117.39147439928517","1","0.0","0.0","0.0"
"CURVE 1","0.0859611743049563","25.702793923329807","31.695973191939913","0.03144658767168795","0.11218627436244075","116.57543001086998","1","0.0","0.0","0.0"
"CURVE 1","0.0859611743049563","25.702793923329807","31.695973191939913","0.03157285574063733","0.11218120057784503","115.65993802070136","1","0.0","0.0","0.0"
"CURVE 1","0.0859611743049563","25.702793923329807","31.695973191939913","0.031698599288712694","0.11217430911847018","114.64892326514226","1","0.0","0.0","0.0"
"CURVE 1","0.0859611743049563","25.702793923329807","31.695973191939913","0.03182382016632688","0.11216563443046305","113.54654062412845","1","0.0","0.0","0.0"
"CURVE 1","0.0859611743049563","25.702793923329807","31.695973191939913","0.03194852022389275","0.11215521095997068","112.357134126458","1","0.0","0.0","0.0"
"CURVE 1","0.0859611743049563","25.702793923329807","31.695973191939913","0.03207270131182315","0.11214307315313997","111.08519634246255","1","0.0","0.0","0.0"
"CURVE 1","0.0859611743049563","25.702793923329807","31.695973191939913","0.03219636528053095","0.11212925545611788","109.73532857215645","1","0.0","0.0","0.0"
"CURVE 1","0.0859611743049563","25.702793923329807","31.695973191939913","0.03231951398042898","0.11211379231505136","108.31220229556874","1","0.0","0.0","0.0"
"CURVE 1","0.0859611743049563","25.702793923329807","31.695973191939913","0.0324421492619301","0.11209671817608735","106.82052224584112","1","0.0","0.0","0.0"
"CURVE 1","0.0859611743049563","25.702793923329807","31.695973191939913","0.032564272975447166","0.11207806748537283","105.2649915155767","1","0.0","0.0","0.0"
"CURVE 1","0.0859611743049563","25.702793923329807","31.695973191939913","0.03268588697139304","0.11205787468905475","103.65027890485443","1","0.0","0.0","0.0"
"CURVE 1","0.0859611743049563","25.702793923329807","31.695973191939913","0.032806993100180565","0.11203617423328004","101.98098880184888","1","0.0","0.0","0.0"
"CURVE 1","0.0859611743049563","25.702793923329807","31.695973191939913","0.03292759321222259","0.11201300056419565","100.2616336456279","1","0.0","0.0","0.0"
"CURVE 1","0.0859611743049563","25.702793923329807","31.695973191939913","0.033047689157931964","0.11198838812794853","98.49660916874178","1","0.0","0.0","0.0"
"CURVE 1","0.0859611743049563","25.702793923329807","31.695973191939913","0.033167282787721554","0.11196237137068565","96.69017237764635","1","0.0","0.0","0.0"
"CURVE 1","0.0859611743049563","25.702793923329807","31.695973191939913","0.033286375952004205","0.11193498473855394","94.84642235340924","1","0.0","0.0","0.0"
"CURVE 1","0.0859611743049563","25.702793923329807","31.695973191939913","0.03340497050119278","0.11190626267770037","92.96928368578912","1","0.0","0.0","0.0"
"CURVE 1","0.0859611743049563","25.702793923329807","31.695973191939913","0.033523068285700106","0.11187623963427189","91.06249260756546","1","0.0","0.0","0.0"
"CURVE 1","0.0859611743049563","25.702793923329807","31.695973191939913","0.033640671155939064","0.11184495005441544","89.12958562114127","1","0.0","0.0","0.0"
"CURVE 1","0.0859611743049563","25.702793923329807","31.695973191939913","0.03375778096232249","0.11181242838427796","87.17389041822365","1","0.0","0.0","0.0"
"CURVE 1","0.0859611743049563","25.702793923329807","31.695973191939913","0.03387439955526324","0.11177870907000644","85.19851913823041","1","0.0","0.0","0.0"
"CURVE 1","0.0859611743049563","25.702793923329807","31.695973191939913","0.03399052878517416","0.11174382655774778","83.20636350647895","1","0.0","0.0","0.0"
"CURVE 1","0.0859611743049563","25.702793923329807","31.695973191939913","0.034106170502468135","0.11170781529364895","81.20009192609703","1","0.0","0.0","0.0"
"CURVE 1","0.0859611743049563","25.702793923329807","31.695973191939913","0.034221326557557975","0.11167070972385694","79.1821481508713","1","0.0","0.0","0.0"
"CURVE 1","0.0859611743049563","25.702793923329807","31.695973191939913","0.03433599880085656","0.11163254429451863","77.1547514325111","1","0.0","0.0","0.0"
"CURVE 1","0.0859611743049563","25.702793923329807","31.695973191939913","0.03445018908277673","0.11159335345178102","75.11989797162482","1","0.0","0.0","0.0"
"CURVE 1","0.0859611743049563","25.702793923329807","31.695973191939913","0.03456389925373135","0.11155317164179106","73.07936341454258","1","0.0","0.0","0.0"
"CURVE 1","0.0859611743049563","25.702793923329807","31.695973191939913","0.034677131164133256","0.11151203331069567","71.03470624859308","1","0.0","0.0","0.0"
"CURVE 1","0.0859611743049563","25.702793923329807","31.695973191939913","0.03478988666439531","0.11146997290464185","68.98727199904833","1","0.0","0.0","0.0"
"CURVE 1","0.0859611743049563","25.702793923329807","31.695973191939913","0.03490216760493036","0.11142702486977649","66.93819797676419","1","0.0","0.0","0.0"
"CURVE 1","0.0859611743049563","25.702793923329807","31.695973191939913","0.035013975836151276","0.11138322365224661","64.88841845905993","1","0.0","0.0","0.0"
"CURVE 1","0.0859611743049563","25.702793923329807","31.695973191939913","0.03512531320847089","0.11133860369819908","62.838670165415294","1","0.0","0.0","0.0"
"CURVE 1","0.0859611743049563","25.702793923329807","31.695973191939913","0.03523618157230207","0.11129319945378091","60.789497952004915","1","0.0","0.0","0.0"
"CURVE 1","0.0859611743049563","25.702793923329807","31.695973191939913","0.03534658277805766","0.11124704536513906","58.74126057117821","1","0.0","0.0","0.0"
"CURVE 1","0.0859611743049563","25.702793923329807","31.695973191939913","0.0354565186761505","0.11120017587842043","56.69413637144242","1","0.0","0.0","0.0"
"CURVE 1","0.0859611743049563","25.702793923329807","31.695973191939913","0.03556599111699347","0.11115262543977199","54.64812887439482","1","0.0","0.0","0.0"
"CURVE 1","0.0859611743049563","25.702793923329807","31.695973191939913","0.0356750019509994","0.1111044284953407","52.60307220959254","1","0.0","0.0","0.0"
"CURVE 1","0.0859611743049563","25.702793923329807","31.695973191939913","0.03578355302858116","0.11105561949127352","50.55863622321666","1","0.0","0.0","0.0"
"CURVE 1","0.0859611743049563","25.702793923329807","31.695973191939913","0.03589164620015159","0.11100623287371737","48.514331283984774","1","0.0","0.0","0.0"
"CURVE 1","0.0859611743049563","25.702793923329807","31.695973191939913","0.03599928331612355","0.11095630308881922","46.46951271471314","1","0.0","0.0","0.0"
"CURVE 1","0.0859611743049563","25.702793923329807","31.695973191939913","0.03610646622690989","0.11090586458272603","44.4233847740378","1","0.0","0.0","0.0"
"CURVE 1","0.0859611743049563","25.702793923329807","31.695973191939913","0.036213196782923465","0.11085495180158475","42.37500419756361","1","0.0","0.0","0.0"
"CURVE 1","0.0859611743049563","25.702793923329807","31.695973191939913","0.03631947683457712","0.11080359919154231","40.32328322343543","1","0.0","0.0","0.0"
"CURVE 1","0.0859611743049563","25.702793923329807","31.695973191939913","0.03642530823228371","0.11075184119874566","38.26699213414457","1","0.0","0.0","0.0"
"CURVE 1","0.0859611743049563","25.702793923329807","31.695973191939913","0.0365306928264561","0.11069971226934178","36.20476118580712","1","0.0","0.0","0.0"
"CURVE 1","0.0859611743049563","25.702793923329807","31.695973191939913","0.03663563246750714","0.1106472468494776","34.13508203136425","1","0.0","0.0","0.0"
"CURVE 1","0.0859611743049563","25.702793923329807","31.695973191939913","0.03674012900584966","0.11059447938530008","32.0563085658383","1","0.0","0.0","0.0"
"CURVE 1","0.0859611743049563","25.702793923329807","31.695973191939913","0.03684418429189654","0.11054144432295615","29.966657093557853","1","0.0","0.0","0.0"
"CURVE 1","0.0859611743049563","25.702793923329807","31.695973191939913","0.03694780017606062","0.11048817610859278","27.86420602695306","1","0.0","0.0","0.0"
"CURVE 1","0.0859611743049563","25.702793923329807","31.695973191939913","0.03705097850875475","0.11043470918835693","25.746894891722526","1","0.0","0.0","0.0"
"CURVE 1","0.0859611743049563","25.702793923329807","31.695973191939913","0.037153721140391796","0.11038107800839554","23.612522705230067","1","0.0","0.0","0.0"
"CURVE 1","0.0859611743049563","25.702793923329807","31.695973191939913","0.0372560299213846","0.11032731701485554","21.458745838367282","1","0.0","0.0","0.0"
"CURVE 1","0.0859611743049563","25.702793923329807","31.695973191939913","0.03735790670214601","0.11027346065388392","19.283075137308217","1","0.0","0.0","0.0"
"CURVE 1","0.0859611743049563","25.702793923329807","31.695973191939913","0.037459353333088884","0.11021954337162759","17.08287252835781","1","0.0","0.0","0.0"
"CURVE 1","0.0859611743049563","25.702793923329807","31.695973191939913","0.03756037166462609","0.11016559961423353","14.855346985991211","1","0.0","0.0","0.0"
"CURVE 1","0.0859611743049563","25.702793923329807","31.695973191939913","0.03766096354717045","0.11011166382784868","12.597549848048175","1","0.0","0.0","0.0"
"CURVE 1","0.0859611743049563","25.702793923329807","31.695973191939913","0.03776113083113485","0.11005777045862","10.306369615859447","1","0.0","0.0","0.0"
"CURVE 1","0.0859611743049563","25.702793923329807","31.695973191939913","0.03786087536693212","0.11000395395269442","7.978526146360526","1","0.0","0.0","0.0"
"CURVE 1","0.0859611743049563","25.702793923329807","31.695973191939913","0.037960199004975125","0.10995024875621891","5.610564249717974","1","0.0","0.0","0.0"
"CURVE 1","0.0859611743049563","25.702793923329807","31.695973191939913","0.038059104307373956","0.10989668307612786","5.65319182000261","1","0.0","0.0","0.0"
"CURVE 1","0.0859611743049563","25.702793923329807","31.695973191939913","0.038157596683027734","0.10984326016250537","5.695002369847497","1","0.0","0.0","0.0"
"CURVE 1","0.0859611743049563","25.702793923329807","31.695973191939913","0.038255682252532806","0.10978997702622298","5.73595897599458","1","0.0","0.0","0.0"
"CURVE 1","0.0859611743049563","25.702793923329807","31.695973191939913","0.038353367136485544","0.10973683067815222","5.776024601479168","1","0.0","0.0","0.0"
"CURVE 1","0.0859611743049563","25.702793923329807","31.695973191939913","0.038450657455482304","0.10968381812916468","5.815162105412234","1","0.0","0.0","0.0"
"CURVE 1","0.0859611743049563","25.702793923329807","31.695973191939913","0.03854755933011943","0.10963093639013188","5.853334352331664","1","0.0","0.0","0.0"
"CURVE 1","0.0859611743049563","25.702793923329807","31.695973191939913","0.03864407888099329","0.10957818247192537","5.890504191884611","1","0.0","0.0","0.0"
"CURVE 1","0.0859611743049563","25.702793923329807","31.695973191939913","0.03874022222870025","0.10952555338541668","5.926634553542272","1","0.0","0.0","0.0"
"CURVE 1","0.0859611743049563","25.702793923329807","31.695973191939913","0.038835995493836664","0.10947304614147739","5.961688465130227","1","0.0","0.0","0.0"
"CURVE 1","0.0859611743049563","25.702793923329807","31.695973191939913","0.03893140479699889","0.109420657750979","5.995629118254365","1","0.0","0.0","0.0"
"CURVE 1","0.0859611743049563","25.702793923329807","31.695973191939913","0.039026456258783294","0.10936838522479309","6.028419901219464","1","0.0","0.0","0.0"
"CURVE 1","0.0859611743049563","25.702793923329807","31.695973191939913","0.039121155999786224","0.1093162255737912","6.060024480377681","1","0.0","0.0","0.0"
"CURVE 1","0.0859611743049563","25.702793923329807","31.695973191939913","0.03921551014060405","0.10926417580884487","6.090406807355146","1","0.0","0.0","0.0"
"CURVE 1","0.0859611743049563","25.702793923329807","31.695973191939913","0.03930952480183312","0.10921223294082566","6.11953120618932","1","0.0","0.0","0.0"
"CURVE 1","0.0859611743049563","25.702793923329807","31.695973191939913","0.0394032061040698","0.1091603939806051","6.147362417485387","1","0.0","0.0","0.0"
"CURVE 1","0.0859611743049563","25.702793923329807","31.695973191939913","0.03949656016791045","0.10910865593905474","6.173865656539261","1","0.0","0.0","0.0"
"CURVE 1","0.0859611743049563","25.702793923329807","31.695973191939913","0.03958959311395142","0.1090570158270461","6.199006647896202","1","0.0","0.0","0.0"
"CURVE 1","0.0859611743049563","25.702793923329807","31.695973191939913","0.03968231106278908","0.10900547065545078","6.2227517137247705","1","0.0","0.0","0.0"
"CURVE 1","0.0859611743049563","25.702793923329807","31.695973191939913","0.03977472013501978","0.10895401743514029","6.245067789845514","1","0.0","0.0","0.0"
"CURVE 1","0.0859611743049563","25.702793923329807","31.695973191939913","0.03986682645123989","0.10890265317698618","6.26592253251286","1","0.0","0.0","0.0"
"CURVE 1","0.0859611743049563","25.702793923329807","31.695973191939913","0.03995863613204576","0.10885137489185999","6.285284302163294","1","0.0","0.0","0.0"
"CURVE 1","0.0859611743049563","25.702793923329807","31.695973191939913","0.04005015529803376","0.10880017959063326","6.30312230367472","1","0.0","0.0","0.0"
"CURVE 1","0.0859611743049563","25.702793923329807","31.695973191939913","0.04014139006980024","0.10874906428417756","6.319406561880448","1","0.0","0.0","0.0"
"CURVE 1","0.0859611743049563","25.702793923329807","31.695973191939913","0.04023234656794155","0.10869802598336444","6.334108046328797","1","0.0","0.0","0.0"
"CURVE 1","0.0859611743049563","25.702793923329807","31.695973191939913","0.04032303091305406","0.1086470616990654","6.347198675818471","1","0.0","0.0","0.0"
"CURVE 1","0.0859611743049563","25.702793923329807","31.695973191939913","0.04041344922573413","0.10859616844215203","6.358651380337015","1","0.0","0.0","0.0"
"CURVE 1","0.0859611743049563","25.702793923329807","31.695973191939913","0.04050360762657812","0.10854534322349588","6.3684401985844366","1","0.0","0.0","0.0"
"CURVE 1","0.0859611743049563","25.702793923329807","31.695973191939913","0.04059351223618238","0.10849458305396846","6.376540269409144","1","0.0","0.0","0.0"
"CURVE 1","0.0859611743049563","25.702793923329807","31.695973191939913","0.040683169175143266","0.10844388494444132","6.382927918467094","1","0.0","0.0","0.0"
"CURVE 1","0.0859611743049563","25.702793923329807","31.695973191939913","0.040772584564057156","0.10839324590578601","6.387580712620926","1","0.0","0.0","0.0"
"CURVE 1","0.0859611743049563","25.702793923329807","31.695973191939913","0.0408617645235204","0.10834266294887411","6.3904774837918055","1","0.0","0.0","0.0"
"CURVE 1","0.0859611743049563","25.702793923329807","31.695973191939913","0.040950715174129355","0.10829213308457712","6.391598388169533","1","0.0","0.0","0.0"
"CURVE 1","0.0859611743049563","25.702793923329807","31.695973191939913","0.04103944263648039","0.1082416533237666","6.390924984944037","1","0.0","0.0","0.0"
"CURVE 1","0.0859611743049563","25.702793923329807","31.695973191939913","0.04112795303116984","0.10819122067731411","6.388440223469867","1","0.0","0.0","0.0"
"CURVE 1","0.0859611743049563","25.702793923329807","31.695973191939913","0.041216252478794076","0.1081408321560912","6.384128520578025","1","0.0","0.0","0.0"
"CURVE 1","0.0859611743049563","25.702793923329807","31.695973191939913","0.04130434709994948","0.10809048477096937","6.377975831281896","1","0.0","0.0","0.0"
"CURVE 1","0.0859611743049563","25.702793923329807","31.695973191939913","0.04139224301523238","0.10804017553282022","6.3699695905842","1","0.0","0.0","0.0"
"CURVE 1","0.0859611743049563","25.702793923329807","31.695973191939913","0.041479946345239146","0.10798990145251526","6.360098872655338","1","0.0","0.0","0.0"
"CURVE 1","0.0859611743049563","25.702793923329807","31.695973191939913","0.04156746321056613","0.10793965954092605","6.348354329362316","1","0.0","0.0","0.0"
"CURVE 1","0.0859611743049563","25.702793923329807","31.695973191939913","0.0416547997318097","0.10788944680892414","6.334728257003743","1","0.0","0.0","0.0"
"CURVE 1","0.0859611743049563","25.702793923329807","31.695973191939913","0.041741962029566225","0.10783926026738104","6.319214658723944","1","0.0","0.0","0.0"
"CURVE 1","0.0859611743049563","25.702793923329807","31.695973191939913","0.04182895622443205","0.10778909692716834","6.3018092035011435","1","0.0","0.0","0.0"
"CURVE 1","0.0859611743049563","25.702793923329807","31.695973191939913","0.041915788437003526","0.1077389537991576","6.282509308556021","1","0.0","0.0","0.0"
"CURVE 1","0.0859611743049563","25.702793923329807","31.695973191939913","0.042002464787877024","0.10768882789422031","6.26131413682285","1","0.0","0.0","0.0"
"CURVE 1","0.0859611743049563","25.702793923329807","31.695973191939913","0.0420889913976489","0.10763871622322804","6.238224605585997","1","0.0","0.0","0.0"
"CURVE 1","0.0859611743049563","25.702793923329807","31.695973191939913","0.042175374386915515","0.10758861579705234","6.213243411022252","1","0.0","0.0","0.0"
"CURVE 1","0.0859611743049563","25.702793923329807","31.695973191939913","0.04226161987627323","0.10753852362656476","6.186375056050094","1","0.0","0.0","0.0"
"CURVE 1","0.0859611743049563","25.702793923329807","31.695973191939913","0.04234773398631841","0.10748843672263682","6.157625830015529","1","0.0","0.0","0.0"
"CURVE 1","0.0859611743049563","25.702793923329807","31.695973191939913","0.0424337228376474","0.10743835209614008","6.127003838273871","1","0.0","0.0","0.0"
"CURVE 1","0.0859611743049563","25.702793923329807","31.695973191939913","0.042519592550856564","0.1073882667579461","6.094518988032168","1","0.0","0.0","0.0"
"CURVE 1","0.0859611743049563","25.702793923329807","31.695973191939913","0.04260534924654226","0.10733817771892644","6.060182994759096","1","0.0","0.0","0.0"
"CURVE 1","0.0859611743049563","25.702793923329807","31.695973191939913","0.04269099904530085","0.10728808198995259","6.024009378106034","1","0.0","0.0","0.0"
"CURVE 1","0.0859611743049563","25.702793923329807","31.695973191939913","0.04277654806772869","0.10723797658189613","5.9860134475567826","1","0.0","0.0","0.0"
"CURVE 1","0.0859611743049563","25.702793923329807","31.695973191939913","0.04286200243442214","0.10718785850562859","5.946212320866649","1","0.0","0.0","0.0"
"CURVE 1","0.0859611743049563","25.702793923329807","31.695973191939913","0.04294736826597755","0.10713772477202153","5.904624852692016","1","0.0","0.0","0.0"
"CURVE 1","0.0859611743049563","25.702793923329807","31.695973191939913","0.0430326516829913","0.10708757239194651","5.8612716487273975","1","0.0","0.0","0.0"
"CURVE 1","0.0859611743049563","25.702793923329807","31.695973191939913","0.04311785880605974","0.10703739837627504","5.816175079442765","1","0.0","0.0","0.0"
"CURVE 1","0.0859611743049563","25.702793923329807","31.695973191939913","0.04320299575577922","0.10698719973587871","5.769359188010645","1","0.0","0.0","0.0"
"CURVE 1","0.0859611743049563","25.702793923329807","31.695973191939913","0.043288068652746106","0.10693697348162903","5.720849704438239","1","0.0","0.0","0.0"
"CURVE 1","0.0859611743049563","25.702793923329807","31.695973191939913","0.04337308361755676","0.10688671662439754","5.670674030059713","1","0.0","0.0","0.0"
"CURVE 1","0.0859611743049563","25.702793923329807","31.695973191939913","0.04345804677080753","0.1068364261750558","5.618861129008491","1","0.0","0.0","0.0"
"CURVE 1","0.0859611743049563","25.702793923329807","31.695973191939913","0.043542964233094776","0.10678609914447537","5.565441595394212","1","0.0","0.0","0.0"
"CURVE 1","0.0859611743049563","25.702793923329807","31.695973191939913","0.04362784212501488","0.10673573254352778","5.510447522493949","1","0.0","0.0","0.0"
"CURVE 1","0.0859611743049563","25.702793923329807","31.695973191939913","0.043712686567164184","0.10668532338308458","5.453912485562153","1","0.0","0.0","0.0"
"CURVE 1","0.0859611743049563","25.702793923329807","31.695973191939913","0.043797503680139044","0.10663486867401732","5.395871553946623","1","0.0","0.0","0.0"
"CURVE 1","0.0859611743049563","25.702793923329807","31.695973191939913","0.04388229958453582","0.10658436542719753","5.336361163926873","1","0.0","0.0","0.0"
"CURVE 1","0.0859611743049563","25.702793923329807","31.695973191939913","0.043967080400950875","0.10653381065349675","5.275419095928921","1","0.0","0.0","0.0"
"CURVE 1","0.0859611743049563","25.702793923329807","31.695973191939913","0.04405185224998057","0.10648320136378656","5.2130844404759955","1","0.0","0.0","0.0"
"CURVE 1","0.0859611743049563","25.702793923329807","31.695973191939913","0.04413662125222126","0.10643253456893845","5.1493975082708525","1","0.0","0.0","0.0"
"CURVE 1","0.0859611743049563","25.702793923329807","31.695973191939913","0.04422139352826931","0.10638180727982403","5.084399807013313","1","0.0","0.0","0.0"
"CURVE 1","0.0859611743049563","25.702793923329807","31.695973191939913","0.044306175198721064","0.10633101650731482","5.018133954922621","1","0.0","0.0","0.0"
"CURVE 1","0.0859611743049563","25.702793923329807","31.695973191939913","0.04439097238417289","0.10628015926228236","4.950643613530881","1","0.0","0.0","0.0"
"CURVE 1","0.0859611743049563","25.702793923329807","31.695973191939913","0.04447579120522115","0.10622923255559817","4.881973476566756","1","0.0","0.0","0.0"
"CURVE 1","0.0859611743049563","25.702793923329807","31.695973191939913","0.0445606377824622","0.10617823339813386","4.812169131606479","1","0.0","0.0","0.0"
"CURVE 1","0.0859611743049563","25.702793923329807","31.695973191939913","0.04464551823649241","0.10612715880076093","4.741277049725337","1","0.0","0.0","0.0"
"CURVE 1","0.0859611743049563","25.702793923329807","31.695973191939913","0.044730438687908124","0.1060760057743509","4.669344493056691","1","0.0","0.0","0.0"
"CURVE 1","0.0859611743049563","25.702793923329807","31.695973191939913","0.0448154052573057","0.10602477132977538","4.59641945611613","1","0.0","0.0","0.0"
"CURVE 1","0.0859611743049563","25.702793923329807","31.695973191939913","0.044900424065281504","0.10597345247790588","4.5225505493329345","1","0.0","0.0","0.0"
"CURVE 1","0.0859611743049563","25.702793923329807","31.695973191939913","0.044985501232431904","0.10592204622961396","4.447787046141529","1","0.0","0.0","0.0"
"CURVE 1","0.0859611743049563","25.702793923329807","31.695973191939913","0.04507064287935324","0.10587054959577115","4.3721786642582305","1","0.0","0.0","0.0"
"CURVE 1","0.0859611743049563","25.702793923329807","31.695973191939913","0.04515585512664188","0.105818959587249","4.295775615881851","1","0.0","0.0","0.0"
"CURVE 1","0.0859611743049563","25.702793923329807","31.695973191939913","0.04524114409489418","0.10576727321491908","4.21862845592916","1","0.0","0.0","0.0"
"CURVE 1","0.0859611743049563","25.702793923329807","31.695973191939913","0.04532651590470651","0.10571548748965287","4.140788049800156","1","0.0","0.0","0.0"
"CURVE 1","0.0859611743049563","25.702793923329807","31.695973191939913","0.045411976676675216","0.105663599422322","4.062305523264848","1","0.0","0.0","0.0"
"CURVE 1","0.0859611743049563","25.702793923329807","31.695973191939913","0.04549753253139666","0.10561160602379795","3.9832321180429493","1","0.0","0.0","0.0"
"CURVE 1","0.0859611743049563","25.702793923329807","31.695973191939913","0.04558318958946722","0.1055595043049523","3.903619169281291","1","0.0","0.0","0.0"
"CURVE 1","0.0859611743049563","25.702793923329807","31.695973191939913","0.045668953971483225","0.10550729127665659","3.823518070979703","1","0.0","0.0","0.0"
"CURVE 1","0.0859611743049563","25.702793923329807","31.695973191939913","0.045754831798041046","0.10545496394978235","3.742980134172862","1","0.0","0.0","0.0"
"CURVE 1","0.0859611743049563","25.702793923329807","31.695973191939913","0.045840829189737045","0.10540251933520113","3.6620565719907763","1","0.0","0.0","0.0"
"CURVE 1","0.0859611743049563","25.702793923329807","31.695973191939913","0.04592695226716758","0.10534995444378452","3.5807984024558053","1","0.0","0.0","0.0"
"CURVE 1","0.0859611743049563","25.702793923329807","31.695973191939913","0.046013207150929006","0.10529726628640398","3.4992563931842957","1","0.0","0.0","0.0"
"CURVE 1","0.0859611743049563","25.702793923329807","31.695973191939913","0.04609959996161769","0.10524445187393114","3.4174810173339294","1","0.0","0.0","0.0"
"CURVE 1","0.0859611743049563","25.702793923329807","31.695973191939913","0.046186136819829984","0.1051915082172375","3.3355223511296432","1","0.0","0.0","0.0"
"CURVE 1","0.0859611743049563","25.702793923329807","31.695973191939913","0.046272823846162256","0.10513843232719461","3.253430035204083","1","0.0","0.0","0.0"
"CURVE 1","0.0859611743049563","25.702793923329807","31.695973191939913","0.04635966716121085","0.10508522121467402","3.1712532340507713","1","0.0","0.0","0.0"
"CURVE 1","0.0859611743049563","25.702793923329807","31.695973191939913","0.046446672885572145","0.10503187189054729","3.08904052713279","1","0.0","0.0","0.0"
"CURVE 1","0.0859611743049563","25.702793923329807","31.695973191939913","0.04653384713984248","0.10497838136568594","3.0068399089438227","1","0.0","0.0","0.0"
"CURVE 1","0.0859611743049563","25.702793923329807","31.695973191939913","0.04662119604461822","0.10492474665096152","2.924698714154986","1","0.0","0.0","0.0"
"CURVE 1","0.0859611743049563","25.702793923329807","31.695973191939913","0.04670872572049574","0.1048709647572456","2.8426635290712583","1","0.0","0.0","0.0"
"CURVE 1","0.0859611743049563","25.702793923329807","31.695973191939913","0.04679644228807136","0.10481703269540968","2.7607802177952783","1","0.0","0.0","0.0"
"CURVE 1","0.0859611743049563","25.702793923329807","31.695973191939913","0.04688435186794147","0.10476294747632535","2.6790938053819047","1","0.0","0.0","0.0"
"CURVE 1","0.0859611743049563","25.702793923329807","31.695973191939913","0.046972460580702445","0.10470870611086415","2.597648465184998","1","0.0","0.0","0.0"
"CURVE 1","0.0859611743049563","25.702793923329807","31.695973191939913","0.04706077454695061","0.10465430560989761","2.516487491358854","1","0.0","0.0","0.0"
"CURVE 1","0.0859611743049563","25.702793923329807","31.695973191939913","0.047149299887282344","0.10459974298429728","2.43565320623431","1","0.0","0.0","0.0"
"CURVE 1","0.0859611743049563","25.702793923329807","31.695973191939913","0.04723804272229398","0.10454501524493472","2.3551869943678594","1","0.0","0.0","0.0"
"CURVE 1","0.0859611743049563","25.702793923329807","31.695973191939913","0.04732700917258191","0.10449011940268145","2.2751292021133884","1","0.0","0.0","0.0"
"CURVE 1","0.0859611743049563","25.702793923329807","31.695973191939913","0.04741620535874248","0.104435052468409","2.195519148170123","1","0.0","0.0","0.0"
"CURVE 1","0.0859611743049563","25.702793923329807","31.695973191939913","0.04750563740137204","0.10437981145298898","2.1163950760258214","1","0.0","0.0","0.0"
"CURVE 1","0.0859611743049563","25.702793923329807","31.695973191939913","0.04759531142106697","0.10432439336729289","2.0377941266989605","1","0.0","0.0","0.0"
"CURVE 1","0.0859611743049563","25.702793923329807","31.695973191939913","0.047685233538423605","0.10426879522219229","1.959752302150574","1","0.0","0.0","0.0"
"CURVE 1","0.0859611743049563","25.702793923329807","31.695973191939913","0.04777540987403831","0.1042130140285587","1.8823044900162125","1","0.0","0.0","0.0"
"CURVE 1","0.0859611743049563","25.702793923329807","31.695973191939913","0.047865846548507465","0.10415704679726369","1.805484374575476","1","0.0","0.0","0.0"
"CURVE 1","0.0859611743049563","25.702793923329807","31.695973191939913","0.04795654968242741","0.10410089053917881","1.729324484507288","1","0.0","0.0","0.0"
"CURVE 1","0.0859611743049563","25.702793923329807","31.695973191939913","0.0480475253963945","0.1040445422651756","1.653856130177874","1","0.0","0.0","0.0"
"CURVE 1","0.0859611743049563","25.702793923329807","31.695973191939913","0.0481387798110051","0.10398799898612558","1.579109412954115","1","0.0","0.0","0.0"
"CURVE 1","0.0859611743049563","25.702793923329807","31.695973191939913","0.04823031904685557","0.10393125771290034","1.5051132174654978","1","0.0","0.0","0.0"
"CURVE 1","0.0859611743049563","25.702793923329807","31.695973191939913","0.048322149224542275","0.1038743154563714","1.4318951966584907","1","0.0","0.0","0.0"
"CURVE 1","0.0859611743049563","25.702793923329807","31.695973191939913","0.048414276464661565","0.1038171692274103","1.3594817445791607","1","0.0","0.0","0.0"
"CURVE 1","0.0859611743049563","25.702793923329807","31.695973191939913","0.0485067068878098","0.10375981603688861","1.2878980563034519","1","0.0","0.0","0.0"
"CURVE 1","0.0859611743049563","25.702793923329807","31.695973191939913","0.04859944661458334","0.10370225289567785","1.2171680430096454","1","0.0","0.0","0.0"
"CURVE 1","0.0859611743049563","25.702793923329807","31.695973191939913","0.048692501765578544","0.10364447681464958","1.1473144100391206","1","0.0","0.0","0.0"
"CURVE 1","0.0859611743049563","25.702793923329807","31.695973191939913","0.04878587846139177","0.10358648480467535","1.0783586046554174","1","0.0","0.0","0.0"
"CURVE 1","0.0859611743049563","25.702793923329807","31.695973191939913","0.04887958282261939","0.10352827387662669","1.0103208438422595","1","0.0","0.0","0.0"
"CURVE 1","0.0859611743049563","25.702793923329807","31.695973191939913","0.048973620969857745","0.10346984104137515","0.9432201253025908","1","0.0","0.0","0.0"
"CURVE 1","0.0859611743049563","25.702793923329807","31.695973191939913","0.0490679990237032","0.10341118330979228","0.8770742152481079","1","0.0","0.0","0.0"
"CURVE 1","0.0859611743049563","25.702793923329807","31.695973191939913","0.04916272310475212","0.10335229769274963","0.8118996951702483","1","0.0","0.0","0.0"
"CURVE 1","0.0859611743049563","25.702793923329807","31.695973191939913","0.04925779933360086","0.10329318120111873","0.7477119254577789","1","0.0","0.0","0.0"
"CURVE 1","0.0859611743049563","25.702793923329807","31.695973191939913","0.04935323383084578","0.10323383084577115","0.6845250873257248","1","0.0","0.0","0.0"
"CURVE 1","0.0859611743049563","25.702793923329807","31.695973191939913","0.049449030676884435","0.1031742448949102","0.6271204085280528","1","0.0","0.0","0.0"
"CURVE 1","0.0859611743049563","25.702793923329807","31.695973191939913","0.049545185791319286","0.10311442664606653","0.5709302374378875","1","0.0","0.0","0.0"
"CURVE 1","0.0859611743049563","25.702793923329807","31.695973191939913","0.049641693053553954","0.10305438065410254","0.5158973898276684","1","0.0","0.0","0.0"
"CURVE 1","0.0859611743049563","25.702793923329807","31.695973191939913","0.049738546342992074","0.10299411147388059","0.46196703546441287","1","0.0","0.0","0.0"
"CURVE 1","0.0859611743049563","25.702793923329807","31.695973191939913","0.0498357395390373","0.10293362366026312","0.40908656306785485","1","0.0","0.0","0.0"
"CURVE 1","0.0859611743049563","25.702793923329807","31.695973191939913","0.04993326652109327","0.10287292176811255","0.35720547354829135","1","0.0","0.0","0.0"
"CURVE 1","0.0859611743049563","25.702793923329807","31.695973191939913","0.05003112116856362","0.10281201035229127","0.30627523862391776","1","0.0","0.0","0.0"
"CURVE 1","0.0859611743049563","25.702793923329807","31.695973191939913","0.050129297360852","0.10275089396766168","0.25624920750622115","1","0.0","0.0","0.0"
"CURVE 1","0.0859611743049563","25.702793923329807","31.695973191939913","0.050227788977362034","0.1026895771690862","0.20708249940650514","1","0.0","0.0","0.0"
"CURVE 1","0.0859611743049563","25.702793923329807","31.695973191939913","0.05032658989749739","0.10262806451142722","0.15873189089934975","1","0.0","0.0","0.0"
"CURVE 1","0.0859611743049563","25.702793923329807","31.695973191939913","0.05042569400066168","0.10256636054954717","0.11115575238737564","1","0.0","0.0","0.0"
"CURVE 1","0.0859611743049563","25.702793923329807","31.695973191939913","0.050525095166258555","0.10250446983830844","0.06431392548239641","1","0.0","0.0","0.0"
"CURVE 1","0.0859611743049563","25.702793923329807","31.695973191939913","0.05062478727369166","0.10244239693257344","0.01816765702087659","1","0.0","0.0","0.0"
"CURVE 1","0.0859611743049563","25.702793923329807","31.695973191939913","0.05072476420236464","0.10238014638720459","0.027320469898645096","-1","0.0","0.0","0.0"
"CURVE 1","0.0859611743049563","25.702793923329807","31.695973191939913","0.05082501983168113","0.10231772275706427","0.07218663529525472","-1","0.0","0.0","0.0"
"CURVE 1","0.0859611743049563","25.702793923329807","31.695973191939913","0.05092554804104478","0.10225513059701492","0.11646585088144666","-1","0.0","0.0","0.0"
"CURVE 1","0.0859611743049563","25.702793923329807","31.695973191939913","0.051026342709859215","0.10219237446191892","0.16019198711303428","-1","0.0","0.0","0.0"
"CURVE 1","0.0859611743049563","25.702793923329807","31.695973191939913","0.051127397717528084","0.10212945890663867","0.203397898496907","-1","0.0","0.0","0.0"
"CURVE 1","0.0859611743049563","25.702793923329807","31.695973191939913","0.05122870694345502","0.10206638848603661","0.24611543226487406","-1","0.0","0.0","0.0"
"CURVE 1","0.0859611743049563","25.702793923329807","31.695973191939913","0.051330264267043686","0.10200316775497513","0.28837552490582413","-1","0.0","0.0","0.0"
"CURVE 1","0.0859611743049563","25.702793923329807","31.695973191939913","0.05143206356769771","0.10193980126831662","0.33020823199300503","-1","0.0","0.0","0.0"
"CURVE 1","0.0859611743049563","25.702793923329807","31.695973191939913","0.051534098724820725","0.10187629358092351","0.3716427812539161","-1","0.0","0.0","0.0"
"CURVE 1","0.0859611743049563","25.702793923329807","31.695973191939913","0.05163636361781637","0.10181264924765819","0.412707651846543","-1","0.0","0.0","0.0"
"CURVE 1","0.0859611743049563","25.702793923329807","31.695973191939913","0.05173885212608831","0.10174887282338309","0.45343058819415916","-1","0.0","0.0","0.0"
"CURVE 1","0.0859611743049563","25.702793923329807","31.695973191939913","0.05184155812904016","0.10168496886296058","0.49383866453090275","-1","0.0","0.0","0.0"
"CURVE 1","0.0859611743049563","25.702793923329807","31.695973191939913","0.05194447550607558","0.10162094192125311","0.5339583157285676","-1","0.0","0.0","0.0"
"CURVE 1","0.0859611743049563","25.702793923329807","31.695973191939913","0.05204759813659819","0.10155679655312305","0.5738153995791879","-1","0.0","0.0","0.0"
"CURVE 1","0.0859611743049563","25.702793923329807","31.695973191939913","0.052150919900011646","0.10149253731343284","0.6134352203320452","-1","0.0","0.0","0.0"
"CURVE 1","0.0859611743049563","25.702793923329807","31.695973191939913","0.052254434675719594","0.10142816875704484","0.6528425790724709","-1","0.0","0.0","0.0"
"CURVE 1","0.0859611743049563","25.702793923329807","31.695973191939913","0.052358136343125666","0.10136369543882151","0.6920617823921584","-1","0.0","0.0","0.0"
"CURVE 1","0.0859611743049563","25.702793923329807","31.695973191939913","0.052462018781633514","0.10129912191362525","0.7311167372619","-1","0.0","0.0","0.0"
"CURVE 1","0.0859611743049563","25.702793923329807","31.695973191939913","0.05256607587064676","0.10123445273631841","0.7700309257608587","-1","0.0","0.0","0.0"
"CURVE 1","0.0859611743049563","25.702793923329807","31.695973191939913","0.05267030148956905","0.10116969246176345","0.8088274676709774","-1","0.0","0.0","0.0"
"CURVE 1","0.0859611743049563","25.702793923329807","31.695973191939913","0.052774689517804035","0.10110484564482275","0.8475291590409962","-1","0.0","0.0","0.0"
"CURVE 1","0.0859611743049563","25.702793923329807","31.695973191939913","0.052879233834755346","0.10103991684035875","0.8861584821884816","-1","0.0","0.0","0.0"
"CURVE 1","0.0859611743049563","25.702793923329807","31.695973191939913","0.05298392831982663","0.10097491060323383","0.9247376497052668","-1","0.0","0.0","0.0"
"CURVE 1","0.0859611743049563","25.702793923329807","31.695973191939913","0.05308876685242153","0.10090983148831038","0.9632886454102784","-1","0.0","0.0","0.0"
"CURVE 1","0.0859611743049563","25.702793923329807","31.695973191939913","0.05319374331194369","0.10084468405045087","1.0018332199859332","-1","0.0","0.0","0.0"
"CURVE 1","0.0859611743049563","25.702793923329807","31.695973191939913","0.053298851577796735","0.10077947284451765","1.0403929676265469","-1","0.0","0.0","0.0"
"CURVE 1","0.0859611743049563","25.702793923329807","31.695973191939913","0.05340408552938432","0.10071420242537313","1.0789893063784906","-1","0.0","0.0","0.0"
"CURVE 1","0.0859611743049563","25.702793923329807","31.695973191939913","0.05350943904611007","0.10064887734787974","1.117643538259268","-1","0.0","0.0","0.0"
"CURVE 1","0.0859611743049563","25.702793923329807","31.695973191939913","0.05361490600737766","0.10058350216689987","1.1563768647510075","-1","0.0","0.0","0.0"
"CURVE 1","0.0859611743049563","25.702793923329807","31.695973191939913","0.05372048029259069","0.10051808143729593","1.195210410876456","-1","0.0","0.0","0.0"
"CURVE 1","0.0859611743049563","25.702793923329807","31.695973191939913","0.053826155781152824","0.10045261971393035","1.2341652487107226","-1","0.0","0.0","0.0"
"CURVE 1","0.0859611743049563","25.702793923329807","31.695973191939913","0.0539319263524677","0.1003871215516655","1.2732624482763508","-1","0.0","0.0","0.0"
"CURVE 1","0.0859611743049563","25.702793923329807","31.695973191939913","0.05403778588593895","0.10032159150536381","1.3125230592825872","-1","0.0","0.0","0.0"
"CURVE 1","0.0859611743049563","25.702793923329807","31.695973191939913","0.05414372826097023","0.10025603412988766","1.351968181546873","-1","0.0","0.0","0.0"
"CURVE 1","0.0859611743049563","25.702793923329807","31.695973191939913","0.05424974735696517","0.10019045398009951","1.3916189732525248","-1","0.0","0.0","0.0"
"CURVE 1","0.0859611743049563","25.702793923329807","31.695973191939913","0.05435583705332741","0.10012485561086172","1.4314966518897723","-1","0.0","0.0","0.0"
"CURVE 1","0.0859611743049563","25.702793923329807","31.695973191939913","0.0544619912294606","0.10005924357703669","1.4716225682070603","-1","0.0","0.0","0.0"
"CURVE 1","0.0859611743049563","25.702793923329807","31.695973191939913","0.054568203764768376","0.09999362243348685","1.5120181915427477","-1","0.0","0.0","0.0"
"CURVE 1","0.0859611743049563","25.702793923329807","31.695973191939913","0.05467446853865438","0.09992799673507462","1.552705136988774","-1","0.0","0.0","0.0"
"CURVE 1","0.0859611743049563","25.702793923329807","31.695973191939913","0.05478077943052225","0.09986237103666239","1.5937052382716181","-1","0.0","0.0","0.0"
"CURVE 1","0.0859611743049563","25.702793923329807","31.695973191939913","0.05488713031977563","0.09979674989311255","1.6350405081218722","-1","0.0","0.0","0.0"
"CURVE 1","0.0859611743049563","25.702793923329807","31.695973191939913","0.05499351508581816","0.09973113785928753","1.6767332105229982","-1","0.0","0.0","0.0"
"CURVE 1","0.0859611743049563","25.702793923329807","31.695973191939913","0.055099927608053476","0.09966553949004973","1.7188058751249502","-1","0.0","0.0","0.0"
"CURVE 1","0.0859611743049563","25.702793923329807","31.695973191939913","0.05520636176588523","0.09959995934026158","1.7612813026189422","-1","0.0","0.0","0.0"
"CURVE 1","0.0859611743049563","25.702793923329807","31.695973191939913","0.055312811438717066","0.09953440196478544","1.8041826461368844","-1","0.0","0.0","0.0"
"CURVE 1","0.0859611743049563","25.702793923329807","31.695973191939913","0.0554192705059526","0.09946887191848376","1.847533360881996","-1","0.0","0.0","0.0"
"CURVE 1","0.0859611743049563","25.702793923329807","31.695973191939913","0.05552573284699549","0.0994033737562189","1.8913573127498704","-1","0.0","0.0","0.0"
"CURVE 1","0.0859611743049563","25.702793923329807","31.695973191939913","0.05563219234124938","0.0993379120328533","1.9356787506252162","-1","0.0","0.0","0.0"
"CURVE 1","0.0859611743049563","25.702793923329807","31.695973191939913","0.0557386428681179","0.09927249130324939","1.9805223559466383","-1","0.0","0.0","0.0"
"CURVE 1","0.0859611743049563","25.702793923329807","31.695973191939913","0.0558450783070047","0.09920711612226953","2.0259132866410234","-1","0.0","0.0","0.0"
"CURVE 1","0.0859611743049563","25.702793923329807","31.695973191939913","0.05595149253731343","0.09914179104477612","2.0718771840758086","-1","0.0","0.0","0.0"
"CURVE 1","0.0859611743049563","25.702793923329807","31.695973191939913","0.056057879438447714","0.09907652062563159","2.118440216165632","-1","0.0","0.0","0.0"
"CURVE 1","0.0859611743049563","25.702793923329807","31.695973191939913","0.05616423288981119","0.09901130941969837","2.1656291281751114","-1","0.0","0.0","0.0"
"CURVE 1","0.0859611743049563","25.702793923329807","31.695973191939913","0.05627054677080751","0.09894616198183884","2.213471231834406","-1","0.0","0.0","0.0"
"CURVE 1","0.0859611743049563","25.702793923329807","31.695973191939913","0.05637681496084032","0.09888108286691542","2.2619944806821866","-1","0.0","0.0","0.0"
"CURVE 1","0.0859611743049563","25.702793923329807","31.695973191939913","0.056483031339313254","0.0988160766297905","2.3112275038632526","-1","0.0","0.0","0.0"
"CURVE 1","0.0859611743049563","25.702793923329807","31.695973191939913","0.05658918978562995","0.09875114782532649","2.361199609818847","-1","0.0","0.0","0.0"
"CURVE 1","0.0859611743049563","25.702793923329807","31.695973191939913","0.05669528417919405","0.09868630100838578","2.411940871786978","-1","0.0","0.0","0.0"
"CURVE 1","0.0859611743049563","25.702793923329807","31.695973191939913","0.056801308399409195","0.09862154073383084","2.4634821417555037","-1","0.0","0.0","0.0"
"CURVE 1","0.0859611743049563","25.702793923329807","31.695973191939913","0.05690725632567903","0.09855687155652401","2.515855083471562","-1","0.0","0.0","0.0"
"CURVE 1","0.0859611743049563","25.702793923329807","31.695973191939913","0.0570131218374072","0.09849229803132775","2.5690922348594794","-1","0.0","0.0","0.0"
"CURVE 1","0.0859611743049563","25.702793923329807","31.695973191939913","0.057118898813997336","0.0984278247131044","2.6232270481272586","-1","0.0","0.0","0.0"
"CURVE 1","0.0859611743049563","25.702793923329807","31.695973191939913","0.05722458113485307","0.0983634561567164","2.6782939455962342","-1","0.0","0.0","0.0"
"CURVE 1","0.0859611743049563","25.702793923329807","31.695973191939913","0.057330162679378065","0.0982991969170262","2.7343283416196558","-1","0.0","0.0","0.0"
"CURVE 1","0.0859611743049563","25.702793923329807","31.695973191939913","0.05743563732697595","0.09823505154889614","2.7913667090070917","-1","0.0","0.0","0.0"
"CURVE 1","0.0859611743049563","25.702793923329807","31.695973191939913","0.05754099895705038","0.09817102460718866","2.8494466562185905","-1","0.0","0.0","0.0"
"CURVE 1","0.0859611743049563","25.702793923329807","31.695973191939913","0.057646241449004966","0.09810712064676616","2.9086069401773385","-1","0.0","0.0","0.0"
"CURVE 1","0.0859611743049563","25.702793923329807","31.695973191939913","0.05775135868224338","0.09804334422249106","2.9688875641538264","-1","0.0","0.0","0.0"
"CURVE 1","0.0859611743049563","25.702793923329807","31.695973191939913","0.057856344536169245","0.09797969988922574","3.0303297878686486","-1","0.0","0.0","0.0"
"CURVE 1","0.0859611743049563","25.702793923329807","31.695973191939913","0.05796119289018621","0.09791619220183265","3.0929762637316935","-1","0.0","0.0","0.0"
"CURVE 1","0.0859611743049563","25.702793923329807","31.695973191939913","0.05806589762369792","0.09785282571517412","3.1568710414498136","-1","0.0","0.0","0.0"
"CURVE 1","0.0859611743049563","25.702793923329807","31.695973191939913","0.058170452616107995","0.09778960498411263","3.2220596585066397","-1","0.0","0.0","0.0"
"CURVE 1","0.0859611743049563","25.702793923329807","31.695973191939913","0.058274851746820094","0.09772653456351058","3.2885892035109827","-1","0.0","0.0","0.0"
"CURVE 1","0.0859611743049563","25.702793923329807","31.695973191939913","0.05837908889523785","0.09766361900823033","3.3565084346287115","-1","0.0","0.0","0.0"
"CURVE 1","0.0859611743049563","25.702793923329807","31.695973191939913","0.05848315794076492","0.09760086287313434","3.425867796398898","-1","0.0","0.0","0.0"
"CURVE 1","0.0859611743049563","25.702793923329807","31.695973191939913","0.05858705276280493","0.09753827071308496","3.496719560534541","-1","0.0","0.0","0.0"
"CURVE 1","0.0859611743049563","25.702793923329807","31.695973191939913","0.05869076724076153","0.09747584708294466","3.569117876326446","-1","0.0","0.0","0.0"
"CURVE 1","0.0859611743049563","25.702793923329807","31.695973191939913","0.05879429525403834","0.0974135965375758","3.6431188795754124","-1","0.0","0.0","0.0"
"CURVE 1","0.0859611743049563","25.702793923329807","31.695973191939913","0.05889763068203902","0.0973515236318408","3.7187808008928758","-1","0.0","0.0","0.0"
"CURVE 1","0.0859611743049563","25.702793923329807","31.695973191939913","0.059000767404167216","0.09728963292060207","3.7961640424239604","-1","0.0","0.0","0.0"
"CURVE 1","0.0859611743049563","25.702793923329807","31.695973191939913","0.05910369929982655","0.09722792895872201","3.8753313111532117","-1","0.0","0.0","0.0"
"CURVE 1","0.0859611743049563","25.702793923329807","31.695973191939913","0.05920642024842067","0.09716641630106304","3.9563477263540783","-1","0.0","0.0","0.0"
"CURVE 1","0.0859611743049563","25.702793923329807","31.695973191939913","0.05930892412935323","0.09710509950248757","4.039280919823459","-1","0.0","0.0","0.0"
"CURVE 1","0.0859611743049563","25.702793923329807","31.695973191939913","0.05941120482202786","0.09704398311785797","4.124201204219104","-1","0.0","0.0","0.0"
"CURVE 1","0.0859611743049563","25.702793923329807","31.695973191939913","0.05951325620584819","0.0969830717020367","4.211181672715537","-1","0.0","0.0","0.0"
"CURVE 1","0.0859611743049563","25.702793923329807","31.695973191939913","0.059615072160217886","0.09692236980988612","4.300298348353612","-1","0.0","0.0","0.0"
"CURVE 1","0.0859611743049563","25.702793923329807","31.695973191939913","0.05971664656454058","0.09686188199626866","4.391630347533216","-1","0.0","0.0","0.0"
"CURVE 1","0.0859611743049563","25.702793923329807","31.695973191939913","0.0598179732982199","0.09680161281604673","4.485260014907325","-1","0.0","0.0","0.0"
"CURVE 1","0.0859611743049563","25.702793923329807","31.695973191939913","0.059919046240659496","0.0967415668240827","4.581273109035042","-1","0.0","0.0","0.0"
"CURVE 1","0.0859611743049563","25.702793923329807","31.695973191939913","0.06001985927126301","0.09668174857523903","4.679758973936049","-1","0.0","0.0","0.0"
"CURVE 1","0.0859611743049563","25.702793923329807","31.695973191939913","0.06012040626943408","0.0966221626243781","4.780810711743047","-1","0.0","0.0","0.0"
"CURVE 1","0.0859611743049563","25.702793923329807","31.695973191939913","0.060220681114576353","0.09656281352636234","4.8845254158760705","-1","0.0","0.0","0.0"
"CURVE 1","0.0859611743049563","25.702793923329807","31.695973191939913","0.06032067768609346","0.0965037058360541","4.991004319719572","-1","0.0","0.0","0.0"
"CURVE 1","0.0859611743049563","25.702793923329807","31.695973191939913","0.060420389863389046","0.09644484410831583","5.100353090720045","-1","0.0","0.0","0.0"
"CURVE 1","0.0859611743049563","25.702793923329807","31.695973191939913","0.06051981152586676","0.09638623289800993","5.212682010133089","-1","0.0","0.0","0.0"
"CURVE 1","0.0859611743049563","25.702793923329807","31.695973191939913","0.06061893655293023","0.09632787675999882","5.328106243776793","-1","0.0","0.0","0.0"
"CURVE 1","0.0859611743049563","25.702793923329807","31.695973191939913","0.06071775882398311","0.09626978024914488","5.446746088469457","-1","0.0","0.0","0.0"
"CURVE 1","0.0859611743049563","25.702793923329807","31.695973191939913","0.06081627221842903","0.09621194792031056","5.568727286200793","-1","0.0","0.0","0.0"
"CURVE 1","0.0859611743049563","25.702793923329807","31.695973191939913","0.060914470615671644","0.09615438432835821","5.694181295052077","-1","0.0","0.0","0.0"
"CURVE 1","0.0859611743049563","25.702793923329807","31.695973191939913","0.061012347895114574","0.09609709402815025","5.823245597260237","-1","0.0","0.0","0.0"
"CURVE 1","0.0859611743049563","25.702793923329807","31.695973191939913","0.06110989793616148","0.09604008157454912","5.956064062707736","-1","0.0","0.0","0.0"
"CURVE 1","0.0859611743049563","25.702793923329807","31.695973191939913","0.06120711461821599","0.09598335152241723","6.09278727649866","-1","0.0","0.0","0.0"
"CURVE 1","0.0859611743049563","25.702793923329807","31.695973191939913","0.06130399182068175","0.09592690842661693","6.233572949785977","-1","0.0","0.0","0.0"
"CURVE 1","0.0859611743049563","25.702793923329807","31.695973191939913","0.06140052342296239","0.09587075684201066","6.3785862894448195","-1","0.0","0.0","0.0"
"CURVE 1","0.0859611743049563","25.702793923329807","31.695973191939913","0.06149670330446158","0.09581490132346082","6.52800045428726","-1","0.0","0.0","0.0"
"CURVE 1","0.0859611743049563","25.702793923329807","31.695973191939913","0.06159252534458293","0.09575934642582984","6.68199699719013","-1","0.0","0.0","0.0"
"CURVE 1","0.0859611743049563","25.702793923329807","31.695973191939913","0.0616879834227301","0.0957040967039801","6.840766377083783","-1","0.0","0.0","0.0"
"CURVE 1","0.0859611743049563","25.702793923329807","31.695973191939913","0.06178307141830672","0.09564915671277402","7.004508444242102","-1","0.0","0.0","0.0"
"CURVE 1","0.0859611743049563","25.702793923329807","31.695973191939913","0.06187778321071643","0.09559453100707402","7.173433024209123","-1","0.0","0.0","0.0"
"CURVE 1","0.0859611743049563","25.702793923329807","31.695973191939913","0.06197211267936289","0.09554022414174247","7.347760508295977","-1","0.0","0.0","0.0"
"CURVE 1","0.0859611743049563","25.702793923329807","31.695973191939913","0.06206605370364972","0.0954862406716418","7.5277224822269","-1","0.0","0.0","0.0"
"CURVE 1","0.0859611743049563","25.702793923329807","31.695973191939913","0.06215960016298056","0.09543258515163441","7.713562392534267","-1","0.0","0.0","0.0"
"CURVE 1","0.0859611743049563","25.702793923329807","31.695973191939913","0.06225274593675907","0.09537926213658272","7.905536311705885","-1","0.0","0.0","0.0"
"CURVE 1","0.0859611743049563","25.702793923329807","31.695973191939913","0.06234548490438888","0.09532627618134913","8.103913665310237","-1","0.0","0.0","0.0"
"CURVE 1","0.0859611743049563","25.702793923329807","31.695973191939913","0.06243781094527363","0.09527363184079603","8.308978087320298","-1","0.0","0.0","0.0"
"CURVE 1","0.0859611743049563","25.702793923329807","31.695973191939913","0.06252972051278868","0.09522133209219028","8.465783599819746","-1","0.0","0.0","0.0"
"CURVE 1","0.0859611743049563","25.702793923329807","31.695973191939913","0.0626212203561963","0.09516937360241638","8.622458636844446","-1","0.0","0.0","0.0"
"CURVE 1","0.0859611743049563","25.702793923329807","31.695973191939913","0.06271231979873049","0.09511775146076337","8.778865633577825","-1","0.0","0.0","0.0"
"CURVE 1","0.0859611743049563","25.702793923329807","31.695973191939913","0.06280302816362524","0.09506646075652014","8.93486320844041","-1","0.0","0.0","0.0"
"CURVE 1","0.0859611743049563","25.702793923329807","31.695973191939913","0.06289335477411451","0.09501549657897572","9.090306316228235","-1","0.0","0.0","0.0"
"CURVE 1","0.0859611743049563","25.702793923329807","31.695973191939913","0.06298330895343231","0.09496485401741903","9.245046423628999","-1","0.0","0.0","0.0"
"CURVE 1","0.0859611743049563","25.702793923329807","31.695973191939913","0.06307290002481261","0.09491452816113906","9.398931717129491","-1","0.0","0.0","0.0"
"CURVE 1","0.0859611743049563","25.702793923329807","31.695973191939913","0.06316213731148942","0.09486451409942477","9.551807273535026","-1","0.0","0.0","0.0"
"CURVE 1","0.0859611743049563","25.702793923329807","31.695973191939913","0.06325103013669672","0.09481480692156512","9.703515302718202","-1","0.0","0.0","0.0"
"CURVE 1","0.0859611743049563","25.702793923329807","31.695973191939913","0.06333958782366851","0.09476540171684912","9.853895367947855","-1","0.0","0.0","0.0"
"CURVE 1","0.0859611743049563","25.702793923329807","31.695973191939913","0.06342781969563878","0.0947162935745657","10.002784660021982","-1","0.0","0.0","0.0"
"CURVE 1","0.0859611743049563","25.702793923329807","31.695973191939913","0.06351573507584149","0.09466747758400382","10.15001824137369","-1","0.0","0.0","0.0"
"CURVE 1","0.0859611743049563","25.702793923329807","31.695973191939913","0.06360334328751066","0.09461894883445249","10.295429345982734","-1","0.0","0.0","0.0"
"CURVE 1","0.0859611743049563","25.702793923329807","31.695973191939913","0.06369065365388024","0.09457070241520063","10.438849677772186","-1","0.0","0.0","0.0"
"CURVE 1","0.0859611743049563","25.702793923329807","31.695973191939913","0.06377767549818428","0.09452273341553723","10.58010970947034","-1","0.0","0.0","0.0"
"CURVE 1","0.0859611743049563","25.702793923329807","31.695973191939913","0.0638644181436567","0.09447503692475125","10.719039031957804","-1","0.0","0.0","0.0"
"CURVE 1","0.0859611743049563","25.702793923329807","31.695973191939913","0.06395089091353155","0.09442760803213167","10.85546668236026","-1","0.0","0.0","0.0"
"CURVE 1","0.0859611743049563","25.702793923329807","31.695973191939913","0.06403710313104279","0.09438044182696746","10.98922150016575","-1","0.0","0.0","0.0"
"CURVE 1","0.0859611743049563","25.702793923329807","31.695973191939913","0.06412306411942438","0.0943335333985476","11.120132476245198","-1","0.0","0.0","0.0"
"CURVE 1","0.0859611743049563","25.702793923329807","31.695973191939913","0.06420878320191037","0.094286877836161","11.248029171456018","-1","0.0","0.0","0.0"
"CURVE 1","0.0859611743049563","25.702793923329807","31.695973191939913","0.0642942697017347","0.0942404702290967","11.372742040977064","-1","0.0","0.0","0.0"
"CURVE 1","0.0859611743049563","25.702793923329807","31.695973191939913","0.06437953294213138","0.09419430566664362","11.494102850024772","-1","0.0","0.0","0.0"
"CURVE 1","0.0859611743049563","25.702793923329807","31.695973191939913","0.06446458224633439","0.09414837923809073","11.611945112948854","-1","0.0","0.0","0.0"
"CURVE 1","0.0859611743049563","25.702793923329807","31.695973191939913","0.06454942693757772","0.094102686032727","11.72610443713578","-1","0.0","0.0","0.0"
"CURVE 1","0.0859611743049563","25.702793923329807","31.695973191939913","0.06463407633909536","0.09405722113984143","11.83641897112657","-1","0.0","0.0","0.0"
"CURVE 1","0.0859611743049563","25.702793923329807","31.695973191939913","0.06471853977412131","0.09401197964872296","11.942729751499025","-1","0.0","0.0","0.0"
"CURVE 1","0.0859611743049563","25.702793923329807","31.695973191939913","0.06480282656588955","0.09396695664866056","12.044881232294152","-1","0.0","0.0","0.0"
"CURVE 1","0.0859611743049563","25.702793923329807","31.695973191939913","0.06488694603763406","0.09392214722894321","12.142721602498492","-1","0.0","0.0","0.0"
"CURVE 1","0.0859611743049563","25.702793923329807","31.695973191939913","0.06497090751258885","0.09387754647885985","12.236103181014153","-1","0.0","0.0","0.0"
"CURVE 1","0.0859611743049563","25.702793923329807","31.695973191939913","0.0650547203139879","0.09383314948769945","12.324882905859843","-1","0.0","0.0","0.0"
"CURVE 1","0.0859611743049563","25.702793923329807","31.695973191939913","0.0651383937650652","0.09378895134475101","12.408922648392213","-1","0.0","0.0","0.0"
"CURVE 1","0.0859611743049563","25.702793923329807","31.695973191939913","0.06522193718905471","0.0937449471393035","12.488089672624659","-1","0.0","0.0","0.0"
"CURVE 1","0.0859611743049563","25.702793923329807","31.695973191939913","0.06530535990919045","0.09370113196064583","12.562256961002635","-1","0.0","0.0","0.0"
"CURVE 1","0.0859611743049563","25.702793923329807","31.695973191939913","0.06538867124870641","0.09365750089806704","12.631303619684996","-1","0.0","0.0","0.0"
"CURVE 1","0.0859611743049563","25.702793923329807","31.695973191939913","0.06547188053083657","0.09361404904085605","12.695115240428414","-1","0.0","0.0","0.0"
"CURVE 1","0.0859611743049563","25.702793923329807","31.695973191939913","0.06555499707881489","0.09357077147830185","12.753584200747671","-1","0.0","0.0","0.0"
"CURVE 1","0.0859611743049563","25.702793923329807","31.695973191939913","0.06563803021587541","0.0935276632996934","12.806610057503333","-1","0.0","0.0","0.0"
"CURVE 1","0.0859611743049563","25.702793923329807","31.695973191939913","0.06572098926525209","0.09348471959431967","12.85409983203004","-1","0.0","0.0","0.0"
"CURVE 1","0.0859611743049563","25.702793923329807","31.695973191939913","0.06580388355017894","0.09344193545146962","12.895968250197694","-1","0.0","0.0","0.0"
"CURVE 1","0.0859611743049563","25.702793923329807","31.695973191939913","0.06588672239388992","0.09339930596043222","12.932138109576583","-1","0.0","0.0","0.0"
"CURVE 1","0.0859611743049563","25.702793923329807","31.695973191939913","0.06596951511961902","0.09335682621049643","12.962540446761208","-1","0.0","0.0","0.0"
"CURVE 1","0.0859611743049563","25.702793923329807","31.695973191939913","0.06605227105060026","0.09331449129095123","12.987114832266174","-1","0.0","0.0","0.0"
"CURVE 1","0.0859611743049563","25.702793923329807","31.695973191939913","0.06613499951006759","0.09327229629108562","13.00580950968282","-1","0.0","0.0","0.0"
"CURVE 1","0.0859611743049563","25.702793923329807","31.695973191939913","0.06621770982125504","0.0932302363001885","13.018581618934874","-1","0.0","0.0","0.0"
"CURVE 1","0.0859611743049563","25.702793923329807","31.695973191939913","0.06630041130739656","0.09318830640754888","13.0253973328955","-1","0.0","0.0","0.0"
"CURVE 1","0.0859611743049563","25.702793923329807","31.695973191939913","0.06638311329172615","0.09314650170245573","13.026231972354315","-1","0.0","0.0","0.0"
"CURVE 1","0.0859611743049563","25.702793923329807","31.695973191939913","0.06646582509747782","0.09310481727419802","13.021070126249313","-1","0.0","0.0","0.0"
"CURVE 1","0.0859611743049563","25.702793923329807","31.695973191939913","0.06654855604788555","0.09306324821206469","13.009905703954372","-1","0.0","0.0","0.0"
"CURVE 1","0.0859611743049563","25.702793923329807","31.695973191939913","0.06663131546618334","0.09302178960534471","12.992741976206263","-1","0.0","0.0","0.0"
"CURVE 1","0.0859611743049563","25.702793923329807","31.695973191939913","0.06671411267560512","0.09298043654332705","12.969591576334157","-1","0.0","0.0","0.0"
"CURVE 1","0.0859611743049563","25.702793923329807","31.695973191939913","0.06679695699938493","0.09293918411530072","12.940476518685632","-1","0.0","0.0","0.0"
"CURVE 1","0.0859611743049563","25.702793923329807","31.695973191939913","0.06687985776075675","0.09289802741055464","12.90542809819357","-1","0.0","0.0","0.0"
"CURVE 1","0.0859611743049563","25.702793923329807","31.695973191939913","0.06696282428295455","0.0928569615183778","12.864486878443083","-1","0.0","0.0","0.0"
"CURVE 1","0.0859611743049563","25.702793923329807","31.695973191939913","0.06704586588921237","0.09281598152805916","12.817702499404858","-1","0.0","0.0","0.0"
"CURVE 1","0.0859611743049563","25.702793923329807","31.695973191939913","0.06712899190276415","0.09277508252888768","12.765133650311785","-1","0.0","0.0","0.0"
"CURVE 1","0.0859611743049563","25.702793923329807","31.695973191939913","0.0672122116468439","0.09273425961015234","12.70684783765167","-1","0.0","0.0","0.0"
"CURVE 1","0.0859611743049563","25.702793923329807","31.695973191939913","0.06729553444468558","0.09269350786114212","12.64292119929958","-1","0.0","0.0","0.0"
"CURVE 1","0.0859611743049563","25.702793923329807","31.695973191939913","0.06737896961952322","0.09265282237114596","12.573438336847088","-1","0.0","0.0","0.0"
"CURVE 1","0.0859611743049563","25.702793923329807","31.695973191939913","0.0674625264945908","0.09261219822945287","12.498492029299065","-1","0.0","0.0","0.0"
"CURVE 1","0.0859611743049563","25.702793923329807","31.695973191939913","0.06754621439312228","0.09257163052535175","12.418183012498169","-1","0.0","0.0","0.0"
"CURVE 1","0.0859611743049563","25.702793923329807","31.695973191939913","0.06763004263835165","0.0925311143481316","12.332619652665626","-1","0.0","0.0","0.0"
"CURVE 1","0.0859611743049563","25.702793923329807","31.695973191939913","0.06771402055351294","0.09249064478708144","12.241917718628045","-1","0.0","0.0","0.0"
"CURVE 1","0.0859611743049563","25.702793923329807","31.695973191939913","0.0677981574618401","0.09245021693149016","12.146199945708906","-1","0.0","0.0","0.0"
"CURVE 1","0.0859611743049563","25.702793923329807","31.695973191939913","0.06788246268656715","0.09240982587064676","12.045595759526341","-1","0.0","0.0","0.0"
"CURVE 1","0.0859611743049563","25.702793923329807","31.695973191939913","0.06796694555092807","0.09236946669384019","11.940240965523163","-1","0.0","0.0","0.0"
"CURVE 1","0.0859611743049563","25.702793923329807","31.695973191939913","0.06805161537815681","0.09232913449035948","11.830277265083486","-1","0.0","0.0","0.0"
"CURVE 1","0.0859611743049563","25.702793923329807","31.695973191939913","0.06813648149148742","0.09228882434949352","11.71585196524454","-1","0.0","0.0","0.0"
"CURVE 1","0.0859611743049563","25.702793923329807","31.695973191939913","0.06822155321415382","0.09224853136053134","11.597117491512966","-1","0.0","0.0","0.0"
"CURVE 1","0.0859611743049563","25.702793923329807","31.695973191939913","0.06830683986939008","0.09220825061276185","11.474231076886047","-1","0.0","0.0","0.0"
"CURVE 1","0.0859611743049563","25.702793923329807","31.695973191939913","0.06839235078043013","0.09216797719547404","11.347354276145825","-1","0.0","0.0","0.0"
"CURVE 1","0.0859611743049563","25.702793923329807","31.695973191939913","0.06847809527050795","0.09212770619795689","11.21665255278887","-1","0.0","0.0","0.0"
"CURVE 1","0.0859611743049563","25.702793923329807","31.695973191939913","0.06856408266285757","0.09208743270949937","11.082294886177593","-1","0.0","0.0","0.0"
"CURVE 1","0.0859611743049563","25.702793923329807","31.695973191939913","0.06865032228071297","0.09204715181939042","10.944453304998861","-1","0.0","0.0","0.0"
"CURVE 1","0.0859611743049563","25.702793923329807","31.695973191939913","0.06873682344730811","0.09200685861691907","10.803302477789465","-1","0.0","0.0","0.0"
"CURVE 1","0.0859611743049563","25.702793923329807","31.695973191939913","0.06882359548587702","0.09196654819137422","10.659019284767059","-1","0.0","0.0","0.0"
"CURVE 1","0.0859611743049563","25.702793923329807","31.695973191939913","0.06891064771965368","0.09192621563204487","10.511782360573424","-1","0.0","0.0","0.0"
"CURVE 1","0.0859611743049563","25.702793923329807","31.695973191939913","0.06899798947187205","0.09188585602821997","10.361771732311086","-1","0.0","0.0","0.0"
"CURVE 1","0.0859611743049563","25.702793923329807","31.695973191939913","0.06908563006576614","0.09184546446918847","10.209168325983862","-1","0.0","0.0","0.0"
"CURVE 1","0.0859611743049563","25.702793923329807","31.695973191939913","0.06917357882456993","0.09180503604423938","10.054153633666367","-1","0.0","0.0","0.0"
"CURVE 1","0.0859611743049563","25.702793923329807","31.695973191939913","0.06926184507151742","0.09176456584266168","9.896909244251525","-1","0.0","0.0","0.0"
"CURVE 1","0.0859611743049563","25.702793923329807","31.695973191939913","0.06935043812984258","0.09172404895374431","9.73761650148448","-1","0.0","0.0","0.0"
"CURVE 1","0.0859611743049563","25.702793923329807","31.695973191939913","0.06943936732277942","0.09168348046677621","9.576456075842868","-1","0.0","0.0","0.0"
"CURVE 1","0.0859611743049563","25.702793923329807","31.695973191939913","0.06952864197356191","0.0916428554710464","9.413607645889906","-1","0.0","0.0","0.0"
"CURVE 1","0.0859611743049563","25.702793923329807","31.695973191939913","0.06961827140542406","0.09160216905584383","9.249249533732158","-1","0.0","0.0","0.0"
"CURVE 1","0.0859611743049563","25.702793923329807","31.695973191939913","0.06970826494159985","0.09156141631045744","9.08355829967431","-1","0.0","0.0","0.0"
"CURVE 1","0.0859611743049563","25.702793923329807","31.695973191939913","0.06979863190532325","0.09152059232417624","8.91670847826455","-1","0.0","0.0","0.0"
"CURVE 1","0.0859611743049563","25.702793923329807","31.695973191939913","0.06988938161982827","0.09147969218628917","8.748872279338812","-1","0.0","0.0","0.0"
"CURVE 1","0.0859611743049563","25.702793923329807","31.695973191939913","0.06998052340834889","0.0914387109860852","8.58021923729845","-1","0.0","0.0","0.0"
"CURVE 1","0.0859611743049563","25.702793923329807","31.695973191939913","0.07007206659411909","0.0913976438128533","8.41091595517801","-1","0.0","0.0","0.0"
"CURVE 1","0.0859611743049563","25.702793923329807","31.695973191939913","0.07016402050037289","0.09135648575588244","8.241125873297484","-1","0.0","0.0","0.0"
"CURVE 1","0.0859611743049563","25.702793923329807","31.695973191939913","0.07025639445034426","0.0913152319044616","8.071008958934417","-1","0.0","0.0","0.0"
"CURVE 1","0.0859611743049563","25.702793923329807","31.695973191939913","0.07034919776726718","0.09127387734787973","7.900721551514372","-1","0.0","0.0","0.0"
"CURVE 1","0.0859611743049563","25.702793923329807","31.695973191939913","0.07044243977437566","0.09123241717542581","7.7304161060071115","-1","0.0","0.0","0.0"
"CURVE 1","0.0859611743049563","25.702793923329807","31.695973191939913","0.07053612979490366","0.0911908464763888","7.560241012538105","-1","0.0","0.0","0.0"
"CURVE 1","0.0859611743049563","25.702793923329807","31.695973191939913","0.0706302771520852","0.09114916034005768","7.3903404514358195","-1","0.0","0.0","0.0"
"CURVE 1","0.0859611743049563","25.702793923329807","31.695973191939913","0.07072489116915423","0.09110735385572138","7.220854164708632","-1","0.0","0.0","0.0"
"CURVE 1","0.0859611743049563","25.702793923329807","31.695973191939913","0.07081998116934478","0.0910654221126689","7.051917431620207","-1","0.0","0.0","0.0"
"CURVE 1","0.0859611743049563","25.702793923329807","31.695973191939913","0.07091555647589082","0.09102336020018922","6.883660842061606","-1","0.0","0.0","0.0"
"CURVE 1","0.0859611743049563","25.702793923329807","31.695973191939913","0.07101162641202634","0.09098116320757128","6.7162102510864194","-1","0.0","0.0","0.0"
"CURVE 1","0.0859611743049563","25.702793923329807","31.695973191939913","0.07110820030098532","0.09093882622410408","6.549686681359032","-1","0.0","0.0","0.0"
"CURVE 1","0.0859611743049563","25.702793923329807","31.695973191939913","0.07120528746600176","0.09089634433907655","6.38420624019211","-1","0.0","0.0","0.0"
"CURVE 1","0.0859611743049563","25.702793923329807","31.695973191939913","0.07130289723030964","0.09085371264177768","6.219880073490901","-1","0.0","0.0","0.0"
"CURVE 1","0.0859611743049563","25.702793923329807","31.695973191939913","0.07140103891714297","0.09081092622149642","6.0568143365541065","-1","0.0","0.0","0.0"
"CURVE 1","0.0859611743049563","25.702793923329807","31.695973191939913","0.07149972184973571","0.09076798016752176","5.895110170236173","-1","0.0","0.0","0.0"
"CURVE 1","0.0859611743049563","25.702793923329807","31.695973191939913","0.07159895535132187","0.09072486956914265","5.73486366195783","-1","0.0","0.0","0.0"
"CURVE 1","0.0859611743049563","25.702793923329807","31.695973191939913","0.07169874874513543","0.09068158951564806","5.576165876743593","-1","0.0","0.0","0.0"
"CURVE 1","0.0859611743049563","25.702793923329807","31.695973191939913","0.07179911135441039","0.09063813509632698","5.419102880367128","-1","0.0","0.0","0.0"
"CURVE 1","0.0859611743049563","25.702793923329807","31.695973191939913","0.0719000525023807","0.09059450140046835","5.263755718838469","-1","0.0","0.0","0.0"
"CURVE 1","0.0859611743049563","25.702793923329807","31.695973191939913","0.07200158151228038","0.09055068351736115","5.110200533146384","-1","0.0","0.0","0.0"
"CURVE 1","0.0859611743049563","25.702793923329807","31.695973191939913","0.07210370770734344","0.09050667653629435","4.958508538229077","-1","0.0","0.0","0.0"
"CURVE 1","0.0859611743049563","25.702793923329807","31.695973191939913","0.07220644041080382","0.0904624755465569","4.808746137077415","-1","0.0","0.0","0.0"
"CURVE 1","0.0859611743049563","25.702793923329807","31.695973191939913","0.07230978894589553","0.0904180756374378","4.660974947411811","-1","0.0","0.0","0.0"
"CURVE 1","0.0859611743049563","25.702793923329807","31.695973191939913","0.07241376263585257","0.090373471898226","4.515251920146966","-1","0.0","0.0","0.0"
"CURVE 1","0.0859611743049563","25.702793923329807","31.695973191939913","0.07251837080390892","0.09032865941821046","4.371629391982305","-1","0.0","0.0","0.0"
"CURVE 1","0.0859611743049563","25.702793923329807","31.695973191939913","0.07262362277329856","0.09028363328668014","4.230155207070454","-1","0.0","0.0","0.0"
"CURVE 1","0.0859611743049563","25.702793923329807","31.695973191939913","0.07272952786725552","0.09023838859292405","4.0908728022877705","-1","0.0","0.0","0.0"
"CURVE 1","0.0859611743049563","25.702793923329807","31.695973191939913","0.07283609540901374","0.09019292042623113","3.9538213115691416","-1","0.0","0.0","0.0"
"CURVE 1","0.0859611743049563","25.702793923329807","31.695973191939913","0.07294333472180722","0.09014722387589032","3.8190356885006964","-1","0.0","0.0","0.0"
"CURVE 1","0.0859611743049563","25.702793923329807","31.695973191939913","0.07305125512886997","0.09010129403119063","3.686546819645855","-1","0.0","0.0","0.0"
"CURVE 1","0.0859611743049563","25.702793923329807","31.695973191939913","0.07315986595343595","0.09005512598142101","3.5563816307591827","-1","0.0","0.0","0.0"
"CURVE 1","0.0859611743049563","25.702793923329807","31.695973191939913","0.07326917651873915","0.09000871481587044","3.4285632398342694","-1","0.0","0.0","0.0"
"CURVE 1","0.0859611743049563","25.702793923329807","31.695973191939913","0.0733791961480136","0.08996205562382788","3.3031110578088803","-1","0.0","0.0","0.0"
"CURVE 1","0.0859611743049563","25.702793923329807","31.695973191939913","0.07348993416449323","0.0899151434945823","3.180040925369474","-1","0.0","0.0","0.0"
"CURVE 1","0.0859611743049563","25.702793923329807","31.695973191939913","0.07360139989141208","0.08986797351742265","3.0593652565457754","-1","0.0","0.0","0.0"
"CURVE 1","0.0859611743049563","25.702793923329807","31.695973191939913","0.07371360265200412","0.08982054078163791","2.9410931486977896","-1","0.0","0.0","0.0"
"CURVE 1","0.0859611743049563","25.702793923329807","31.695973191939913","0.07382655176950331","0.08977284037651707","2.825230524881327","-1","0.0","0.0","0.0"
"CURVE 1","0.0859611743049563","25.702793923329807","31.695973191939913","0.07394025656714368","0.08972486739134906","2.7117802869623366","-1","0.0","0.0","0.0"
"CURVE 1","0.0859611743049563","25.702793923329807","31.695973191939913","0.07405472636815921","0.08967661691542289","2.600742419897102","-1","0.0","0.0","0.0"
"CURVE 1","0.0859611743049563","25.702793923329807","31.695973191939913","0.0741699702822747","0.08962808999256117","4.546316744526995","-1","0.0","0.0","0.0"
"CURVE 1","0.0859611743049563","25.702793923329807","31.695973191939913","0.07428599656517827","0.08957931148472117","6.429500557650952","-1","0.0","0.0","0.0"
"CURVE 1","0.0859611743049563","25.702793923329807","31.695973191939913","0.07440281325904885","0.08953031220839393","8.253035927606856","-1","0.0","0.0","0.0"
"CURVE 1","0.0859611743049563","25.702793923329807","31.695973191939913","0.07452042840606538","0.08948112298007035","10.019511688761208","-1","0.0","0.0","0.0"
"CURVE 1","0.0859611743049563","25.702793923329807","31.695973191939913","0.0746388500484068","0.08943177461624145","11.731368597161191","-1","0.0","0.0","0.0"
"CURVE 1","0.0859611743049563","25.702793923329807","31.695973191939913","0.07475808622825204","0.0893822979333982","13.390904496868453","-1","0.0","0.0","0.0"
"CURVE 1","0.0859611743049563","25.702793923329807","31.695973191939913","0.07487814498778007","0.08933272374803154","15.000279489352675","-1","0.0","0.0","0.0"
"CURVE 1","0.0859611743049563","25.702793923329807","31.695973191939913","0.07499903436916978","0.08928308287663246","16.561521077447505","-1","0.0","0.0","0.0"
"CURVE 1","0.0859611743049563","25.702793923329807","31.695973191939913","0.07512076241460014","0.08923340613569195","18.076529245701693","-1","0.0","0.0","0.0"
"CURVE 1","0.0859611743049563","25.702793923329807","31.695973191939913","0.07524333716625006","0.08918372434170092","19.547081430771005","-1","0.0","0.0","0.0"
"CURVE 1","0.0859611743049563","25.702793923329807","31.695973191939913","0.07536676666629849","0.08913406831115041","20.974837411338225","-1","0.0","0.0","0.0"
"CURVE 1","0.0859611743049563","25.702793923329807","31.695973191939913","0.07549105895692436","0.08908446886053133","22.3613440678617","-1","0.0","0.0","0.0"
"CURVE 1","0.0859611743049563","25.702793923329807","31.695973191939913","0.07561622208030662","0.08903495680633469","23.70804006734932","-1","0.0","0.0","0.0"
"CURVE 1","0.0859611743049563","25.702793923329807","31.695973191939913","0.07574226407862421","0.08898556296505146","25.016260364160342","-1","0.0","0.0","0.0"
"CURVE 1","0.0859611743049563","25.702793923329807","31.695973191939913","0.07586919299405605","0.0889363181531726","26.287240614569974","-1","0.0","0.0","0.0"
"CURVE 1","0.0859611743049563","25.702793923329807","31.695973191939913","0.07599701686878109","0.08888725318718906","27.522121479861482","-1","0.0","0.0","0.0"
"CURVE 1","0.0859611743049563","25.702793923329807","31.695973191939913","0.07612574374497827","0.08883839888359184","28.721952773121345","-1","0.0","0.0","0.0"
"CURVE 1","0.0859611743049563","25.702793923329807","31.695973191939913","0.0762553816648265","0.0887897860588719","29.887697540278307","-1","0.0","0.0","0.0"
"CURVE 1","0.0859611743049563","25.702793923329807","31.695973191939913","0.07638593867050475","0.08874144552952022","31.02023599084407","-1","0.0","0.0","0.0"
"CURVE 1","0.0859611743049563","25.702793923329807","31.695973191939913","0.07651742280419194","0.08869340811202775","32.12036935628722","-1","0.0","0.0","0.0"
"CURVE 1","0.0859611743049563","25.702793923329807","31.695973191939913","0.076649842108067","0.08864570462288549","33.18882364934339","-1","0.0","0.0","0.0"
"CURVE 1","0.0859611743049563","25.702793923329807","31.695973191939913","0.07678320462430889","0.08859836587858438","34.22625333760757","-1","0.0","0.0","0.0"
"CURVE 1","0.0859611743049563","25.702793923329807","31.695973191939913","0.07691751839509653","0.0885514226956154","35.233244920900795","-1","0.0","0.0","0.0"
"CURVE 1","0.0859611743049563","25.702793923329807","31.695973191939913","0.07705279146260884","0.08850490589046953","36.210320498978255","-1","0.0","0.0","0.0"
"CURVE 1","0.0859611743049563","25.702793923329807","31.695973191939913","0.07718903186902477","0.08845884627963772","37.15794118399653","-1","0.0","0.0","0.0"
"CURVE 1","0.0859611743049563","25.702793923329807","31.695973191939913","0.0773262476565233","0.08841327467961096","38.07651056805217","-1","0.0","0.0","0.0"
"CURVE 1","0.0859611743049563","25.702793923329807","31.695973191939913","0.07746444686728331","0.08836822190688022","38.96637804794156","-1","0.0","0.0","0.0"
"CURVE 1","0.0859611743049563","25.702793923329807","31.695973191939913","0.07760363754348376","0.08832371877793647","39.827842188673884","-1","0.0","0.0","0.0"
"CURVE 1","0.0859611743049563","25.702793923329807","31.695973191939913","0.07774382772730357","0.08827979610927068","40.66115399968533","-1","0.0","0.0","0.0"
"CURVE 1","0.0859611743049563","25.702793923329807","31.695973191939913","0.07788502546092173","0.0882364847173738","41.4665202208627","-1","0.0","0.0","0.0"
"CURVE 1","0.0859611743049563","25.702793923329807","31.695973191939913","0.0780272387865171","0.08819381541873683","42.244106561663415","-1","0.0","0.0","0.0"
"CURVE 1","0.0859611743049563","25.702793923329807","31.695973191939913","0.07817047574626866","0.08815181902985074","42.994040943332436","-1","0.0","0.0","0.0"
"CURVE 1","0.0859611743049563","25.702793923329807","31.695973191939913","0.07831474438235535","0.0881105263672065","43.716416711331426","-1","0.0","0.0","0.0"
"CURVE 1","0.0859611743049563","25.702793923329807","31.695973191939913","0.07846005273695608","0.08806996824729502","44.41129585719965","-1","0.0","0.0","0.0"
"CURVE 1","0.0859611743049563","25.702793923329807","31.695973191939913","0.07860640885224983","0.08803017548660734","45.07871219594226","-1","0.0","0.0","0.0"
"CURVE 1","0.0859611743049563","25.702793923329807","31.695973191939913","0.0787538207704155","0.0879911789016344","45.71867456907774","-1","0.0","0.0","0.0"
"CURVE 1","0.0859611743049563","25.702793923329807","31.695973191939913","0.07890229653363204","0.0879530093088672","46.33117001973451","-1","0.0","0.0","0.0"
"CURVE 1","0.0859611743049563","25.702793923329807","31.695973191939913","0.07905184418407839","0.08791569752479667","46.916166965994","-1","0.0","0.0","0.0"
"CURVE 1","0.0859611743049563","25.702793923329807","31.695973191939913","0.07920247176393348","0.08787927436591382","47.47361832576542","-1","0.0","0.0","0.0"
"CURVE 1","0.0859611743049563","25.702793923329807","31.695973191939913","0.07935418731537623","0.08784377064870959","48.00346469370036","-1","0.0","0.0","0.0"
"CURVE 1","0.0859611743049563","25.702793923329807","31.695973191939913","0.07950699888058563","0.08780921718967497","48.50563740408469","-1","0.0","0.0","0.0"
"CURVE 1","0.0859611743049563","25.702793923329807","31.695973191939913","0.07966091450174057","0.0877756448053009","48.980061636112346","-1","0.0","0.0","0.0"
"CURVE 1","0.0859611743049563","25.702793923329807","31.695973191939913","0.07981594222101998","0.08774308431207839","49.42665946907963","-1","0.0","0.0","0.0"
"CURVE 1","0.0859611743049563","25.702793923329807","31.695973191939913","0.07997209008060284","0.08771156652649839","49.845352843359294","-1","0.0","0.0","0.0"
"CURVE 1","0.0859611743049563","25.702793923329807","31.695973191939913","0.08012936612266806","0.08768112226505187","50.236066559031194","-1","0.0","0.0","0.0"
"CURVE 1","0.0859611743049563","25.702793923329807","31.695973191939913","0.08028777838939458","0.0876517823442298","50.59873111642666","-1","0.0","0.0","0.0"
"CURVE 1","0.0859611743049563","25.702793923329807","31.695973191939913","0.08044733492296133","0.08762357758052315","50.93328555926436","-1","0.0","0.0","0.0"
"CURVE 1","0.0859611743049563","25.702793923329807","31.695973191939913","0.08060804376554727","0.0875965387904229","51.23968019819933","-1","0.0","0.0","0.0"
"CURVE 1","0.0859611743049563","25.702793923329807","31.695973191939913","0.08076991295933132","0.08757069679042001","51.517879248790656","-1","0.0","0.0","0.0"
"CURVE 1","0.0859611743049563","25.702793923329807","31.695973191939913","0.08093295054649241","0.08754608239700547","51.76786336305089","-1","0.0","0.0","0.0"
"CURVE 1","0.0859611743049563","25.702793923329807","31.695973191939913","0.08109716456920948","0.08752272642667022","51.9896320662826","-1","0.0","0.0","0.0"
"CURVE 1","0.0859611743049563","25.702793923329807","31.695973191939913","0.08126256306966147","0.08750065969590526","52.18320601740187","-1","0.0","0.0","0.0"
"CURVE 1","0.0859611743049563","25.702793923329807","31.695973191939913","0.08142915409002732","0.08747991302120155","52.34862919831835","-1","0.0","0.0","0.0"
"CURVE 1","0.0859611743049563","25.702793923329807","31.695973191939913","0.08159694567248596","0.08746051721905004","52.48597088348505","-1","0.0","0.0","0.0"
"CURVE 1","0.0859611743049563","25.702793923329807","31.695973191939913","0.08176594585921634","0.08744250310594173","52.59532750553423","-1","0.0","0.0","0.0"
"CURVE 1","0.0859611743049563","25.702793923329807","31.695973191939913","0.0819361626923974","0.08742590149836756","52.67682431176412","-1","0.0","0.0","0.0"
"CURVE 1","0.0859611743049563","25.702793923329807","31.695973191939913","0.08210760421420804","0.08741074321281851","52.73061685918487","-1","0.0","0.0","0.0"
"CURVE 1","0.0859611743049563","25.702793923329807","31.695973191939913","0.08228027846682724","0.08739705906578558","52.756892325235974","-1","0.0","0.0","0.0"
"CURVE 1","0.0859611743049563","25.702793923329807","31.695973191939913","0.08245419349243394","0.08738487987375972","52.75587059587722","-1","0.0","0.0","0.0"
"CURVE 1","0.0859611743049563","25.702793923329807","31.695973191939913","0.08262935733320702","0.08737423645323189","52.72780517770751","-1","0.0","0.0","0.0"
"CURVE 1","0.0859611743049563","25.702793923329807","31.695973191939913","0.08280577803132545","0.08736515962069306","52.67298390472315","-1","0.0","0.0","0.0"
"CURVE 1","0.0859611743049563","25.702793923329807","31.695973191939913","0.08298346362896819","0.08735768019263425","52.59172939840307","-1","0.0","0.0","0.0"
"CURVE 1","0.0859611743049563","25.702793923329807","31.695973191939913","0.08316242216831415","0.08735182898554637","52.4843993583987","-1","0.0","0.0","0.0"
"CURVE 1","0.0859611743049563","25.702793923329807","31.695973191939913","0.0833426616915423","0.0873476368159204","52.351386604574934","-1","0.0","0.0","0.0"
"CURVE 1","0.0859611743049563","25.702793923329807","31.695973191939913","0.08352419024083153","0.08734513450024733","52.19311892325032","-1","0.0","0.0","0.0"
"CURVE 1","0.0859611743049563","25.702793923329807","31.695973191939913","0.0837070158583608","0.08734435285501811","52.01005869474014","-1","0.0","0.0","0.0"
"CURVE 1","0.0859611743049563","25.702793923329807","31.695973191939913","0.08389114658630901","0.08734532269672374","51.80270232022634","-1","0.0","0.0","0.0"
"CURVE 1","0.0859611743049563","25.702793923329807","31.695973191939913","0.08407659046685519","0.08734807484185517","51.57157943855523","-1","0.0","0.0","0.0"
"CURVE 1","0.0859611743049563","25.702793923329807","31.695973191939913","0.08426335554217819","0.08735264010690337","51.31725194903583","-1","0.0","0.0","0.0"
"CURVE 1","0.0859611743049563","25.702793923329807","31.695973191939913","0.08445144985445698","0.08735904930835932","51.04031285286082","-1","0.0","0.0","0.0"
"CURVE 1","0.0859611743049563","25.702793923329807","31.695973191939913","0.08464088144587047","0.08736733326271397","50.741384917779946","-1","0.0","0.0","0.0"
"CURVE 1","0.0859611743049563","25.702793923329807","31.695973191939913","0.08483165835859764","0.08737752278645831","50.421119172655445","-1","0.0","0.0","0.0"
"CURVE 1","0.0859611743049563","25.702793923329807","31.695973191939913","0.0850237886348174","0.08738964869608333","50.080193249560566","-1","0.0","0.0","0.0"
"CURVE 1","0.0859611743049563","25.702793923329807","31.695973191939913","0.0852172803167087","0.08740374180807996","49.71930959094934","-1","0.0","0.0","0.0"
"CURVE 1","0.0859611743049563","25.702793923329807","31.695973191939913","0.08541214144645046","0.08741983293893918","49.33919353411029","-1","0.0","0.0","0.0"
"CURVE 1","0.0859611743049563","25.702793923329807","31.695973191939913","0.08560838006622162","0.08743795290515197","48.94059127416088","-1","0.0","0.0","0.0"
"CURVE 1","0.0859611743049563","25.702793923329807","31.695973191939913","0.08580600421820114","0.08745813252320929","48.52426774165889","-1","0.0","0.0","0.0"
"CURVE 1","0.0859611743049563","25.702793923329807","31.695973191939913","0.08600502194456792","0.08748040260960213","48.09100441130851","-1","0.0","0.0","0.0"
"CURVE 1","0.0859611743049563","25.702793923329807","31.695973191939913","0.08620544128750093","0.08750479398082145","47.641597020653634","-1","0.0","0.0","0.0"
"CURVE 1","0.0859611743049563","25.702793923329807","31.695973191939913","0.08640727028917909","0.08753133745335821","47.17685328124614","-1","0.0","0.0","0.0"
"CURVE 1","0.0859611743049563","25.702793923329807","31.695973191939913","0.08661051699178134","0.08756006384370339","46.697590528536224","-1","0.0","0.0","0.0"
"CURVE 1","0.0859611743049563","25.702793923329807","31.695973191939913","0.08681518943748663","0.08759100396834796","46.20463338048586","-1","0.0","0.0","0.0"
"CURVE 1","0.0859611743049563","25.702793923329807","31.695973191939913","0.08702129566847387","0.0876241886437829","45.698811393436905","-1","0.0","0.0","0.0"
"CURVE 1","0.0859611743049563","25.702793923329807","31.695973191939913","0.08722884372692201","0.08765964868649916","45.18095672492198","-1","0.0","0.0","0.0"
"CURVE 1","0.0859611743049563","25.702793923329807","31.695973191939913","0.08743784165501","0.08769741491298771","44.65190185588799","-1","0.0","0.0","0.0"
"CURVE 1","0.0859611743049563","25.702793923329807","31.695973191939913","0.08764829749491676","0.08773751813973954","44.1124773380015","-1","0.0","0.0","0.0"
"CURVE 1","0.0859611743049563","25.702793923329807","31.695973191939913","0.08786021928882123","0.08777998918324562","43.56350959858909","-1","0.0","0.0","0.0"
"CURVE 1","0.0859611743049563","25.702793923329807","31.695973191939913","0.08807361507890235","0.0878248588599969","43.005818834475434","-1","0.0","0.0","0.0"
"CURVE 1","0.0859611743049563","25.702793923329807","31.695973191939913","0.08828849290733905","0.08787215798648436","42.44021698376766","-1","0.0","0.0","0.0"
"CURVE 1","0.0859611743049563","25.702793923329807","31.695973191939913","0.08850486081631027","0.08792191737919898","41.86750577358135","-1","0.0","0.0","0.0"
"CURVE 1","0.0859611743049563","25.702793923329807","31.695973191939913","0.08872272684799497","0.0879741678546317","41.288474891023526","-1","0.0","0.0","0.0"
"CURVE 1","0.0859611743049563","25.702793923329807","31.695973191939913","0.08894209904457205","0.08802894022927356","40.70390023965381","-1","1.0","1.0","1.0"
"CURVE 1","0.0859611743049563","25.702793923329807","31.695973191939913","0.08916298544822046","0.08808626531961546","40.11454233527985","-1","0.0","0.0","0.0"
"CURVE 1","0.0859611743049563","25.702793923329807","31.695973191939913","0.08938539410111913","0.0881461739421484","39.521144799307805","-1","0.0","0.0","0.0"
"CURVE 1","0.0859611743049563","25.702793923329807","31.695973191939913","0.08960933304544703","0.08820869691336335","38.9244329749789","-1","0.0","0.0","0.0"
"CURVE 1","0.0859611743049563","25.702793923329807","31.695973191939913","0.08983481032338307","0.08827386504975125","38.32511269167691","-1","0.0","0.0","0.0"
"CURVE 1","0.0859611743049563","25.702793923329807","31.695973191939913","0.0900618339771062","0.08834170916780312","37.723869126972566","-1","0.0","0.0","0.0"
"CURVE 1","0.0859611743049563","25.702793923329807","31.695973191939913","0.09029041204879532","0.08841226008400989","37.12136581636653","-1","0.0","0.0","0.0"
"CURVE 1","0.0859611743049563","25.702793923329807","31.695973191939913","0.09052055258062941","0.08848554861486253","36.51824377976965","-1","0.0","0.0","0.0"
"CURVE 1","0.0859611743049563","25.702793923329807","31.695973191939913","0.09075226361478739","0.08856160557685208","35.91512077472547","-1","0.0","0.0","0.0"
"CURVE 1","0.0859611743049563","25.702793923329807","31.695973191939913","0.0909855531934482","0.08864046178646943","35.31259067824936","-1","0.0","0.0","0.0"
"CURVE 1","0.0859611743049563","25.702793923329807","31.695973191939913","0.09122042935879075","0.08872214806020558","34.71122297931235","-1","0.0","0.0","0.0"
"CURVE 1","0.0859611743049563","25.702793923329807","31.695973191939913","0.09145690015299403","0.08880669521455149","34.11156239408111","-1","0.0","0.0","0.0"
"CURVE 1","0.0859611743049563","25.702793923329807","31.695973191939913","0.09169497361823693","0.08889413406599815","33.514128587596986","-1","0.0","0.0","0.0"
"CURVE 1","0.0859611743049563","25.702793923329807","31.695973191939913","0.09193465779669842","0.08898449543103651","32.91941601296987","-1","0.0","0.0","0.0"
"CURVE 1","0.0859611743049563","25.702793923329807","31.695973191939913","0.09217596073055741","0.08907781012615755","32.327893843056174","-1","0.0","0.0","0.0"
"CURVE 1","0.0859611743049563","25.702793923329807","31.695973191939913","0.09241889046199286","0.08917410896785224","31.740005993374407","-1","0.0","0.0","0.0"
"CURVE 1","0.0859611743049563","25.702793923329807","31.695973191939913","0.09266345503318368","0.08927342277261155","31.15617124754906","-1","0.0","0.0","0.0"
"CURVE 1","0.0859611743049563","25.702793923329807","31.695973191939913","0.09290966248630883","0.08937578235692645","30.576783466574067","-1","0.0","0.0","0.0"
"CURVE 1","0.0859611743049563","25.702793923329807","31.695973191939913","0.09315752086354726","0.08948121853728794","30.002211863045055","-1","0.0","0.0","0.0"
"CURVE 1","0.0859611743049563","25.702793923329807","31.695973191939913","0.09340703820707787","0.08958976213018693","29.432801357295187","-1","0.0","0.0","0.0"
"CURVE 1","0.0859611743049563","25.702793923329807","31.695973191939913","0.09365822255907959","0.08970144395211443","28.868872995130957","-1","0.0","0.0","0.0"
"CURVE 1","0.0859611743049563","25.702793923329807","31.695973191939913","0.0939110819617314","0.08981629481956142","28.310724430908923","-1","0.0","0.0","0.0"
"CURVE 1","0.0859611743049563","25.702793923329807","31.695973191939913","0.09416562445721222","0.08993434554901884","27.75863044932371","-1","0.0","0.0","0.0"
"CURVE 1","0.0859611743049563","25.702793923329807","31.695973191939913","0.09442185808770098","0.09005562695697766","27.212843550021695","-1","0.0","0.0","0.0"
"CURVE 1","0.0859611743049563","25.702793923329807","31.695973191939913","0.09467979089537663","0.09018016985992888","26.673594557261474","-1","0.0","0.0","0.0"
"CURVE 1","0.0859611743049563","25.702793923329807","31.695973191939913","0.09493943092241809","0.09030800507436347","26.14109328160764","-1","0.0","0.0","0.0"
"CURVE 1","0.0859611743049563","25.702793923329807","31.695973191939913","0.0952007862110043","0.09043916341677236","25.615529194621836","-1","0.0","0.0","0.0"
"CURVE 1","0.0859611743049563","25.702793923329807","31.695973191939913","0.0954638648033142","0.09057367570364656","25.09707213789825","-1","0.0","0.0","0.0"
"CURVE 1","0.0859611743049563","25.702793923329807","31.695973191939913","0.09572867474152673","0.09071157275147701","24.58587304876499","-1","0.0","0.0","0.0"
"CURVE 1","0.0859611743049563","25.702793923329807","31.695973191939913","0.09599522406782084","0.0908528853767547","24.082064700404153","-1","0.0","0.0","0.0"
"CURVE 1","0.0859611743049563","25.702793923329807","31.695973191939913","0.09626352082437543","0.0909976443959706","23.58576245124927","-1","0.0","0.0","0.0"
"CURVE 1","0.0859611743049563","25.702793923329807","31.695973191939913","0.09653357305336946","0.09114588062561568","23.097065005479774","-1","1.0","1.0","1.0"
"CURVE 1","0.0859611743049563","25.702793923329807","31.695973191939913","0.09680538879698188","0.09129762488218092","22.616055166805694","-1","1.0","1.0","1.0"
"CURVE 1","0.0859611743049563","25.702793923329807","31.695973191939913","0.09707897609739159","0.09145290798215726","22.142800602859662","-1","0.0","0.0","0.0"
"CURVE 1","0.0859611743049563","25.702793923329807","31.695973191939913","0.09735434299677757","0.09161176074203568","21.67735459356274","-1","0.0","0.0","0.0"
"CURVE 1","0.0859611743049563","25.702793923329807","31.695973191939913","0.09763149753731874","0.09177421397830718","21.21975678487232","-1","0.0","0.0","0.0"
