"Curve Name","Curve Length (um)","Average Curvature (um-1)","Curvature Std (um-1)","X-Coordinate (um)","Y-Coordinate (um)","Point Curvature (um-1)","Point Curvature Sign","Red Intensity","Green Intensity","Blue Intensity"
"CURVE 1","0.08487063246417827","27.504030613033855","36.06509606525077","0.021194029850746268","0.11164179104477612","63.63227790603285","1","0.0","0.0","0.0"
"CURVE 1","0.08487063246417827","27.504030613033855","36.06509606525077","0.021327040005679154","0.1118006342323265","65.86681957462937","1","0.0","0.0","0.0"
"CURVE 1","0.08487063246417827","27.504030613033855","36.06509606525077","0.0214602085132504","0.11195535953958234","68.1584448474602","1","0.0","0.0","0.0"
"CURVE 1","0.08487063246417827","27.504030613033855","36.06509606525077","0.021593529751051714","0.11210600312076396","70.50555372689158","1","0.0","0.0","0.0"
"CURVE 1","0.08487063246417827","27.504030613033855","36.06509606525077","0.021726998096674825","0.11225260113009171","72.90613869362399","1","0.0","0.0","0.0"
"CURVE 1","0.08487063246417827","27.504030613033855","36.06509606525077","0.02186060792771145","0.11239518972178596","75.35775489228891","1","0.0","0.0","0.0"
"CURVE 1","0.08487063246417827","27.504030613033855","36.06509606525077","0.021994353621753292","0.11253380505006703","77.8574913791282","1","0.0","0.0","0.0"
"CURVE 1","0.08487063246417827","27.504030613033855","36.06509606525077","0.022128229556392078","0.11266848326915532","80.40194405865712","1","0.0","0.0","0.0"
"CURVE 1","0.08487063246417827","27.504030613033855","36.06509606525077","0.022262230109219523","0.11279926053327113","82.98719095573884","1","0.0","0.0","0.0"
"CURVE 1","0.08487063246417827","27.504030613033855","36.06509606525077","0.022396349657827344","0.11292617299663485","85.60877063061898","1","0.0","0.0","0.0"
"CURVE 1","0.08487063246417827","27.504030613033855","36.06509606525077","0.022530582579807258","0.11304925681346682","88.26166445824482","1","0.0","0.0","0.0"
"CURVE 1","0.08487063246417827","27.504030613033855","36.06509606525077","0.02266492325275098","0.11316854813798742","90.94028369301482","1","0.0","0.0","0.0"
"CURVE 1","0.08487063246417827","27.504030613033855","36.06509606525077","0.02279936605425023","0.11328408312441696","93.63846213207819","1","0.0","0.0","0.0"
"CURVE 1","0.08487063246417827","27.504030613033855","36.06509606525077","0.022933905361896725","0.11339589792697581","96.34945530334393","1","0.0","0.0","0.0"
"CURVE 1","0.08487063246417827","27.504030613033855","36.06509606525077","0.023068535553282175","0.11350402869988435","99.06594697960097","1","0.0","0.0","0.0"
"CURVE 1","0.08487063246417827","27.504030613033855","36.06509606525077","0.023203251005998297","0.11360851159736289","101.78006386173423","1","0.0","0.0","0.0"
"CURVE 1","0.08487063246417827","27.504030613033855","36.06509606525077","0.023338046097636813","0.11370938277363184","104.48339916029825","1","0.0","0.0","0.0"
"CURVE 1","0.08487063246417827","27.504030613033855","36.06509606525077","0.02347291520578944","0.11380667838291149","107.16704567566693","1","0.0","0.0","0.0"
"CURVE 1","0.08487063246417827","27.504030613033855","36.06509606525077","0.023607852708047893","0.11390043457942221","109.82163882433652","1","0.0","0.0","0.0"
"CURVE 1","0.08487063246417827","27.504030613033855","36.06509606525077","0.02374285298200389","0.11399068751738439","112.43740991862458","1","0.0","0.0","0.0"
"CURVE 1","0.08487063246417827","27.504030613033855","36.06509606525077","0.023877910405249142","0.11407747335101834","115.00424971353864","1","0.0","0.0","0.0"
"CURVE 1","0.08487063246417827","27.504030613033855","36.06509606525077","0.024013019355375375","0.11416082823454443","117.51178204129376","1","0.0","0.0","0.0"
"CURVE 1","0.08487063246417827","27.504030613033855","36.06509606525077","0.024148174209974296","0.11424078832218303","119.94944705320803","1","0.0","0.0","0.0"
"CURVE 1","0.08487063246417827","27.504030613033855","36.06509606525077","0.024283369346637634","0.11431738976815446","122.30659323325217","1","0.0","0.0","0.0"
"CURVE 1","0.08487063246417827","27.504030613033855","36.06509606525077","0.024418599142957093","0.11439066872667909","124.5725772040164","1","0.0","0.0","0.0"
"CURVE 1","0.08487063246417827","27.504030613033855","36.06509606525077","0.024553857976524394","0.11446066135197729","126.73686983398838","1","0.0","0.0","0.0"
"CURVE 1","0.08487063246417827","27.504030613033855","36.06509606525077","0.024689140224931256","0.11452740379826938","128.7891670326057","1","0.0","0.0","0.0"
"CURVE 1","0.08487063246417827","27.504030613033855","36.06509606525077","0.02482444026576939","0.11459093221977575","130.71950329987143","1","0.0","0.0","0.0"
"CURVE 1","0.08487063246417827","27.504030613033855","36.06509606525077","0.02495975247663052","0.11465128277071672","132.5183658764993","1","0.0","0.0","0.0"
"CURVE 1","0.08487063246417827","27.504030613033855","36.06509606525077","0.02509507123510636","0.11470849160531266","134.1768072594353","1","0.0","0.0","0.0"
"CURVE 1","0.08487063246417827","27.504030613033855","36.06509606525077","0.025230390918788623","0.11476259487778391","135.68655362895893","1","0.0","0.0","0.0"
"CURVE 1","0.08487063246417827","27.504030613033855","36.06509606525077","0.025365705905269032","0.11481362874235086","137.04010684389064","1","0.0","0.0","0.0"
"CURVE 1","0.08487063246417827","27.504030613033855","36.06509606525077","0.025501010572139306","0.11486162935323382","138.2308377364852","1","0.0","0.0","0.0"
"CURVE 1","0.08487063246417827","27.504030613033855","36.06509606525077","0.02563629929699115","0.11490663286465318","139.25306841683621","1","0.0","0.0","0.0"
"CURVE 1","0.08487063246417827","27.504030613033855","36.06509606525077","0.025771566457416288","0.11494867543082926","140.10214180228604","1","0.0","0.0","0.0"
"CURVE 1","0.08487063246417827","27.504030613033855","36.06509606525077","0.025906806431006436","0.11498779320598243","140.77447663373866","1","0.0","0.0","0.0"
"CURVE 1","0.08487063246417827","27.504030613033855","36.06509606525077","0.02604201359535331","0.11502402234433304","141.2676067346744","1","1.0","1.0","1.0"
"CURVE 1","0.08487063246417827","27.504030613033855","36.06509606525077","0.02617718232804863","0.11505739900010142","141.58020375511663","1","1.0","1.0","1.0"
"CURVE 1","0.08487063246417827","27.504030613033855","36.06509606525077","0.026312307006684108","0.11508795932750798","141.71208284749883","1","1.0","1.0","1.0"
"CURVE 1","0.08487063246417827","27.504030613033855","36.06509606525077","0.026447382008851467","0.11511573948077301","141.66419140381944","1","1.0","1.0","1.0"
"CURVE 1","0.08487063246417827","27.504030613033855","36.06509606525077","0.026582401712142413","0.11514077561411692","141.4385813717304","1","1.0","1.0","1.0"
"CURVE 1","0.08487063246417827","27.504030613033855","36.06509606525077","0.026717360494148672","0.11516310388176004","141.03836603946195","1","1.0","1.0","1.0"
"CURVE 1","0.08487063246417827","27.504030613033855","36.06509606525077","0.02685225273246196","0.1151827604379227","140.4676625121555","1","1.0","1.0","1.0"
"CURVE 1","0.08487063246417827","27.504030613033855","36.06509606525077","0.026987072804673988","0.11519978143682529","139.73152163155933","1","1.0","1.0","1.0"
"CURVE 1","0.08487063246417827","27.504030613033855","36.06509606525077","0.02712181508837648","0.11521420303268812","138.83584711546447","1","1.0","1.0","1.0"
"CURVE 1","0.08487063246417827","27.504030613033855","36.06509606525077","0.027256473961161147","0.1152260613797316","137.78730600522488","1","1.0","1.0","1.0"
"CURVE 1","0.08487063246417827","27.504030613033855","36.06509606525077","0.027391043800619706","0.11523539263217603","136.5932326137392","1","1.0","1.0","1.0"
"CURVE 1","0.08487063246417827","27.504030613033855","36.06509606525077","0.027525518984343873","0.1152422329442418","135.26152807444834","1","1.0","1.0","1.0"
"CURVE 1","0.08487063246417827","27.504030613033855","36.06509606525077","0.02765989388992537","0.11524661847014926","133.80055778583255","1","1.0","1.0","1.0"
"CURVE 1","0.08487063246417827","27.504030613033855","36.06509606525077","0.027794162894955916","0.11524858536411872","132.2190486816154","1","1.0","1.0","1.0"
"CURVE 1","0.08487063246417827","27.504030613033855","36.06509606525077","0.027928320377027218","0.1152481697803706","130.52598826869013","1","1.0","1.0","1.0"
"CURVE 1","0.08487063246417827","27.504030613033855","36.06509606525077","0.028062360713730996","0.11524540787312522","128.73052712658716","1","1.0","1.0","1.0"
"CURVE 1","0.08487063246417827","27.504030613033855","36.06509606525077","0.028196278282658967","0.11524033579660292","126.84188631384299","1","1.0","1.0","1.0"
"CURVE 1","0.08487063246417827","27.504030613033855","36.06509606525077","0.028330067461402854","0.11523298970502407","124.86927090085612","1","1.0","1.0","1.0"
"CURVE 1","0.08487063246417827","27.504030613033855","36.06509606525077","0.028463722627554363","0.11522340575260902","122.82179056264975","1","1.0","1.0","1.0"
"CURVE 1","0.08487063246417827","27.504030613033855","36.06509606525077","0.028597238158705216","0.11521162009357812","120.70838795066531","1","1.0","1.0","1.0"
"CURVE 1","0.08487063246417827","27.504030613033855","36.06509606525077","0.028730608432447135","0.11519766888215173","118.53777523320002","1","1.0","1.0","1.0"
"CURVE 1","0.08487063246417827","27.504030613033855","36.06509606525077","0.02886382782637183","0.1151815882725502","116.31837913044059","1","1.0","1.0","1.0"
"CURVE 1","0.08487063246417827","27.504030613033855","36.06509606525077","0.028996890718071017","0.11516341441899389","114.05829431328353","1","1.0","1.0","1.0"
"CURVE 1","0.08487063246417827","27.504030613033855","36.06509606525077","0.029129791485136416","0.11514318347570314","111.76524507392772","1","1.0","1.0","1.0"
"CURVE 1","0.08487063246417827","27.504030613033855","36.06509606525077","0.029262524505159745","0.11512093159689832","109.44655500515205","1","1.0","1.0","1.0"
"CURVE 1","0.08487063246417827","27.504030613033855","36.06509606525077","0.02939508415573272","0.11509669493679976","107.10912412350685","1","1.0","1.0","1.0"
"CURVE 1","0.08487063246417827","27.504030613033855","36.06509606525077","0.02952746481444705","0.11507050964962784","104.75941299352218","1","1.0","1.0","1.0"
"CURVE 1","0.08487063246417827","27.504030613033855","36.06509606525077","0.029659660858894463","0.11504241188960289","102.40343322998763","1","1.0","1.0","1.0"
"CURVE 1","0.08487063246417827","27.504030613033855","36.06509606525077","0.029791666666666664","0.11501243781094528","100.04674371642966","1","1.0","1.0","1.0"
"CURVE 1","0.08487063246417827","27.504030613033855","36.06509606525077","0.029923476615355382","0.11498062356787535","97.69445192040213","1","0.0","0.0","0.0"
"CURVE 1","0.08487063246417827","27.504030613033855","36.06509606525077","0.030055085082552325","0.11494700531461345","95.35121960145116","1","0.0","0.0","0.0"
"CURVE 1","0.08487063246417827","27.504030613033855","36.06509606525077","0.030186486445849214","0.11491161920537996","93.02127228980845","1","0.0","0.0","0.0"
"CURVE 1","0.08487063246417827","27.504030613033855","36.06509606525077","0.030317675082837763","0.1148745013943952","90.70841190253357","1","0.0","0.0","0.0"
"CURVE 1","0.08487063246417827","27.504030613033855","36.06509606525077","0.03044864537110969","0.11483568803587954","88.41603191406156","1","0.0","0.0","0.0"
"CURVE 1","0.08487063246417827","27.504030613033855","36.06509606525077","0.030579391688256713","0.11479521528405336","86.14713453828462","1","0.0","0.0","0.0"
"CURVE 1","0.08487063246417827","27.504030613033855","36.06509606525077","0.03070990841187055","0.11475311929313697","83.90434942585108","1","0.0","0.0","0.0"
"CURVE 1","0.08487063246417827","27.504030613033855","36.06509606525077","0.030840189919542908","0.11470943621735075","81.68995342744101","1","0.0","0.0","0.0"
"CURVE 1","0.08487063246417827","27.504030613033855","36.06509606525077","0.030970230588865513","0.11466420221091503","79.50589103445142","1","0.0","0.0","0.0"
"CURVE 1","0.08487063246417827","27.504030613033855","36.06509606525077","0.03110002479743008","0.11461745342805017","77.35379514261847","1","0.0","0.0","0.0"
"CURVE 1","0.08487063246417827","27.504030613033855","36.06509606525077","0.031229566922828328","0.11456922602297653","75.23500784399182","1","0.0","0.0","0.0"
"CURVE 1","0.08487063246417827","27.504030613033855","36.06509606525077","0.031358851342651976","0.11451955614991448","73.15060099770122","1","0.0","0.0","0.0"
"CURVE 1","0.08487063246417827","27.504030613033855","36.06509606525077","0.03148787243449273","0.11446847996308435","71.101396365205","1","0.0","0.0","0.0"
"CURVE 1","0.08487063246417827","27.504030613033855","36.06509606525077","0.03161662457594231","0.1144160336167065","69.08798513698584","1","0.0","0.0","0.0"
"CURVE 1","0.08487063246417827","27.504030613033855","36.06509606525077","0.03174510214459243","0.11436225326500128","67.11074672183673","1","0.0","0.0","0.0"
"CURVE 1","0.08487063246417827","27.504030613033855","36.06509606525077","0.031873299518034824","0.11430717506218906","65.16986668155594","1","0.0","0.0","0.0"
"CURVE 1","0.08487063246417827","27.504030613033855","36.06509606525077","0.03200121107386119","0.11425083516249017","63.265353739433344","1","0.0","0.0","0.0"
"CURVE 1","0.08487063246417827","27.504030613033855","36.06509606525077","0.032128831189663254","0.11419326972012496","61.39705583120729","1","0.0","0.0","0.0"
"CURVE 1","0.08487063246417827","27.504030613033855","36.06509606525077","0.03225615424303273","0.11413451488931381","59.56467509081235","1","0.0","0.0","0.0"
"CURVE 1","0.08487063246417827","27.504030613033855","36.06509606525077","0.03238317461156133","0.11407460682427706","57.767781849778004","1","0.0","0.0","0.0"
"CURVE 1","0.08487063246417827","27.504030613033855","36.06509606525077","0.03250988667284078","0.11401358167923505","56.00582762226429","1","0.0","0.0","0.0"
"CURVE 1","0.08487063246417827","27.504030613033855","36.06509606525077","0.03263628480446279","0.11395147560840815","54.27815699549325","1","0.0","0.0","0.0"
"CURVE 1","0.08487063246417827","27.504030613033855","36.06509606525077","0.03276236338401908","0.11388832476601672","52.5840185879822","1","0.0","0.0","0.0"
"CURVE 1","0.08487063246417827","27.504030613033855","36.06509606525077","0.03288811678910137","0.1138241653062811","50.92257497564604","1","0.0","0.0","0.0"
"CURVE 1","0.08487063246417827","27.504030613033855","36.06509606525077","0.03301353939730137","0.11375903338342164","49.292911749337485","1","0.0","0.0","0.0"
"CURVE 1","0.08487063246417827","27.504030613033855","36.06509606525077","0.03313862558621079","0.11369296515165872","47.69404557274507","1","0.0","0.0","0.0"
"CURVE 1","0.08487063246417827","27.504030613033855","36.06509606525077","0.033263369733421366","0.11362599676521266","46.124931435298045","1","0.0","0.0","0.0"
"CURVE 1","0.08487063246417827","27.504030613033855","36.06509606525077","0.0333877662165248","0.11355816437830382","44.58446904063994","1","0.0","0.0","0.0"
"CURVE 1","0.08487063246417827","27.504030613033855","36.06509606525077","0.03351180941311281","0.11348950414515255","43.07150844917483","1","0.0","0.0","0.0"
"CURVE 1","0.08487063246417827","27.504030613033855","36.06509606525077","0.03363549370077712","0.11342005221997922","41.5848549239367","1","0.0","0.0","0.0"
"CURVE 1","0.08487063246417827","27.504030613033855","36.06509606525077","0.03375881345710943","0.11334984475700419","40.1232730776603","1","0.0","0.0","0.0"
"CURVE 1","0.08487063246417827","27.504030613033855","36.06509606525077","0.03388176305970148","0.11327891791044778","38.68549036264106","1","0.0","0.0","0.0"
"CURVE 1","0.08487063246417827","27.504030613033855","36.06509606525077","0.03400433688614499","0.11320730783453035","37.270199943152285","1","0.0","0.0","0.0"
"CURVE 1","0.08487063246417827","27.504030613033855","36.06509606525077","0.034126529314031644","0.11313505068347231","35.876062901617054","1","0.0","0.0","0.0"
"CURVE 1","0.08487063246417827","27.504030613033855","36.06509606525077","0.034248334720953184","0.11306218261149394","34.501709921845276","1","0.0","0.0","0.0"
"CURVE 1","0.08487063246417827","27.504030613033855","36.06509606525077","0.03436974748450131","0.11298873977281562","33.145742402613784","1","0.0","0.0","0.0"
"CURVE 1","0.08487063246417827","27.504030613033855","36.06509606525077","0.034490761982267755","0.11291475832165772","31.806733081726456","1","0.0","0.0","0.0"
"CURVE 1","0.08487063246417827","27.504030613033855","36.06509606525077","0.03461137259184423","0.11284027441224058","30.483226128746214","1","0.0","0.0","0.0"
"CURVE 1","0.08487063246417827","27.504030613033855","36.06509606525077","0.034731573690822456","0.11276532419878454","29.17373672810814","1","0.0","0.0","0.0"
"CURVE 1","0.08487063246417827","27.504030613033855","36.06509606525077","0.034851359656794145","0.11268994383550997","27.876750285118412","1","0.0","0.0","0.0"
"CURVE 1","0.08487063246417827","27.504030613033855","36.06509606525077","0.03497072486735101","0.11261416947663722","26.590721079722925","1","0.0","0.0","0.0"
"CURVE 1","0.08487063246417827","27.504030613033855","36.06509606525077","0.03508966370008477","0.11253803727638663","25.314070542806604","1","0.0","0.0","0.0"
"CURVE 1","0.08487063246417827","27.504030613033855","36.06509606525077","0.035208170532587145","0.11246158338897858","24.045185031291453","1","0.0","0.0","0.0"
"CURVE 1","0.08487063246417827","27.504030613033855","36.06509606525077","0.035326239742449854","0.11238484396863341","22.782413197282917","1","0.0","0.0","0.0"
"CURVE 1","0.08487063246417827","27.504030613033855","36.06509606525077","0.0354438657072646","0.11230785516957147","21.52406291565243","1","0.0","0.0","0.0"
"CURVE 1","0.08487063246417827","27.504030613033855","36.06509606525077","0.03556104280462311","0.11223065314601312","20.268397719959818","1","0.0","0.0","0.0"
"CURVE 1","0.08487063246417827","27.504030613033855","36.06509606525077","0.03567776541211711","0.11215327405217869","19.013632810844758","1","0.0","0.0","0.0"
"CURVE 1","0.08487063246417827","27.504030613033855","36.06509606525077","0.03579402790733831","0.11207575404228856","17.757930550805437","1","0.0","0.0","0.0"
"CURVE 1","0.08487063246417827","27.504030613033855","36.06509606525077","0.035909824667878405","0.1119981292705631","16.499395515166434","1","0.0","0.0","0.0"
"CURVE 1","0.08487063246417827","27.504030613033855","36.06509606525077","0.036025150071329136","0.11192043589122262","15.23606897063179","1","0.0","0.0","0.0"
"CURVE 1","0.08487063246417827","27.504030613033855","36.06509606525077","0.03613999849528222","0.11184271005848749","13.96592280548137","1","0.0","0.0","0.0"
"CURVE 1","0.08487063246417827","27.504030613033855","36.06509606525077","0.03625436431732936","0.11176498792657806","12.686852909207163","1","0.0","0.0","0.0"
"CURVE 1","0.08487063246417827","27.504030613033855","36.06509606525077","0.036368241915062285","0.11168730564971469","11.39667193685899","1","0.0","0.0","0.0"
"CURVE 1","0.08487063246417827","27.504030613033855","36.06509606525077","0.03648162566607271","0.11160969938211775","10.093101358955742","1","0.0","0.0","0.0"
"CURVE 1","0.08487063246417827","27.504030613033855","36.06509606525077","0.036594509947952346","0.11153220527800756","8.773762845047019","1","0.0","0.0","0.0"
"CURVE 1","0.08487063246417827","27.504030613033855","36.06509606525077","0.03670688913829291","0.11145485949160448","7.4361688517255145","1","0.0","0.0","0.0"
"CURVE 1","0.08487063246417827","27.504030613033855","36.06509606525077","0.03681875761468612","0.11137769817712889","6.07771242449634","1","0.0","0.0","0.0"
"CURVE 1","0.08487063246417827","27.504030613033855","36.06509606525077","0.03693010975472369","0.11130075748880112","4.69565605537888","1","0.0","0.0","0.0"
"CURVE 1","0.08487063246417827","27.504030613033855","36.06509606525077","0.037040939935997344","0.11122407358084153","3.2871195521188348","1","0.0","0.0","0.0"
"CURVE 1","0.08487063246417827","27.504030613033855","36.06509606525077","0.0371512425360988","0.11114768260747047","1.84906689769134","1","0.0","0.0","0.0"
"CURVE 1","0.08487063246417827","27.504030613033855","36.06509606525077","0.03726101193261977","0.11107162072290831","0.3782919523234945","1","0.0","0.0","0.0"
"CURVE 1","0.08487063246417827","27.504030613033855","36.06509606525077","0.03737024250315196","0.11099592408137536","1.1285971747701877","-1","0.0","0.0","0.0"
"CURVE 1","0.08487063246417827","27.504030613033855","36.06509606525077","0.03747892862528711","0.11092062883709201","2.6751950476364477","-1","0.0","0.0","0.0"
"CURVE 1","0.08487063246417827","27.504030613033855","36.06509606525077","0.03758706467661691","0.11084577114427861","4.265317389866208","-1","0.0","0.0","0.0"
"CURVE 1","0.08487063246417827","27.504030613033855","36.06509606525077","0.037694647169824846","0.1107713802062457","4.308378312519517","-1","0.0","0.0","0.0"
"CURVE 1","0.08487063246417827","27.504030613033855","36.06509606525077","0.037801681157961405","0.11069745742266451","4.351024469134454","-1","0.0","0.0","0.0"
"CURVE 1","0.08487063246417827","27.504030613033855","36.06509606525077","0.03790817382916882","0.11062399724229652","4.393218770860803","-1","0.0","0.0","0.0"
"CURVE 1","0.08487063246417827","27.504030613033855","36.06509606525077","0.038014132371589314","0.11055099411390315","4.4349233353392705","-1","0.0","0.0","0.0"
"CURVE 1","0.08487063246417827","27.504030613033855","36.06509606525077","0.038119563973365134","0.11047844248624585","4.476099549025782","-1","0.0","0.0","0.0"
"CURVE 1","0.08487063246417827","27.504030613033855","36.06509606525077","0.038224475822638514","0.11040633680808602","4.516708067091823","-1","0.0","0.0","0.0"
"CURVE 1","0.08487063246417827","27.504030613033855","36.06509606525077","0.03832887510755168","0.11033467152818519","4.556708842074361","-1","0.0","0.0","0.0"
"CURVE 1","0.08487063246417827","27.504030613033855","36.06509606525077","0.038432769016246884","0.11026344109530473","4.596061166121674","-1","0.0","0.0","0.0"
"CURVE 1","0.08487063246417827","27.504030613033855","36.06509606525077","0.03853616473686636","0.11019263995820612","4.634723697335804","-1","0.0","0.0","0.0"
"CURVE 1","0.08487063246417827","27.504030613033855","36.06509606525077","0.03863906945755233","0.11012226256565077","4.672654511349345","-1","0.0","0.0","0.0"
"CURVE 1","0.08487063246417827","27.504030613033855","36.06509606525077","0.038741490366447036","0.11005230336640014","4.7098111110299365","-1","0.0","0.0","0.0"
"CURVE 1","0.08487063246417827","27.504030613033855","36.06509606525077","0.0388434346516927","0.10998275680921565","4.746150510484077","-1","0.0","0.0","0.0"
"CURVE 1","0.08487063246417827","27.504030613033855","36.06509606525077","0.0389449095014316","0.10991361734285879","4.781629237272746","-1","0.0","0.0","0.0"
"CURVE 1","0.08487063246417827","27.504030613033855","36.06509606525077","0.03904592210380592","0.10984487941609095","4.816203400057008","-1","0.0","0.0","0.0"
"CURVE 1","0.08487063246417827","27.504030613033855","36.06509606525077","0.039146479646957937","0.1097765374776736","4.8498287599094505","-1","0.0","0.0","0.0"
"CURVE 1","0.08487063246417827","27.504030613033855","36.06509606525077","0.03924658931902985","0.10970858597636818","4.882460739928089","-1","0.0","0.0","0.0"
"CURVE 1","0.08487063246417827","27.504030613033855","36.06509606525077","0.03934625830816393","0.10964101936093612","4.9140545216455305","-1","0.0","0.0","0.0"
"CURVE 1","0.08487063246417827","27.504030613033855","36.06509606525077","0.03944549380250238","0.10957383208013886","4.944565082172524","-1","0.0","0.0","0.0"
"CURVE 1","0.08487063246417827","27.504030613033855","36.06509606525077","0.03954430299018746","0.10950701858273787","4.973947258733241","-1","0.0","0.0","0.0"
"CURVE 1","0.08487063246417827","27.504030613033855","36.06509606525077","0.03964269305936139","0.10944057331749457","5.002155813712252","-1","0.0","0.0","0.0"
"CURVE 1","0.08487063246417827","27.504030613033855","36.06509606525077","0.039740671198166426","0.1093744907331704","5.029145507846552","-1","0.0","0.0","0.0"
"CURVE 1","0.08487063246417827","27.504030613033855","36.06509606525077","0.03983824459474478","0.10930876527852681","5.0548711664077715","-1","0.0","0.0","0.0"
"CURVE 1","0.08487063246417827","27.504030613033855","36.06509606525077","0.0399354204372387","0.10924339140232524","5.079287735683174","-1","0.0","0.0","0.0"
"CURVE 1","0.08487063246417827","27.504030613033855","36.06509606525077","0.04003220591379043","0.10917836355332712","5.102350398822657","-1","0.0","0.0","0.0"
"CURVE 1","0.08487063246417827","27.504030613033855","36.06509606525077","0.04012860821254218","0.10911367618029391","5.124014597959305","-1","0.0","0.0","0.0"
"CURVE 1","0.08487063246417827","27.504030613033855","36.06509606525077","0.04022463452163621","0.10904932373198704","5.1442361436182065","-1","0.0","0.0","0.0"
"CURVE 1","0.08487063246417827","27.504030613033855","36.06509606525077","0.04032029202921474","0.10898530065716795","5.162971302320606","-1","0.0","0.0","0.0"
"CURVE 1","0.08487063246417827","27.504030613033855","36.06509606525077","0.04041558792342002","0.10892160140459811","5.180176865481494","-1","0.0","0.0","0.0"
"CURVE 1","0.08487063246417827","27.504030613033855","36.06509606525077","0.04051052939239426","0.10885822042303891","5.195810226171682","-1","0.0","0.0","0.0"
"CURVE 1","0.08487063246417827","27.504030613033855","36.06509606525077","0.040605123624279725","0.10879515216125185","5.209829483679828","-1","0.0","0.0","0.0"
"CURVE 1","0.08487063246417827","27.504030613033855","36.06509606525077","0.04069937780721865","0.10873239106799834","5.222193512928053","-1","0.0","0.0","0.0"
"CURVE 1","0.08487063246417827","27.504030613033855","36.06509606525077","0.040793299129353235","0.1086699315920398","5.232862067039452","-1","0.0","0.0","0.0"
"CURVE 1","0.08487063246417827","27.504030613033855","36.06509606525077","0.04088689477882575","0.1086077681821377","5.241795852410924","-1","0.0","0.0","0.0"
"CURVE 1","0.08487063246417827","27.504030613033855","36.06509606525077","0.04098017194377842","0.1085458952870535","5.248956637456723","-1","0.0","0.0","0.0"
"CURVE 1","0.08487063246417827","27.504030613033855","36.06509606525077","0.04107313781235348","0.1084843073555486","5.254307302457524","-1","0.0","0.0","0.0"
"CURVE 1","0.08487063246417827","27.504030613033855","36.06509606525077","0.041165799572693174","0.10842299883638448","5.25781200655716","-1","0.0","0.0","0.0"
"CURVE 1","0.08487063246417827","27.504030613033855","36.06509606525077","0.04125816441293973","0.10836196417832256","5.2594361804881915","-1","0.0","0.0","0.0"
"CURVE 1","0.08487063246417827","27.504030613033855","36.06509606525077","0.04135023952123537","0.10830119783012428","5.259146675931168","-1","0.0","0.0","0.0"
"CURVE 1","0.08487063246417827","27.504030613033855","36.06509606525077","0.04144203208572236","0.10824069424055108","5.256911870091157","-1","0.0","0.0","0.0"
"CURVE 1","0.08487063246417827","27.504030613033855","36.06509606525077","0.04153354929454291","0.10818044785836443","5.252701693222543","-1","0.0","0.0","0.0"
"CURVE 1","0.08487063246417827","27.504030613033855","36.06509606525077","0.041624798335839264","0.10812045313232574","5.24648777646621","-1","0.0","0.0","0.0"
"CURVE 1","0.08487063246417827","27.504030613033855","36.06509606525077","0.04171578639775366","0.10806070451119647","5.238243498613465","-1","0.0","0.0","0.0"
"CURVE 1","0.08487063246417827","27.504030613033855","36.06509606525077","0.04180652066842833","0.10800119644373804","5.227944085894286","-1","0.0","0.0","0.0"
"CURVE 1","0.08487063246417827","27.504030613033855","36.06509606525077","0.04189700833600552","0.1079419233787119","5.215566691046528","-1","0.0","0.0","0.0"
"CURVE 1","0.08487063246417827","27.504030613033855","36.06509606525077","0.041987256588627446","0.10788287976487952","5.201090477131369","-1","0.0","0.0","0.0"
"CURVE 1","0.08487063246417827","27.504030613033855","36.06509606525077","0.04207727261443637","0.10782406005100233","5.184496684847635","-1","0.0","0.0","0.0"
"CURVE 1","0.08487063246417827","27.504030613033855","36.06509606525077","0.042167063601574496","0.10776545868584174","5.165768712857156","-1","0.0","0.0","0.0"
"CURVE 1","0.08487063246417827","27.504030613033855","36.06509606525077","0.042256636738184084","0.1077070701181592","5.144892213496385","-1","0.0","0.0","0.0"
"CURVE 1","0.08487063246417827","27.504030613033855","36.06509606525077","0.042345999212407365","0.10764888879671619","5.121855101159857","-1","0.0","0.0","0.0"
"CURVE 1","0.08487063246417827","27.504030613033855","36.06509606525077","0.04243515821238656","0.1075909091702741","5.096647653676023","-1","0.0","0.0","0.0"
"CURVE 1","0.08487063246417827","27.504030613033855","36.06509606525077","0.04252412092626392","0.10753312568759443","5.069262598678965","-1","0.0","0.0","0.0"
"CURVE 1","0.08487063246417827","27.504030613033855","36.06509606525077","0.04261289454218167","0.10747553279743857","5.0396951250011","-1","0.0","0.0","0.0"
"CURVE 1","0.08487063246417827","27.504030613033855","36.06509606525077","0.04270148624828206","0.107418124948568","5.00794292920029","-1","0.0","0.0","0.0"
"CURVE 1","0.08487063246417827","27.504030613033855","36.06509606525077","0.042789903232707316","0.10736089658974414","4.974006317316008","-1","0.0","0.0","0.0"
"CURVE 1","0.08487063246417827","27.504030613033855","36.06509606525077","0.04287815268359968","0.10730384216972846","4.937888174549693","-1","0.0","0.0","0.0"
"CURVE 1","0.08487063246417827","27.504030613033855","36.06509606525077","0.04296624178910138","0.10724695613728234","4.899594037561246","-1","0.0","0.0","0.0"
"CURVE 1","0.08487063246417827","27.504030613033855","36.06509606525077","0.04305417773735465","0.10719023294116727","4.859132142759083","-1","0.0","0.0","0.0"
"CURVE 1","0.08487063246417827","27.504030613033855","36.06509606525077","0.04314196771650172","0.1071336670301447","4.816513425528871","-1","0.0","0.0","0.0"
"CURVE 1","0.08487063246417827","27.504030613033855","36.06509606525077","0.04322961891468486","0.10707725285297603","4.771751510960705","-1","0.0","0.0","0.0"
"CURVE 1","0.08487063246417827","27.504030613033855","36.06509606525077","0.043317138520046254","0.10702098485842274","4.724862803494962","-1","0.0","0.0","0.0"
"CURVE 1","0.08487063246417827","27.504030613033855","36.06509606525077","0.04340453372072818","0.10696485749524626","4.675866401911639","-1","0.0","0.0","0.0"
"CURVE 1","0.08487063246417827","27.504030613033855","36.06509606525077","0.04349181170487286","0.106908865212208","4.624784162889964","-1","0.0","0.0","0.0"
"CURVE 1","0.08487063246417827","27.504030613033855","36.06509606525077","0.043578979660622526","0.10685300245806945","4.571640682215133","-1","0.0","0.0","0.0"
"CURVE 1","0.08487063246417827","27.504030613033855","36.06509606525077","0.043666044776119406","0.10679726368159205","4.516463245051587","-1","0.0","0.0","0.0"
"CURVE 1","0.08487063246417827","27.504030613033855","36.06509606525077","0.043753014239505755","0.10674164333153723","4.459281856856828","-1","0.0","0.0","0.0"
"CURVE 1","0.08487063246417827","27.504030613033855","36.06509606525077","0.04383989523892379","0.10668613585666639","4.400129197132916","-1","0.0","0.0","0.0"
"CURVE 1","0.08487063246417827","27.504030613033855","36.06509606525077","0.04392669496251577","0.10663073570574104","4.339040551649576","-1","0.0","0.0","0.0"
"CURVE 1","0.08487063246417827","27.504030613033855","36.06509606525077","0.0440134205984239","0.10657543732752257","4.276053833211054","-1","0.0","0.0","0.0"
"CURVE 1","0.08487063246417827","27.504030613033855","36.06509606525077","0.04410007933479044","0.10652023517077244","4.211209489020189","-1","0.0","0.0","0.0"
"CURVE 1","0.08487063246417827","27.504030613033855","36.06509606525077","0.044186678359757606","0.1064651236842521","4.144550457966956","-1","0.0","0.0","0.0"
"CURVE 1","0.08487063246417827","27.504030613033855","36.06509606525077","0.044273224861467654","0.10641009731672299","4.076122137247115","-1","0.0","0.0","0.0"
"CURVE 1","0.08487063246417827","27.504030613033855","36.06509606525077","0.04435972602806281","0.10635515051694654","4.005972274991059","-1","0.0","0.0","0.0"
"CURVE 1","0.08487063246417827","27.504030613033855","36.06509606525077","0.04444618904768531","0.1063002777336842","3.934150936950261","-1","0.0","0.0","0.0"
"CURVE 1","0.08487063246417827","27.504030613033855","36.06509606525077","0.04453262110847739","0.1062454734156974","3.8607103903889524","-1","0.0","0.0","0.0"
"CURVE 1","0.08487063246417827","27.504030613033855","36.06509606525077","0.04461902939858128","0.1061907320117476","3.7857050671953476","-1","0.0","0.0","0.0"
"CURVE 1","0.08487063246417827","27.504030613033855","36.06509606525077","0.044705421106139225","0.10613604797059625","3.709191434910158","-1","0.0","0.0","0.0"
"CURVE 1","0.08487063246417827","27.504030613033855","36.06509606525077","0.04479180341929346","0.10608141574100478","3.631227925637846","-1","0.0","0.0","0.0"
"CURVE 1","0.08487063246417827","27.504030613033855","36.06509606525077","0.044878183526186215","0.1060268297717346","3.5518748236669966","-1","0.0","0.0","0.0"
"CURVE 1","0.08487063246417827","27.504030613033855","36.06509606525077","0.044964568614959725","0.10597228451154721","3.4711941703842997","-1","0.0","0.0","0.0"
"CURVE 1","0.08487063246417827","27.504030613033855","36.06509606525077","0.045050965873756225","0.10591777440920398","3.38924967302709","-1","0.0","0.0","0.0"
"CURVE 1","0.08487063246417827","27.504030613033855","36.06509606525077","0.045137382490717956","0.10586329391346644","3.306106554141745","-1","0.0","0.0","0.0"
"CURVE 1","0.08487063246417827","27.504030613033855","36.06509606525077","0.04522382565398715","0.10580883747309597","3.221831435905744","-1","0.0","0.0","0.0"
"CURVE 1","0.08487063246417827","27.504030613033855","36.06509606525077","0.045310302551706046","0.10575439953685402","3.136492301094206","-1","0.0","0.0","0.0"
"CURVE 1","0.08487063246417827","27.504030613033855","36.06509606525077","0.04539682037201688","0.10569997455350202","3.0501582714826307","-1","0.0","0.0","0.0"
"CURVE 1","0.08487063246417827","27.504030613033855","36.06509606525077","0.045483386303061875","0.10564555697180146","2.9628995388188457","-1","0.0","0.0","0.0"
"CURVE 1","0.08487063246417827","27.504030613033855","36.06509606525077","0.045570007532983285","0.10559114124051373","2.874787211277534","-1","0.0","0.0","0.0"
"CURVE 1","0.08487063246417827","27.504030613033855","36.06509606525077","0.04565669124992334","0.10553672180840032","2.7858932224602153","-1","0.0","0.0","0.0"
"CURVE 1","0.08487063246417827","27.504030613033855","36.06509606525077","0.04574344464202426","0.10548229312422264","2.696290156802215","-1","0.0","0.0","0.0"
"CURVE 1","0.08487063246417827","27.504030613033855","36.06509606525077","0.045830274897428296","0.10542784963674214","2.606051154105071","-1","0.0","0.0","0.0"
"CURVE 1","0.08487063246417827","27.504030613033855","36.06509606525077","0.04591718920427769","0.10537338579472025","2.5152497628264565","-1","0.0","0.0","0.0"
"CURVE 1","0.08487063246417827","27.504030613033855","36.06509606525077","0.04600419475071466","0.10531889604691842","2.423959801521637","-1","0.0","0.0","0.0"
"CURVE 1","0.08487063246417827","27.504030613033855","36.06509606525077","0.046091298724881456","0.10526437484209811","2.332255263401122","-1","0.0","0.0","0.0"
"CURVE 1","0.08487063246417827","27.504030613033855","36.06509606525077","0.046178508314920305","0.10520981662902072","2.2402101404111088","-1","0.0","0.0","0.0"
"CURVE 1","0.08487063246417827","27.504030613033855","36.06509606525077","0.04626583070897345","0.10515521585644774","2.147898291378874","-1","0.0","0.0","0.0"
"CURVE 1","0.08487063246417827","27.504030613033855","36.06509606525077","0.04635327309518311","0.10510056697314059","2.055393398088212","-1","0.0","0.0","0.0"
"CURVE 1","0.08487063246417827","27.504030613033855","36.06509606525077","0.04644084266169155","0.1050458644278607","1.9627687326909988","-1","0.0","0.0","0.0"
"CURVE 1","0.08487063246417827","27.504030613033855","36.06509606525077","0.04652854659664098","0.10499110266936952","1.8700970989619252","-1","0.0","0.0","0.0"
"CURVE 1","0.08487063246417827","27.504030613033855","36.06509606525077","0.04661639208817364","0.1049362761464285","1.7774506587075276","-1","0.0","0.0","0.0"
"CURVE 1","0.08487063246417827","27.504030613033855","36.06509606525077","0.046704386324431774","0.10488137930779906","1.6849009088924447","-1","0.0","0.0","0.0"
"CURVE 1","0.08487063246417827","27.504030613033855","36.06509606525077","0.04679253649355761","0.10482640660224268","1.5925184342666032","-1","0.0","0.0","0.0"
"CURVE 1","0.08487063246417827","27.504030613033855","36.06509606525077","0.046880849783693376","0.10477135247852079","1.5003729156755354","-1","0.0","0.0","0.0"
"CURVE 1","0.08487063246417827","27.504030613033855","36.06509606525077","0.046969333382981336","0.10471621138539482","1.4085329593286389","-1","0.0","0.0","0.0"
"CURVE 1","0.08487063246417827","27.504030613033855","36.06509606525077","0.0470579944795637","0.1046609777716262","1.3170659907719129","-1","0.0","0.0","0.0"
"CURVE 1","0.08487063246417827","27.504030613033855","36.06509606525077","0.04714684026158271","0.10460564608597638","1.2260381677595753","-1","0.0","0.0","0.0"
"CURVE 1","0.08487063246417827","27.504030613033855","36.06509606525077","0.047235877917180605","0.1045502107772068","1.1355143106730003","-1","0.0","0.0","0.0"
"CURVE 1","0.08487063246417827","27.504030613033855","36.06509606525077","0.047325114634499614","0.10449466629407893","1.0455577672270762","-1","0.0","0.0","0.0"
"CURVE 1","0.08487063246417827","27.504030613033855","36.06509606525077","0.047414557601681985","0.10443900708535418","0.9562303548868967","-1","0.0","0.0","0.0"
"CURVE 1","0.08487063246417827","27.504030613033855","36.06509606525077","0.047504214006869945","0.104383227599794","0.8675922711998778","-1","0.0","0.0","0.0"
"CURVE 1","0.08487063246417827","27.504030613033855","36.06509606525077","0.047594091038205735","0.10432732228615985","0.7797020185492232","-1","0.0","0.0","0.0"
"CURVE 1","0.08487063246417827","27.504030613033855","36.06509606525077","0.047684195883831576","0.10427128559321314","0.6926163231560454","-1","0.0","0.0","0.0"
"CURVE 1","0.08487063246417827","27.504030613033855","36.06509606525077","0.047774535731889715","0.10421511196971533","0.6063901123140665","-1","0.0","0.0","0.0"
"CURVE 1","0.08487063246417827","27.504030613033855","36.06509606525077","0.04786511777052239","0.10415879586442787","0.52107638056284","-1","0.0","0.0","0.0"
"CURVE 1","0.08487063246417827","27.504030613033855","36.06509606525077","0.04795594918787183","0.10410233172611219","0.436726222848376","-1","0.0","0.0","0.0"
"CURVE 1","0.08487063246417827","27.504030613033855","36.06509606525077","0.04804703717208027","0.10404571400352973","0.35338872569828506","-1","0.0","0.0","0.0"
"CURVE 1","0.08487063246417827","27.504030613033855","36.06509606525077","0.04813838891128995","0.10398893714544193","0.2711109279931217","-1","0.0","0.0","0.0"
"CURVE 1","0.08487063246417827","27.504030613033855","36.06509606525077","0.04823001159364312","0.10393199560061024","0.18993782103641646","-1","0.0","0.0","0.0"
"CURVE 1","0.08487063246417827","27.504030613033855","36.06509606525077","0.04832191240728198","0.1038748838177961","0.10991227898161707","-1","0.0","0.0","0.0"
"CURVE 1","0.08487063246417827","27.504030613033855","36.06509606525077","0.04841409854034879","0.10381759624576094","0.031075036690664894","-1","0.0","0.0","0.0"
"CURVE 1","0.08487063246417827","27.504030613033855","36.06509606525077","0.048506577180985784","0.10376012733326621","0.046535295033267095","1","0.0","0.0","0.0"
"CURVE 1","0.08487063246417827","27.504030613033855","36.06509606525077","0.0485993555173352","0.10370247152907339","0.12288228784960682","1","0.0","0.0","0.0"
"CURVE 1","0.08487063246417827","27.504030613033855","36.06509606525077","0.048692440737539255","0.10364462328194386","0.19793169006920866","1","0.0","0.0","0.0"
"CURVE 1","0.08487063246417827","27.504030613033855","36.06509606525077","0.048785840029740214","0.10358657704063909","0.2716514318152109","1","0.0","0.0","0.0"
"CURVE 1","0.08487063246417827","27.504030613033855","36.06509606525077","0.04887956058208029","0.10352832725392053","0.34401162363139726","1","0.0","0.0","0.0"
"CURVE 1","0.08487063246417827","27.504030613033855","36.06509606525077","0.04897360958270173","0.1034698683705496","0.41498455297555537","1","0.0","0.0","0.0"
"CURVE 1","0.08487063246417827","27.504030613033855","36.06509606525077","0.04906799421974676","0.10341119483928773","0.48454468272400275","1","0.0","0.0","0.0"
"CURVE 1","0.08487063246417827","27.504030613033855","36.06509606525077","0.049162721681357616","0.10335230110889643","0.552668624873151","1","0.0","0.0","0.0"
"CURVE 1","0.08487063246417827","27.504030613033855","36.06509606525077","0.04925779915567655","0.1032931816281371","0.6193351323129886","1","0.0","0.0","0.0"
"CURVE 1","0.08487063246417827","27.504030613033855","36.06509606525077","0.04935323383084578","0.10323383084577115","0.6845250873257248","1","0.0","0.0","0.0"
"CURVE 1","0.08487063246417827","27.504030613033855","36.06509606525077","0.04944903079550065","0.1031742448949102","0.5977491564575514","1","0.0","0.0","0.0"
"CURVE 1","0.08487063246417827","27.504030613033855","36.06509606525077","0.04954518674024895","0.10311442664606653","0.5127201735568786","1","0.0","0.0","0.0"
"CURVE 1","0.08487063246417827","27.504030613033855","36.06509606525077","0.04964169625619158","0.10305438065410254","0.4293569416484013","1","0.0","0.0","0.0"
"CURVE 1","0.08487063246417827","27.504030613033855","36.06509606525077","0.04973855393442942","0.10299411147388059","0.34758153058437424","1","0.0","0.0","0.0"
"CURVE 1","0.08487063246417827","27.504030613033855","36.06509606525077","0.04983575436606336","0.10293362366026312","0.26731908187380293","1","0.0","0.0","0.0"
"CURVE 1","0.08487063246417827","27.504030613033855","36.06509606525077","0.0499332921421943","0.10287292176811255","0.18849766107473429","1","0.0","0.0","0.0"
"CURVE 1","0.08487063246417827","27.504030613033855","36.06509606525077","0.05003116185392314","0.10281201035229127","0.11104807817468226","1","0.0","0.0","0.0"
"CURVE 1","0.08487063246417827","27.504030613033855","36.06509606525077","0.05012935809235075","0.10275089396766168","0.03490374873034666","1","0.0","0.0","0.0"
"CURVE 1","0.08487063246417827","27.504030613033855","36.06509606525077","0.050227875448578034","0.1026895771690862","0.03999943852288577","-1","0.0","0.0","0.0"
"CURVE 1","0.08487063246417827","27.504030613033855","36.06509606525077","0.05032670851370589","0.10262806451142722","0.11372328459054114","-1","0.0","0.0","0.0"
"CURVE 1","0.08487063246417827","27.504030613033855","36.06509606525077","0.05042585187883521","0.10256636054954717","0.1863273634368835","-1","0.0","0.0","0.0"
"CURVE 1","0.08487063246417827","27.504030613033855","36.06509606525077","0.050525300135066856","0.10250446983830844","0.2578691847869332","-1","0.0","0.0","0.0"
"CURVE 1","0.08487063246417827","27.504030613033855","36.06509606525077","0.050625047873501756","0.10244239693257344","0.3284042880165836","-1","0.0","0.0","0.0"
"CURVE 1","0.08487063246417827","27.504030613033855","36.06509606525077","0.05072508968524079","0.10238014638720459","0.39798633395478233","-1","0.0","0.0","0.0"
"CURVE 1","0.08487063246417827","27.504030613033855","36.06509606525077","0.050825420161384846","0.10231772275706427","0.4666672435762955","-1","0.0","0.0","0.0"
"CURVE 1","0.08487063246417827","27.504030613033855","36.06509606525077","0.05092603389303483","0.10225513059701492","0.53449727912419","-1","0.0","0.0","0.0"
"CURVE 1","0.08487063246417827","27.504030613033855","36.06509606525077","0.05102692547129162","0.10219237446191892","0.6015251035962694","-1","1.0","1.0","1.0"
"CURVE 1","0.08487063246417827","27.504030613033855","36.06509606525077","0.051128089487256105","0.10212945890663867","0.667797929968603","-1","1.0","1.0","1.0"
"CURVE 1","0.08487063246417827","27.504030613033855","36.06509606525077","0.051229520532029185","0.10206638848603661","0.7333615468559974","-1","1.0","1.0","1.0"
"CURVE 1","0.08487063246417827","27.504030613033855","36.06509606525077","0.05133121319671176","0.10200316775497513","0.7982604362573814","-1","1.0","1.0","1.0"
"CURVE 1","0.08487063246417827","27.504030613033855","36.06509606525077","0.0514331620724047","0.10193980126831662","0.8625378338090172","-1","1.0","1.0","1.0"
"CURVE 1","0.08487063246417827","27.504030613033855","36.06509606525077","0.051535361750208925","0.10187629358092351","0.9262357925512557","-1","1.0","1.0","1.0"
"CURVE 1","0.08487063246417827","27.504030613033855","36.06509606525077","0.0516378068212253","0.10181264924765819","0.989395278386763","-1","1.0","1.0","1.0"
"CURVE 1","0.08487063246417827","27.504030613033855","36.06509606525077","0.05174049187655473","0.10174887282338309","1.052056205168701","-1","1.0","1.0","1.0"
"CURVE 1","0.08487063246417827","27.504030613033855","36.06509606525077","0.0518434115072981","0.10168496886296058","1.1142575222701514","-1","1.0","1.0","1.0"
"CURVE 1","0.08487063246417827","27.504030613033855","36.06509606525077","0.05194656030455631","0.10162094192125311","1.176037253546793","-1","1.0","1.0","1.0"
"CURVE 1","0.08487063246417827","27.504030613033855","36.06509606525077","0.052049932859430256","0.10155679655312305","1.2374325755113593","-1","1.0","1.0","1.0"
"CURVE 1","0.08487063246417827","27.504030613033855","36.06509606525077","0.05215352376302083","0.10149253731343284","1.2984798587507242","-1","1.0","1.0","1.0"
"CURVE 1","0.08487063246417827","27.504030613033855","36.06509606525077","0.05225732760642891","0.10142816875704484","1.3592147311833596","-1","1.0","1.0","1.0"
"CURVE 1","0.08487063246417827","27.504030613033855","36.06509606525077","0.0523613389807554","0.10136369543882151","1.4196721041151457","-1","1.0","1.0","1.0"
"CURVE 1","0.08487063246417827","27.504030613033855","36.06509606525077","0.052465552477101184","0.10129912191362525","1.4798862733812328","-1","1.0","1.0","1.0"
"CURVE 1","0.08487063246417827","27.504030613033855","36.06509606525077","0.05256996268656716","0.10123445273631841","1.539890907797597","-1","1.0","1.0","1.0"
"CURVE 1","0.08487063246417827","27.504030613033855","36.06509606525077","0.052674564200254216","0.10116969246176345","1.5997191341807415","-1","1.0","1.0","1.0"
"CURVE 1","0.08487063246417827","27.504030613033855","36.06509606525077","0.052779351609263246","0.10110484564482275","1.6594035728305456","-1","1.0","1.0","1.0"
"CURVE 1","0.08487063246417827","27.504030613033855","36.06509606525077","0.052884319504695146","0.10103991684035875","1.718976367677013","-1","1.0","1.0","1.0"
"CURVE 1","0.08487063246417827","27.504030613033855","36.06509606525077","0.0529894624776508","0.10097491060323383","1.778469244857589","-1","0.0","0.0","0.0"
"CURVE 1","0.08487063246417827","27.504030613033855","36.06509606525077","0.053094775119231115","0.10090983148831038","1.8379135469885615","-1","0.0","0.0","0.0"
"CURVE 1","0.08487063246417827","27.504030613033855","36.06509606525077","0.05320025202053696","0.10084468405045087","1.897340261666824","-1","0.0","0.0","0.0"
"CURVE 1","0.08487063246417827","27.504030613033855","36.06509606525077","0.05330588777266924","0.10077947284451765","1.9567800879713693","-1","0.0","0.0","0.0"
"CURVE 1","0.08487063246417827","27.504030613033855","36.06509606525077","0.05341167696672885","0.10071420242537313","2.016263440781563","-1","0.0","0.0","0.0"
"CURVE 1","0.08487063246417827","27.504030613033855","36.06509606525077","0.05351761419381668","0.10064887734787974","2.0758205106655785","-1","0.0","0.0","0.0"
"CURVE 1","0.08487063246417827","27.504030613033855","36.06509606525077","0.053623694045033615","0.10058350216689987","2.1354812921306023","-1","0.0","0.0","0.0"
"CURVE 1","0.08487063246417827","27.504030613033855","36.06509606525077","0.05372991111148056","0.10051808143729593","2.195275615336333","-1","0.0","0.0","0.0"
"CURVE 1","0.08487063246417827","27.504030613033855","36.06509606525077","0.053836259984258394","0.10045261971393035","2.255233184322931","-1","0.0","0.0","0.0"
"CURVE 1","0.08487063246417827","27.504030613033855","36.06509606525077","0.053942735254468015","0.1003871215516655","2.3153836189327546","-1","0.0","0.0","0.0"
"CURVE 1","0.08487063246417827","27.504030613033855","36.06509606525077","0.054049331513210314","0.10032159150536381","2.3757564623615535","-1","0.0","0.0","0.0"
"CURVE 1","0.08487063246417827","27.504030613033855","36.06509606525077","0.05415604335158618","0.10025603412988766","2.4363812512581755","-1","0.0","0.0","0.0"
"CURVE 1","0.08487063246417827","27.504030613033855","36.06509606525077","0.054262865360696515","0.10019045398009951","2.497287532614149","-1","0.0","0.0","0.0"
"CURVE 1","0.08487063246417827","27.504030613033855","36.06509606525077","0.054369792131642204","0.10012485561086172","2.5585048708844864","-1","0.0","0.0","0.0"
"CURVE 1","0.08487063246417827","27.504030613033855","36.06509606525077","0.05447681825552414","0.10005924357703669","2.620062925696684","-1","0.0","0.0","0.0"
"CURVE 1","0.08487063246417827","27.504030613033855","36.06509606525077","0.05458393832344321","0.09999362243348685","2.681991457175935","-1","0.0","0.0","0.0"
"CURVE 1","0.08487063246417827","27.504030613033855","36.06509606525077","0.05469114692650031","0.09992799673507462","2.7443203384222574","-1","0.0","0.0","0.0"
"CURVE 1","0.08487063246417827","27.504030613033855","36.06509606525077","0.05479843865579633","0.09986237103666239","2.807079659784634","-1","0.0","0.0","0.0"
"CURVE 1","0.08487063246417827","27.504030613033855","36.06509606525077","0.054905808102432174","0.09979674989311255","2.8702996744886575","-1","0.0","0.0","0.0"
"CURVE 1","0.08487063246417827","27.504030613033855","36.06509606525077","0.05501324985750872","0.09973113785928753","2.9340108871938972","-1","0.0","0.0","0.0"
"CURVE 1","0.08487063246417827","27.504030613033855","36.06509606525077","0.05512075851212686","0.09966553949004973","2.998244075466018","-1","0.0","0.0","0.0"
"CURVE 1","0.08487063246417827","27.504030613033855","36.06509606525077","0.05522832865738749","0.09959995934026158","3.0630302944556975","-1","0.0","0.0","0.0"
"CURVE 1","0.08487063246417827","27.504030613033855","36.06509606525077","0.05533595488439151","0.09953440196478544","3.128400970177232","-1","0.0","0.0","0.0"
"CURVE 1","0.08487063246417827","27.504030613033855","36.06509606525077","0.05544363178423981","0.09946887191848376","3.194387853404434","-1","0.0","0.0","0.0"
"CURVE 1","0.08487063246417827","27.504030613033855","36.06509606525077","0.05555135394803327","0.0994033737562189","3.261023133627662","-1","0.0","0.0","0.0"
"CURVE 1","0.08487063246417827","27.504030613033855","36.06509606525077","0.05565911596687279","0.0993379120328533","3.328339415033794","-1","0.0","0.0","0.0"
"CURVE 1","0.08487063246417827","27.504030613033855","36.06509606525077","0.05576691243185925","0.09927249130324939","3.396369770377271","-1","0.0","0.0","0.0"
"CURVE 1","0.08487063246417827","27.504030613033855","36.06509606525077","0.05587473793409356","0.09920711612226953","3.46514780064247","-1","0.0","0.0","0.0"
"CURVE 1","0.08487063246417827","27.504030613033855","36.06509606525077","0.05598258706467661","0.09914179104477612","3.5347076312858","-1","0.0","0.0","0.0"
"CURVE 1","0.08487063246417827","27.504030613033855","36.06509606525077","0.056090454414709286","0.09907652062563159","3.6050839719968484","-1","0.0","0.0","0.0"
"CURVE 1","0.08487063246417827","27.504030613033855","36.06509606525077","0.056198334575292476","0.09901130941969837","3.676312172751341","-1","0.0","0.0","0.0"
"CURVE 1","0.08487063246417827","27.504030613033855","36.06509606525077","0.05630622213752709","0.09894616198183884","3.7484282052917948","-1","0.0","0.0","0.0"
"CURVE 1","0.08487063246417827","27.504030613033855","36.06509606525077","0.05641411169251399","0.09888108286691542","3.8214687569181303","-1","0.0","0.0","0.0"
"CURVE 1","0.08487063246417827","27.504030613033855","36.06509606525077","0.05652199783135409","0.0988160766297905","3.8954712642857143","-1","0.0","0.0","0.0"
"CURVE 1","0.08487063246417827","27.504030613033855","36.06509606525077","0.05662987514514827","0.09875114782532649","3.9704739206196398","-1","0.0","0.0","0.0"
"CURVE 1","0.08487063246417827","27.504030613033855","36.06509606525077","0.05673773822499745","0.09868630100838578","4.046515764987782","-1","0.0","0.0","0.0"
"CURVE 1","0.08487063246417827","27.504030613033855","36.06509606525077","0.05684558166200248","0.09862154073383084","4.12363670163124","-1","0.0","0.0","0.0"
"CURVE 1","0.08487063246417827","27.504030613033855","36.06509606525077","0.056953400047264284","0.09855687155652401","4.201877535974357","-1","0.0","0.0","0.0"
"CURVE 1","0.08487063246417827","27.504030613033855","36.06509606525077","0.05706118797188374","0.09849229803132775","4.281280053358032","-1","0.0","0.0","0.0"
"CURVE 1","0.08487063246417827","27.504030613033855","36.06509606525077","0.05716894002696175","0.0984278247131044","4.361887035061682","-1","0.0","0.0","0.0"
"CURVE 1","0.08487063246417827","27.504030613033855","36.06509606525077","0.057276650803599186","0.0983634561567164","4.443742340134553","-1","0.0","0.0","0.0"
"CURVE 1","0.08487063246417827","27.504030613033855","36.06509606525077","0.057384314892896957","0.0982991969170262","4.526890932077126","-1","0.0","0.0","0.0"
"CURVE 1","0.08487063246417827","27.504030613033855","36.06509606525077","0.05749192688595595","0.09823505154889614","4.611378937658697","-1","0.0","0.0","0.0"
"CURVE 1","0.08487063246417827","27.504030613033855","36.06509606525077","0.05759948137387707","0.09817102460718866","4.697253730217631","-1","0.0","0.0","0.0"
"CURVE 1","0.08487063246417827","27.504030613033855","36.06509606525077","0.05770697294776119","0.09810712064676616","4.784563943906713","-1","0.0","0.0","0.0"
"CURVE 1","0.08487063246417827","27.504030613033855","36.06509606525077","0.057814396198709206","0.09804334422249106","4.87335958424555","-1","0.0","0.0","0.0"
"CURVE 1","0.08487063246417827","27.504030613033855","36.06509606525077","0.05792174571782202","0.09797969988922574","4.963692030142761","-1","0.0","0.0","0.0"
"CURVE 1","0.08487063246417827","27.504030613033855","36.06509606525077","0.05802901609620051","0.09791619220183265","5.0556141708421025","-1","0.0","0.0","0.0"
"CURVE 1","0.08487063246417827","27.504030613033855","36.06509606525077","0.058136201924945584","0.09785282571517412","5.149180425627778","-1","0.0","0.0","0.0"
"CURVE 1","0.08487063246417827","27.504030613033855","36.06509606525077","0.05824329779515811","0.09778960498411263","5.244446816154635","-1","0.0","0.0","0.0"
"CURVE 1","0.08487063246417827","27.504030613033855","36.06509606525077","0.05835029829793901","0.09772653456351058","5.341471055997531","-1","0.0","0.0","0.0"
"CURVE 1","0.08487063246417827","27.504030613033855","36.06509606525077","0.05845719802438916","0.09766361900823033","5.440312639279332","-1","0.0","0.0","0.0"
"CURVE 1","0.08487063246417827","27.504030613033855","36.06509606525077","0.058563991565609444","0.09760086287313434","5.5410328854750635","-1","0.0","0.0","0.0"
"CURVE 1","0.08487063246417827","27.504030613033855","36.06509606525077","0.05867067351270076","0.09753827071308496","5.643695063551239","-1","0.0","0.0","0.0"
"CURVE 1","0.08487063246417827","27.504030613033855","36.06509606525077","0.05877723845676402","0.09747584708294466","5.748364449639937","-1","0.0","0.0","0.0"
"CURVE 1","0.08487063246417827","27.504030613033855","36.06509606525077","0.058883680988900094","0.0974135965375758","5.855108427170305","-1","0.0","0.0","0.0"
"CURVE 1","0.08487063246417827","27.504030613033855","36.06509606525077","0.05898999570020988","0.0973515236318408","5.96399659968332","-1","0.0","0.0","0.0"
"CURVE 1","0.08487063246417827","27.504030613033855","36.06509606525077","0.059096177181794274","0.09728963292060207","6.075100864031458","-1","0.0","0.0","0.0"
"CURVE 1","0.08487063246417827","27.504030613033855","36.06509606525077","0.05920222002475416","0.09722792895872201","6.188495529775765","-1","0.0","0.0","0.0"
"CURVE 1","0.08487063246417827","27.504030613033855","36.06509606525077","0.05930811882019042","0.09716641630106304","6.304257440577917","-1","0.0","0.0","0.0"
"CURVE 1","0.08487063246417827","27.504030613033855","36.06509606525077","0.05941386815920397","0.09710509950248757","6.4224660591267","-1","0.0","0.0","0.0"
"CURVE 1","0.08487063246417827","27.504030613033855","36.06509606525077","0.059519462632895696","0.09704398311785797","6.543203620490278","-1","0.0","0.0","0.0"
"CURVE 1","0.08487063246417827","27.504030613033855","36.06509606525077","0.059624896832366485","0.0969830717020367","6.666555237390287","-1","0.0","0.0","0.0"
"CURVE 1","0.08487063246417827","27.504030613033855","36.06509606525077","0.059730165348717223","0.09692236980988612","6.792609037131291","-1","0.0","0.0","0.0"
"CURVE 1","0.08487063246417827","27.504030613033855","36.06509606525077","0.05983526277304881","0.09686188199626866","6.921456309055253","-1","0.0","0.0","0.0"
"CURVE 1","0.08487063246417827","27.504030613033855","36.06509606525077","0.05994018369646214","0.09680161281604673","7.05319163851755","-1","0.0","0.0","0.0"
"CURVE 1","0.08487063246417827","27.504030613033855","36.06509606525077","0.0600449227100581","0.0967415668240827","7.187913066030725","-1","0.0","0.0","0.0"
"CURVE 1","0.08487063246417827","27.504030613033855","36.06509606525077","0.060149474404937585","0.09668174857523903","7.325722254500055","-1","0.0","0.0","0.0"
"CURVE 1","0.08487063246417827","27.504030613033855","36.06509606525077","0.060253833372201485","0.0966221626243781","7.466724638113123","-1","0.0","0.0","0.0"
"CURVE 1","0.08487063246417827","27.504030613033855","36.06509606525077","0.060357994202950696","0.09656281352636234","7.6110296341581725","-1","0.0","0.0","0.0"
"CURVE 1","0.08487063246417827","27.504030613033855","36.06509606525077","0.060461951488286106","0.0965037058360541","7.758750785693512","-1","0.0","0.0","0.0"
"CURVE 1","0.08487063246417827","27.504030613033855","36.06509606525077","0.060565699819308594","0.09644484410831583","7.910005999532224","-1","0.0","0.0","0.0"
"CURVE 1","0.08487063246417827","27.504030613033855","36.06509606525077","0.06066923378711908","0.09638623289800993","8.064917736134294","-1","0.0","0.0","0.0"
"CURVE 1","0.08487063246417827","27.504030613033855","36.06509606525077","0.06077254798281844","0.09632787675999882","8.223613219564465","-1","0.0","0.0","0.0"
"CURVE 1","0.08487063246417827","27.504030613033855","36.06509606525077","0.06087563699750757","0.09626978024914488","8.3862246559453","-1","0.0","0.0","0.0"
"CURVE 1","0.08487063246417827","27.504030613033855","36.06509606525077","0.06097849542228736","0.09621194792031056","8.55288953097835","-1","0.0","0.0","0.0"
"CURVE 1","0.08487063246417827","27.504030613033855","36.06509606525077","0.061081117848258704","0.09615438432835821","8.723750809738762","-1","0.0","0.0","0.0"
"CURVE 1","0.08487063246417827","27.504030613033855","36.06509606525077","0.06118349886652248","0.09609709402815025","8.898957214632288","-1","0.0","0.0","0.0"
"CURVE 1","0.08487063246417827","27.504030613033855","36.06509606525077","0.0612856330681796","0.09604008157454912","9.078663518634016","-1","0.0","0.0","0.0"
"CURVE 1","0.08487063246417827","27.504030613033855","36.06509606525077","0.06138751504433094","0.09598335152241723","9.263030846924256","-1","0.0","0.0","0.0"
"CURVE 1","0.08487063246417827","27.504030613033855","36.06509606525077","0.06148913938607742","0.09592690842661693","9.452226993307198","-1","0.0","0.0","0.0"
"CURVE 1","0.08487063246417827","27.504030613033855","36.06509606525077","0.06159050068451991","0.09587075684201066","9.646426732248464","-1","0.0","0.0","0.0"
"CURVE 1","0.08487063246417827","27.504030613033855","36.06509606525077","0.061691593530759294","0.09581490132346082","9.845812188504313","-1","0.0","0.0","0.0"
"CURVE 1","0.08487063246417827","27.504030613033855","36.06509606525077","0.061792412515896476","0.09575934642582984","10.050573211229493","-1","0.0","0.0","0.0"
"CURVE 1","0.08487063246417827","27.504030613033855","36.06509606525077","0.06189295223103234","0.0957040967039801","10.260907764339596","-1","0.0","0.0","0.0"
"CURVE 1","0.08487063246417827","27.504030613033855","36.06509606525077","0.061993207267267786","0.09564915671277402","10.47702233115242","-1","0.0","0.0","0.0"
"CURVE 1","0.08487063246417827","27.504030613033855","36.06509606525077","0.06209317221570371","0.09559453100707402","10.699132358350534","-1","0.0","0.0","0.0"
"CURVE 1","0.08487063246417827","27.504030613033855","36.06509606525077","0.06219284166744099","0.09554022414174247","10.927462743259449","-1","0.0","0.0","0.0"
"CURVE 1","0.08487063246417827","27.504030613033855","36.06509606525077","0.062292210213580536","0.0954862406716418","11.162248295263614","-1","0.0","0.0","0.0"
"CURVE 1","0.08487063246417827","27.504030613033855","36.06509606525077","0.06239127244522322","0.09543258515163441","11.40373426734531","-1","0.0","0.0","0.0"
"CURVE 1","0.08487063246417827","27.504030613033855","36.06509606525077","0.06249002295346995","0.09537926213658272","11.652176934050258","-1","0.0","0.0","0.0"
"CURVE 1","0.08487063246417827","27.504030613033855","36.06509606525077","0.06258845632942162","0.09532627618134913","11.907844139131038","-1","0.0","0.0","0.0"
"CURVE 1","0.08487063246417827","27.504030613033855","36.06509606525077","0.0626865671641791","0.09527363184079603","12.171015931131729","-1","0.0","0.0","0.0"
"CURVE 1","0.08487063246417827","27.504030613033855","36.06509606525077","0.06278435194670264","0.09522133230569944","12.288560267080939","-1","0.0","0.0","0.0"
"CURVE 1","0.08487063246417827","27.504030613033855","36.06509606525077","0.06288181475738981","0.0951693753104898","12.404688891901738","-1","0.0","0.0","0.0"
"CURVE 1","0.08487063246417827","27.504030613033855","36.06509606525077","0.0629789615744975","0.09511775722551111","12.519310050230166","-1","0.0","0.0","0.0"
"CURVE 1","0.08487063246417827","27.504030613033855","36.06509606525077","0.06307579837628265","0.09506647442110737","12.63233114347983","-1","0.0","0.0","0.0"
"CURVE 1","0.08487063246417827","27.504030613033855","36.06509606525077","0.06317233114100214","0.09501552326762264","12.743658842105614","-1","0.0","0.0","0.0"
"CURVE 1","0.08487063246417827","27.504030613033855","36.06509606525077","0.0632685658469129","0.09496490013540092","12.853199204195212","-1","0.0","0.0","0.0"
"CURVE 1","0.08487063246417827","27.504030613033855","36.06509606525077","0.0633645084722718","0.09491460139478619","12.960857727807669","-1","0.0","0.0","0.0"
"CURVE 1","0.08487063246417827","27.504030613033855","36.06509606525077","0.06346016499533581","0.09486462341612253","13.066539524894363","-1","0.0","0.0","0.0"
"CURVE 1","0.08487063246417827","27.504030613033855","36.06509606525077","0.06355554139436181","0.09481496256975393","13.170149400491598","-1","0.0","0.0","0.0"
"CURVE 1","0.08487063246417827","27.504030613033855","36.06509606525077","0.0636506436476067","0.09476561522602442","13.271592004289893","-1","0.0","0.0","0.0"
"CURVE 1","0.08487063246417827","27.504030613033855","36.06509606525077","0.06374547773332738","0.09471657775527803","13.37077189781598","-1","0.0","0.0","0.0"
"CURVE 1","0.08487063246417827","27.504030613033855","36.06509606525077","0.06384004962978079","0.09466784652785876","13.467593736426826","-1","0.0","0.0","0.0"
"CURVE 1","0.08487063246417827","27.504030613033855","36.06509606525077","0.06393436531522381","0.09461941791411065","13.561962384149641","-1","0.0","0.0","0.0"
"CURVE 1","0.08487063246417827","27.504030613033855","36.06509606525077","0.06402843076791337","0.09457128828437768","13.65378304860192","-1","0.0","0.0","0.0"
"CURVE 1","0.08487063246417827","27.504030613033855","36.06509606525077","0.06412225196610635","0.0945234540090039","13.742961395221446","-1","0.0","0.0","0.0"
"CURVE 1","0.08487063246417827","27.504030613033855","36.06509606525077","0.06421583488805971","0.09447591145833334","13.829403708324142","-1","0.0","0.0","0.0"
"CURVE 1","0.08487063246417827","27.504030613033855","36.06509606525077","0.06430918551203031","0.09442865700271","13.913017037707341","-1","0.0","0.0","0.0"
"CURVE 1","0.08487063246417827","27.504030613033855","36.06509606525077","0.06440230981627508","0.0943816870124779","13.993709378602768","-1","0.0","0.0","0.0"
"CURVE 1","0.08487063246417827","27.504030613033855","36.06509606525077","0.06449521377905092","0.09433499785798108","14.071389693843829","-1","0.0","0.0","0.0"
"CURVE 1","0.08487063246417827","27.504030613033855","36.06509606525077","0.06458790337861472","0.09428858590956353","14.14596818570061","-1","0.0","0.0","0.0"
"CURVE 1","0.08487063246417827","27.504030613033855","36.06509606525077","0.06468038459322345","0.09424244753756926","14.217356417195123","-1","0.0","0.0","0.0"
"CURVE 1","0.08487063246417827","27.504030613033855","36.06509606525077","0.06477266340113397","0.09419657911234233","14.285467444228283","-1","0.0","0.0","0.0"
"CURVE 1","0.08487063246417827","27.504030613033855","36.06509606525077","0.06486474578060321","0.09415097700422677","14.350215960323212","-1","0.0","0.0","0.0"
"CURVE 1","0.08487063246417827","27.504030613033855","36.06509606525077","0.06495663770988806","0.09410563758356653","14.41151846619538","-1","0.0","0.0","0.0"
"CURVE 1","0.08487063246417827","27.504030613033855","36.06509606525077","0.06504834516724545","0.0940605572207057","14.469293414536187","-1","0.0","0.0","0.0"
"CURVE 1","0.08487063246417827","27.504030613033855","36.06509606525077","0.06513987413093224","0.09401573228598827","14.523461378202366","-1","0.0","0.0","0.0"
"CURVE 1","0.08487063246417827","27.504030613033855","36.06509606525077","0.06523123057920541","0.09397115914975825","14.573945161695706","-1","0.0","0.0","0.0"
"CURVE 1","0.08487063246417827","27.504030613033855","36.06509606525077","0.06532242049032183","0.09392683418235968","14.620669978765626","-1","0.0","0.0","0.0"
"CURVE 1","0.08487063246417827","27.504030613033855","36.06509606525077","0.06541344984253841","0.09388275375413659","14.663563613075588","-1","0.0","0.0","0.0"
"CURVE 1","0.08487063246417827","27.504030613033855","36.06509606525077","0.06550432461411206","0.09383891423543296","14.702556515547778","-1","0.0","0.0","0.0"
"CURVE 1","0.08487063246417827","27.504030613033855","36.06509606525077","0.06559505078329969","0.09379531199659281","14.737581998766085","-1","0.0","0.0","0.0"
"CURVE 1","0.08487063246417827","27.504030613033855","36.06509606525077","0.06568563432835821","0.0937519434079602","14.768576353700825","-1","0.0","0.0","0.0"
"CURVE 1","0.08487063246417827","27.504030613033855","36.06509606525077","0.06577608122754453","0.09370880483987912","14.795478978476684","-1","0.0","0.0","0.0"
"CURVE 1","0.08487063246417827","27.504030613033855","36.06509606525077","0.06586639745911554","0.09366589266269361","14.818232501190039","-1","0.0","0.0","0.0"
"CURVE 1","0.08487063246417827","27.504030613033855","36.06509606525077","0.06595658900132818","0.09362320324674767","14.836782956132728","-1","0.0","0.0","0.0"
"CURVE 1","0.08487063246417827","27.504030613033855","36.06509606525077","0.06604666183243936","0.09358073296238534","14.851079898701391","-1","0.0","0.0","0.0"
"CURVE 1","0.08487063246417827","27.504030613033855","36.06509606525077","0.06613662193070596","0.09353847817995063","14.861076444828349","-1","0.0","0.0","0.0"
"CURVE 1","0.08487063246417827","27.504030613033855","36.06509606525077","0.06622647527438491","0.09349643526978754","14.86672948419443","-1","0.0","0.0","0.0"
"CURVE 1","0.08487063246417827","27.504030613033855","36.06509606525077","0.06631622784173309","0.09345460060224012","14.86799974250904","-1","0.0","0.0","0.0"
"CURVE 1","0.08487063246417827","27.504030613033855","36.06509606525077","0.06640588561100746","0.09341297054765237","14.86485188821255","-1","0.0","0.0","0.0"
"CURVE 1","0.08487063246417827","27.504030613033855","36.06509606525077","0.0664954545604649","0.09337154147636831","14.857254641002223","-1","0.0","0.0","0.0"
"CURVE 1","0.08487063246417827","27.504030613033855","36.06509606525077","0.06658494066836229","0.09333030975873197","14.845180823144561","-1","0.0","0.0","0.0"
"CURVE 1","0.08487063246417827","27.504030613033855","36.06509606525077","0.06667434991295658","0.09328927176508738","14.828607500279555","-1","0.0","0.0","0.0"
"CURVE 1","0.08487063246417827","27.504030613033855","36.06509606525077","0.06676368827250467","0.09324842386577853","14.807516003608079","-1","0.0","0.0","0.0"
"CURVE 1","0.08487063246417827","27.504030613033855","36.06509606525077","0.06685296172526348","0.09320776243114946","14.781892030885476","-1","0.0","0.0","0.0"
"CURVE 1","0.08487063246417827","27.504030613033855","36.06509606525077","0.06694217624948987","0.0931672838315442","14.751725671713796","-1","0.0","0.0","0.0"
"CURVE 1","0.08487063246417827","27.504030613033855","36.06509606525077","0.06703133782344078","0.09312698443730673","14.717011499153202","-1","0.0","0.0","0.0"
"CURVE 1","0.08487063246417827","27.504030613033855","36.06509606525077","0.06712045242537314","0.0930868606187811","14.677748589272381","-1","0.0","0.0","0.0"
"CURVE 1","0.08487063246417827","27.504030613033855","36.06509606525077","0.06720952603354383","0.09304690874631133","14.63394055037774","-1","0.0","0.0","0.0"
"CURVE 1","0.08487063246417827","27.504030613033855","36.06509606525077","0.06729856462620977","0.09300712519024143","14.585595514251384","-1","0.0","0.0","0.0"
"CURVE 1","0.08487063246417827","27.504030613033855","36.06509606525077","0.06738757418162786","0.09296750632091542","14.532726265774373","-1","0.0","0.0","0.0"
"CURVE 1","0.08487063246417827","27.504030613033855","36.06509606525077","0.06747656067805503","0.09292804850867734","14.475350153604873","-1","0.0","0.0","0.0"
"CURVE 1","0.08487063246417827","27.504030613033855","36.06509606525077","0.06756553009374817","0.09288874812387118","14.413489077698129","-1","0.0","0.0","0.0"
"CURVE 1","0.08487063246417827","27.504030613033855","36.06509606525077","0.06765448840696421","0.09284960153684096","14.347169528477673","-1","0.0","0.0","0.0"
"CURVE 1","0.08487063246417827","27.504030613033855","36.06509606525077","0.06774344159596","0.09281060511793071","14.276422565013618","-1","0.0","0.0","0.0"
"CURVE 1","0.08487063246417827","27.504030613033855","36.06509606525077","0.06783239563899254","0.09277175523748446","14.201283756987067","-1","0.0","0.0","0.0"
"CURVE 1","0.08487063246417827","27.504030613033855","36.06509606525077","0.06792135651431869","0.0927330482658462","14.121793166278165","-1","0.0","0.0","0.0"
"CURVE 1","0.08487063246417827","27.504030613033855","36.06509606525077","0.06801033020019533","0.09269448057336001","14.037995275064263","-1","0.0","0.0","0.0"
"CURVE 1","0.08487063246417827","27.504030613033855","36.06509606525077","0.0680993226748794","0.09265604853036985","13.94993897933331","-1","0.0","0.0","0.0"
"CURVE 1","0.08487063246417827","27.504030613033855","36.06509606525077","0.0681883399166278","0.09261774850721977","13.857677453936658","-1","0.0","0.0","0.0"
"CURVE 1","0.08487063246417827","27.504030613033855","36.06509606525077","0.06827738790369745","0.09257957687425376","13.761268143179613","-1","0.0","0.0","0.0"
"CURVE 1","0.08487063246417827","27.504030613033855","36.06509606525077","0.06836647261434527","0.09254153000181588","13.660772661880719","-1","0.0","0.0","0.0"
"CURVE 1","0.08487063246417827","27.504030613033855","36.06509606525077","0.06845560002682814","0.09250360426025012","13.556256654682079","-1","0.0","0.0","0.0"
"CURVE 1","0.08487063246417827","27.504030613033855","36.06509606525077","0.06854477611940299","0.0924657960199005","13.447789766306542","-1","0.0","0.0","0.0"
"CURVE 1","0.08487063246417827","27.504030613033855","36.06509606525077","0.06863400687032671","0.09242810165111104","13.335445510868178","-1","0.0","0.0","0.0"
"CURVE 1","0.08487063246417827","27.504030613033855","36.06509606525077","0.06872329825785621","0.0923905175242258","13.21930112695242","-1","0.0","0.0","0.0"
"CURVE 1","0.08487063246417827","27.504030613033855","36.06509606525077","0.06881265626024843","0.09235304000958874","13.099437510795635","-1","0.0","0.0","0.0"
"CURVE 1","0.08487063246417827","27.504030613033855","36.06509606525077","0.06890208685576026","0.09231566547754391","12.975939067699214","-1","0.0","0.0","0.0"
"CURVE 1","0.08487063246417827","27.504030613033855","36.06509606525077","0.0689915960226486","0.09227839029843535","12.848893546084305","-1","0.0","0.0","0.0"
"CURVE 1","0.08487063246417827","27.504030613033855","36.06509606525077","0.06908118973917035","0.09224121084260703","12.718391920582274","-1","0.0","0.0","0.0"
"CURVE 1","0.08487063246417827","27.504030613033855","36.06509606525077","0.06917087398358246","0.09220412348040301","12.584528286124531","-1","0.0","0.0","0.0"
"CURVE 1","0.08487063246417827","27.504030613033855","36.06509606525077","0.06926065473414178","0.09216712458216729","12.447399651719044","-1","0.0","0.0","0.0"
"CURVE 1","0.08487063246417827","27.504030613033855","36.06509606525077","0.06935053796910527","0.0921302105182439","12.307105783041894","-1","0.0","0.0","0.0"
"CURVE 1","0.08487063246417827","27.504030613033855","36.06509606525077","0.06944052966672981","0.09209337765897686","12.16374910153287","-1","0.0","0.0","0.0"
"CURVE 1","0.08487063246417827","27.504030613033855","36.06509606525077","0.06953063580527234","0.09205662237471017","12.017434440924145","-1","0.0","0.0","0.0"
"CURVE 1","0.08487063246417827","27.504030613033855","36.06509606525077","0.06962086236298973","0.09201994103578787","11.86826896026884","-1","0.0","0.0","0.0"
"CURVE 1","0.08487063246417827","27.504030613033855","36.06509606525077","0.06971121531813891","0.09198333001255397","11.716361893952852","-1","0.0","0.0","0.0"
"CURVE 1","0.08487063246417827","27.504030613033855","36.06509606525077","0.06980170064897678","0.09194678567535249","11.561824457448438","-1","0.0","0.0","0.0"
"CURVE 1","0.08487063246417827","27.504030613033855","36.06509606525077","0.06989232433376026","0.09191030439452745","11.404769598092392","-1","0.0","0.0","0.0"
"CURVE 1","0.08487063246417827","27.504030613033855","36.06509606525077","0.06998309235074626","0.09187388254042289","11.245311862722845","-1","0.0","0.0","0.0"
"CURVE 1","0.08487063246417827","27.504030613033855","36.06509606525077","0.07007401067819169","0.09183751648338281","11.08356722370154","-1","0.0","0.0","0.0"
"CURVE 1","0.08487063246417827","27.504030613033855","36.06509606525077","0.07016508529435342","0.09180120259375121","10.91965287428075","-1","0.0","0.0","0.0"
"CURVE 1","0.08487063246417827","27.504030613033855","36.06509606525077","0.0702563221774884","0.09176493724187215","10.753687058836991","-1","0.0","0.0","0.0"
"CURVE 1","0.08487063246417827","27.504030613033855","36.06509606525077","0.07034772730585354","0.09172871679808964","10.585788883170997","-1","0.0","0.0","0.0"
"CURVE 1","0.08487063246417827","27.504030613033855","36.06509606525077","0.07043930665770573","0.09169253763274768","10.416078173932476","-1","0.0","0.0","0.0"
"CURVE 1","0.08487063246417827","27.504030613033855","36.06509606525077","0.07053106621130188","0.09165639611619028","10.244675291153138","-1","0.0","0.0","0.0"
"CURVE 1","0.08487063246417827","27.504030613033855","36.06509606525077","0.07062301194489891","0.0916202886187615","10.071700886182457","-1","0.0","0.0","0.0"
"CURVE 1","0.08487063246417827","27.504030613033855","36.06509606525077","0.07071514983675373","0.09158421151080536","9.89727579982616","-1","0.0","0.0","0.0"
"CURVE 1","0.08487063246417827","27.504030613033855","36.06509606525077","0.07080748586512323","0.09154816116266583","9.721520886908364","-1","0.0","0.0","0.0"
"CURVE 1","0.08487063246417827","27.504030613033855","36.06509606525077","0.07090002600826434","0.09151213394468696","9.544556839909157","-1","0.0","0.0","0.0"
"CURVE 1","0.08487063246417827","27.504030613033855","36.06509606525077","0.07099277624443394","0.09147612622721278","9.366503974022418","-1","0.0","0.0","0.0"
"CURVE 1","0.08487063246417827","27.504030613033855","36.06509606525077","0.07108574255188899","0.0914401343805873","9.1874821228971","-1","0.0","0.0","0.0"
"CURVE 1","0.08487063246417827","27.504030613033855","36.06509606525077","0.07117893090888634","0.09140415477515453","9.007610479010292","-1","0.0","0.0","0.0"
"CURVE 1","0.08487063246417827","27.504030613033855","36.06509606525077","0.07127234729368294","0.09136818378125851","8.8270074210717","-1","0.0","0.0","0.0"
"CURVE 1","0.08487063246417827","27.504030613033855","36.06509606525077","0.0713659976845357","0.09133221776924323","8.645790352619919","-1","0.0","0.0","0.0"
"CURVE 1","0.08487063246417827","27.504030613033855","36.06509606525077","0.07145988805970148","0.09129625310945273","8.464075544850166","-1","0.0","0.0","0.0"
"CURVE 1","0.08487063246417827","27.504030613033855","36.06509606525077","0.07155402439743724","0.09126028617223104","8.28197807128301","-1","0.0","0.0","0.0"
"CURVE 1","0.08487063246417827","27.504030613033855","36.06509606525077","0.07164841267599986","0.09122431332792216","8.0996116152738","-1","0.0","0.0","0.0"
"CURVE 1","0.08487063246417827","27.504030613033855","36.06509606525077","0.07174305887364628","0.09118833094687011","7.917088312644309","-1","0.0","0.0","0.0"
"CURVE 1","0.08487063246417827","27.504030613033855","36.06509606525077","0.07183796896863338","0.09115233539941892","7.734518663535917","-1","0.0","0.0","0.0"
"CURVE 1","0.08487063246417827","27.504030613033855","36.06509606525077","0.07193314893921807","0.09111632305591261","7.552011453404176","-1","0.0","0.0","0.0"
"CURVE 1","0.08487063246417827","27.504030613033855","36.06509606525077","0.07202860476365729","0.09108029028669519","7.369673543380535","-1","0.0","0.0","0.0"
"CURVE 1","0.08487063246417827","27.504030613033855","36.06509606525077","0.07212434242020792","0.09104423346211069","7.1876098556557695","-1","0.0","0.0","0.0"
"CURVE 1","0.08487063246417827","27.504030613033855","36.06509606525077","0.07222036788712685","0.0910081489525031","7.005923218304803","-1","0.0","0.0","0.0"
"CURVE 1","0.08487063246417827","27.504030613033855","36.06509606525077","0.07231668714267105","0.09097203312821649","6.824714274716749","-1","0.0","0.0","0.0"
"CURVE 1","0.08487063246417827","27.504030613033855","36.06509606525077","0.07241330616509736","0.09093588235959485","6.644081428176638","-1","0.0","0.0","0.0"
"CURVE 1","0.08487063246417827","27.504030613033855","36.06509606525077","0.07251023093266272","0.09089969301698221","6.464120710375437","-1","0.0","0.0","0.0"
"CURVE 1","0.08487063246417827","27.504030613033855","36.06509606525077","0.07260746742362408","0.09086346147072256","6.284925742210843","-1","0.0","0.0","0.0"
"CURVE 1","0.08487063246417827","27.504030613033855","36.06509606525077","0.07270502161623829","0.09082718409115995","6.1065876477865615","-1","0.0","0.0","0.0"
"CURVE 1","0.08487063246417827","27.504030613033855","36.06509606525077","0.07280289948876226","0.0907908572486384","5.929195007176587","-1","0.0","0.0","0.0"
"CURVE 1","0.08487063246417827","27.504030613033855","36.06509606525077","0.07290110701945289","0.09075447731350192","5.75283376333155","-1","0.0","0.0","0.0"
"CURVE 1","0.08487063246417827","27.504030613033855","36.06509606525077","0.07299965018656716","0.09071804065609453","5.577587203107111","-1","0.0","0.0","0.0"
"CURVE 1","0.08487063246417827","27.504030613033855","36.06509606525077","0.07309853496836194","0.09068154364676025","5.40353589637187","-1","0.0","0.0","0.0"
"CURVE 1","0.08487063246417827","27.504030613033855","36.06509606525077","0.0731977673430941","0.09064498265584311","5.230757686020827","-1","0.0","0.0","0.0"
"CURVE 1","0.08487063246417827","27.504030613033855","36.06509606525077","0.0732973532890206","0.09060835405368711","5.059327579409637","-1","0.0","0.0","0.0"
"CURVE 1","0.08487063246417827","27.504030613033855","36.06509606525077","0.07339729878439832","0.09057165421063627","4.889317821073869","-1","0.0","0.0","0.0"
"CURVE 1","0.08487063246417827","27.504030613033855","36.06509606525077","0.0734976098074842","0.09053487949703463","4.72079777948187","-1","0.0","0.0","0.0"
"CURVE 1","0.08487063246417827","27.504030613033855","36.06509606525077","0.07359829233653511","0.09049802628322622","4.553833996469206","-1","0.0","0.0","0.0"
"CURVE 1","0.08487063246417827","27.504030613033855","36.06509606525077","0.07369935234980797","0.09046109093955501","4.388490134493145","-1","0.0","0.0","0.0"
"CURVE 1","0.08487063246417827","27.504030613033855","36.06509606525077","0.0738007958255597","0.09042406983636506","4.2248269960722435","-1","0.0","0.0","0.0"
"CURVE 1","0.08487063246417827","27.504030613033855","36.06509606525077","0.07390262874204723","0.09038695934400036","4.062902509222753","-1","0.0","0.0","0.0"
"CURVE 1","0.08487063246417827","27.504030613033855","36.06509606525077","0.07400485707752742","0.090349755832805","3.902771713440294","-1","0.0","0.0","0.0"
"CURVE 1","0.08487063246417827","27.504030613033855","36.06509606525077","0.07410748681025718","0.0903124556731229","3.74448682341135","-1","0.0","0.0","0.0"
"CURVE 1","0.08487063246417827","27.504030613033855","36.06509606525077","0.07421052391849348","0.09027505523529812","3.5880971949651244","-1","0.0","0.0","0.0"
"CURVE 1","0.08487063246417827","27.504030613033855","36.06509606525077","0.07431397438049318","0.09023755088967471","3.4336493459265767","-1","0.0","0.0","0.0"
"CURVE 1","0.08487063246417827","27.504030613033855","36.06509606525077","0.07441784417451319","0.09019993900659665","3.2811869927279425","-1","0.0","0.0","0.0"
"CURVE 1","0.08487063246417827","27.504030613033855","36.06509606525077","0.07452213927881043","0.090162215956408","3.1307510772863227","-1","0.0","0.0","0.0"
"CURVE 1","0.08487063246417827","27.504030613033855","36.06509606525077","0.0746268656716418","0.09012437810945274","2.9823797829587","-1","0.0","0.0","0.0"
"CURVE 1","0.08487063246417827","27.504030613033855","36.06509606525077","0.07473203089699818","0.09008642693657186","5.378572060588105","-1","0.0","0.0","0.0"
"CURVE 1","0.08487063246417827","27.504030613033855","36.06509606525077","0.07483764876180621","0.09004838431059423","7.725123202187139","-1","0.0","0.0","0.0"
"CURVE 1","0.08487063246417827","27.504030613033855","36.06509606525077","0.07494373463872653","0.09001027720484567","10.02210197107014","-1","0.0","0.0","0.0"
"CURVE 1","0.08487063246417827","27.504030613033855","36.06509606525077","0.07505030390041978","0.08997213259265197","12.269584327252215","-1","0.0","0.0","0.0"
"CURVE 1","0.08487063246417827","27.504030613033855","36.06509606525077","0.07515737191954656","0.08993397744733894","14.467647180932616","-1","0.0","0.0","0.0"
"CURVE 1","0.08487063246417827","27.504030613033855","36.06509606525077","0.0752649540687675","0.08989583874223243","16.616362889279355","-1","0.0","0.0","0.0"
"CURVE 1","0.08487063246417827","27.504030613033855","36.06509606525077","0.07537306572074322","0.08985774345065824","18.71579449496401","-1","0.0","0.0","0.0"
"CURVE 1","0.08487063246417827","27.504030613033855","36.06509606525077","0.07548172224813433","0.08981971854594216","20.765991722423863","-1","0.0","0.0","0.0"
"CURVE 1","0.08487063246417827","27.504030613033855","36.06509606525077","0.07559093902360148","0.08978179100141002","22.76698762953271","-1","0.0","0.0","0.0"
"CURVE 1","0.08487063246417827","27.504030613033855","36.06509606525077","0.07570073141980527","0.08974398779038766","24.71879594104433","-1","0.0","0.0","0.0"
"CURVE 1","0.08487063246417827","27.504030613033855","36.06509606525077","0.07581111480940633","0.08970633588620085","26.62140896201983","-1","0.0","0.0","0.0"
"CURVE 1","0.08487063246417827","27.504030613033855","36.06509606525077","0.0759221045650653","0.08966886226217542","28.474796160556455","-1","0.0","0.0","0.0"
"CURVE 1","0.08487063246417827","27.504030613033855","36.06509606525077","0.07603371605944279","0.0896315938916372","30.278903269580635","-1","0.0","0.0","0.0"
"CURVE 1","0.08487063246417827","27.504030613033855","36.06509606525077","0.0761459646651994","0.08959455774791204","32.03365195318686","-1","0.0","0.0","0.0"
"CURVE 1","0.08487063246417827","27.504030613033855","36.06509606525077","0.07625886575499578","0.08955778080432568","33.73894000686217","-1","0.0","0.0","0.0"
"CURVE 1","0.08487063246417827","27.504030613033855","36.06509606525077","0.07637243470149253","0.08952129003420396","35.39464203843766","-1","0.0","0.0","0.0"
"CURVE 1","0.08487063246417827","27.504030613033855","36.06509606525077","0.07648668687735032","0.0894851124108727","37.00061059192744","-1","0.0","0.0","0.0"
"CURVE 1","0.08487063246417827","27.504030613033855","36.06509606525077","0.07660163765522969","0.08944927490765774","38.55667775487545","-1","0.0","0.0","0.0"
"CURVE 1","0.08487063246417827","27.504030613033855","36.06509606525077","0.07671730240779136","0.08941380449788486","40.06265716968302","-1","0.0","0.0","0.0"
"CURVE 1","0.08487063246417827","27.504030613033855","36.06509606525077","0.07683369650769589","0.08937872815487988","41.51834639234094","-1","0.0","0.0","0.0"
"CURVE 1","0.08487063246417827","27.504030613033855","36.06509606525077","0.07695083532760391","0.08934407285196863","42.92352967747923","-1","0.0","0.0","0.0"
"CURVE 1","0.08487063246417827","27.504030613033855","36.06509606525077","0.07706873424017607","0.08930986556247691","44.277981008886776","-1","0.0","0.0","0.0"
"CURVE 1","0.08487063246417827","27.504030613033855","36.06509606525077","0.07718740861807297","0.08927613325973055","45.581467530895054","-1","0.0","0.0","0.0"
"CURVE 1","0.08487063246417827","27.504030613033855","36.06509606525077","0.07730687383395522","0.08924290291705535","46.83375313367303","-1","0.0","0.0","0.0"
"CURVE 1","0.08487063246417827","27.504030613033855","36.06509606525077","0.07742714526048346","0.08921020150777713","48.034602394430166","-1","0.0","0.0","0.0"
"CURVE 1","0.08487063246417827","27.504030613033855","36.06509606525077","0.07754823827031831","0.08917805600522169","49.183784596878674","-1","0.0","0.0","0.0"
"CURVE 1","0.08487063246417827","27.504030613033855","36.06509606525077","0.07767016823612041","0.08914649338271487","50.28107803973567","-1","0.0","0.0","0.0"
"CURVE 1","0.08487063246417827","27.504030613033855","36.06509606525077","0.07779295053055037","0.08911554061358248","51.326274381629844","-1","0.0","0.0","0.0"
"CURVE 1","0.08487063246417827","27.504030613033855","36.06509606525077","0.0779166005262688","0.08908522467115032","52.31918312115173","-1","0.0","0.0","0.0"
"CURVE 1","0.08487063246417827","27.504030613033855","36.06509606525077","0.07804113359593633","0.08905557252874423","53.259636141841646","-1","0.0","0.0","0.0"
"CURVE 1","0.08487063246417827","27.504030613033855","36.06509606525077","0.07816656511221359","0.08902661115968996","54.14749224370655","-1","0.0","0.0","0.0"
"CURVE 1","0.08487063246417827","27.504030613033855","36.06509606525077","0.07829291044776118","0.08899836753731342","54.982641664147856","-1","0.0","0.0","0.0"
"CURVE 1","0.08487063246417827","27.504030613033855","36.06509606525077","0.07842018497523977","0.08897086863494039","55.765010551940485","-1","0.0","0.0","0.0"
"CURVE 1","0.08487063246417827","27.504030613033855","36.06509606525077","0.07854840406730994","0.08894414142589664","56.49456531595089","-1","0.0","0.0","0.0"
"CURVE 1","0.08487063246417827","27.504030613033855","36.06509606525077","0.07867758309663232","0.08891821288350804","57.17131680545352","-1","0.0","0.0","0.0"
"CURVE 1","0.08487063246417827","27.504030613033855","36.06509606525077","0.07880773743586754","0.08889310998110035","57.795324372138964","-1","0.0","0.0","0.0"
"CURVE 1","0.08487063246417827","27.504030613033855","36.06509606525077","0.07893888245767622","0.08886885969199944","58.36669964082606","-1","0.0","0.0","0.0"
"CURVE 1","0.08487063246417827","27.504030613033855","36.06509606525077","0.07907103353471899","0.08884548898953111","58.88561005285168","-1","0.0","0.0","0.0"
"CURVE 1","0.08487063246417827","27.504030613033855","36.06509606525077","0.07920420603965646","0.08882302484702116","59.352282114251736","-1","0.0","0.0","0.0"
"CURVE 1","0.08487063246417827","27.504030613033855","36.06509606525077","0.07933841534514927","0.0888014942377954","59.767004313814134","-1","0.0","0.0","0.0"
"CURVE 1","0.08487063246417827","27.504030613033855","36.06509606525077","0.079473676823858","0.08878092413517966","60.13012963323714","-1","0.0","0.0","0.0"
"CURVE 1","0.08487063246417827","27.504030613033855","36.06509606525077","0.07961000584844333","0.08876134151249976","60.442077754635854","-1","0.0","0.0","0.0"
"CURVE 1","0.08487063246417827","27.504030613033855","36.06509606525077","0.07974741779156584","0.08874277334308149","60.70333678581653","-1","0.0","0.0","0.0"
"CURVE 1","0.08487063246417827","27.504030613033855","36.06509606525077","0.07988592802588619","0.0887252466002507","60.91446457107834","-1","0.0","0.0","0.0"
"CURVE 1","0.08487063246417827","27.504030613033855","36.06509606525077","0.08002555192406499","0.08870878825733318","61.07608957970144","-1","0.0","0.0","0.0"
"CURVE 1","0.08487063246417827","27.504030613033855","36.06509606525077","0.08016630485876283","0.08869342528765475","61.188911301713944","-1","0.0","0.0","0.0"
"CURVE 1","0.08487063246417827","27.504030613033855","36.06509606525077","0.08030820220264036","0.0886791846645412","61.25370016509629","-1","0.0","0.0","0.0"
"CURVE 1","0.08487063246417827","27.504030613033855","36.06509606525077","0.08045125932835821","0.08866609336131841","61.27129703601212","-1","0.0","0.0","0.0"
"CURVE 1","0.08487063246417827","27.504030613033855","36.06509606525077","0.08059549160857699","0.08865417835131215","61.24261219522665","-1","0.0","0.0","0.0"
"CURVE 1","0.08487063246417827","27.504030613033855","36.06509606525077","0.08074091441595732","0.0886434666078482","61.168623870066476","-1","0.0","0.0","0.0"
"CURVE 1","0.08487063246417827","27.504030613033855","36.06509606525077","0.08088754312315984","0.08863398510425245","61.05037633483204","-1","0.0","0.0","0.0"
"CURVE 1","0.08487063246417827","27.504030613033855","36.06509606525077","0.08103539310284515","0.08862576081385067","60.88897756795096","-1","0.0","0.0","0.0"
"CURVE 1","0.08487063246417827","27.504030613033855","36.06509606525077","0.0811844797276739","0.08861882070996868","60.68559644189816","-1","0.0","0.0","0.0"
"CURVE 1","0.08487063246417827","27.504030613033855","36.06509606525077","0.08133481837030666","0.0886131917659323","60.441459607985706","-1","0.0","0.0","0.0"
"CURVE 1","0.08487063246417827","27.504030613033855","36.06509606525077","0.0814864244034041","0.08860890095506735","60.15784799249392","-1","0.0","0.0","0.0"
"CURVE 1","0.08487063246417827","27.504030613033855","36.06509606525077","0.08163931319962686","0.08860597525069963","59.83609291783252","-1","0.0","0.0","0.0"
"CURVE 1","0.08487063246417827","27.504030613033855","36.06509606525077","0.08179350013163551","0.08860444162615497","59.47757198006517","-1","0.0","0.0","0.0"
"CURVE 1","0.08487063246417827","27.504030613033855","36.06509606525077","0.08194900057209072","0.08860432705475917","59.08370464451088","-1","0.0","0.0","0.0"
"CURVE 1","0.08487063246417827","27.504030613033855","36.06509606525077","0.08210582989365307","0.08860565850983805","58.65594764034522","-1","0.0","0.0","0.0"
"CURVE 1","0.08487063246417827","27.504030613033855","36.06509606525077","0.08226400346898319","0.08860846296471743","58.19579014791415","-1","0.0","0.0","0.0"
"CURVE 1","0.08487063246417827","27.504030613033855","36.06509606525077","0.08242353667074173","0.08861276739272311","57.70474887365148","-1","0.0","0.0","0.0"
"CURVE 1","0.08487063246417827","27.504030613033855","36.06509606525077","0.0825844448715893","0.08861859876718094","57.18436301774619","-1","0.0","0.0","0.0"
"CURVE 1","0.08487063246417827","27.504030613033855","36.06509606525077","0.08274674344418652","0.0886259840614167","56.63618918183448","-1","0.0","0.0","0.0"
"CURVE 1","0.08487063246417827","27.504030613033855","36.06509606525077","0.08291044776119402","0.08863495024875621","56.06179627135064","-1","0.0","0.0","0.0"
"CURVE 1","0.08487063246417827","27.504030613033855","36.06509606525077","0.08307557319527242","0.0886455243025253","55.46276042732119","-1","0.0","0.0","0.0"
"CURVE 1","0.08487063246417827","27.504030613033855","36.06509606525077","0.08324213511908232","0.08865773319604978","54.840659996642266","-1","0.0","0.0","0.0"
"CURVE 1","0.08487063246417827","27.504030613033855","36.06509606525077","0.08341014890528436","0.08867160390265545","54.197070628223905","-1","0.0","0.0","0.0"
"CURVE 1","0.08487063246417827","27.504030613033855","36.06509606525077","0.08357962992653918","0.08868716339566814","53.53356049933641","-1","0.0","0.0","0.0"
"CURVE 1","0.08487063246417827","27.504030613033855","36.06509606525077","0.08375059355550737","0.08870443864841365","52.85168566685829","-1","0.0","0.0","0.0"
"CURVE 1","0.08487063246417827","27.504030613033855","36.06509606525077","0.08392305516484959","0.08872345663421782","52.15298567320754","-1","0.0","0.0","0.0"
"CURVE 1","0.08487063246417827","27.504030613033855","36.06509606525077","0.08409703012722641","0.08874424432640646","51.43897930962534","-1","0.0","0.0","0.0"
"CURVE 1","0.08487063246417827","27.504030613033855","36.06509606525077","0.0842725338152985","0.08876682869830535","50.71116065554033","-1","0.0","0.0","0.0"
"CURVE 1","0.08487063246417827","27.504030613033855","36.06509606525077","0.08444958160172647","0.08879123672324034","49.97099536076578","-1","0.0","0.0","0.0"
"CURVE 1","0.08487063246417827","27.504030613033855","36.06509606525077","0.08462818885917094","0.08881749537453723","49.21991718122172","-1","0.0","0.0","0.0"
"CURVE 1","0.08487063246417827","27.504030613033855","36.06509606525077","0.08480837096029252","0.08884563162552184","48.459324846084236","-1","0.0","0.0","0.0"
"CURVE 1","0.08487063246417827","27.504030613033855","36.06509606525077","0.08499014327775187","0.08887567244951997","47.69057915988546","-1","0.0","0.0","0.0"
"CURVE 1","0.08487063246417827","27.504030613033855","36.06509606525077","0.08517352118420957","0.08890764481985745","46.915000436293916","-1","0.0","0.0","0.0"
"CURVE 1","0.08487063246417827","27.504030613033855","36.06509606525077","0.08535852005232626","0.08894157570986011","46.133866231227145","-1","0.0","0.0","0.0"
"CURVE 1","0.08487063246417827","27.504030613033855","36.06509606525077","0.08554515525476257","0.08897749209285376","45.34840935243575","-1","0.0","0.0","0.0"
"CURVE 1","0.08487063246417827","27.504030613033855","36.06509606525077","0.08573344216417911","0.08901542094216419","44.559816196344194","-1","1.0","1.0","1.0"
"CURVE 1","0.08487063246417827","27.504030613033855","36.06509606525077","0.0859233961532365","0.08905538923111721","43.769225345216476","-1","1.0","1.0","1.0"
"CURVE 1","0.08487063246417827","27.504030613033855","36.06509606525077","0.0861150325945954","0.08909742393303867","42.97772646385967","-1","1.0","1.0","1.0"
"CURVE 1","0.08487063246417827","27.504030613033855","36.06509606525077","0.08630836686091636","0.08914155202125436","42.18635948116104","-1","1.0","1.0","1.0"
"CURVE 1","0.08487063246417827","27.504030613033855","36.06509606525077","0.08650341432486007","0.0891878004690901","41.39611400912085","-1","1.0","1.0","1.0"
"CURVE 1","0.08487063246417827","27.504030613033855","36.06509606525077","0.08670019035908713","0.0892361962498717","40.60792902119042","-1","1.0","1.0","1.0"
"CURVE 1","0.08487063246417827","27.504030613033855","36.06509606525077","0.08689871033625816","0.08928676633692499","39.822692774778595","-1","1.0","1.0","1.0"
"CURVE 1","0.08487063246417827","27.504030613033855","36.06509606525077","0.08709898962903379","0.08933953770357579","39.04124295414832","-1","1.0","1.0","1.0"
"CURVE 1","0.08487063246417827","27.504030613033855","36.06509606525077","0.08730104361007462","0.08939453732314988","38.264367005309076","-1","1.0","1.0","1.0"
"CURVE 1","0.08487063246417827","27.504030613033855","36.06509606525077","0.08750488765204133","0.0894517921689731","37.49280268040732","-1","1.0","1.0","1.0"
"CURVE 1","0.08487063246417827","27.504030613033855","36.06509606525077","0.08771053712759445","0.08951132921437126","36.72723873490362","-1","1.0","1.0","1.0"
"CURVE 1","0.08487063246417827","27.504030613033855","36.06509606525077","0.08791800740939468","0.08957317543267018","35.96831581202005","-1","1.0","1.0","1.0"
"CURVE 1","0.08487063246417827","27.504030613033855","36.06509606525077","0.08812731387010263","0.08963735779719566","35.2166274374428","-1","0.0","0.0","0.0"
"CURVE 1","0.08487063246417827","27.504030613033855","36.06509606525077","0.08833847188237887","0.08970390328127355","34.472721157521356","-1","0.0","0.0","0.0"
"CURVE 1","0.08487063246417827","27.504030613033855","36.06509606525077","0.08855149681888409","0.08977283885822962","33.737099779830146","-1","0.0","0.0","0.0"
"CURVE 1","0.08487063246417827","27.504030613033855","36.06509606525077","0.08876640405227888","0.0898441915013897","33.01022272721177","-1","0.0","0.0","0.0"
"CURVE 1","0.08487063246417827","27.504030613033855","36.06509606525077","0.0889832089552239","0.0899179881840796","32.29250744181137","-1","0.0","0.0","0.0"
"CURVE 1","0.08487063246417827","27.504030613033855","36.06509606525077","0.0892019269003797","0.08999425587962516","31.5843308789473","-1","0.0","0.0","0.0"
"CURVE 1","0.08487063246417827","27.504030613033855","36.06509606525077","0.08942257326040697","0.09007302156135216","30.886031041235654","-1","0.0","0.0","0.0"
"CURVE 1","0.08487063246417827","27.504030613033855","36.06509606525077","0.08964516340796629","0.09015431220258646","30.19790857163027","-1","0.0","0.0","0.0"
"CURVE 1","0.08487063246417827","27.504030613033855","36.06509606525077","0.0898697127157183","0.09023815477665384","29.520228351228436","-1","0.0","0.0","0.0"
"CURVE 1","0.08487063246417827","27.504030613033855","36.06509606525077","0.09009623655632361","0.09032457625688012","28.8532211330981","-1","0.0","0.0","0.0"
"CURVE 1","0.08487063246417827","27.504030613033855","36.06509606525077","0.09032475030244286","0.09041360361659112","28.197085180975648","-1","0.0","0.0","0.0"
"CURVE 1","0.08487063246417827","27.504030613033855","36.06509606525077","0.09055526932673667","0.09050526382911264","27.551987904775505","-1","0.0","0.0","0.0"
"CURVE 1","0.08487063246417827","27.504030613033855","36.06509606525077","0.09078780900186567","0.09059958386777052","26.918067490252643","-1","0.0","0.0","0.0"
"CURVE 1","0.08487063246417827","27.504030613033855","36.06509606525077","0.09102238470049047","0.09069659070589056","26.295434512036294","-1","0.0","0.0","0.0"
"CURVE 1","0.08487063246417827","27.504030613033855","36.06509606525077","0.0912590117952717","0.09079631131679858","25.684173521230814","-1","0.0","0.0","0.0"
"CURVE 1","0.08487063246417827","27.504030613033855","36.06509606525077","0.09149770565886996","0.09089877267382038","25.08434461232266","-1","0.0","0.0","0.0"
"CURVE 1","0.08487063246417827","27.504030613033855","36.06509606525077","0.0917384816639459","0.0910040017502818","24.49598494666034","-1","0.0","0.0","0.0"
"CURVE 1","0.08487063246417827","27.504030613033855","36.06509606525077","0.09198135518316013","0.09111202551950862","23.91911024652401","-1","0.0","0.0","0.0"
"CURVE 1","0.08487063246417827","27.504030613033855","36.06509606525077","0.09222634158917327","0.0912228709548267","23.353716238636682","-1","0.0","0.0","0.0"
"CURVE 1","0.08487063246417827","27.504030613033855","36.06509606525077","0.09247345625464597","0.09133656502956182","22.799780065074682","-1","0.0","0.0","0.0"
"CURVE 1","0.08487063246417827","27.504030613033855","36.06509606525077","0.09272271455223881","0.09145313471703981","22.25726163233749","-1","0.0","0.0","0.0"
"CURVE 1","0.08487063246417827","27.504030613033855","36.06509606525077","0.09297413185461244","0.09157260699058647","21.72610492499873","-1","0.0","0.0","0.0"
"CURVE 1","0.08487063246417827","27.504030613033855","36.06509606525077","0.09322772353442749","0.09169500882352764","21.20623925997713","-1","0.0","0.0","0.0"
"CURVE 1","0.08487063246417827","27.504030613033855","36.06509606525077","0.09348350496434454","0.09182036718918911","20.697580485783423","-1","0.0","0.0","0.0"
"CURVE 1","0.08487063246417827","27.504030613033855","36.06509606525077","0.09374149151702427","0.0919487090608967","20.200032141060994","-1","0.0","0.0","0.0"
"CURVE 1","0.08487063246417827","27.504030613033855","36.06509606525077","0.09400169856512726","0.09208006141197622","19.71348655084339","-1","0.0","0.0","0.0"
"CURVE 1","0.08487063246417827","27.504030613033855","36.06509606525077","0.09426414148131414","0.09221445121575352","19.23782587266487","-1","0.0","0.0","0.0"
"CURVE 1","0.08487063246417827","27.504030613033855","36.06509606525077","0.09452883563824555","0.09235190544555437","18.772923087457066","-1","0.0","0.0","0.0"
"CURVE 1","0.08487063246417827","27.504030613033855","36.06509606525077","0.0947957964085821","0.0924924510747046","18.318642944769884","-1","0.0","0.0","0.0"
"CURVE 1","0.08487063246417827","27.504030613033855","36.06509606525077","0.0950650391649844","0.09263611507653005","17.87484284947269","-1","0.0","0.0","0.0"
"CURVE 1","0.08487063246417827","27.504030613033855","36.06509606525077","0.0953365792801131","0.0927829244243565","17.441373704569337","-1","0.0","0.0","0.0"
"CURVE 1","0.08487063246417827","27.504030613033855","36.06509606525077","0.09561043212662881","0.09293290609150978","17.01808070040424","-1","0.0","0.0","0.0"
"CURVE 1","0.08487063246417827","27.504030613033855","36.06509606525077","0.09588661307719216","0.0930860870513157","16.604804056002965","-1","0.0","0.0","0.0"
"CURVE 1","0.08487063246417827","27.504030613033855","36.06509606525077","0.09616513750446379","0.09324249427710006","16.201379722007704","-1","0.0","0.0","0.0"
"CURVE 1","0.08487063246417827","27.504030613033855","36.06509606525077","0.09644602078110426","0.09340215474218871","15.807640028709665","-1","0.0","0.0","0.0"
"CURVE 1","0.08487063246417827","27.504030613033855","36.06509606525077","0.09672927827977423","0.09356509541990747","15.423414292723066","-1","0.0","0.0","0.0"
